{
    "type": "FeatureCollection",
    "features": [
        {
            "type": "Feature",
            "geometry": {
                "type": "Point",
                "coordinates": [
                    142.4827778,
                    44.37388889
                ]
            },
            "properties": {
                "都道府県": "北海道",
                "市区町村": "名寄市",
                "撮影場所": "なよろ市立天文台",
                "時系列データ": [
                    {
                        "調査時期": "2026_W",
                        "観測回数": 3,
                        "夜空の明るさ_平均": 19.45,
                        "ばらつき_平均": 0.14
                    },
                    {
                        "調査時期": "2025_W",
                        "観測回数": 2,
                        "夜空の明るさ_平均": 19.7,
                        "ばらつき_平均": 0.12
                    },
                    {
                        "調査時期": "2025_S",
                        "観測回数": 5,
                        "夜空の明るさ_平均": 20.83,
                        "ばらつき_平均": 0.19
                    },
                    {
                        "調査時期": "2024_W",
                        "観測回数": 2,
                        "夜空の明るさ_平均": 19.69,
                        "ばらつき_平均": 0.08
                    },
                    {
                        "調査時期": "2024_S",
                        "観測回数": 4,
                        "夜空の明るさ_平均": 20.38,
                        "ばらつき_平均": 0.19
                    },
                    {
                        "調査時期": "2023_W",
                        "観測回数": 1,
                        "夜空の明るさ_平均": 20.02,
                        "ばらつき_平均": 0.06
                    },
                    {
                        "調査時期": "2023_S",
                        "観測回数": 3,
                        "夜空の明るさ_平均": 21.0,
                        "ばらつき_平均": 0.12
                    },
                    {
                        "調査時期": "2022_W",
                        "観測回数": 3,
                        "夜空の明るさ_平均": 19.78,
                        "ばらつき_平均": 0.16
                    },
                    {
                        "調査時期": "2022_S",
                        "観測回数": 4,
                        "夜空の明るさ_平均": 21.22,
                        "ばらつき_平均": 0.09
                    },
                    {
                        "調査時期": "2021_W",
                        "観測回数": 2,
                        "夜空の明るさ_平均": 19.76,
                        "ばらつき_平均": 0.14
                    },
                    {
                        "調査時期": "2021_S",
                        "観測回数": 4,
                        "夜空の明るさ_平均": 21.18,
                        "ばらつき_平均": 0.12
                    },
                    {
                        "調査時期": "2020_W",
                        "観測回数": 4,
                        "夜空の明るさ_平均": 19.55,
                        "ばらつき_平均": 0.15
                    },
                    {
                        "調査時期": "2019_W",
                        "観測回数": 2,
                        "夜空の明るさ_平均": 19.95,
                        "ばらつき_平均": 0.11
                    },
                    {
                        "調査時期": "2019_S",
                        "観測回数": 2,
                        "夜空の明るさ_平均": 21.16,
                        "ばらつき_平均": 0.08
                    },
                    {
                        "調査時期": "2018_S",
                        "観測回数": 1,
                        "夜空の明るさ_平均": 21.1,
                        "ばらつき_平均": 0.1
                    }
                ]
            }
        },
        {
            "type": "Feature",
            "geometry": {
                "type": "Point",
                "coordinates": [
                    144.4025,
                    43.525
                ]
            },
            "properties": {
                "都道府県": "北海道",
                "市区町村": "弟子屈町",
                "撮影場所": "北海道川上郡弟子屈町",
                "時系列データ": [
                    {
                        "調査時期": "2025_W",
                        "観測回数": 1,
                        "夜空の明るさ_平均": 21.42,
                        "ばらつき_平均": 0.13
                    },
                    {
                        "調査時期": "2024_W",
                        "観測回数": 2,
                        "夜空の明るさ_平均": 21.2,
                        "ばらつき_平均": 0.19
                    },
                    {
                        "調査時期": "2024_S",
                        "観測回数": 1,
                        "夜空の明るさ_平均": 21.55,
                        "ばらつき_平均": 0.16
                    },
                    {
                        "調査時期": "2023_W",
                        "観測回数": 1,
                        "夜空の明るさ_平均": 21.3,
                        "ばらつき_平均": 0.1
                    },
                    {
                        "調査時期": "2022_W",
                        "観測回数": 1,
                        "夜空の明るさ_平均": 21.15,
                        "ばらつき_平均": 0.1
                    },
                    {
                        "調査時期": "2020_W",
                        "観測回数": 1,
                        "夜空の明るさ_平均": 21.42,
                        "ばらつき_平均": 0.13
                    },
                    {
                        "調査時期": "2020_S",
                        "観測回数": 2,
                        "夜空の明るさ_平均": 21.74,
                        "ばらつき_平均": 0.14
                    },
                    {
                        "調査時期": "2019_S",
                        "観測回数": 1,
                        "夜空の明るさ_平均": 21.75,
                        "ばらつき_平均": 0.11
                    }
                ]
            }
        },
        {
            "type": "Feature",
            "geometry": {
                "type": "Point",
                "coordinates": [
                    141.6947222,
                    39.01333333
                ]
            },
            "properties": {
                "都道府県": "岩手県",
                "市区町村": "陸前高田市",
                "撮影場所": "箱根山展望台",
                "時系列データ": [
                    {
                        "調査時期": "2018_S",
                        "観測回数": 1,
                        "夜空の明るさ_平均": 20.5,
                        "ばらつき_平均": 0.1
                    }
                ]
            }
        },
        {
            "type": "Feature",
            "geometry": {
                "type": "Point",
                "coordinates": [
                    141.1266667,
                    39.23527778
                ]
            },
            "properties": {
                "都道府県": "岩手県",
                "市区町村": "奥州市",
                "撮影場所": "岩手県胆沢郡金ケ崎町樺山遺跡付近",
                "時系列データ": [
                    {
                        "調査時期": "2018_S",
                        "観測回数": 1,
                        "夜空の明るさ_平均": 20.4,
                        "ばらつき_平均": 0.1
                    }
                ]
            }
        },
        {
            "type": "Feature",
            "geometry": {
                "type": "Point",
                "coordinates": [
                    140.9638889,
                    39.63194444
                ]
            },
            "properties": {
                "都道府県": "岩手県",
                "市区町村": "雫石町",
                "撮影場所": "コテージむら管理センター 近辺",
                "時系列データ": [
                    {
                        "調査時期": "2021_W",
                        "観測回数": 1,
                        "夜空の明るさ_平均": 20.67,
                        "ばらつき_平均": 0.11
                    },
                    {
                        "調査時期": "2020_W",
                        "観測回数": 1,
                        "夜空の明るさ_平均": 20.88,
                        "ばらつき_平均": 0.13
                    },
                    {
                        "調査時期": "2020_S",
                        "観測回数": 1,
                        "夜空の明るさ_平均": 21.59,
                        "ばらつき_平均": 0.39
                    },
                    {
                        "調査時期": "2019_S",
                        "観測回数": 1,
                        "夜空の明るさ_平均": 20.8,
                        "ばらつき_平均": 0.1
                    },
                    {
                        "調査時期": "2018_S",
                        "観測回数": 1,
                        "夜空の明るさ_平均": 21.2,
                        "ばらつき_平均": 0.1
                    }
                ]
            }
        },
        {
            "type": "Feature",
            "geometry": {
                "type": "Point",
                "coordinates": [
                    141.6644444,
                    40.28972222
                ]
            },
            "properties": {
                "都道府県": "岩手県",
                "市区町村": "洋野町",
                "撮影場所": "ひろのまきば天文台",
                "時系列データ": [
                    {
                        "調査時期": "2018_S",
                        "観測回数": 1,
                        "夜空の明るさ_平均": 21.6,
                        "ばらつき_平均": 0.2
                    }
                ]
            }
        },
        {
            "type": "Feature",
            "geometry": {
                "type": "Point",
                "coordinates": [
                    141.2141667,
                    38.72222222
                ]
            },
            "properties": {
                "都道府県": "宮城県",
                "市区町村": "登米市",
                "撮影場所": "ナイン・タウン駐車場",
                "時系列データ": [
                    {
                        "調査時期": "2021_W",
                        "観測回数": 1,
                        "夜空の明るさ_平均": 20.13,
                        "ばらつき_平均": 0.07
                    },
                    {
                        "調査時期": "2021_S",
                        "観測回数": 1,
                        "夜空の明るさ_平均": 20.43,
                        "ばらつき_平均": 0.07
                    },
                    {
                        "調査時期": "2020_W",
                        "観測回数": 1,
                        "夜空の明るさ_平均": 20.24,
                        "ばらつき_平均": 0.08
                    },
                    {
                        "調査時期": "2020_S",
                        "観測回数": 1,
                        "夜空の明るさ_平均": 20.28,
                        "ばらつき_平均": 0.09
                    },
                    {
                        "調査時期": "2019_W",
                        "観測回数": 1,
                        "夜空の明るさ_平均": 19.46,
                        "ばらつき_平均": 0.09
                    },
                    {
                        "調査時期": "2019_S",
                        "観測回数": 2,
                        "夜空の明るさ_平均": 20.12,
                        "ばらつき_平均": 0.08
                    },
                    {
                        "調査時期": "2018_S",
                        "観測回数": 1,
                        "夜空の明るさ_平均": 20.4,
                        "ばらつき_平均": 0.1
                    }
                ]
            }
        },
        {
            "type": "Feature",
            "geometry": {
                "type": "Point",
                "coordinates": [
                    141.2377778,
                    38.74138889
                ]
            },
            "properties": {
                "都道府県": "宮城県",
                "市区町村": "登米市",
                "撮影場所": "ナイン・タウン駐車場",
                "時系列データ": [
                    {
                        "調査時期": "2021_W",
                        "観測回数": 1,
                        "夜空の明るさ_平均": 20.18,
                        "ばらつき_平均": 0.07
                    },
                    {
                        "調査時期": "2021_S",
                        "観測回数": 1,
                        "夜空の明るさ_平均": 20.78,
                        "ばらつき_平均": 0.12
                    },
                    {
                        "調査時期": "2020_W",
                        "観測回数": 1,
                        "夜空の明るさ_平均": 20.65,
                        "ばらつき_平均": 0.07
                    },
                    {
                        "調査時期": "2020_S",
                        "観測回数": 1,
                        "夜空の明るさ_平均": 20.92,
                        "ばらつき_平均": 0.18
                    },
                    {
                        "調査時期": "2019_W",
                        "観測回数": 1,
                        "夜空の明るさ_平均": 20.11,
                        "ばらつき_平均": 0.07
                    },
                    {
                        "調査時期": "2018_S",
                        "観測回数": 1,
                        "夜空の明るさ_平均": 20.7,
                        "ばらつき_平均": 0.1
                    }
                ]
            }
        },
        {
            "type": "Feature",
            "geometry": {
                "type": "Point",
                "coordinates": [
                    140.7558333,
                    38.07555556
                ]
            },
            "properties": {
                "都道府県": "宮城県",
                "市区町村": "柴田町",
                "撮影場所": "柴田郡柴田町本船迫",
                "時系列データ": [
                    {
                        "調査時期": "2023_W",
                        "観測回数": 1,
                        "夜空の明るさ_平均": 18.98,
                        "ばらつき_平均": 0.1
                    },
                    {
                        "調査時期": "2023_S",
                        "観測回数": 1,
                        "夜空の明るさ_平均": 19.2,
                        "ばらつき_平均": 0.19
                    },
                    {
                        "調査時期": "2022_W",
                        "観測回数": 1,
                        "夜空の明るさ_平均": 19.31,
                        "ばらつき_平均": 0.07
                    },
                    {
                        "調査時期": "2022_S",
                        "観測回数": 1,
                        "夜空の明るさ_平均": 19.69,
                        "ばらつき_平均": 0.03
                    },
                    {
                        "調査時期": "2021_W",
                        "観測回数": 1,
                        "夜空の明るさ_平均": 19.35,
                        "ばらつき_平均": 0.11
                    },
                    {
                        "調査時期": "2021_S",
                        "観測回数": 1,
                        "夜空の明るさ_平均": 19.45,
                        "ばらつき_平均": 0.14
                    },
                    {
                        "調査時期": "2020_S",
                        "観測回数": 1,
                        "夜空の明るさ_平均": 19.74,
                        "ばらつき_平均": 0.13
                    },
                    {
                        "調査時期": "2019_S",
                        "観測回数": 1,
                        "夜空の明るさ_平均": 20.08,
                        "ばらつき_平均": 0.12
                    }
                ]
            }
        },
        {
            "type": "Feature",
            "geometry": {
                "type": "Point",
                "coordinates": [
                    141.4491667,
                    38.6575
                ]
            },
            "properties": {
                "都道府県": "宮城県",
                "市区町村": "南三陸町",
                "撮影場所": "南三陸ホテル観洋屋上",
                "時系列データ": [
                    {
                        "調査時期": "2019_W",
                        "観測回数": 1,
                        "夜空の明るさ_平均": 20.64,
                        "ばらつき_平均": 0.1
                    },
                    {
                        "調査時期": "2019_S",
                        "観測回数": 1,
                        "夜空の明るさ_平均": 19.7,
                        "ばらつき_平均": 0.22
                    },
                    {
                        "調査時期": "2018_S",
                        "観測回数": 1,
                        "夜空の明るさ_平均": 20.6,
                        "ばらつき_平均": 0.1
                    }
                ]
            }
        },
        {
            "type": "Feature",
            "geometry": {
                "type": "Point",
                "coordinates": [
                    140.2297222,
                    37.04472222
                ]
            },
            "properties": {
                "都道府県": "福島県",
                "市区町村": "白河市",
                "撮影場所": "白河関の森公園駐車場",
                "時系列データ": [
                    {
                        "調査時期": "2023_W",
                        "観測回数": 1,
                        "夜空の明るさ_平均": 20.63,
                        "ばらつき_平均": 0.06
                    },
                    {
                        "調査時期": "2018_S",
                        "観測回数": 1,
                        "夜空の明るさ_平均": 20.1,
                        "ばらつき_平均": 0.1
                    }
                ]
            }
        },
        {
            "type": "Feature",
            "geometry": {
                "type": "Point",
                "coordinates": [
                    140.6761111,
                    37.34166667
                ]
            },
            "properties": {
                "都道府県": "福島県",
                "市区町村": "田村市",
                "撮影場所": "田村市 星の村天文台",
                "時系列データ": [
                    {
                        "調査時期": "2026_W",
                        "観測回数": 1,
                        "夜空の明るさ_平均": 20.46,
                        "ばらつき_平均": 0.1
                    },
                    {
                        "調査時期": "2025_W",
                        "観測回数": 1,
                        "夜空の明るさ_平均": 20.71,
                        "ばらつき_平均": 0.07
                    },
                    {
                        "調査時期": "2024_W",
                        "観測回数": 1,
                        "夜空の明るさ_平均": 20.76,
                        "ばらつき_平均": 0.09
                    },
                    {
                        "調査時期": "2024_S",
                        "観測回数": 1,
                        "夜空の明るさ_平均": 20.87,
                        "ばらつき_平均": 0.12
                    },
                    {
                        "調査時期": "2023_S",
                        "観測回数": 1,
                        "夜空の明るさ_平均": 20.49,
                        "ばらつき_平均": 0.14
                    },
                    {
                        "調査時期": "2022_W",
                        "観測回数": 1,
                        "夜空の明るさ_平均": 19.87,
                        "ばらつき_平均": 0.1
                    },
                    {
                        "調査時期": "2022_S",
                        "観測回数": 1,
                        "夜空の明るさ_平均": 21.09,
                        "ばらつき_平均": 0.12
                    },
                    {
                        "調査時期": "2020_W",
                        "観測回数": 1,
                        "夜空の明るさ_平均": 19.37,
                        "ばらつき_平均": 0.13
                    },
                    {
                        "調査時期": "2019_W",
                        "観測回数": 1,
                        "夜空の明るさ_平均": 19.68,
                        "ばらつき_平均": 0.23
                    },
                    {
                        "調査時期": "2019_S",
                        "観測回数": 1,
                        "夜空の明るさ_平均": 19.42,
                        "ばらつき_平均": 1.21
                    }
                ]
            }
        },
        {
            "type": "Feature",
            "geometry": {
                "type": "Point",
                "coordinates": [
                    140.4452778,
                    37.07305556
                ]
            },
            "properties": {
                "都道府県": "福島県",
                "市区町村": "鮫川村",
                "撮影場所": "鮫川村 赤坂西野",
                "時系列データ": [
                    {
                        "調査時期": "2018_S",
                        "観測回数": 1,
                        "夜空の明るさ_平均": 20.3,
                        "ばらつき_平均": 0.1
                    }
                ]
            }
        },
        {
            "type": "Feature",
            "geometry": {
                "type": "Point",
                "coordinates": [
                    140.1172222,
                    36.08305556
                ]
            },
            "properties": {
                "都道府県": "茨城県",
                "市区町村": "つくば市",
                "撮影場所": "茨城県つくば市吾妻",
                "時系列データ": [
                    {
                        "調査時期": "2018_S",
                        "観測回数": 1,
                        "夜空の明るさ_平均": 18.3,
                        "ばらつき_平均": 0.1
                    }
                ]
            }
        },
        {
            "type": "Feature",
            "geometry": {
                "type": "Point",
                "coordinates": [
                    139.6094444,
                    36.35388889
                ]
            },
            "properties": {
                "都道府県": "栃木県",
                "市区町村": "佐野市",
                "撮影場所": "栃木県佐野市 梅林公園",
                "時系列データ": [
                    {
                        "調査時期": "2026_W",
                        "観測回数": 1,
                        "夜空の明るさ_平均": 19.03,
                        "ばらつき_平均": 0.08
                    },
                    {
                        "調査時期": "2025_W",
                        "観測回数": 1,
                        "夜空の明るさ_平均": 18.64,
                        "ばらつき_平均": 0.16
                    },
                    {
                        "調査時期": "2025_S",
                        "観測回数": 1,
                        "夜空の明るさ_平均": 18.41,
                        "ばらつき_平均": 0.1
                    },
                    {
                        "調査時期": "2024_W",
                        "観測回数": 1,
                        "夜空の明るさ_平均": 19.22,
                        "ばらつき_平均": 0.1
                    },
                    {
                        "調査時期": "2024_S",
                        "観測回数": 1,
                        "夜空の明るさ_平均": 19.64,
                        "ばらつき_平均": 0.12
                    },
                    {
                        "調査時期": "2023_W",
                        "観測回数": 1,
                        "夜空の明るさ_平均": 19.31,
                        "ばらつき_平均": 0.08
                    },
                    {
                        "調査時期": "2023_S",
                        "観測回数": 1,
                        "夜空の明るさ_平均": 19.45,
                        "ばらつき_平均": 0.07
                    },
                    {
                        "調査時期": "2022_W",
                        "観測回数": 1,
                        "夜空の明るさ_平均": 19.41,
                        "ばらつき_平均": 0.07
                    },
                    {
                        "調査時期": "2022_S",
                        "観測回数": 1,
                        "夜空の明るさ_平均": 19.39,
                        "ばらつき_平均": 0.06
                    },
                    {
                        "調査時期": "2021_W",
                        "観測回数": 1,
                        "夜空の明るさ_平均": 19.26,
                        "ばらつき_平均": 0.12
                    },
                    {
                        "調査時期": "2021_S",
                        "観測回数": 1,
                        "夜空の明るさ_平均": 19.73,
                        "ばらつき_平均": 0.13
                    },
                    {
                        "調査時期": "2020_S",
                        "観測回数": 1,
                        "夜空の明るさ_平均": 18.93,
                        "ばらつき_平均": 0.11
                    },
                    {
                        "調査時期": "2019_W",
                        "観測回数": 1,
                        "夜空の明るさ_平均": 19.41,
                        "ばらつき_平均": 0.17
                    },
                    {
                        "調査時期": "2018_S",
                        "観測回数": 1,
                        "夜空の明るさ_平均": 19.6,
                        "ばらつき_平均": 0.1
                    }
                ]
            }
        },
        {
            "type": "Feature",
            "geometry": {
                "type": "Point",
                "coordinates": [
                    139.5772222,
                    36.29694444
                ]
            },
            "properties": {
                "都道府県": "栃木県",
                "市区町村": "佐野市",
                "撮影場所": "栃木県佐野市 赤城神社",
                "時系列データ": [
                    {
                        "調査時期": "2026_W",
                        "観測回数": 1,
                        "夜空の明るさ_平均": 18.44,
                        "ばらつき_平均": 0.07
                    },
                    {
                        "調査時期": "2025_W",
                        "観測回数": 1,
                        "夜空の明るさ_平均": 18.62,
                        "ばらつき_平均": 0.08
                    },
                    {
                        "調査時期": "2025_S",
                        "観測回数": 1,
                        "夜空の明るさ_平均": 18.34,
                        "ばらつき_平均": 0.08
                    },
                    {
                        "調査時期": "2024_W",
                        "観測回数": 1,
                        "夜空の明るさ_平均": 18.67,
                        "ばらつき_平均": 0.09
                    },
                    {
                        "調査時期": "2024_S",
                        "観測回数": 1,
                        "夜空の明るさ_平均": 18.97,
                        "ばらつき_平均": 0.1
                    },
                    {
                        "調査時期": "2023_W",
                        "観測回数": 1,
                        "夜空の明るさ_平均": 18.74,
                        "ばらつき_平均": 0.08
                    },
                    {
                        "調査時期": "2023_S",
                        "観測回数": 1,
                        "夜空の明るさ_平均": 18.87,
                        "ばらつき_平均": 0.09
                    },
                    {
                        "調査時期": "2022_W",
                        "観測回数": 1,
                        "夜空の明るさ_平均": 18.8,
                        "ばらつき_平均": 0.05
                    },
                    {
                        "調査時期": "2022_S",
                        "観測回数": 1,
                        "夜空の明るさ_平均": 19.2,
                        "ばらつき_平均": 0.14
                    },
                    {
                        "調査時期": "2021_W",
                        "観測回数": 1,
                        "夜空の明るさ_平均": 18.66,
                        "ばらつき_平均": 0.08
                    },
                    {
                        "調査時期": "2021_S",
                        "観測回数": 1,
                        "夜空の明るさ_平均": 18.97,
                        "ばらつき_平均": 0.06
                    },
                    {
                        "調査時期": "2020_W",
                        "観測回数": 1,
                        "夜空の明るさ_平均": 17.65,
                        "ばらつき_平均": 0.09
                    },
                    {
                        "調査時期": "2020_S",
                        "観測回数": 1,
                        "夜空の明るさ_平均": 18.84,
                        "ばらつき_平均": 0.08
                    },
                    {
                        "調査時期": "2019_W",
                        "観測回数": 1,
                        "夜空の明るさ_平均": 18.81,
                        "ばらつき_平均": 0.09
                    },
                    {
                        "調査時期": "2019_S",
                        "観測回数": 1,
                        "夜空の明るさ_平均": 17.05,
                        "ばらつき_平均": 0.11
                    },
                    {
                        "調査時期": "2018_S",
                        "観測回数": 1,
                        "夜空の明るさ_平均": 19.1,
                        "ばらつき_平均": 0.1
                    }
                ]
            }
        },
        {
            "type": "Feature",
            "geometry": {
                "type": "Point",
                "coordinates": [
                    140.0505556,
                    36.80138889
                ]
            },
            "properties": {
                "都道府県": "栃木県",
                "市区町村": "大田原市",
                "撮影場所": "大田原市ふれあいの丘天文館",
                "時系列データ": [
                    {
                        "調査時期": "2018_S",
                        "観測回数": 2,
                        "夜空の明るさ_平均": 20.45,
                        "ばらつき_平均": 0.15
                    }
                ]
            }
        },
        {
            "type": "Feature",
            "geometry": {
                "type": "Point",
                "coordinates": [
                    139.6227778,
                    35.88194444
                ]
            },
            "properties": {
                "都道府県": "埼玉県",
                "市区町村": "さいたま市",
                "撮影場所": "さいたま市中央区本町東２丁目",
                "時系列データ": [
                    {
                        "調査時期": "2019_W",
                        "観測回数": 1,
                        "夜空の明るさ_平均": 17.41,
                        "ばらつき_平均": 0.76
                    }
                ]
            }
        },
        {
            "type": "Feature",
            "geometry": {
                "type": "Point",
                "coordinates": [
                    139.7322222,
                    35.89611111
                ]
            },
            "properties": {
                "都道府県": "埼玉県",
                "市区町村": "さいたま市",
                "撮影場所": "浦和美園４丁目公園",
                "時系列データ": [
                    {
                        "調査時期": "2026_W",
                        "観測回数": 1,
                        "夜空の明るさ_平均": 17.48,
                        "ばらつき_平均": 0.1
                    },
                    {
                        "調査時期": "2025_W",
                        "観測回数": 1,
                        "夜空の明るさ_平均": 17.31,
                        "ばらつき_平均": 0.09
                    },
                    {
                        "調査時期": "2025_S",
                        "観測回数": 1,
                        "夜空の明るさ_平均": 17.46,
                        "ばらつき_平均": 0.09
                    },
                    {
                        "調査時期": "2024_W",
                        "観測回数": 1,
                        "夜空の明るさ_平均": 17.39,
                        "ばらつき_平均": 0.09
                    },
                    {
                        "調査時期": "2024_S",
                        "観測回数": 1,
                        "夜空の明るさ_平均": 17.27,
                        "ばらつき_平均": 0.09
                    },
                    {
                        "調査時期": "2023_S",
                        "観測回数": 1,
                        "夜空の明るさ_平均": 17.68,
                        "ばらつき_平均": 0.12
                    },
                    {
                        "調査時期": "2022_W",
                        "観測回数": 1,
                        "夜空の明るさ_平均": 17.06,
                        "ばらつき_平均": 0.11
                    },
                    {
                        "調査時期": "2021_W",
                        "観測回数": 1,
                        "夜空の明るさ_平均": 17.53,
                        "ばらつき_平均": 0.09
                    },
                    {
                        "調査時期": "2020_S",
                        "観測回数": 1,
                        "夜空の明るさ_平均": 16.79,
                        "ばらつき_平均": 0.19
                    },
                    {
                        "調査時期": "2019_W",
                        "観測回数": 1,
                        "夜空の明るさ_平均": 16.94,
                        "ばらつき_平均": 0.07
                    },
                    {
                        "調査時期": "2019_S",
                        "観測回数": 3,
                        "夜空の明るさ_平均": 17.38,
                        "ばらつき_平均": 0.08
                    }
                ]
            }
        },
        {
            "type": "Feature",
            "geometry": {
                "type": "Point",
                "coordinates": [
                    139.8075,
                    35.86583333
                ]
            },
            "properties": {
                "都道府県": "埼玉県",
                "市区町村": "越谷市",
                "撮影場所": "越天蒲生観測所",
                "時系列データ": [
                    {
                        "調査時期": "2025_W",
                        "観測回数": 1,
                        "夜空の明るさ_平均": 16.82,
                        "ばらつき_平均": 0.26
                    },
                    {
                        "調査時期": "2024_W",
                        "観測回数": 1,
                        "夜空の明るさ_平均": 16.96,
                        "ばらつき_平均": 0.17
                    },
                    {
                        "調査時期": "2023_W",
                        "観測回数": 1,
                        "夜空の明るさ_平均": 17.49,
                        "ばらつき_平均": 0.06
                    },
                    {
                        "調査時期": "2022_W",
                        "観測回数": 1,
                        "夜空の明るさ_平均": 17.36,
                        "ばらつき_平均": 0.05
                    },
                    {
                        "調査時期": "2021_S",
                        "観測回数": 1,
                        "夜空の明るさ_平均": 17.66,
                        "ばらつき_平均": 0.09
                    },
                    {
                        "調査時期": "2020_W",
                        "観測回数": 1,
                        "夜空の明るさ_平均": 17.49,
                        "ばらつき_平均": 0.26
                    },
                    {
                        "調査時期": "2020_S",
                        "観測回数": 1,
                        "夜空の明るさ_平均": 17.2,
                        "ばらつき_平均": 0.16
                    },
                    {
                        "調査時期": "2019_W",
                        "観測回数": 1,
                        "夜空の明るさ_平均": 17.42,
                        "ばらつき_平均": 0.04
                    },
                    {
                        "調査時期": "2019_S",
                        "観測回数": 2,
                        "夜空の明るさ_平均": 17.07,
                        "ばらつき_平均": 0.15
                    }
                ]
            }
        },
        {
            "type": "Feature",
            "geometry": {
                "type": "Point",
                "coordinates": [
                    139.9980556,
                    35.13916667
                ]
            },
            "properties": {
                "都道府県": "千葉県",
                "市区町村": "鴨川市",
                "撮影場所": "千葉県鴨川市",
                "時系列データ": [
                    {
                        "調査時期": "2021_W",
                        "観測回数": 1,
                        "夜空の明るさ_平均": 19.5,
                        "ばらつき_平均": 0.17
                    },
                    {
                        "調査時期": "2021_S",
                        "観測回数": 1,
                        "夜空の明るさ_平均": 20.16,
                        "ばらつき_平均": 0.1
                    },
                    {
                        "調査時期": "2019_W",
                        "観測回数": 1,
                        "夜空の明るさ_平均": 20.38,
                        "ばらつき_平均": 0.11
                    }
                ]
            }
        },
        {
            "type": "Feature",
            "geometry": {
                "type": "Point",
                "coordinates": [
                    139.7505556,
                    35.72305556
                ]
            },
            "properties": {
                "都道府県": "東京都",
                "市区町村": "文京区",
                "撮影場所": "東洋大学白山キャンパス１号館屋上",
                "時系列データ": [
                    {
                        "調査時期": "2026_W",
                        "観測回数": 1,
                        "夜空の明るさ_平均": 16.99,
                        "ばらつき_平均": 0.1
                    },
                    {
                        "調査時期": "2025_W",
                        "観測回数": 1,
                        "夜空の明るさ_平均": 16.96,
                        "ばらつき_平均": 0.11
                    },
                    {
                        "調査時期": "2025_S",
                        "観測回数": 1,
                        "夜空の明るさ_平均": 16.79,
                        "ばらつき_平均": 0.11
                    },
                    {
                        "調査時期": "2024_W",
                        "観測回数": 1,
                        "夜空の明るさ_平均": 16.63,
                        "ばらつき_平均": 0.11
                    },
                    {
                        "調査時期": "2022_W",
                        "観測回数": 1,
                        "夜空の明るさ_平均": 16.49,
                        "ばらつき_平均": 0.08
                    },
                    {
                        "調査時期": "2021_W",
                        "観測回数": 1,
                        "夜空の明るさ_平均": 16.88,
                        "ばらつき_平均": 0.09
                    },
                    {
                        "調査時期": "2021_S",
                        "観測回数": 1,
                        "夜空の明るさ_平均": 15.12,
                        "ばらつき_平均": 0.0
                    },
                    {
                        "調査時期": "2020_W",
                        "観測回数": 1,
                        "夜空の明るさ_平均": 16.7,
                        "ばらつき_平均": 0.21
                    },
                    {
                        "調査時期": "2020_S",
                        "観測回数": 1,
                        "夜空の明るさ_平均": 16.67,
                        "ばらつき_平均": 0.15
                    },
                    {
                        "調査時期": "2019_W",
                        "観測回数": 1,
                        "夜空の明るさ_平均": 16.73,
                        "ばらつき_平均": 0.09
                    },
                    {
                        "調査時期": "2019_S",
                        "観測回数": 1,
                        "夜空の明るさ_平均": 16.57,
                        "ばらつき_平均": 0.14
                    }
                ]
            }
        },
        {
            "type": "Feature",
            "geometry": {
                "type": "Point",
                "coordinates": [
                    139.6711111,
                    35.70444444
                ]
            },
            "properties": {
                "都道府県": "東京都",
                "市区町村": "中野区",
                "撮影場所": "なかのZERO",
                "時系列データ": [
                    {
                        "調査時期": "2026_W",
                        "観測回数": 1,
                        "夜空の明るさ_平均": 16.82,
                        "ばらつき_平均": 0.08
                    },
                    {
                        "調査時期": "2025_W",
                        "観測回数": 1,
                        "夜空の明るさ_平均": 16.9,
                        "ばらつき_平均": 0.13
                    },
                    {
                        "調査時期": "2024_W",
                        "観測回数": 1,
                        "夜空の明るさ_平均": 16.54,
                        "ばらつき_平均": 0.09
                    },
                    {
                        "調査時期": "2023_S",
                        "観測回数": 1,
                        "夜空の明るさ_平均": 17.13,
                        "ばらつき_平均": 0.12
                    },
                    {
                        "調査時期": "2022_S",
                        "観測回数": 1,
                        "夜空の明るさ_平均": 17.0,
                        "ばらつき_平均": 0.1
                    },
                    {
                        "調査時期": "2021_W",
                        "観測回数": 1,
                        "夜空の明るさ_平均": 16.89,
                        "ばらつき_平均": 0.1
                    },
                    {
                        "調査時期": "2020_S",
                        "観測回数": 1,
                        "夜空の明るさ_平均": 16.83,
                        "ばらつき_平均": 0.15
                    },
                    {
                        "調査時期": "2019_W",
                        "観測回数": 1,
                        "夜空の明るさ_平均": 16.82,
                        "ばらつき_平均": 0.09
                    },
                    {
                        "調査時期": "2018_S",
                        "観測回数": 1,
                        "夜空の明るさ_平均": 16.0,
                        "ばらつき_平均": 0.1
                    }
                ]
            }
        },
        {
            "type": "Feature",
            "geometry": {
                "type": "Point",
                "coordinates": [
                    139.1391667,
                    34.205
                ]
            },
            "properties": {
                "都道府県": "東京都",
                "市区町村": "神津島村",
                "撮影場所": "東京都神津島村 よたね広場",
                "時系列データ": [
                    {
                        "調査時期": "2026_W",
                        "観測回数": 1,
                        "夜空の明るさ_平均": 21.04,
                        "ばらつき_平均": 0.08
                    },
                    {
                        "調査時期": "2025_W",
                        "観測回数": 1,
                        "夜空の明るさ_平均": 21.17,
                        "ばらつき_平均": 0.09
                    },
                    {
                        "調査時期": "2024_W",
                        "観測回数": 1,
                        "夜空の明るさ_平均": 21.05,
                        "ばらつき_平均": 0.1
                    },
                    {
                        "調査時期": "2023_W",
                        "観測回数": 1,
                        "夜空の明るさ_平均": 21.23,
                        "ばらつき_平均": 0.13
                    },
                    {
                        "調査時期": "2023_S",
                        "観測回数": 1,
                        "夜空の明るさ_平均": 20.85,
                        "ばらつき_平均": 0.08
                    },
                    {
                        "調査時期": "2022_W",
                        "観測回数": 1,
                        "夜空の明るさ_平均": 21.35,
                        "ばらつき_平均": 0.19
                    },
                    {
                        "調査時期": "2022_S",
                        "観測回数": 1,
                        "夜空の明るさ_平均": 21.4,
                        "ばらつき_平均": 0.12
                    },
                    {
                        "調査時期": "2021_W",
                        "観測回数": 1,
                        "夜空の明るさ_平均": 21.37,
                        "ばらつき_平均": 0.14
                    },
                    {
                        "調査時期": "2021_S",
                        "観測回数": 1,
                        "夜空の明るさ_平均": 21.47,
                        "ばらつき_平均": 0.12
                    },
                    {
                        "調査時期": "2020_W",
                        "観測回数": 1,
                        "夜空の明るさ_平均": 21.42,
                        "ばらつき_平均": 0.12
                    },
                    {
                        "調査時期": "2020_S",
                        "観測回数": 1,
                        "夜空の明るさ_平均": 21.18,
                        "ばらつき_平均": 0.13
                    },
                    {
                        "調査時期": "2019_W",
                        "観測回数": 1,
                        "夜空の明るさ_平均": 21.41,
                        "ばらつき_平均": 0.07
                    },
                    {
                        "調査時期": "2019_S",
                        "観測回数": 1,
                        "夜空の明るさ_平均": 21.28,
                        "ばらつき_平均": 0.32
                    },
                    {
                        "調査時期": "2018_S",
                        "観測回数": 1,
                        "夜空の明るさ_平均": 20.7,
                        "ばらつき_平均": 0.2
                    }
                ]
            }
        },
        {
            "type": "Feature",
            "geometry": {
                "type": "Point",
                "coordinates": [
                    139.1266667,
                    34.19888889
                ]
            },
            "properties": {
                "都道府県": "東京都",
                "市区町村": "神津島村",
                "撮影場所": "東京都神津島村 ヘリポート",
                "時系列データ": [
                    {
                        "調査時期": "2026_W",
                        "観測回数": 1,
                        "夜空の明るさ_平均": 21.35,
                        "ばらつき_平均": 0.12
                    },
                    {
                        "調査時期": "2025_W",
                        "観測回数": 1,
                        "夜空の明るさ_平均": 21.29,
                        "ばらつき_平均": 0.1
                    },
                    {
                        "調査時期": "2025_S",
                        "観測回数": 1,
                        "夜空の明るさ_平均": 21.14,
                        "ばらつき_平均": 0.21
                    },
                    {
                        "調査時期": "2024_W",
                        "観測回数": 1,
                        "夜空の明るさ_平均": 21.3,
                        "ばらつき_平均": 0.08
                    },
                    {
                        "調査時期": "2024_S",
                        "観測回数": 1,
                        "夜空の明るさ_平均": 21.17,
                        "ばらつき_平均": 0.17
                    },
                    {
                        "調査時期": "2023_W",
                        "観測回数": 1,
                        "夜空の明るさ_平均": 21.44,
                        "ばらつき_平均": 0.14
                    },
                    {
                        "調査時期": "2023_S",
                        "観測回数": 1,
                        "夜空の明るさ_平均": 21.14,
                        "ばらつき_平均": 0.08
                    },
                    {
                        "調査時期": "2022_W",
                        "観測回数": 1,
                        "夜空の明るさ_平均": 21.53,
                        "ばらつき_平均": 0.18
                    },
                    {
                        "調査時期": "2022_S",
                        "観測回数": 1,
                        "夜空の明るさ_平均": 21.77,
                        "ばらつき_平均": 0.16
                    },
                    {
                        "調査時期": "2021_W",
                        "観測回数": 1,
                        "夜空の明るさ_平均": 21.64,
                        "ばらつき_平均": 0.15
                    },
                    {
                        "調査時期": "2021_S",
                        "観測回数": 1,
                        "夜空の明るさ_平均": 21.65,
                        "ばらつき_平均": 0.21
                    },
                    {
                        "調査時期": "2020_W",
                        "観測回数": 1,
                        "夜空の明るさ_平均": 21.72,
                        "ばらつき_平均": 0.12
                    },
                    {
                        "調査時期": "2020_S",
                        "観測回数": 1,
                        "夜空の明るさ_平均": 21.87,
                        "ばらつき_平均": 0.39
                    },
                    {
                        "調査時期": "2019_W",
                        "観測回数": 1,
                        "夜空の明るさ_平均": 21.6,
                        "ばらつき_平均": 0.19
                    },
                    {
                        "調査時期": "2019_S",
                        "観測回数": 1,
                        "夜空の明るさ_平均": 21.38,
                        "ばらつき_平均": 0.26
                    },
                    {
                        "調査時期": "2018_S",
                        "観測回数": 1,
                        "夜空の明るさ_平均": 21.2,
                        "ばらつき_平均": 0.1
                    }
                ]
            }
        },
        {
            "type": "Feature",
            "geometry": {
                "type": "Point",
                "coordinates": [
                    139.1372222,
                    34.23944444
                ]
            },
            "properties": {
                "都道府県": "東京都",
                "市区町村": "神津島村",
                "撮影場所": "東京都神津島村 赤崎遊歩道",
                "時系列データ": [
                    {
                        "調査時期": "2024_S",
                        "観測回数": 1,
                        "夜空の明るさ_平均": 21.21,
                        "ばらつき_平均": 0.1
                    },
                    {
                        "調査時期": "2023_W",
                        "観測回数": 1,
                        "夜空の明るさ_平均": 21.39,
                        "ばらつき_平均": 0.14
                    },
                    {
                        "調査時期": "2023_S",
                        "観測回数": 1,
                        "夜空の明るさ_平均": 21.36,
                        "ばらつき_平均": 0.16
                    },
                    {
                        "調査時期": "2022_S",
                        "観測回数": 1,
                        "夜空の明るさ_平均": 21.81,
                        "ばらつき_平均": 0.26
                    },
                    {
                        "調査時期": "2021_S",
                        "観測回数": 1,
                        "夜空の明るさ_平均": 21.9,
                        "ばらつき_平均": 0.25
                    },
                    {
                        "調査時期": "2020_S",
                        "観測回数": 1,
                        "夜空の明るさ_平均": 21.79,
                        "ばらつき_平均": 0.26
                    },
                    {
                        "調査時期": "2018_S",
                        "観測回数": 1,
                        "夜空の明るさ_平均": 20.5,
                        "ばらつき_平均": 0.1
                    }
                ]
            }
        },
        {
            "type": "Feature",
            "geometry": {
                "type": "Point",
                "coordinates": [
                    139.1441667,
                    34.19194444
                ]
            },
            "properties": {
                "都道府県": "東京都",
                "市区町村": "神津島村",
                "撮影場所": "東京都神津島村 三浦湾展望台",
                "時系列データ": [
                    {
                        "調査時期": "2026_W",
                        "観測回数": 1,
                        "夜空の明るさ_平均": 21.26,
                        "ばらつき_平均": 0.16
                    },
                    {
                        "調査時期": "2025_W",
                        "観測回数": 1,
                        "夜空の明るさ_平均": 21.35,
                        "ばらつき_平均": 0.15
                    },
                    {
                        "調査時期": "2025_S",
                        "観測回数": 1,
                        "夜空の明るさ_平均": 21.08,
                        "ばらつき_平均": 0.21
                    },
                    {
                        "調査時期": "2024_W",
                        "観測回数": 1,
                        "夜空の明るさ_平均": 21.34,
                        "ばらつき_平均": 0.09
                    },
                    {
                        "調査時期": "2024_S",
                        "観測回数": 1,
                        "夜空の明るさ_平均": 21.13,
                        "ばらつき_平均": 0.08
                    },
                    {
                        "調査時期": "2023_W",
                        "観測回数": 1,
                        "夜空の明るさ_平均": 21.47,
                        "ばらつき_平均": 0.12
                    },
                    {
                        "調査時期": "2023_S",
                        "観測回数": 1,
                        "夜空の明るさ_平均": 21.41,
                        "ばらつき_平均": 0.15
                    },
                    {
                        "調査時期": "2022_W",
                        "観測回数": 1,
                        "夜空の明るさ_平均": 21.62,
                        "ばらつき_平均": 0.19
                    },
                    {
                        "調査時期": "2022_S",
                        "観測回数": 1,
                        "夜空の明るさ_平均": 21.46,
                        "ばらつき_平均": 0.03
                    },
                    {
                        "調査時期": "2021_W",
                        "観測回数": 1,
                        "夜空の明るさ_平均": 21.77,
                        "ばらつき_平均": 0.19
                    },
                    {
                        "調査時期": "2021_S",
                        "観測回数": 1,
                        "夜空の明るさ_平均": 21.63,
                        "ばらつき_平均": 0.15
                    },
                    {
                        "調査時期": "2020_W",
                        "観測回数": 1,
                        "夜空の明るさ_平均": 21.85,
                        "ばらつき_平均": 0.26
                    },
                    {
                        "調査時期": "2020_S",
                        "観測回数": 1,
                        "夜空の明るさ_平均": 21.55,
                        "ばらつき_平均": 0.18
                    },
                    {
                        "調査時期": "2019_W",
                        "観測回数": 1,
                        "夜空の明るさ_平均": 21.66,
                        "ばらつき_平均": 0.16
                    },
                    {
                        "調査時期": "2019_S",
                        "観測回数": 1,
                        "夜空の明るさ_平均": 21.4,
                        "ばらつき_平均": 0.1
                    },
                    {
                        "調査時期": "2018_S",
                        "観測回数": 1,
                        "夜空の明るさ_平均": 21.6,
                        "ばらつき_平均": 0.1
                    }
                ]
            }
        },
        {
            "type": "Feature",
            "geometry": {
                "type": "Point",
                "coordinates": [
                    142.1930556,
                    27.06444444
                ]
            },
            "properties": {
                "都道府県": "東京都",
                "市区町村": "小笠原村",
                "撮影場所": "東京都小笠原村父島　コペペ海岸",
                "時系列データ": [
                    {
                        "調査時期": "2026_W",
                        "観測回数": 1,
                        "夜空の明るさ_平均": 21.91,
                        "ばらつき_平均": 0.13
                    },
                    {
                        "調査時期": "2025_W",
                        "観測回数": 1,
                        "夜空の明るさ_平均": 21.57,
                        "ばらつき_平均": 0.1
                    },
                    {
                        "調査時期": "2025_S",
                        "観測回数": 1,
                        "夜空の明るさ_平均": 21.99,
                        "ばらつき_平均": 0.19
                    },
                    {
                        "調査時期": "2024_W",
                        "観測回数": 1,
                        "夜空の明るさ_平均": 21.6,
                        "ばらつき_平均": 0.09
                    },
                    {
                        "調査時期": "2024_S",
                        "観測回数": 1,
                        "夜空の明るさ_平均": 21.47,
                        "ばらつき_平均": 0.06
                    },
                    {
                        "調査時期": "2023_S",
                        "観測回数": 1,
                        "夜空の明るさ_平均": 21.72,
                        "ばらつき_平均": 0.12
                    },
                    {
                        "調査時期": "2019_W",
                        "観測回数": 1,
                        "夜空の明るさ_平均": 21.7,
                        "ばらつき_平均": 0.14
                    },
                    {
                        "調査時期": "2018_S",
                        "観測回数": 1,
                        "夜空の明るさ_平均": 22.5,
                        "ばらつき_平均": 0.1
                    }
                ]
            }
        },
        {
            "type": "Feature",
            "geometry": {
                "type": "Point",
                "coordinates": [
                    139.4691667,
                    35.39805556
                ]
            },
            "properties": {
                "都道府県": "神奈川県",
                "市区町村": "藤沢市",
                "撮影場所": "神奈川県藤沢市",
                "時系列データ": [
                    {
                        "調査時期": "2022_W",
                        "観測回数": 1,
                        "夜空の明るさ_平均": 17.59,
                        "ばらつき_平均": 0.06
                    },
                    {
                        "調査時期": "2022_S",
                        "観測回数": 1,
                        "夜空の明るさ_平均": 17.78,
                        "ばらつき_平均": 0.11
                    },
                    {
                        "調査時期": "2020_S",
                        "観測回数": 1,
                        "夜空の明るさ_平均": 17.47,
                        "ばらつき_平均": 0.13
                    },
                    {
                        "調査時期": "2019_W",
                        "観測回数": 1,
                        "夜空の明るさ_平均": 17.23,
                        "ばらつき_平均": 0.09
                    }
                ]
            }
        },
        {
            "type": "Feature",
            "geometry": {
                "type": "Point",
                "coordinates": [
                    137.1366667,
                    37.335
                ]
            },
            "properties": {
                "都道府県": "石川県",
                "市区町村": "能登町",
                "撮影場所": "石川県柳田星の観察館「満天星」",
                "時系列データ": [
                    {
                        "調査時期": "2026_W",
                        "観測回数": 11,
                        "夜空の明るさ_平均": 21.1,
                        "ばらつき_平均": 0.1
                    },
                    {
                        "調査時期": "2025_W",
                        "観測回数": 7,
                        "夜空の明るさ_平均": 21.28,
                        "ばらつき_平均": 0.13
                    },
                    {
                        "調査時期": "2025_S",
                        "観測回数": 15,
                        "夜空の明るさ_平均": 21.69,
                        "ばらつき_平均": 0.25
                    },
                    {
                        "調査時期": "2024_S",
                        "観測回数": 2,
                        "夜空の明るさ_平均": 20.71,
                        "ばらつき_平均": 0.16
                    },
                    {
                        "調査時期": "2023_W",
                        "観測回数": 5,
                        "夜空の明るさ_平均": 21.42,
                        "ばらつき_平均": 0.08
                    },
                    {
                        "調査時期": "2023_S",
                        "観測回数": 5,
                        "夜空の明るさ_平均": 21.71,
                        "ばらつき_平均": 0.21
                    },
                    {
                        "調査時期": "2022_W",
                        "観測回数": 8,
                        "夜空の明るさ_平均": 21.11,
                        "ばらつき_平均": 0.12
                    },
                    {
                        "調査時期": "2022_S",
                        "観測回数": 7,
                        "夜空の明るさ_平均": 21.5,
                        "ばらつき_平均": 0.17
                    },
                    {
                        "調査時期": "2021_W",
                        "観測回数": 1,
                        "夜空の明るさ_平均": 20.96,
                        "ばらつき_平均": 0.11
                    },
                    {
                        "調査時期": "2021_S",
                        "観測回数": 4,
                        "夜空の明るさ_平均": 21.78,
                        "ばらつき_平均": 0.22
                    },
                    {
                        "調査時期": "2020_W",
                        "観測回数": 1,
                        "夜空の明るさ_平均": 21.17,
                        "ばらつき_平均": 0.2
                    },
                    {
                        "調査時期": "2020_S",
                        "観測回数": 2,
                        "夜空の明るさ_平均": 21.8,
                        "ばらつき_平均": 0.21
                    },
                    {
                        "調査時期": "2019_W",
                        "観測回数": 3,
                        "夜空の明るさ_平均": 21.17,
                        "ばらつき_平均": 0.13
                    },
                    {
                        "調査時期": "2019_S",
                        "観測回数": 1,
                        "夜空の明るさ_平均": 21.65,
                        "ばらつき_平均": 0.17
                    },
                    {
                        "調査時期": "2018_S",
                        "観測回数": 1,
                        "夜空の明るさ_平均": 21.6,
                        "ばらつき_平均": 0.2
                    }
                ]
            }
        },
        {
            "type": "Feature",
            "geometry": {
                "type": "Point",
                "coordinates": [
                    136.2994444,
                    36.00527778
                ]
            },
            "properties": {
                "都道府県": "福井県",
                "市区町村": "福井市",
                "撮影場所": "一乗谷朝倉市遺跡",
                "時系列データ": [
                    {
                        "調査時期": "2018_S",
                        "観測回数": 1,
                        "夜空の明るさ_平均": 20.3,
                        "ばらつき_平均": 0.1
                    }
                ]
            }
        },
        {
            "type": "Feature",
            "geometry": {
                "type": "Point",
                "coordinates": [
                    136.5941667,
                    36.08944444
                ]
            },
            "properties": {
                "都道府県": "福井県",
                "市区町村": "勝山市",
                "撮影場所": "福井県勝山市北谷小原集落",
                "時系列データ": [
                    {
                        "調査時期": "2020_S",
                        "観測回数": 1,
                        "夜空の明るさ_平均": 21.38,
                        "ばらつき_平均": 0.15
                    },
                    {
                        "調査時期": "2018_S",
                        "観測回数": 1,
                        "夜空の明るさ_平均": 21.1,
                        "ばらつき_平均": 0.1
                    }
                ]
            }
        },
        {
            "type": "Feature",
            "geometry": {
                "type": "Point",
                "coordinates": [
                    136.64,
                    36.07583333
                ]
            },
            "properties": {
                "都道府県": "福井県",
                "市区町村": "勝山市",
                "撮影場所": "福井県勝山市北谷小原集落",
                "時系列データ": [
                    {
                        "調査時期": "2018_S",
                        "観測回数": 1,
                        "夜空の明るさ_平均": 21.5,
                        "ばらつき_平均": 0.3
                    }
                ]
            }
        },
        {
            "type": "Feature",
            "geometry": {
                "type": "Point",
                "coordinates": [
                    138.1805556,
                    36.65111111
                ]
            },
            "properties": {
                "都道府県": "長野県",
                "市区町村": "長野市",
                "撮影場所": "長野県庁",
                "時系列データ": [
                    {
                        "調査時期": "2026_W",
                        "観測回数": 1,
                        "夜空の明るさ_平均": 18.13,
                        "ばらつき_平均": 0.17
                    },
                    {
                        "調査時期": "2022_W",
                        "観測回数": 1,
                        "夜空の明るさ_平均": 18.3,
                        "ばらつき_平均": 0.09
                    },
                    {
                        "調査時期": "2021_W",
                        "観測回数": 1,
                        "夜空の明るさ_平均": 17.96,
                        "ばらつき_平均": 0.17
                    },
                    {
                        "調査時期": "2020_S",
                        "観測回数": 1,
                        "夜空の明るさ_平均": 18.18,
                        "ばらつき_平均": 0.13
                    },
                    {
                        "調査時期": "2019_W",
                        "観測回数": 2,
                        "夜空の明るさ_平均": 17.88,
                        "ばらつき_平均": 0.31
                    },
                    {
                        "調査時期": "2019_S",
                        "観測回数": 1,
                        "夜空の明るさ_平均": 18.67,
                        "ばらつき_平均": 0.12
                    }
                ]
            }
        },
        {
            "type": "Feature",
            "geometry": {
                "type": "Point",
                "coordinates": [
                    138.1888889,
                    36.59194444
                ]
            },
            "properties": {
                "都道府県": "長野県",
                "市区町村": "長野市",
                "撮影場所": "長野市立博物館",
                "時系列データ": [
                    {
                        "調査時期": "2026_W",
                        "観測回数": 1,
                        "夜空の明るさ_平均": 18.42,
                        "ばらつき_平均": 0.13
                    },
                    {
                        "調査時期": "2025_S",
                        "観測回数": 1,
                        "夜空の明るさ_平均": 19.15,
                        "ばらつき_平均": 0.12
                    },
                    {
                        "調査時期": "2024_W",
                        "観測回数": 1,
                        "夜空の明るさ_平均": 19.03,
                        "ばらつき_平均": 0.08
                    },
                    {
                        "調査時期": "2022_W",
                        "観測回数": 1,
                        "夜空の明るさ_平均": 18.88,
                        "ばらつき_平均": 0.1
                    },
                    {
                        "調査時期": "2021_W",
                        "観測回数": 1,
                        "夜空の明るさ_平均": 18.56,
                        "ばらつき_平均": 0.08
                    },
                    {
                        "調査時期": "2019_W",
                        "観測回数": 1,
                        "夜空の明るさ_平均": 18.66,
                        "ばらつき_平均": 0.26
                    },
                    {
                        "調査時期": "2018_S",
                        "観測回数": 1,
                        "夜空の明るさ_平均": 19.7,
                        "ばらつき_平均": 0.1
                    }
                ]
            }
        },
        {
            "type": "Feature",
            "geometry": {
                "type": "Point",
                "coordinates": [
                    137.7180556,
                    36.13111111
                ]
            },
            "properties": {
                "都道府県": "長野県",
                "市区町村": "松本市",
                "撮影場所": "奈川渡ダム駐車場",
                "時系列データ": [
                    {
                        "調査時期": "2025_W",
                        "観測回数": 1,
                        "夜空の明るさ_平均": 21.16,
                        "ばらつき_平均": 0.09
                    },
                    {
                        "調査時期": "2024_W",
                        "観測回数": 1,
                        "夜空の明るさ_平均": 21.22,
                        "ばらつき_平均": 0.11
                    },
                    {
                        "調査時期": "2024_S",
                        "観測回数": 1,
                        "夜空の明るさ_平均": 20.56,
                        "ばらつき_平均": 0.15
                    },
                    {
                        "調査時期": "2023_W",
                        "観測回数": 1,
                        "夜空の明るさ_平均": 21.16,
                        "ばらつき_平均": 0.11
                    },
                    {
                        "調査時期": "2023_S",
                        "観測回数": 1,
                        "夜空の明るさ_平均": 21.38,
                        "ばらつき_平均": 0.21
                    },
                    {
                        "調査時期": "2022_W",
                        "観測回数": 1,
                        "夜空の明るさ_平均": 20.54,
                        "ばらつき_平均": 0.14
                    },
                    {
                        "調査時期": "2022_S",
                        "観測回数": 1,
                        "夜空の明るさ_平均": 21.31,
                        "ばらつき_平均": 0.1
                    },
                    {
                        "調査時期": "2021_W",
                        "観測回数": 2,
                        "夜空の明るさ_平均": 21.13,
                        "ばらつき_平均": 0.12
                    },
                    {
                        "調査時期": "2021_S",
                        "観測回数": 1,
                        "夜空の明るさ_平均": 21.61,
                        "ばらつき_平均": 0.27
                    },
                    {
                        "調査時期": "2020_W",
                        "観測回数": 1,
                        "夜空の明るさ_平均": 21.06,
                        "ばらつき_平均": 0.19
                    },
                    {
                        "調査時期": "2020_S",
                        "観測回数": 1,
                        "夜空の明るさ_平均": 21.68,
                        "ばらつき_平均": 0.26
                    },
                    {
                        "調査時期": "2019_W",
                        "観測回数": 1,
                        "夜空の明るさ_平均": 21.15,
                        "ばらつき_平均": 0.13
                    },
                    {
                        "調査時期": "2019_S",
                        "観測回数": 1,
                        "夜空の明るさ_平均": 21.45,
                        "ばらつき_平均": 0.1
                    },
                    {
                        "調査時期": "2018_S",
                        "観測回数": 1,
                        "夜空の明るさ_平均": 21.2,
                        "ばらつき_平均": 0.2
                    }
                ]
            }
        },
        {
            "type": "Feature",
            "geometry": {
                "type": "Point",
                "coordinates": [
                    137.6419444,
                    36.12027778
                ]
            },
            "properties": {
                "都道府県": "長野県",
                "市区町村": "松本市",
                "撮影場所": "乗鞍高原・いがや",
                "時系列データ": [
                    {
                        "調査時期": "2025_S",
                        "観測回数": 1,
                        "夜空の明るさ_平均": 20.98,
                        "ばらつき_平均": 0.28
                    },
                    {
                        "調査時期": "2024_W",
                        "観測回数": 1,
                        "夜空の明るさ_平均": 21.27,
                        "ばらつき_平均": 0.14
                    },
                    {
                        "調査時期": "2024_S",
                        "観測回数": 1,
                        "夜空の明るさ_平均": 21.06,
                        "ばらつき_平均": 0.07
                    },
                    {
                        "調査時期": "2023_W",
                        "観測回数": 1,
                        "夜空の明るさ_平均": 21.38,
                        "ばらつき_平均": 0.09
                    },
                    {
                        "調査時期": "2023_S",
                        "観測回数": 1,
                        "夜空の明るさ_平均": 21.52,
                        "ばらつき_平均": 0.17
                    },
                    {
                        "調査時期": "2022_W",
                        "観測回数": 2,
                        "夜空の明るさ_平均": 20.07,
                        "ばらつき_平均": 0.23
                    },
                    {
                        "調査時期": "2021_W",
                        "観測回数": 2,
                        "夜空の明るさ_平均": 21.29,
                        "ばらつき_平均": 0.11
                    },
                    {
                        "調査時期": "2021_S",
                        "観測回数": 1,
                        "夜空の明るさ_平均": 21.68,
                        "ばらつき_平均": 0.29
                    },
                    {
                        "調査時期": "2020_W",
                        "観測回数": 2,
                        "夜空の明るさ_平均": 21.07,
                        "ばらつき_平均": 0.27
                    },
                    {
                        "調査時期": "2020_S",
                        "観測回数": 1,
                        "夜空の明るさ_平均": 21.79,
                        "ばらつき_平均": 0.31
                    },
                    {
                        "調査時期": "2019_W",
                        "観測回数": 1,
                        "夜空の明るさ_平均": 21.26,
                        "ばらつき_平均": 0.07
                    },
                    {
                        "調査時期": "2019_S",
                        "観測回数": 1,
                        "夜空の明るさ_平均": 21.41,
                        "ばらつき_平均": 0.12
                    },
                    {
                        "調査時期": "2018_S",
                        "観測回数": 1,
                        "夜空の明るさ_平均": 21.7,
                        "ばらつき_平均": 0.2
                    }
                ]
            }
        },
        {
            "type": "Feature",
            "geometry": {
                "type": "Point",
                "coordinates": [
                    137.6188889,
                    36.22805556
                ]
            },
            "properties": {
                "都道府県": "長野県",
                "市区町村": "松本市",
                "撮影場所": "長野県松本市安曇上高地　大正池",
                "時系列データ": [
                    {
                        "調査時期": "2018_S",
                        "観測回数": 1,
                        "夜空の明るさ_平均": 21.7,
                        "ばらつき_平均": 0.2
                    }
                ]
            }
        },
        {
            "type": "Feature",
            "geometry": {
                "type": "Point",
                "coordinates": [
                    138.1455556,
                    36.22638889
                ]
            },
            "properties": {
                "都道府県": "長野県",
                "市区町村": "上田市",
                "撮影場所": "美ヶ原高原",
                "時系列データ": [
                    {
                        "調査時期": "2019_W",
                        "観測回数": 1,
                        "夜空の明るさ_平均": 20.89,
                        "ばらつき_平均": 0.32
                    },
                    {
                        "調査時期": "2018_S",
                        "観測回数": 1,
                        "夜空の明るさ_平均": 21.8,
                        "ばらつき_平均": 0.2
                    }
                ]
            }
        },
        {
            "type": "Feature",
            "geometry": {
                "type": "Point",
                "coordinates": [
                    138.2183333,
                    36.35111111
                ]
            },
            "properties": {
                "都道府県": "長野県",
                "市区町村": "上田市",
                "撮影場所": "古安曽観測所前",
                "時系列データ": [
                    {
                        "調査時期": "2018_S",
                        "観測回数": 1,
                        "夜空の明るさ_平均": 19.9,
                        "ばらつき_平均": 0.1
                    }
                ]
            }
        },
        {
            "type": "Feature",
            "geometry": {
                "type": "Point",
                "coordinates": [
                    138.1686111,
                    36.09805556
                ]
            },
            "properties": {
                "都道府県": "長野県",
                "市区町村": "諏訪市",
                "撮影場所": "霧ヶ峰高原",
                "時系列データ": [
                    {
                        "調査時期": "2026_W",
                        "観測回数": 2,
                        "夜空の明るさ_平均": 20.32,
                        "ばらつき_平均": 0.09
                    },
                    {
                        "調査時期": "2024_W",
                        "観測回数": 2,
                        "夜空の明るさ_平均": 20.75,
                        "ばらつき_平均": 0.09
                    },
                    {
                        "調査時期": "2024_S",
                        "観測回数": 1,
                        "夜空の明るさ_平均": 20.68,
                        "ばらつき_平均": 0.12
                    },
                    {
                        "調査時期": "2023_W",
                        "観測回数": 2,
                        "夜空の明るさ_平均": 20.73,
                        "ばらつき_平均": 0.08
                    },
                    {
                        "調査時期": "2023_S",
                        "観測回数": 1,
                        "夜空の明るさ_平均": 21.14,
                        "ばらつき_平均": 0.12
                    },
                    {
                        "調査時期": "2022_W",
                        "観測回数": 1,
                        "夜空の明るさ_平均": 20.64,
                        "ばらつき_平均": 0.09
                    },
                    {
                        "調査時期": "2022_S",
                        "観測回数": 2,
                        "夜空の明るさ_平均": 21.19,
                        "ばらつき_平均": 0.11
                    },
                    {
                        "調査時期": "2021_W",
                        "観測回数": 2,
                        "夜空の明るさ_平均": 20.7,
                        "ばらつき_平均": 0.09
                    },
                    {
                        "調査時期": "2021_S",
                        "観測回数": 2,
                        "夜空の明るさ_平均": 21.23,
                        "ばらつき_平均": 0.14
                    },
                    {
                        "調査時期": "2020_W",
                        "観測回数": 2,
                        "夜空の明るさ_平均": 20.36,
                        "ばらつき_平均": 0.09
                    },
                    {
                        "調査時期": "2020_S",
                        "観測回数": 1,
                        "夜空の明るさ_平均": 21.36,
                        "ばらつき_平均": 0.1
                    },
                    {
                        "調査時期": "2019_W",
                        "観測回数": 3,
                        "夜空の明るさ_平均": 20.56,
                        "ばらつき_平均": 0.09
                    },
                    {
                        "調査時期": "2019_S",
                        "観測回数": 1,
                        "夜空の明るさ_平均": 21.0,
                        "ばらつき_平均": 0.19
                    },
                    {
                        "調査時期": "2018_S",
                        "観測回数": 1,
                        "夜空の明るさ_平均": 21.0,
                        "ばらつき_平均": 0.1
                    }
                ]
            }
        },
        {
            "type": "Feature",
            "geometry": {
                "type": "Point",
                "coordinates": [
                    138.1708333,
                    35.9025
                ]
            },
            "properties": {
                "都道府県": "長野県",
                "市区町村": "伊那市",
                "撮影場所": "マナスル山荘天文館コテージ広場",
                "時系列データ": [
                    {
                        "調査時期": "2023_W",
                        "観測回数": 1,
                        "夜空の明るさ_平均": 20.68,
                        "ばらつき_平均": 0.07
                    },
                    {
                        "調査時期": "2023_S",
                        "観測回数": 1,
                        "夜空の明るさ_平均": 20.81,
                        "ばらつき_平均": 0.13
                    },
                    {
                        "調査時期": "2022_W",
                        "観測回数": 1,
                        "夜空の明るさ_平均": 20.43,
                        "ばらつき_平均": 0.05
                    },
                    {
                        "調査時期": "2022_S",
                        "観測回数": 1,
                        "夜空の明るさ_平均": 21.01,
                        "ばらつき_平均": 0.15
                    },
                    {
                        "調査時期": "2021_W",
                        "観測回数": 1,
                        "夜空の明るさ_平均": 20.62,
                        "ばらつき_平均": 0.14
                    },
                    {
                        "調査時期": "2021_S",
                        "観測回数": 1,
                        "夜空の明るさ_平均": 21.17,
                        "ばらつき_平均": 0.11
                    },
                    {
                        "調査時期": "2018_S",
                        "観測回数": 1,
                        "夜空の明るさ_平均": 21.2,
                        "ばらつき_平均": 0.2
                    }
                ]
            }
        },
        {
            "type": "Feature",
            "geometry": {
                "type": "Point",
                "coordinates": [
                    137.8505556,
                    36.50222222
                ]
            },
            "properties": {
                "都道府県": "長野県",
                "市区町村": "大町市",
                "撮影場所": "大町市大町 大町市役所",
                "時系列データ": [
                    {
                        "調査時期": "2025_S",
                        "観測回数": 1,
                        "夜空の明るさ_平均": 19.66,
                        "ばらつき_平均": 0.1
                    },
                    {
                        "調査時期": "2024_W",
                        "観測回数": 1,
                        "夜空の明るさ_平均": 19.84,
                        "ばらつき_平均": 0.39
                    },
                    {
                        "調査時期": "2023_W",
                        "観測回数": 1,
                        "夜空の明るさ_平均": 19.61,
                        "ばらつき_平均": 0.07
                    },
                    {
                        "調査時期": "2023_S",
                        "観測回数": 1,
                        "夜空の明るさ_平均": 19.7,
                        "ばらつき_平均": 0.11
                    },
                    {
                        "調査時期": "2022_W",
                        "観測回数": 1,
                        "夜空の明るさ_平均": 19.77,
                        "ばらつき_平均": 0.1
                    },
                    {
                        "調査時期": "2022_S",
                        "観測回数": 1,
                        "夜空の明るさ_平均": 19.94,
                        "ばらつき_平均": 0.21
                    },
                    {
                        "調査時期": "2021_S",
                        "観測回数": 1,
                        "夜空の明るさ_平均": 20.53,
                        "ばらつき_平均": 0.09
                    },
                    {
                        "調査時期": "2020_S",
                        "観測回数": 1,
                        "夜空の明るさ_平均": 20.38,
                        "ばらつき_平均": 0.1
                    },
                    {
                        "調査時期": "2019_W",
                        "観測回数": 1,
                        "夜空の明るさ_平均": 19.2,
                        "ばらつき_平均": 0.09
                    },
                    {
                        "調査時期": "2018_S",
                        "観測回数": 1,
                        "夜空の明るさ_平均": 20.1,
                        "ばらつき_平均": 0.1
                    }
                ]
            }
        },
        {
            "type": "Feature",
            "geometry": {
                "type": "Point",
                "coordinates": [
                    137.8769444,
                    36.445
                ]
            },
            "properties": {
                "都道府県": "長野県",
                "市区町村": "大町市",
                "撮影場所": "大町市社 大町観測所",
                "時系列データ": [
                    {
                        "調査時期": "2026_W",
                        "観測回数": 1,
                        "夜空の明るさ_平均": 20.53,
                        "ばらつき_平均": 0.1
                    },
                    {
                        "調査時期": "2025_W",
                        "観測回数": 1,
                        "夜空の明るさ_平均": 20.44,
                        "ばらつき_平均": 0.1
                    },
                    {
                        "調査時期": "2024_W",
                        "観測回数": 1,
                        "夜空の明るさ_平均": 20.67,
                        "ばらつき_平均": 0.11
                    },
                    {
                        "調査時期": "2023_W",
                        "観測回数": 1,
                        "夜空の明るさ_平均": 20.63,
                        "ばらつき_平均": 0.08
                    },
                    {
                        "調査時期": "2023_S",
                        "観測回数": 1,
                        "夜空の明るさ_平均": 20.59,
                        "ばらつき_平均": 0.1
                    },
                    {
                        "調査時期": "2022_W",
                        "観測回数": 1,
                        "夜空の明るさ_平均": 20.7,
                        "ばらつき_平均": 0.08
                    },
                    {
                        "調査時期": "2022_S",
                        "観測回数": 1,
                        "夜空の明るさ_平均": 20.68,
                        "ばらつき_平均": 0.17
                    },
                    {
                        "調査時期": "2021_S",
                        "観測回数": 1,
                        "夜空の明るさ_平均": 21.06,
                        "ばらつき_平均": 0.04
                    },
                    {
                        "調査時期": "2020_S",
                        "観測回数": 1,
                        "夜空の明るさ_平均": 20.96,
                        "ばらつき_平均": 0.08
                    },
                    {
                        "調査時期": "2019_W",
                        "観測回数": 1,
                        "夜空の明るさ_平均": 20.56,
                        "ばらつき_平均": 0.13
                    },
                    {
                        "調査時期": "2019_S",
                        "観測回数": 1,
                        "夜空の明るさ_平均": 20.67,
                        "ばらつき_平均": 0.23
                    },
                    {
                        "調査時期": "2018_S",
                        "観測回数": 1,
                        "夜空の明るさ_平均": 20.7,
                        "ばらつき_平均": 0.2
                    }
                ]
            }
        },
        {
            "type": "Feature",
            "geometry": {
                "type": "Point",
                "coordinates": [
                    137.9797222,
                    36.14416667
                ]
            },
            "properties": {
                "都道府県": "長野県",
                "市区町村": "塩尻市",
                "撮影場所": "片丘小学校東",
                "時系列データ": [
                    {
                        "調査時期": "2026_W",
                        "観測回数": 1,
                        "夜空の明るさ_平均": 19.39,
                        "ばらつき_平均": 0.06
                    },
                    {
                        "調査時期": "2025_W",
                        "観測回数": 1,
                        "夜空の明るさ_平均": 19.35,
                        "ばらつき_平均": 0.1
                    },
                    {
                        "調査時期": "2025_S",
                        "観測回数": 1,
                        "夜空の明るさ_平均": 19.08,
                        "ばらつき_平均": 0.09
                    },
                    {
                        "調査時期": "2024_W",
                        "観測回数": 1,
                        "夜空の明るさ_平均": 19.54,
                        "ばらつき_平均": 0.08
                    },
                    {
                        "調査時期": "2024_S",
                        "観測回数": 1,
                        "夜空の明るさ_平均": 19.66,
                        "ばらつき_平均": 0.11
                    },
                    {
                        "調査時期": "2023_W",
                        "観測回数": 1,
                        "夜空の明るさ_平均": 19.18,
                        "ばらつき_平均": 0.08
                    },
                    {
                        "調査時期": "2023_S",
                        "観測回数": 1,
                        "夜空の明るさ_平均": 19.73,
                        "ばらつき_平均": 0.1
                    },
                    {
                        "調査時期": "2022_W",
                        "観測回数": 1,
                        "夜空の明るさ_平均": 19.74,
                        "ばらつき_平均": 0.05
                    },
                    {
                        "調査時期": "2021_W",
                        "観測回数": 1,
                        "夜空の明るさ_平均": 19.16,
                        "ばらつき_平均": 0.09
                    },
                    {
                        "調査時期": "2021_S",
                        "観測回数": 1,
                        "夜空の明るさ_平均": 19.6,
                        "ばらつき_平均": 0.13
                    },
                    {
                        "調査時期": "2020_W",
                        "観測回数": 1,
                        "夜空の明るさ_平均": 19.37,
                        "ばらつき_平均": 0.1
                    },
                    {
                        "調査時期": "2020_S",
                        "観測回数": 1,
                        "夜空の明るさ_平均": 19.91,
                        "ばらつき_平均": 0.12
                    },
                    {
                        "調査時期": "2019_W",
                        "観測回数": 1,
                        "夜空の明るさ_平均": 19.49,
                        "ばらつき_平均": 0.1
                    },
                    {
                        "調査時期": "2019_S",
                        "観測回数": 1,
                        "夜空の明るさ_平均": 19.72,
                        "ばらつき_平均": 0.29
                    },
                    {
                        "調査時期": "2018_S",
                        "観測回数": 1,
                        "夜空の明るさ_平均": 19.7,
                        "ばらつき_平均": 0.1
                    }
                ]
            }
        },
        {
            "type": "Feature",
            "geometry": {
                "type": "Point",
                "coordinates": [
                    138.43,
                    36.19333333
                ]
            },
            "properties": {
                "都道府県": "長野県",
                "市区町村": "佐久市",
                "撮影場所": "うすだスタードーム",
                "時系列データ": [
                    {
                        "調査時期": "2018_S",
                        "観測回数": 1,
                        "夜空の明るさ_平均": 20.5,
                        "ばらつき_平均": 0.1
                    }
                ]
            }
        },
        {
            "type": "Feature",
            "geometry": {
                "type": "Point",
                "coordinates": [
                    138.1108333,
                    36.52861111
                ]
            },
            "properties": {
                "都道府県": "長野県",
                "市区町村": "千曲市",
                "撮影場所": "長野県千曲市 中央公園",
                "時系列データ": [
                    {
                        "調査時期": "2023_W",
                        "観測回数": 1,
                        "夜空の明るさ_平均": 19.46,
                        "ばらつき_平均": 0.06
                    },
                    {
                        "調査時期": "2021_W",
                        "観測回数": 1,
                        "夜空の明るさ_平均": 19.38,
                        "ばらつき_平均": 0.13
                    },
                    {
                        "調査時期": "2018_S",
                        "観測回数": 1,
                        "夜空の明るさ_平均": 20.0,
                        "ばらつき_平均": 0.1
                    }
                ]
            }
        },
        {
            "type": "Feature",
            "geometry": {
                "type": "Point",
                "coordinates": [
                    137.8436111,
                    36.32111111
                ]
            },
            "properties": {
                "都道府県": "長野県",
                "市区町村": "安曇野市",
                "撮影場所": "安曇野市穂高牧 安曇野公園穂高",
                "時系列データ": [
                    {
                        "調査時期": "2026_W",
                        "観測回数": 1,
                        "夜空の明るさ_平均": 20.03,
                        "ばらつき_平均": 0.1
                    },
                    {
                        "調査時期": "2025_W",
                        "観測回数": 1,
                        "夜空の明るさ_平均": 20.05,
                        "ばらつき_平均": 0.08
                    },
                    {
                        "調査時期": "2025_S",
                        "観測回数": 1,
                        "夜空の明るさ_平均": 20.03,
                        "ばらつき_平均": 0.21
                    },
                    {
                        "調査時期": "2024_W",
                        "観測回数": 1,
                        "夜空の明るさ_平均": 20.26,
                        "ばらつき_平均": 0.11
                    },
                    {
                        "調査時期": "2023_W",
                        "観測回数": 1,
                        "夜空の明るさ_平均": 20.21,
                        "ばらつき_平均": 0.06
                    },
                    {
                        "調査時期": "2023_S",
                        "観測回数": 1,
                        "夜空の明るさ_平均": 20.3,
                        "ばらつき_平均": 0.39
                    },
                    {
                        "調査時期": "2022_W",
                        "観測回数": 1,
                        "夜空の明るさ_平均": 20.32,
                        "ばらつき_平均": 0.12
                    },
                    {
                        "調査時期": "2020_S",
                        "観測回数": 1,
                        "夜空の明るさ_平均": 20.35,
                        "ばらつき_平均": 0.15
                    },
                    {
                        "調査時期": "2019_W",
                        "観測回数": 1,
                        "夜空の明るさ_平均": 20.31,
                        "ばらつき_平均": 0.13
                    },
                    {
                        "調査時期": "2019_S",
                        "観測回数": 1,
                        "夜空の明るさ_平均": 20.33,
                        "ばらつき_平均": 0.21
                    },
                    {
                        "調査時期": "2018_S",
                        "観測回数": 1,
                        "夜空の明るさ_平均": 20.1,
                        "ばらつき_平均": 0.2
                    }
                ]
            }
        },
        {
            "type": "Feature",
            "geometry": {
                "type": "Point",
                "coordinates": [
                    137.8838889,
                    36.34583333
                ]
            },
            "properties": {
                "都道府県": "長野県",
                "市区町村": "安曇野市",
                "撮影場所": "安曇野市穂高 穂高会館",
                "時系列データ": [
                    {
                        "調査時期": "2026_W",
                        "観測回数": 1,
                        "夜空の明るさ_平均": 19.59,
                        "ばらつき_平均": 0.1
                    },
                    {
                        "調査時期": "2025_W",
                        "観測回数": 1,
                        "夜空の明るさ_平均": 19.4,
                        "ばらつき_平均": 0.11
                    },
                    {
                        "調査時期": "2025_S",
                        "観測回数": 1,
                        "夜空の明るさ_平均": 19.8,
                        "ばらつき_平均": 0.16
                    },
                    {
                        "調査時期": "2024_W",
                        "観測回数": 1,
                        "夜空の明るさ_平均": 19.59,
                        "ばらつき_平均": 0.08
                    },
                    {
                        "調査時期": "2023_W",
                        "観測回数": 1,
                        "夜空の明るさ_平均": 19.57,
                        "ばらつき_平均": 0.08
                    },
                    {
                        "調査時期": "2023_S",
                        "観測回数": 1,
                        "夜空の明るさ_平均": 19.82,
                        "ばらつき_平均": 0.19
                    },
                    {
                        "調査時期": "2022_W",
                        "観測回数": 1,
                        "夜空の明るさ_平均": 20.1,
                        "ばらつき_平均": 0.1
                    },
                    {
                        "調査時期": "2021_W",
                        "観測回数": 1,
                        "夜空の明るさ_平均": 19.83,
                        "ばらつき_平均": 0.1
                    },
                    {
                        "調査時期": "2021_S",
                        "観測回数": 1,
                        "夜空の明るさ_平均": 20.12,
                        "ばらつき_平均": 0.11
                    },
                    {
                        "調査時期": "2020_S",
                        "観測回数": 1,
                        "夜空の明るさ_平均": 19.91,
                        "ばらつき_平均": 0.15
                    },
                    {
                        "調査時期": "2019_W",
                        "観測回数": 1,
                        "夜空の明るさ_平均": 19.72,
                        "ばらつき_平均": 0.12
                    },
                    {
                        "調査時期": "2018_S",
                        "観測回数": 1,
                        "夜空の明るさ_平均": 19.8,
                        "ばらつき_平均": 0.1
                    }
                ]
            }
        },
        {
            "type": "Feature",
            "geometry": {
                "type": "Point",
                "coordinates": [
                    138.4722222,
                    35.94111111
                ]
            },
            "properties": {
                "都道府県": "長野県",
                "市区町村": "南牧村",
                "撮影場所": "国立天文台野辺山宇宙電波観測所内",
                "時系列データ": [
                    {
                        "調査時期": "2018_S",
                        "観測回数": 1,
                        "夜空の明るさ_平均": 21.1,
                        "ばらつき_平均": 0.1
                    }
                ]
            }
        },
        {
            "type": "Feature",
            "geometry": {
                "type": "Point",
                "coordinates": [
                    138.0780556,
                    36.05916667
                ]
            },
            "properties": {
                "都道府県": "長野県",
                "市区町村": "下諏訪町",
                "撮影場所": "長野県下諏訪町赤砂崎公園",
                "時系列データ": [
                    {
                        "調査時期": "2026_W",
                        "観測回数": 1,
                        "夜空の明るさ_平均": 19.87,
                        "ばらつき_平均": 0.09
                    },
                    {
                        "調査時期": "2025_W",
                        "観測回数": 1,
                        "夜空の明るさ_平均": 19.87,
                        "ばらつき_平均": 0.09
                    },
                    {
                        "調査時期": "2025_S",
                        "観測回数": 1,
                        "夜空の明るさ_平均": 19.69,
                        "ばらつき_平均": 0.1
                    },
                    {
                        "調査時期": "2024_W",
                        "観測回数": 1,
                        "夜空の明るさ_平均": 19.5,
                        "ばらつき_平均": 0.09
                    },
                    {
                        "調査時期": "2023_W",
                        "観測回数": 1,
                        "夜空の明るさ_平均": 19.45,
                        "ばらつき_平均": 0.05
                    },
                    {
                        "調査時期": "2022_W",
                        "観測回数": 1,
                        "夜空の明るさ_平均": 19.46,
                        "ばらつき_平均": 0.06
                    },
                    {
                        "調査時期": "2021_W",
                        "観測回数": 1,
                        "夜空の明るさ_平均": 19.43,
                        "ばらつき_平均": 0.16
                    },
                    {
                        "調査時期": "2021_S",
                        "観測回数": 1,
                        "夜空の明るさ_平均": 19.9,
                        "ばらつき_平均": 0.08
                    },
                    {
                        "調査時期": "2020_W",
                        "観測回数": 1,
                        "夜空の明るさ_平均": 19.69,
                        "ばらつき_平均": 0.08
                    },
                    {
                        "調査時期": "2020_S",
                        "観測回数": 1,
                        "夜空の明るさ_平均": 20.27,
                        "ばらつき_平均": 0.1
                    },
                    {
                        "調査時期": "2019_W",
                        "観測回数": 1,
                        "夜空の明るさ_平均": 19.41,
                        "ばらつき_平均": 0.1
                    },
                    {
                        "調査時期": "2019_S",
                        "観測回数": 1,
                        "夜空の明るさ_平均": 19.84,
                        "ばらつき_平均": 0.22
                    },
                    {
                        "調査時期": "2018_S",
                        "観測回数": 1,
                        "夜空の明るさ_平均": 19.5,
                        "ばらつき_平均": 0.1
                    }
                ]
            }
        },
        {
            "type": "Feature",
            "geometry": {
                "type": "Point",
                "coordinates": [
                    137.6927778,
                    35.785
                ]
            },
            "properties": {
                "都道府県": "長野県",
                "市区町村": "上松町",
                "撮影場所": "上松駅前",
                "時系列データ": [
                    {
                        "調査時期": "2018_S",
                        "観測回数": 1,
                        "夜空の明るさ_平均": 20.0,
                        "ばらつき_平均": 0.1
                    }
                ]
            }
        },
        {
            "type": "Feature",
            "geometry": {
                "type": "Point",
                "coordinates": [
                    137.6872222,
                    35.80611111
                ]
            },
            "properties": {
                "都道府県": "長野県",
                "市区町村": "上松町",
                "撮影場所": "木曽の桟",
                "時系列データ": [
                    {
                        "調査時期": "2018_S",
                        "観測回数": 1,
                        "夜空の明るさ_平均": 21.5,
                        "ばらつき_平均": 0.2
                    }
                ]
            }
        },
        {
            "type": "Feature",
            "geometry": {
                "type": "Point",
                "coordinates": [
                    137.6236111,
                    35.79666667
                ]
            },
            "properties": {
                "都道府県": "長野県",
                "市区町村": "王滝村",
                "撮影場所": "東京大学木曽観測所",
                "時系列データ": [
                    {
                        "調査時期": "2026_W",
                        "観測回数": 1,
                        "夜空の明るさ_平均": 21.26,
                        "ばらつき_平均": 0.06
                    },
                    {
                        "調査時期": "2025_W",
                        "観測回数": 1,
                        "夜空の明るさ_平均": 21.28,
                        "ばらつき_平均": 0.06
                    },
                    {
                        "調査時期": "2025_S",
                        "観測回数": 2,
                        "夜空の明るさ_平均": 21.07,
                        "ばらつき_平均": 0.1
                    },
                    {
                        "調査時期": "2024_W",
                        "観測回数": 1,
                        "夜空の明るさ_平均": 21.22,
                        "ばらつき_平均": 0.08
                    },
                    {
                        "調査時期": "2024_S",
                        "観測回数": 1,
                        "夜空の明るさ_平均": 20.74,
                        "ばらつき_平均": 0.15
                    },
                    {
                        "調査時期": "2023_W",
                        "観測回数": 3,
                        "夜空の明るさ_平均": 21.24,
                        "ばらつき_平均": 0.08
                    },
                    {
                        "調査時期": "2023_S",
                        "観測回数": 2,
                        "夜空の明るさ_平均": 21.3,
                        "ばらつき_平均": 0.17
                    },
                    {
                        "調査時期": "2022_W",
                        "観測回数": 2,
                        "夜空の明るさ_平均": 21.23,
                        "ばらつき_平均": 0.09
                    },
                    {
                        "調査時期": "2022_S",
                        "観測回数": 1,
                        "夜空の明るさ_平均": 20.73,
                        "ばらつき_平均": 0.02
                    },
                    {
                        "調査時期": "2021_W",
                        "観測回数": 1,
                        "夜空の明るさ_平均": 21.34,
                        "ばらつき_平均": 0.12
                    },
                    {
                        "調査時期": "2021_S",
                        "観測回数": 1,
                        "夜空の明るさ_平均": 21.32,
                        "ばらつき_平均": 0.09
                    },
                    {
                        "調査時期": "2020_W",
                        "観測回数": 1,
                        "夜空の明るさ_平均": 21.33,
                        "ばらつき_平均": 0.1
                    },
                    {
                        "調査時期": "2019_S",
                        "観測回数": 2,
                        "夜空の明るさ_平均": 21.27,
                        "ばらつき_平均": 0.11
                    },
                    {
                        "調査時期": "2018_S",
                        "観測回数": 1,
                        "夜空の明るさ_平均": 21.4,
                        "ばらつき_平均": 0.2
                    }
                ]
            }
        },
        {
            "type": "Feature",
            "geometry": {
                "type": "Point",
                "coordinates": [
                    137.7397222,
                    35.86611111
                ]
            },
            "properties": {
                "都道府県": "長野県",
                "市区町村": "木曽町",
                "撮影場所": "道の駅日義木曽駒高原",
                "時系列データ": [
                    {
                        "調査時期": "2026_W",
                        "観測回数": 1,
                        "夜空の明るさ_平均": 20.7,
                        "ばらつき_平均": 0.09
                    },
                    {
                        "調査時期": "2025_W",
                        "観測回数": 1,
                        "夜空の明るさ_平均": 20.45,
                        "ばらつき_平均": 0.07
                    },
                    {
                        "調査時期": "2025_S",
                        "観測回数": 1,
                        "夜空の明るさ_平均": 20.08,
                        "ばらつき_平均": 0.05
                    },
                    {
                        "調査時期": "2024_W",
                        "観測回数": 1,
                        "夜空の明るさ_平均": 20.34,
                        "ばらつき_平均": 0.08
                    },
                    {
                        "調査時期": "2023_W",
                        "観測回数": 1,
                        "夜空の明るさ_平均": 20.4,
                        "ばらつき_平均": 0.09
                    },
                    {
                        "調査時期": "2022_W",
                        "観測回数": 1,
                        "夜空の明るさ_平均": 20.47,
                        "ばらつき_平均": 0.07
                    },
                    {
                        "調査時期": "2021_W",
                        "観測回数": 1,
                        "夜空の明るさ_平均": 20.12,
                        "ばらつき_平均": 0.09
                    },
                    {
                        "調査時期": "2021_S",
                        "観測回数": 1,
                        "夜空の明るさ_平均": 20.88,
                        "ばらつき_平均": 0.1
                    },
                    {
                        "調査時期": "2020_S",
                        "観測回数": 1,
                        "夜空の明るさ_平均": 20.93,
                        "ばらつき_平均": 0.13
                    },
                    {
                        "調査時期": "2018_S",
                        "観測回数": 1,
                        "夜空の明るさ_平均": 20.7,
                        "ばらつき_平均": 0.1
                    }
                ]
            }
        },
        {
            "type": "Feature",
            "geometry": {
                "type": "Point",
                "coordinates": [
                    137.7572222,
                    35.83194444
                ]
            },
            "properties": {
                "都道府県": "長野県",
                "市区町村": "木曽町",
                "撮影場所": "キビオ峠",
                "時系列データ": [
                    {
                        "調査時期": "2018_S",
                        "観測回数": 1,
                        "夜空の明るさ_平均": 21.2,
                        "ばらつき_平均": 0.2
                    }
                ]
            }
        },
        {
            "type": "Feature",
            "geometry": {
                "type": "Point",
                "coordinates": [
                    137.7038889,
                    35.84944444
                ]
            },
            "properties": {
                "都道府県": "長野県",
                "市区町村": "木曽町",
                "撮影場所": "関山公園",
                "時系列データ": [
                    {
                        "調査時期": "2026_W",
                        "観測回数": 1,
                        "夜空の明るさ_平均": 20.64,
                        "ばらつき_平均": 0.08
                    },
                    {
                        "調査時期": "2025_W",
                        "観測回数": 1,
                        "夜空の明るさ_平均": 20.46,
                        "ばらつき_平均": 0.12
                    },
                    {
                        "調査時期": "2025_S",
                        "観測回数": 1,
                        "夜空の明るさ_平均": 20.18,
                        "ばらつき_平均": 0.11
                    },
                    {
                        "調査時期": "2021_W",
                        "観測回数": 1,
                        "夜空の明るさ_平均": 20.08,
                        "ばらつき_平均": 0.1
                    },
                    {
                        "調査時期": "2018_S",
                        "観測回数": 1,
                        "夜空の明るさ_平均": 20.7,
                        "ばらつき_平均": 0.1
                    }
                ]
            }
        },
        {
            "type": "Feature",
            "geometry": {
                "type": "Point",
                "coordinates": [
                    137.9869444,
                    36.65944444
                ]
            },
            "properties": {
                "都道府県": "長野県",
                "市区町村": "小川村",
                "撮影場所": "小川天文台",
                "時系列データ": [
                    {
                        "調査時期": "2021_W",
                        "観測回数": 1,
                        "夜空の明るさ_平均": 20.88,
                        "ばらつき_平均": 0.08
                    },
                    {
                        "調査時期": "2020_S",
                        "観測回数": 1,
                        "夜空の明るさ_平均": 21.44,
                        "ばらつき_平均": 0.29
                    },
                    {
                        "調査時期": "2018_S",
                        "観測回数": 1,
                        "夜空の明るさ_平均": 21.4,
                        "ばらつき_平均": 0.2
                    }
                ]
            }
        },
        {
            "type": "Feature",
            "geometry": {
                "type": "Point",
                "coordinates": [
                    137.7686111,
                    34.66333333
                ]
            },
            "properties": {
                "都道府県": "静岡県",
                "市区町村": "浜松市",
                "撮影場所": "浜松市天文台",
                "時系列データ": [
                    {
                        "調査時期": "2019_W",
                        "観測回数": 1,
                        "夜空の明るさ_平均": 18.38,
                        "ばらつき_平均": 0.08
                    }
                ]
            }
        },
        {
            "type": "Feature",
            "geometry": {
                "type": "Point",
                "coordinates": [
                    136.8833333,
                    35.22722222
                ]
            },
            "properties": {
                "都道府県": "愛知県",
                "市区町村": "名古屋市",
                "撮影場所": "愛知県名古屋市",
                "時系列データ": [
                    {
                        "調査時期": "2018_S",
                        "観測回数": 1,
                        "夜空の明るさ_平均": 17.6,
                        "ばらつき_平均": 0.1
                    }
                ]
            }
        },
        {
            "type": "Feature",
            "geometry": {
                "type": "Point",
                "coordinates": [
                    137.5736111,
                    35.09361111
                ]
            },
            "properties": {
                "都道府県": "愛知県",
                "市区町村": "設楽町",
                "撮影場所": "奥三河総合センター",
                "時系列データ": [
                    {
                        "調査時期": "2025_W",
                        "観測回数": 1,
                        "夜空の明るさ_平均": 20.49,
                        "ばらつき_平均": 0.04
                    },
                    {
                        "調査時期": "2025_S",
                        "観測回数": 2,
                        "夜空の明るさ_平均": 20.18,
                        "ばらつき_平均": 0.09
                    },
                    {
                        "調査時期": "2024_W",
                        "観測回数": 1,
                        "夜空の明るさ_平均": 20.51,
                        "ばらつき_平均": 0.07
                    },
                    {
                        "調査時期": "2024_S",
                        "観測回数": 1,
                        "夜空の明るさ_平均": 20.33,
                        "ばらつき_平均": 0.09
                    },
                    {
                        "調査時期": "2023_W",
                        "観測回数": 1,
                        "夜空の明るさ_平均": 20.29,
                        "ばらつき_平均": 0.07
                    },
                    {
                        "調査時期": "2023_S",
                        "観測回数": 1,
                        "夜空の明るさ_平均": 20.68,
                        "ばらつき_平均": 0.1
                    },
                    {
                        "調査時期": "2022_W",
                        "観測回数": 1,
                        "夜空の明るさ_平均": 20.49,
                        "ばらつき_平均": 0.08
                    },
                    {
                        "調査時期": "2021_W",
                        "観測回数": 1,
                        "夜空の明るさ_平均": 20.46,
                        "ばらつき_平均": 0.06
                    },
                    {
                        "調査時期": "2021_S",
                        "観測回数": 1,
                        "夜空の明るさ_平均": 20.86,
                        "ばらつき_平均": 0.12
                    },
                    {
                        "調査時期": "2020_W",
                        "観測回数": 1,
                        "夜空の明るさ_平均": 20.51,
                        "ばらつき_平均": 0.12
                    },
                    {
                        "調査時期": "2020_S",
                        "観測回数": 2,
                        "夜空の明るさ_平均": 20.63,
                        "ばらつき_平均": 0.17
                    },
                    {
                        "調査時期": "2018_S",
                        "観測回数": 1,
                        "夜空の明るさ_平均": 20.7,
                        "ばらつき_平均": 0.1
                    }
                ]
            }
        },
        {
            "type": "Feature",
            "geometry": {
                "type": "Point",
                "coordinates": [
                    137.6066667,
                    35.19888889
                ]
            },
            "properties": {
                "都道府県": "愛知県",
                "市区町村": "設楽町",
                "撮影場所": "道の駅つぐ高原グリーンパーク",
                "時系列データ": [
                    {
                        "調査時期": "2018_S",
                        "観測回数": 1,
                        "夜空の明るさ_平均": 20.9,
                        "ばらつき_平均": 0.1
                    }
                ]
            }
        },
        {
            "type": "Feature",
            "geometry": {
                "type": "Point",
                "coordinates": [
                    137.6588889,
                    35.22138889
                ]
            },
            "properties": {
                "都道府県": "愛知県",
                "市区町村": "豊根村",
                "撮影場所": "茶臼山高原",
                "時系列データ": [
                    {
                        "調査時期": "2018_S",
                        "観測回数": 1,
                        "夜空の明るさ_平均": 21.4,
                        "ばらつき_平均": 0.2
                    }
                ]
            }
        },
        {
            "type": "Feature",
            "geometry": {
                "type": "Point",
                "coordinates": [
                    135.1333333,
                    34.68361111
                ]
            },
            "properties": {
                "都道府県": "兵庫県",
                "市区町村": "神戸市",
                "撮影場所": "神戸市 長田区 鹿松町",
                "時系列データ": [
                    {
                        "調査時期": "2026_W",
                        "観測回数": 6,
                        "夜空の明るさ_平均": 17.85,
                        "ばらつき_平均": 0.13
                    },
                    {
                        "調査時期": "2025_W",
                        "観測回数": 4,
                        "夜空の明るさ_平均": 17.46,
                        "ばらつき_平均": 0.13
                    },
                    {
                        "調査時期": "2025_S",
                        "観測回数": 8,
                        "夜空の明るさ_平均": 17.69,
                        "ばらつき_平均": 0.17
                    },
                    {
                        "調査時期": "2024_W",
                        "観測回数": 3,
                        "夜空の明るさ_平均": 18.14,
                        "ばらつき_平均": 0.1
                    },
                    {
                        "調査時期": "2024_S",
                        "観測回数": 3,
                        "夜空の明るさ_平均": 17.72,
                        "ばらつき_平均": 0.16
                    },
                    {
                        "調査時期": "2023_W",
                        "観測回数": 4,
                        "夜空の明るさ_平均": 18.0,
                        "ばらつき_平均": 0.09
                    },
                    {
                        "調査時期": "2023_S",
                        "観測回数": 3,
                        "夜空の明るさ_平均": 18.26,
                        "ばらつき_平均": 0.12
                    },
                    {
                        "調査時期": "2022_W",
                        "観測回数": 1,
                        "夜空の明るさ_平均": 18.34,
                        "ばらつき_平均": 0.11
                    },
                    {
                        "調査時期": "2022_S",
                        "観測回数": 1,
                        "夜空の明るさ_平均": 18.26,
                        "ばらつき_平均": 0.14
                    },
                    {
                        "調査時期": "2021_W",
                        "観測回数": 2,
                        "夜空の明るさ_平均": 18.2,
                        "ばらつき_平均": 0.11
                    },
                    {
                        "調査時期": "2021_S",
                        "観測回数": 2,
                        "夜空の明るさ_平均": 18.22,
                        "ばらつき_平均": 0.14
                    },
                    {
                        "調査時期": "2020_W",
                        "観測回数": 1,
                        "夜空の明るさ_平均": 18.19,
                        "ばらつき_平均": 0.13
                    },
                    {
                        "調査時期": "2019_W",
                        "観測回数": 3,
                        "夜空の明るさ_平均": 18.17,
                        "ばらつき_平均": 0.09
                    },
                    {
                        "調査時期": "2019_S",
                        "観測回数": 1,
                        "夜空の明るさ_平均": 18.35,
                        "ばらつき_平均": 0.13
                    },
                    {
                        "調査時期": "2018_S",
                        "観測回数": 1,
                        "夜空の明るさ_平均": 18.5,
                        "ばらつき_平均": 0.1
                    }
                ]
            }
        },
        {
            "type": "Feature",
            "geometry": {
                "type": "Point",
                "coordinates": [
                    133.165,
                    35.13638889
                ]
            },
            "properties": {
                "都道府県": "鳥取県",
                "市区町村": "日南町",
                "撮影場所": "鳥取県日野郡日南町上萩山",
                "時系列データ": [
                    {
                        "調査時期": "2019_W",
                        "観測回数": 3,
                        "夜空の明るさ_平均": 21.41,
                        "ばらつき_平均": 0.11
                    },
                    {
                        "調査時期": "2018_S",
                        "観測回数": 1,
                        "夜空の明るさ_平均": 21.5,
                        "ばらつき_平均": 0.1
                    }
                ]
            }
        },
        {
            "type": "Feature",
            "geometry": {
                "type": "Point",
                "coordinates": [
                    132.6197222,
                    35.15222222
                ]
            },
            "properties": {
                "都道府県": "島根県",
                "市区町村": "大田市",
                "撮影場所": "島根県立三瓶自然館サヒメル",
                "時系列データ": [
                    {
                        "調査時期": "2023_W",
                        "観測回数": 1,
                        "夜空の明るさ_平均": 21.02,
                        "ばらつき_平均": 0.55
                    },
                    {
                        "調査時期": "2019_W",
                        "観測回数": 1,
                        "夜空の明るさ_平均": 21.34,
                        "ばらつき_平均": 0.12
                    }
                ]
            }
        },
        {
            "type": "Feature",
            "geometry": {
                "type": "Point",
                "coordinates": [
                    130.3719444,
                    33.58
                ]
            },
            "properties": {
                "都道府県": "福岡県",
                "市区町村": "福岡市",
                "撮影場所": "福岡県福岡市中央区草香江",
                "時系列データ": [
                    {
                        "調査時期": "2019_W",
                        "観測回数": 1,
                        "夜空の明るさ_平均": 16.87,
                        "ばらつき_平均": 0.12
                    }
                ]
            }
        },
        {
            "type": "Feature",
            "geometry": {
                "type": "Point",
                "coordinates": [
                    130.76,
                    33.24361111
                ]
            },
            "properties": {
                "都道府県": "福岡県",
                "市区町村": "八女市",
                "撮影場所": "星のふるさと公園 星降る広場",
                "時系列データ": [
                    {
                        "調査時期": "2018_S",
                        "観測回数": 1,
                        "夜空の明るさ_平均": 20.5,
                        "ばらつき_平均": 0.1
                    }
                ]
            }
        },
        {
            "type": "Feature",
            "geometry": {
                "type": "Point",
                "coordinates": [
                    130.6825,
                    32.82444444
                ]
            },
            "properties": {
                "都道府県": "熊本県",
                "市区町村": "熊本市",
                "撮影場所": "熊本県熊本市",
                "時系列データ": [
                    {
                        "調査時期": "2018_S",
                        "観測回数": 1,
                        "夜空の明るさ_平均": 19.2,
                        "ばらつき_平均": 0.2
                    }
                ]
            }
        },
        {
            "type": "Feature",
            "geometry": {
                "type": "Point",
                "coordinates": [
                    130.6236111,
                    31.71444444
                ]
            },
            "properties": {
                "都道府県": "鹿児島県",
                "市区町村": "姶良市",
                "撮影場所": "鹿児島県姶良市平松(姶良駅近く)",
                "時系列データ": [
                    {
                        "調査時期": "2019_W",
                        "観測回数": 1,
                        "夜空の明るさ_平均": 18.45,
                        "ばらつき_平均": 0.26
                    },
                    {
                        "調査時期": "2018_S",
                        "観測回数": 1,
                        "夜空の明るさ_平均": 18.5,
                        "ばらつき_平均": 0.3
                    }
                ]
            }
        },
        {
            "type": "Feature",
            "geometry": {
                "type": "Point",
                "coordinates": [
                    123.7975,
                    24.04972222
                ]
            },
            "properties": {
                "都道府県": "沖縄県",
                "市区町村": "竹富町",
                "撮影場所": "沖縄県八重山郡竹富町",
                "時系列データ": [
                    {
                        "調査時期": "2023_S",
                        "観測回数": 1,
                        "夜空の明るさ_平均": 21.51,
                        "ばらつき_平均": 0.2
                    },
                    {
                        "調査時期": "2022_W",
                        "観測回数": 1,
                        "夜空の明るさ_平均": 21.6,
                        "ばらつき_平均": 0.15
                    },
                    {
                        "調査時期": "2022_S",
                        "観測回数": 1,
                        "夜空の明るさ_平均": 21.87,
                        "ばらつき_平均": 0.21
                    },
                    {
                        "調査時期": "2021_W",
                        "観測回数": 1,
                        "夜空の明るさ_平均": 21.89,
                        "ばらつき_平均": 0.12
                    },
                    {
                        "調査時期": "2021_S",
                        "観測回数": 1,
                        "夜空の明るさ_平均": 21.67,
                        "ばらつき_平均": 0.15
                    },
                    {
                        "調査時期": "2020_S",
                        "観測回数": 1,
                        "夜空の明るさ_平均": 21.62,
                        "ばらつき_平均": 0.16
                    },
                    {
                        "調査時期": "2019_W",
                        "観測回数": 1,
                        "夜空の明るさ_平均": 21.92,
                        "ばらつき_平均": 0.01
                    },
                    {
                        "調査時期": "2018_S",
                        "観測回数": 1,
                        "夜空の明るさ_平均": 22.1,
                        "ばらつき_平均": 0.1
                    }
                ]
            }
        },
        {
            "type": "Feature",
            "geometry": {
                "type": "Point",
                "coordinates": [
                    142.4159145,
                    42.38223838
                ]
            },
            "properties": {
                "都道府県": null,
                "市区町村": null,
                "撮影場所": "静内二十間道路",
                "時系列データ": [
                    {
                        "調査時期": "2019_S",
                        "観測回数": 1,
                        "夜空の明るさ_平均": 21.34,
                        "ばらつき_平均": 0.17
                    }
                ]
            }
        },
        {
            "type": "Feature",
            "geometry": {
                "type": "Point",
                "coordinates": [
                    142.4153616,
                    42.38194507
                ]
            },
            "properties": {
                "都道府県": null,
                "市区町村": null,
                "撮影場所": "静内二十間道路",
                "時系列データ": [
                    {
                        "調査時期": "2019_S",
                        "観測回数": 1,
                        "夜空の明るさ_平均": 21.36,
                        "ばらつき_平均": 0.16
                    }
                ]
            }
        },
        {
            "type": "Feature",
            "geometry": {
                "type": "Point",
                "coordinates": [
                    140.9092637,
                    42.57166239
                ]
            },
            "properties": {
                "都道府県": null,
                "市区町村": null,
                "撮影場所": "壮瞥町森と木の里センター周辺",
                "時系列データ": [
                    {
                        "調査時期": "2019_S",
                        "観測回数": 1,
                        "夜空の明るさ_平均": 21.25,
                        "ばらつき_平均": 0.08
                    }
                ]
            }
        },
        {
            "type": "Feature",
            "geometry": {
                "type": "Point",
                "coordinates": [
                    143.765974,
                    43.45631458
                ]
            },
            "properties": {
                "都道府県": null,
                "市区町村": null,
                "撮影場所": "りくべつ宇宙地球科学館（銀河の森天文台）",
                "時系列データ": [
                    {
                        "調査時期": "2026_W",
                        "観測回数": 4,
                        "夜空の明るさ_平均": 20.02,
                        "ばらつき_平均": 0.13
                    },
                    {
                        "調査時期": "2025_S",
                        "観測回数": 1,
                        "夜空の明るさ_平均": 21.61,
                        "ばらつき_平均": 0.11
                    },
                    {
                        "調査時期": "2024_W",
                        "観測回数": 4,
                        "夜空の明るさ_平均": 20.94,
                        "ばらつき_平均": 0.14
                    },
                    {
                        "調査時期": "2024_S",
                        "観測回数": 9,
                        "夜空の明るさ_平均": 21.47,
                        "ばらつき_平均": 0.11
                    },
                    {
                        "調査時期": "2023_W",
                        "観測回数": 5,
                        "夜空の明るさ_平均": 20.44,
                        "ばらつき_平均": 0.12
                    },
                    {
                        "調査時期": "2023_S",
                        "観測回数": 2,
                        "夜空の明るさ_平均": 21.56,
                        "ばらつき_平均": 0.22
                    },
                    {
                        "調査時期": "2022_W",
                        "観測回数": 7,
                        "夜空の明るさ_平均": 20.73,
                        "ばらつき_平均": 0.1
                    },
                    {
                        "調査時期": "2022_S",
                        "観測回数": 5,
                        "夜空の明るさ_平均": 21.83,
                        "ばらつき_平均": 0.12
                    },
                    {
                        "調査時期": "2021_W",
                        "観測回数": 5,
                        "夜空の明るさ_平均": 20.86,
                        "ばらつき_平均": 0.15
                    },
                    {
                        "調査時期": "2021_S",
                        "観測回数": 4,
                        "夜空の明るさ_平均": 21.82,
                        "ばらつき_平均": 0.14
                    },
                    {
                        "調査時期": "2020_S",
                        "観測回数": 1,
                        "夜空の明るさ_平均": 22.18,
                        "ばらつき_平均": 0.11
                    },
                    {
                        "調査時期": "2019_W",
                        "観測回数": 1,
                        "夜空の明るさ_平均": 20.53,
                        "ばらつき_平均": 0.13
                    },
                    {
                        "調査時期": "2019_S",
                        "観測回数": 1,
                        "夜空の明るさ_平均": 21.95,
                        "ばらつき_平均": 0.83
                    }
                ]
            }
        },
        {
            "type": "Feature",
            "geometry": {
                "type": "Point",
                "coordinates": [
                    139.8761031,
                    40.59359649
                ]
            },
            "properties": {
                "都道府県": null,
                "市区町村": null,
                "撮影場所": "風車の丘白神展望台",
                "時系列データ": [
                    {
                        "調査時期": "2019_S",
                        "観測回数": 2,
                        "夜空の明るさ_平均": 20.01,
                        "ばらつき_平均": 0.24
                    }
                ]
            }
        },
        {
            "type": "Feature",
            "geometry": {
                "type": "Point",
                "coordinates": [
                    141.5402985,
                    40.50541529
                ]
            },
            "properties": {
                "都道府県": null,
                "市区町村": null,
                "撮影場所": "八戸市 湊高台二丁目",
                "時系列データ": [
                    {
                        "調査時期": "2022_S",
                        "観測回数": 1,
                        "夜空の明るさ_平均": 19.3,
                        "ばらつき_平均": 0.05
                    },
                    {
                        "調査時期": "2021_S",
                        "観測回数": 1,
                        "夜空の明るさ_平均": 19.14,
                        "ばらつき_平均": 0.08
                    },
                    {
                        "調査時期": "2020_W",
                        "観測回数": 1,
                        "夜空の明るさ_平均": 18.73,
                        "ばらつき_平均": 0.31
                    },
                    {
                        "調査時期": "2020_S",
                        "観測回数": 1,
                        "夜空の明るさ_平均": 19.35,
                        "ばらつき_平均": 0.1
                    },
                    {
                        "調査時期": "2019_W",
                        "観測回数": 1,
                        "夜空の明るさ_平均": 18.33,
                        "ばらつき_平均": 0.12
                    },
                    {
                        "調査時期": "2019_S",
                        "観測回数": 1,
                        "夜空の明るさ_平均": 18.8,
                        "ばらつき_平均": 0.12
                    }
                ]
            }
        },
        {
            "type": "Feature",
            "geometry": {
                "type": "Point",
                "coordinates": [
                    141.6949251,
                    39.01353192
                ]
            },
            "properties": {
                "都道府県": null,
                "市区町村": null,
                "撮影場所": "箱根山展望台",
                "時系列データ": [
                    {
                        "調査時期": "2026_W",
                        "観測回数": 2,
                        "夜空の明るさ_平均": 20.87,
                        "ばらつき_平均": 0.07
                    },
                    {
                        "調査時期": "2025_S",
                        "観測回数": 1,
                        "夜空の明るさ_平均": 20.95,
                        "ばらつき_平均": 0.11
                    },
                    {
                        "調査時期": "2024_W",
                        "観測回数": 3,
                        "夜空の明るさ_平均": 19.86,
                        "ばらつき_平均": 0.16
                    },
                    {
                        "調査時期": "2023_W",
                        "観測回数": 1,
                        "夜空の明るさ_平均": 20.82,
                        "ばらつき_平均": 0.08
                    },
                    {
                        "調査時期": "2021_W",
                        "観測回数": 1,
                        "夜空の明るさ_平均": 19.89,
                        "ばらつき_平均": 0.1
                    },
                    {
                        "調査時期": "2020_W",
                        "観測回数": 1,
                        "夜空の明るさ_平均": 20.88,
                        "ばらつき_平均": 0.08
                    },
                    {
                        "調査時期": "2020_S",
                        "観測回数": 1,
                        "夜空の明るさ_平均": 20.82,
                        "ばらつき_平均": 0.16
                    },
                    {
                        "調査時期": "2019_W",
                        "観測回数": 1,
                        "夜空の明るさ_平均": 20.89,
                        "ばらつき_平均": 0.1
                    },
                    {
                        "調査時期": "2019_S",
                        "観測回数": 1,
                        "夜空の明るさ_平均": 20.76,
                        "ばらつき_平均": 0.16
                    }
                ]
            }
        },
        {
            "type": "Feature",
            "geometry": {
                "type": "Point",
                "coordinates": [
                    141.7900121,
                    40.18632293
                ]
            },
            "properties": {
                "都道府県": null,
                "市区町村": null,
                "撮影場所": "久慈市長内町",
                "時系列データ": [
                    {
                        "調査時期": "2024_W",
                        "観測回数": 1,
                        "夜空の明るさ_平均": 20.1,
                        "ばらつき_平均": 0.25
                    },
                    {
                        "調査時期": "2023_W",
                        "観測回数": 1,
                        "夜空の明るさ_平均": 18.99,
                        "ばらつき_平均": 0.12
                    },
                    {
                        "調査時期": "2023_S",
                        "観測回数": 1,
                        "夜空の明るさ_平均": 20.71,
                        "ばらつき_平均": 0.25
                    },
                    {
                        "調査時期": "2022_S",
                        "観測回数": 1,
                        "夜空の明るさ_平均": 20.31,
                        "ばらつき_平均": 0.02
                    },
                    {
                        "調査時期": "2021_W",
                        "観測回数": 1,
                        "夜空の明るさ_平均": 19.53,
                        "ばらつき_平均": 0.16
                    },
                    {
                        "調査時期": "2021_S",
                        "観測回数": 1,
                        "夜空の明るさ_平均": 20.03,
                        "ばらつき_平均": 0.16
                    },
                    {
                        "調査時期": "2020_W",
                        "観測回数": 1,
                        "夜空の明るさ_平均": 19.13,
                        "ばらつき_平均": 0.32
                    },
                    {
                        "調査時期": "2020_S",
                        "観測回数": 1,
                        "夜空の明るさ_平均": 20.39,
                        "ばらつき_平均": 0.35
                    },
                    {
                        "調査時期": "2019_W",
                        "観測回数": 1,
                        "夜空の明るさ_平均": 20.29,
                        "ばらつき_平均": 0.32
                    },
                    {
                        "調査時期": "2019_S",
                        "観測回数": 1,
                        "夜空の明るさ_平均": 20.0,
                        "ばらつき_平均": 0.75
                    }
                ]
            }
        },
        {
            "type": "Feature",
            "geometry": {
                "type": "Point",
                "coordinates": [
                    141.3980019,
                    39.18126508
                ]
            },
            "properties": {
                "都道府県": null,
                "市区町村": null,
                "撮影場所": "気仙群住田町 種山高原（遊林ランド種山）",
                "時系列データ": [
                    {
                        "調査時期": "2020_W",
                        "観測回数": 1,
                        "夜空の明るさ_平均": 20.63,
                        "ばらつき_平均": 0.15
                    },
                    {
                        "調査時期": "2019_W",
                        "観測回数": 1,
                        "夜空の明るさ_平均": 21.33,
                        "ばらつき_平均": 0.18
                    },
                    {
                        "調査時期": "2019_S",
                        "観測回数": 1,
                        "夜空の明るさ_平均": 19.83,
                        "ばらつき_平均": 0.64
                    }
                ]
            }
        },
        {
            "type": "Feature",
            "geometry": {
                "type": "Point",
                "coordinates": [
                    141.2379384,
                    38.74151193
                ]
            },
            "properties": {
                "都道府県": null,
                "市区町村": null,
                "撮影場所": "ナイン・タウン旧中田沼観測地点",
                "時系列データ": [
                    {
                        "調査時期": "2019_S",
                        "観測回数": 2,
                        "夜空の明るさ_平均": 20.63,
                        "ばらつき_平均": 0.17
                    }
                ]
            }
        },
        {
            "type": "Feature",
            "geometry": {
                "type": "Point",
                "coordinates": [
                    141.3111627,
                    38.73684648
                ]
            },
            "properties": {
                "都道府県": null,
                "市区町村": null,
                "撮影場所": "ナイン・タウン米谷新中渡戸観測地点",
                "時系列データ": [
                    {
                        "調査時期": "2021_W",
                        "観測回数": 1,
                        "夜空の明るさ_平均": 20.44,
                        "ばらつき_平均": 0.05
                    },
                    {
                        "調査時期": "2021_S",
                        "観測回数": 1,
                        "夜空の明るさ_平均": 20.84,
                        "ばらつき_平均": 0.02
                    },
                    {
                        "調査時期": "2020_W",
                        "観測回数": 1,
                        "夜空の明るさ_平均": 20.89,
                        "ばらつき_平均": 0.07
                    },
                    {
                        "調査時期": "2020_S",
                        "観測回数": 1,
                        "夜空の明るさ_平均": 21.1,
                        "ばらつき_平均": 0.14
                    },
                    {
                        "調査時期": "2019_S",
                        "観測回数": 2,
                        "夜空の明るさ_平均": 20.79,
                        "ばらつき_平均": 0.08
                    }
                ]
            }
        },
        {
            "type": "Feature",
            "geometry": {
                "type": "Point",
                "coordinates": [
                    140.5801966,
                    39.40986467
                ]
            },
            "properties": {
                "都道府県": null,
                "市区町村": null,
                "撮影場所": "仙北郡美郷町",
                "時系列データ": [
                    {
                        "調査時期": "2019_W",
                        "観測回数": 1,
                        "夜空の明るさ_平均": 20.1,
                        "ばらつき_平均": 0.08
                    }
                ]
            }
        },
        {
            "type": "Feature",
            "geometry": {
                "type": "Point",
                "coordinates": [
                    140.5449496,
                    39.2916157
                ]
            },
            "properties": {
                "都道府県": null,
                "市区町村": null,
                "撮影場所": "秋田ふるさと村第４駐車場",
                "時系列データ": [
                    {
                        "調査時期": "2019_S",
                        "観測回数": 1,
                        "夜空の明るさ_平均": 19.49,
                        "ばらつき_平均": 0.08
                    }
                ]
            }
        },
        {
            "type": "Feature",
            "geometry": {
                "type": "Point",
                "coordinates": [
                    140.6214526,
                    39.16244722
                ]
            },
            "properties": {
                "都道府県": null,
                "市区町村": null,
                "撮影場所": "天下森スキー場駐車場",
                "時系列データ": [
                    {
                        "調査時期": "2019_S",
                        "観測回数": 1,
                        "夜空の明るさ_平均": 21.44,
                        "ばらつき_平均": 0.11
                    }
                ]
            }
        },
        {
            "type": "Feature",
            "geometry": {
                "type": "Point",
                "coordinates": [
                    140.9241387,
                    37.00764626
                ]
            },
            "properties": {
                "都道府県": null,
                "市区町村": null,
                "撮影場所": "いわき市中央台鹿島",
                "時系列データ": [
                    {
                        "調査時期": "2026_W",
                        "観測回数": 2,
                        "夜空の明るさ_平均": 19.28,
                        "ばらつき_平均": 0.1
                    },
                    {
                        "調査時期": "2025_W",
                        "観測回数": 2,
                        "夜空の明るさ_平均": 19.18,
                        "ばらつき_平均": 0.2
                    },
                    {
                        "調査時期": "2025_S",
                        "観測回数": 1,
                        "夜空の明るさ_平均": 18.54,
                        "ばらつき_平均": 0.08
                    },
                    {
                        "調査時期": "2024_W",
                        "観測回数": 1,
                        "夜空の明るさ_平均": 19.1,
                        "ばらつき_平均": 0.1
                    },
                    {
                        "調査時期": "2024_S",
                        "観測回数": 2,
                        "夜空の明るさ_平均": 19.37,
                        "ばらつき_平均": 0.12
                    },
                    {
                        "調査時期": "2023_W",
                        "観測回数": 3,
                        "夜空の明るさ_平均": 18.93,
                        "ばらつき_平均": 0.15
                    },
                    {
                        "調査時期": "2023_S",
                        "観測回数": 3,
                        "夜空の明るさ_平均": 19.17,
                        "ばらつき_平均": 0.11
                    },
                    {
                        "調査時期": "2022_W",
                        "観測回数": 2,
                        "夜空の明るさ_平均": 19.31,
                        "ばらつき_平均": 0.08
                    },
                    {
                        "調査時期": "2022_S",
                        "観測回数": 2,
                        "夜空の明るさ_平均": 19.41,
                        "ばらつき_平均": 0.07
                    },
                    {
                        "調査時期": "2021_W",
                        "観測回数": 5,
                        "夜空の明るさ_平均": 19.21,
                        "ばらつき_平均": 0.07
                    },
                    {
                        "調査時期": "2021_S",
                        "観測回数": 2,
                        "夜空の明るさ_平均": 19.21,
                        "ばらつき_平均": 0.14
                    },
                    {
                        "調査時期": "2020_W",
                        "観測回数": 2,
                        "夜空の明るさ_平均": 19.02,
                        "ばらつき_平均": 0.2
                    },
                    {
                        "調査時期": "2020_S",
                        "観測回数": 5,
                        "夜空の明るさ_平均": 19.45,
                        "ばらつき_平均": 0.14
                    },
                    {
                        "調査時期": "2019_S",
                        "観測回数": 2,
                        "夜空の明るさ_平均": 19.41,
                        "ばらつき_平均": 0.17
                    }
                ]
            }
        },
        {
            "type": "Feature",
            "geometry": {
                "type": "Point",
                "coordinates": [
                    140.9932089,
                    37.21561211
                ]
            },
            "properties": {
                "都道府県": null,
                "市区町村": null,
                "撮影場所": "双葉郡広野町",
                "時系列データ": [
                    {
                        "調査時期": "2026_W",
                        "観測回数": 3,
                        "夜空の明るさ_平均": 20.11,
                        "ばらつき_平均": 0.08
                    },
                    {
                        "調査時期": "2025_W",
                        "観測回数": 2,
                        "夜空の明るさ_平均": 19.81,
                        "ばらつき_平均": 0.08
                    },
                    {
                        "調査時期": "2025_S",
                        "観測回数": 3,
                        "夜空の明るさ_平均": 19.6,
                        "ばらつき_平均": 0.13
                    },
                    {
                        "調査時期": "2024_W",
                        "観測回数": 1,
                        "夜空の明るさ_平均": 20.27,
                        "ばらつき_平均": 0.09
                    },
                    {
                        "調査時期": "2024_S",
                        "観測回数": 3,
                        "夜空の明るさ_平均": 19.92,
                        "ばらつき_平均": 0.06
                    },
                    {
                        "調査時期": "2023_W",
                        "観測回数": 4,
                        "夜空の明るさ_平均": 19.67,
                        "ばらつき_平均": 0.1
                    },
                    {
                        "調査時期": "2023_S",
                        "観測回数": 1,
                        "夜空の明るさ_平均": 20.63,
                        "ばらつき_平均": 0.1
                    },
                    {
                        "調査時期": "2022_W",
                        "観測回数": 4,
                        "夜空の明るさ_平均": 19.88,
                        "ばらつき_平均": 0.08
                    },
                    {
                        "調査時期": "2022_S",
                        "観測回数": 1,
                        "夜空の明るさ_平均": 19.85,
                        "ばらつき_平均": 0.16
                    },
                    {
                        "調査時期": "2021_W",
                        "観測回数": 2,
                        "夜空の明るさ_平均": 20.18,
                        "ばらつき_平均": 0.07
                    },
                    {
                        "調査時期": "2021_S",
                        "観測回数": 2,
                        "夜空の明るさ_平均": 20.22,
                        "ばらつき_平均": 0.1
                    },
                    {
                        "調査時期": "2020_W",
                        "観測回数": 1,
                        "夜空の明るさ_平均": 19.52,
                        "ばらつき_平均": 0.11
                    },
                    {
                        "調査時期": "2019_S",
                        "観測回数": 1,
                        "夜空の明るさ_平均": 19.52,
                        "ばらつき_平均": 0.09
                    }
                ]
            }
        },
        {
            "type": "Feature",
            "geometry": {
                "type": "Point",
                "coordinates": [
                    140.9514195,
                    37.19193563
                ]
            },
            "properties": {
                "都道府県": null,
                "市区町村": null,
                "撮影場所": "SUZUKI天体観測所",
                "時系列データ": [
                    {
                        "調査時期": "2026_W",
                        "観測回数": 1,
                        "夜空の明るさ_平均": 20.24,
                        "ばらつき_平均": 0.07
                    },
                    {
                        "調査時期": "2025_W",
                        "観測回数": 1,
                        "夜空の明るさ_平均": 20.82,
                        "ばらつき_平均": 0.11
                    },
                    {
                        "調査時期": "2025_S",
                        "観測回数": 2,
                        "夜空の明るさ_平均": 19.79,
                        "ばらつき_平均": 0.14
                    },
                    {
                        "調査時期": "2024_W",
                        "観測回数": 1,
                        "夜空の明るさ_平均": 20.78,
                        "ばらつき_平均": 0.09
                    },
                    {
                        "調査時期": "2024_S",
                        "観測回数": 2,
                        "夜空の明るさ_平均": 20.7,
                        "ばらつき_平均": 0.1
                    },
                    {
                        "調査時期": "2023_W",
                        "観測回数": 2,
                        "夜空の明るさ_平均": 20.55,
                        "ばらつき_平均": 0.09
                    },
                    {
                        "調査時期": "2023_S",
                        "観測回数": 1,
                        "夜空の明るさ_平均": 21.06,
                        "ばらつき_平均": 0.13
                    },
                    {
                        "調査時期": "2022_W",
                        "観測回数": 1,
                        "夜空の明るさ_平均": 20.75,
                        "ばらつき_平均": 0.06
                    },
                    {
                        "調査時期": "2022_S",
                        "観測回数": 1,
                        "夜空の明るさ_平均": 20.84,
                        "ばらつき_平均": 0.11
                    },
                    {
                        "調査時期": "2021_W",
                        "観測回数": 4,
                        "夜空の明るさ_平均": 20.8,
                        "ばらつき_平均": 0.07
                    },
                    {
                        "調査時期": "2021_S",
                        "観測回数": 2,
                        "夜空の明るさ_平均": 20.56,
                        "ばらつき_平均": 0.13
                    },
                    {
                        "調査時期": "2020_W",
                        "観測回数": 1,
                        "夜空の明るさ_平均": 20.6,
                        "ばらつき_平均": 0.08
                    },
                    {
                        "調査時期": "2019_S",
                        "観測回数": 2,
                        "夜空の明るさ_平均": 20.59,
                        "ばらつき_平均": 0.17
                    }
                ]
            }
        },
        {
            "type": "Feature",
            "geometry": {
                "type": "Point",
                "coordinates": [
                    140.2288404,
                    37.04489097
                ]
            },
            "properties": {
                "都道府県": null,
                "市区町村": null,
                "撮影場所": "白河関の森公園駐車場",
                "時系列データ": [
                    {
                        "調査時期": "2026_W",
                        "観測回数": 1,
                        "夜空の明るさ_平均": 20.27,
                        "ばらつき_平均": 0.06
                    },
                    {
                        "調査時期": "2025_W",
                        "観測回数": 1,
                        "夜空の明るさ_平均": 19.04,
                        "ばらつき_平均": 0.17
                    },
                    {
                        "調査時期": "2025_S",
                        "観測回数": 1,
                        "夜空の明るさ_平均": 20.5,
                        "ばらつき_平均": 0.06
                    },
                    {
                        "調査時期": "2024_W",
                        "観測回数": 1,
                        "夜空の明るさ_平均": 20.65,
                        "ばらつき_平均": 0.06
                    },
                    {
                        "調査時期": "2024_S",
                        "観測回数": 1,
                        "夜空の明るさ_平均": 20.46,
                        "ばらつき_平均": 0.08
                    },
                    {
                        "調査時期": "2022_W",
                        "観測回数": 1,
                        "夜空の明るさ_平均": 20.65,
                        "ばらつき_平均": 0.07
                    },
                    {
                        "調査時期": "2022_S",
                        "観測回数": 1,
                        "夜空の明るさ_平均": 20.81,
                        "ばらつき_平均": 0.1
                    },
                    {
                        "調査時期": "2021_W",
                        "観測回数": 1,
                        "夜空の明るさ_平均": 19.85,
                        "ばらつき_平均": 0.06
                    },
                    {
                        "調査時期": "2021_S",
                        "観測回数": 1,
                        "夜空の明るさ_平均": 20.31,
                        "ばらつき_平均": 0.47
                    },
                    {
                        "調査時期": "2020_W",
                        "観測回数": 1,
                        "夜空の明るさ_平均": 20.04,
                        "ばらつき_平均": 0.09
                    },
                    {
                        "調査時期": "2020_S",
                        "観測回数": 1,
                        "夜空の明るさ_平均": 19.48,
                        "ばらつき_平均": 0.25
                    },
                    {
                        "調査時期": "2019_W",
                        "観測回数": 2,
                        "夜空の明るさ_平均": 20.46,
                        "ばらつき_平均": 0.1
                    },
                    {
                        "調査時期": "2019_S",
                        "観測回数": 1,
                        "夜空の明るさ_平均": 19.88,
                        "ばらつき_平均": 0.06
                    }
                ]
            }
        },
        {
            "type": "Feature",
            "geometry": {
                "type": "Point",
                "coordinates": [
                    140.4860321,
                    36.89107055
                ]
            },
            "properties": {
                "都道府県": null,
                "市区町村": null,
                "撮影場所": "白河関の森公園駐車場",
                "時系列データ": [
                    {
                        "調査時期": "2020_W",
                        "観測回数": 1,
                        "夜空の明るさ_平均": 20.07,
                        "ばらつき_平均": 0.08
                    },
                    {
                        "調査時期": "2019_S",
                        "観測回数": 1,
                        "夜空の明るさ_平均": 19.77,
                        "ばらつき_平均": 0.0
                    }
                ]
            }
        },
        {
            "type": "Feature",
            "geometry": {
                "type": "Point",
                "coordinates": [
                    140.117615,
                    36.08388167
                ]
            },
            "properties": {
                "都道府県": null,
                "市区町村": null,
                "撮影場所": "つくば市吾妻",
                "時系列データ": [
                    {
                        "調査時期": "2025_W",
                        "観測回数": 1,
                        "夜空の明るさ_平均": 17.36,
                        "ばらつき_平均": 0.09
                    },
                    {
                        "調査時期": "2024_S",
                        "観測回数": 1,
                        "夜空の明るさ_平均": 18.13,
                        "ばらつき_平均": 0.11
                    },
                    {
                        "調査時期": "2023_W",
                        "観測回数": 1,
                        "夜空の明るさ_平均": 17.63,
                        "ばらつき_平均": 0.13
                    },
                    {
                        "調査時期": "2019_S",
                        "観測回数": 1,
                        "夜空の明るさ_平均": 17.43,
                        "ばらつき_平均": 0.12
                    }
                ]
            }
        },
        {
            "type": "Feature",
            "geometry": {
                "type": "Point",
                "coordinates": [
                    140.1185083,
                    36.08358667
                ]
            },
            "properties": {
                "都道府県": null,
                "市区町村": null,
                "撮影場所": "つくば市吾妻",
                "時系列データ": [
                    {
                        "調査時期": "2019_S",
                        "観測回数": 2,
                        "夜空の明るさ_平均": 17.58,
                        "ばらつき_平均": 0.16
                    }
                ]
            }
        },
        {
            "type": "Feature",
            "geometry": {
                "type": "Point",
                "coordinates": [
                    139.60964,
                    36.35416667
                ]
            },
            "properties": {
                "都道府県": null,
                "市区町村": null,
                "撮影場所": "佐野市 梅林公園",
                "時系列データ": [
                    {
                        "調査時期": "2020_W",
                        "観測回数": 1,
                        "夜空の明るさ_平均": 18.44,
                        "ばらつき_平均": 0.11
                    },
                    {
                        "調査時期": "2019_S",
                        "観測回数": 1,
                        "夜空の明るさ_平均": 17.9,
                        "ばらつき_平均": 0.09
                    }
                ]
            }
        },
        {
            "type": "Feature",
            "geometry": {
                "type": "Point",
                "coordinates": [
                    139.4691283,
                    36.56442167
                ]
            },
            "properties": {
                "都道府県": null,
                "市区町村": null,
                "撮影場所": "作原自然環境保全地域",
                "時系列データ": [
                    {
                        "調査時期": "2026_W",
                        "観測回数": 5,
                        "夜空の明るさ_平均": 20.42,
                        "ばらつき_平均": 0.07
                    },
                    {
                        "調査時期": "2025_W",
                        "観測回数": 2,
                        "夜空の明るさ_平均": 20.29,
                        "ばらつき_平均": 0.08
                    },
                    {
                        "調査時期": "2025_S",
                        "観測回数": 1,
                        "夜空の明るさ_平均": 20.9,
                        "ばらつき_平均": 0.14
                    },
                    {
                        "調査時期": "2024_W",
                        "観測回数": 2,
                        "夜空の明るさ_平均": 20.57,
                        "ばらつき_平均": 0.1
                    },
                    {
                        "調査時期": "2024_S",
                        "観測回数": 2,
                        "夜空の明るさ_平均": 20.34,
                        "ばらつき_平均": 0.22
                    },
                    {
                        "調査時期": "2023_W",
                        "観測回数": 2,
                        "夜空の明るさ_平均": 20.4,
                        "ばらつき_平均": 0.1
                    },
                    {
                        "調査時期": "2022_W",
                        "観測回数": 2,
                        "夜空の明るさ_平均": 20.34,
                        "ばらつき_平均": 0.08
                    },
                    {
                        "調査時期": "2022_S",
                        "観測回数": 1,
                        "夜空の明るさ_平均": 20.78,
                        "ばらつき_平均": 0.03
                    },
                    {
                        "調査時期": "2021_W",
                        "観測回数": 2,
                        "夜空の明るさ_平均": 20.51,
                        "ばらつき_平均": 0.09
                    },
                    {
                        "調査時期": "2021_S",
                        "観測回数": 1,
                        "夜空の明るさ_平均": 21.35,
                        "ばらつき_平均": 0.14
                    },
                    {
                        "調査時期": "2020_W",
                        "観測回数": 2,
                        "夜空の明るさ_平均": 20.41,
                        "ばらつき_平均": 0.11
                    },
                    {
                        "調査時期": "2020_S",
                        "観測回数": 1,
                        "夜空の明るさ_平均": 20.71,
                        "ばらつき_平均": 0.08
                    },
                    {
                        "調査時期": "2019_W",
                        "観測回数": 1,
                        "夜空の明るさ_平均": 20.45,
                        "ばらつき_平均": 0.13
                    },
                    {
                        "調査時期": "2019_S",
                        "観測回数": 1,
                        "夜空の明るさ_平均": 18.39,
                        "ばらつき_平均": 0.1
                    }
                ]
            }
        },
        {
            "type": "Feature",
            "geometry": {
                "type": "Point",
                "coordinates": [
                    139.3388057,
                    35.92132735
                ]
            },
            "properties": {
                "都道府県": null,
                "市区町村": null,
                "撮影場所": "坂戸市内",
                "時系列データ": [
                    {
                        "調査時期": "2020_W",
                        "観測回数": 1,
                        "夜空の明るさ_平均": 18.26,
                        "ばらつき_平均": 0.08
                    },
                    {
                        "調査時期": "2020_S",
                        "観測回数": 1,
                        "夜空の明るさ_平均": 18.3,
                        "ばらつき_平均": 0.09
                    },
                    {
                        "調査時期": "2019_W",
                        "観測回数": 1,
                        "夜空の明るさ_平均": 18.53,
                        "ばらつき_平均": 0.09
                    },
                    {
                        "調査時期": "2019_S",
                        "観測回数": 1,
                        "夜空の明るさ_平均": 18.16,
                        "ばらつき_平均": 0.15
                    }
                ]
            }
        },
        {
            "type": "Feature",
            "geometry": {
                "type": "Point",
                "coordinates": [
                    139.8018649,
                    35.81447671
                ]
            },
            "properties": {
                "都道府県": null,
                "市区町村": null,
                "撮影場所": "東武スカイツリーライン谷塚駅前",
                "時系列データ": [
                    {
                        "調査時期": "2019_W",
                        "観測回数": 1,
                        "夜空の明るさ_平均": 17.34,
                        "ばらつき_平均": 0.18
                    },
                    {
                        "調査時期": "2019_S",
                        "観測回数": 1,
                        "夜空の明るさ_平均": 16.27,
                        "ばらつき_平均": 0.17
                    }
                ]
            }
        },
        {
            "type": "Feature",
            "geometry": {
                "type": "Point",
                "coordinates": [
                    139.6863217,
                    35.94437644
                ]
            },
            "properties": {
                "都道府県": null,
                "市区町村": null,
                "撮影場所": "さいたま市岩槻区加倉",
                "時系列データ": [
                    {
                        "調査時期": "2021_W",
                        "観測回数": 1,
                        "夜空の明るさ_平均": 17.59,
                        "ばらつき_平均": 0.13
                    },
                    {
                        "調査時期": "2019_S",
                        "観測回数": 1,
                        "夜空の明るさ_平均": 16.21,
                        "ばらつき_平均": 1.17
                    }
                ]
            }
        },
        {
            "type": "Feature",
            "geometry": {
                "type": "Point",
                "coordinates": [
                    140.0124425,
                    35.68941331
                ]
            },
            "properties": {
                "都道府県": null,
                "市区町村": null,
                "撮影場所": "谷津奏の杜公園",
                "時系列データ": [
                    {
                        "調査時期": "2024_S",
                        "観測回数": 1,
                        "夜空の明るさ_平均": 15.14,
                        "ばらつき_平均": 0.19
                    },
                    {
                        "調査時期": "2020_S",
                        "観測回数": 1,
                        "夜空の明るさ_平均": 17.21,
                        "ばらつき_平均": 0.17
                    },
                    {
                        "調査時期": "2019_W",
                        "観測回数": 1,
                        "夜空の明るさ_平均": 17.18,
                        "ばらつき_平均": 0.13
                    },
                    {
                        "調査時期": "2019_S",
                        "観測回数": 1,
                        "夜空の明るさ_平均": 17.17,
                        "ばらつき_平均": 0.16
                    }
                ]
            }
        },
        {
            "type": "Feature",
            "geometry": {
                "type": "Point",
                "coordinates": [
                    140.31199,
                    35.25614167
                ]
            },
            "properties": {
                "都道府県": null,
                "市区町村": null,
                "撮影場所": "いすみ市運動公園",
                "時系列データ": [
                    {
                        "調査時期": "2019_S",
                        "観測回数": 1,
                        "夜空の明るさ_平均": 20.42,
                        "ばらつき_平均": 0.11
                    }
                ]
            }
        },
        {
            "type": "Feature",
            "geometry": {
                "type": "Point",
                "coordinates": [
                    140.3499283,
                    35.49878929
                ]
            },
            "properties": {
                "都道府県": null,
                "市区町村": null,
                "撮影場所": "大網白里市北飯塚",
                "時系列データ": [
                    {
                        "調査時期": "2020_W",
                        "観測回数": 1,
                        "夜空の明るさ_平均": 19.01,
                        "ばらつき_平均": 0.5
                    },
                    {
                        "調査時期": "2019_S",
                        "観測回数": 2,
                        "夜空の明るさ_平均": 19.32,
                        "ばらつき_平均": 0.24
                    }
                ]
            }
        },
        {
            "type": "Feature",
            "geometry": {
                "type": "Point",
                "coordinates": [
                    139.9045114,
                    35.77970403
                ]
            },
            "properties": {
                "都道府県": null,
                "市区町村": null,
                "撮影場所": "松戸市内",
                "時系列データ": [
                    {
                        "調査時期": "2020_W",
                        "観測回数": 2,
                        "夜空の明るさ_平均": 17.24,
                        "ばらつき_平均": 0.54
                    },
                    {
                        "調査時期": "2019_S",
                        "観測回数": 1,
                        "夜空の明るさ_平均": 16.62,
                        "ばらつき_平均": 0.12
                    }
                ]
            }
        },
        {
            "type": "Feature",
            "geometry": {
                "type": "Point",
                "coordinates": [
                    139.9908721,
                    35.77824
                ]
            },
            "properties": {
                "都道府県": null,
                "市区町村": null,
                "撮影場所": "鎌ケ谷市内",
                "時系列データ": [
                    {
                        "調査時期": "2023_S",
                        "観測回数": 1,
                        "夜空の明るさ_平均": 18.03,
                        "ばらつき_平均": 0.04
                    },
                    {
                        "調査時期": "2022_W",
                        "観測回数": 1,
                        "夜空の明るさ_平均": 17.41,
                        "ばらつき_平均": 0.04
                    },
                    {
                        "調査時期": "2022_S",
                        "観測回数": 1,
                        "夜空の明るさ_平均": 17.67,
                        "ばらつき_平均": 0.02
                    },
                    {
                        "調査時期": "2021_W",
                        "観測回数": 1,
                        "夜空の明るさ_平均": 17.55,
                        "ばらつき_平均": 0.05
                    },
                    {
                        "調査時期": "2021_S",
                        "観測回数": 1,
                        "夜空の明るさ_平均": 17.98,
                        "ばらつき_平均": 0.03
                    },
                    {
                        "調査時期": "2019_W",
                        "観測回数": 1,
                        "夜空の明るさ_平均": 17.49,
                        "ばらつき_平均": 0.08
                    },
                    {
                        "調査時期": "2019_S",
                        "観測回数": 1,
                        "夜空の明るさ_平均": 17.4,
                        "ばらつき_平均": 0.07
                    }
                ]
            }
        },
        {
            "type": "Feature",
            "geometry": {
                "type": "Point",
                "coordinates": [
                    139.1376078,
                    34.23976175
                ]
            },
            "properties": {
                "都道府県": null,
                "市区町村": null,
                "撮影場所": "神津島村 赤崎遊歩道",
                "時系列データ": [
                    {
                        "調査時期": "2026_W",
                        "観測回数": 1,
                        "夜空の明るさ_平均": 21.35,
                        "ばらつき_平均": 0.17
                    },
                    {
                        "調査時期": "2020_W",
                        "観測回数": 1,
                        "夜空の明るさ_平均": 21.58,
                        "ばらつき_平均": 0.23
                    },
                    {
                        "調査時期": "2019_S",
                        "観測回数": 1,
                        "夜空の明るさ_平均": 21.91,
                        "ばらつき_平均": 0.53
                    }
                ]
            }
        },
        {
            "type": "Feature",
            "geometry": {
                "type": "Point",
                "coordinates": [
                    139.0435186,
                    35.78983396
                ]
            },
            "properties": {
                "都道府県": null,
                "市区町村": null,
                "撮影場所": "西多摩郡奥多摩町 奥多摩湖大麦代園地駐車場",
                "時系列データ": [
                    {
                        "調査時期": "2019_S",
                        "観測回数": 1,
                        "夜空の明るさ_平均": 20.03,
                        "ばらつき_平均": 0.1
                    }
                ]
            }
        },
        {
            "type": "Feature",
            "geometry": {
                "type": "Point",
                "coordinates": [
                    139.6711287,
                    35.704662
                ]
            },
            "properties": {
                "都道府県": null,
                "市区町村": null,
                "撮影場所": "なかのZERO",
                "時系列データ": [
                    {
                        "調査時期": "2020_W",
                        "観測回数": 1,
                        "夜空の明るさ_平均": 16.45,
                        "ばらつき_平均": 0.11
                    },
                    {
                        "調査時期": "2019_S",
                        "観測回数": 1,
                        "夜空の明るさ_平均": 16.27,
                        "ばらつき_平均": 0.37
                    }
                ]
            }
        },
        {
            "type": "Feature",
            "geometry": {
                "type": "Point",
                "coordinates": [
                    139.5168266,
                    35.71633113
                ]
            },
            "properties": {
                "都道府県": null,
                "市区町村": null,
                "撮影場所": "都立小金井公園　いこいの広場",
                "時系列データ": [
                    {
                        "調査時期": "2026_W",
                        "観測回数": 1,
                        "夜空の明るさ_平均": 17.26,
                        "ばらつき_平均": 0.12
                    },
                    {
                        "調査時期": "2025_W",
                        "観測回数": 1,
                        "夜空の明るさ_平均": 17.29,
                        "ばらつき_平均": 0.06
                    },
                    {
                        "調査時期": "2024_W",
                        "観測回数": 1,
                        "夜空の明るさ_平均": 17.46,
                        "ばらつき_平均": 0.06
                    },
                    {
                        "調査時期": "2024_S",
                        "観測回数": 1,
                        "夜空の明るさ_平均": 16.66,
                        "ばらつき_平均": 0.1
                    },
                    {
                        "調査時期": "2023_W",
                        "観測回数": 1,
                        "夜空の明るさ_平均": 17.18,
                        "ばらつき_平均": 0.08
                    },
                    {
                        "調査時期": "2022_W",
                        "観測回数": 1,
                        "夜空の明るさ_平均": 17.2,
                        "ばらつき_平均": 0.08
                    },
                    {
                        "調査時期": "2022_S",
                        "観測回数": 1,
                        "夜空の明るさ_平均": 17.53,
                        "ばらつき_平均": 0.13
                    },
                    {
                        "調査時期": "2021_W",
                        "観測回数": 1,
                        "夜空の明るさ_平均": 17.49,
                        "ばらつき_平均": 0.18
                    },
                    {
                        "調査時期": "2021_S",
                        "観測回数": 1,
                        "夜空の明るさ_平均": 17.35,
                        "ばらつき_平均": 0.08
                    },
                    {
                        "調査時期": "2020_W",
                        "観測回数": 1,
                        "夜空の明るさ_平均": 17.41,
                        "ばらつき_平均": 0.09
                    },
                    {
                        "調査時期": "2019_W",
                        "観測回数": 1,
                        "夜空の明るさ_平均": 17.44,
                        "ばらつき_平均": 0.12
                    },
                    {
                        "調査時期": "2019_S",
                        "観測回数": 1,
                        "夜空の明るさ_平均": 17.14,
                        "ばらつき_平均": 0.17
                    }
                ]
            }
        },
        {
            "type": "Feature",
            "geometry": {
                "type": "Point",
                "coordinates": [
                    139.300839,
                    35.7719954
                ]
            },
            "properties": {
                "都道府県": null,
                "市区町村": null,
                "撮影場所": "羽村市",
                "時系列データ": [
                    {
                        "調査時期": "2026_W",
                        "観測回数": 1,
                        "夜空の明るさ_平均": 18.23,
                        "ばらつき_平均": 0.07
                    },
                    {
                        "調査時期": "2025_W",
                        "観測回数": 1,
                        "夜空の明るさ_平均": 18.08,
                        "ばらつき_平均": 0.09
                    },
                    {
                        "調査時期": "2025_S",
                        "観測回数": 1,
                        "夜空の明るさ_平均": 17.23,
                        "ばらつき_平均": 0.15
                    },
                    {
                        "調査時期": "2024_W",
                        "観測回数": 1,
                        "夜空の明るさ_平均": 17.92,
                        "ばらつき_平均": 0.09
                    },
                    {
                        "調査時期": "2024_S",
                        "観測回数": 1,
                        "夜空の明るさ_平均": 17.89,
                        "ばらつき_平均": 0.11
                    },
                    {
                        "調査時期": "2023_W",
                        "観測回数": 1,
                        "夜空の明るさ_平均": 18.08,
                        "ばらつき_平均": 0.09
                    },
                    {
                        "調査時期": "2023_S",
                        "観測回数": 1,
                        "夜空の明るさ_平均": 18.32,
                        "ばらつき_平均": 0.1
                    },
                    {
                        "調査時期": "2022_W",
                        "観測回数": 1,
                        "夜空の明るさ_平均": 18.2,
                        "ばらつき_平均": 0.06
                    },
                    {
                        "調査時期": "2021_W",
                        "観測回数": 1,
                        "夜空の明るさ_平均": 18.12,
                        "ばらつき_平均": 0.09
                    },
                    {
                        "調査時期": "2021_S",
                        "観測回数": 1,
                        "夜空の明るさ_平均": 17.85,
                        "ばらつき_平均": 0.08
                    },
                    {
                        "調査時期": "2020_W",
                        "観測回数": 1,
                        "夜空の明るさ_平均": 17.93,
                        "ばらつき_平均": 0.08
                    },
                    {
                        "調査時期": "2020_S",
                        "観測回数": 1,
                        "夜空の明るさ_平均": 18.4,
                        "ばらつき_平均": 0.11
                    },
                    {
                        "調査時期": "2019_W",
                        "観測回数": 1,
                        "夜空の明るさ_平均": 18.1,
                        "ばらつき_平均": 0.15
                    },
                    {
                        "調査時期": "2019_S",
                        "観測回数": 1,
                        "夜空の明るさ_平均": 15.07,
                        "ばらつき_平均": 0.0
                    }
                ]
            }
        },
        {
            "type": "Feature",
            "geometry": {
                "type": "Point",
                "coordinates": [
                    139.3206096,
                    35.36898724
                ]
            },
            "properties": {
                "都道府県": null,
                "市区町村": null,
                "撮影場所": "平塚市岡崎",
                "時系列データ": [
                    {
                        "調査時期": "2026_W",
                        "観測回数": 1,
                        "夜空の明るさ_平均": 18.26,
                        "ばらつき_平均": 0.06
                    },
                    {
                        "調査時期": "2025_W",
                        "観測回数": 1,
                        "夜空の明るさ_平均": 18.43,
                        "ばらつき_平均": 0.06
                    },
                    {
                        "調査時期": "2025_S",
                        "観測回数": 1,
                        "夜空の明るさ_平均": 18.32,
                        "ばらつき_平均": 0.08
                    },
                    {
                        "調査時期": "2024_W",
                        "観測回数": 1,
                        "夜空の明るさ_平均": 18.44,
                        "ばらつき_平均": 0.08
                    },
                    {
                        "調査時期": "2023_W",
                        "観測回数": 1,
                        "夜空の明るさ_平均": 18.3,
                        "ばらつき_平均": 0.07
                    },
                    {
                        "調査時期": "2023_S",
                        "観測回数": 1,
                        "夜空の明るさ_平均": 18.76,
                        "ばらつき_平均": 0.06
                    },
                    {
                        "調査時期": "2022_W",
                        "観測回数": 1,
                        "夜空の明るさ_平均": 18.48,
                        "ばらつき_平均": 0.07
                    },
                    {
                        "調査時期": "2022_S",
                        "観測回数": 1,
                        "夜空の明るさ_平均": 18.65,
                        "ばらつき_平均": 0.13
                    },
                    {
                        "調査時期": "2021_W",
                        "観測回数": 1,
                        "夜空の明るさ_平均": 18.58,
                        "ばらつき_平均": 0.08
                    },
                    {
                        "調査時期": "2020_S",
                        "観測回数": 1,
                        "夜空の明るさ_平均": 18.72,
                        "ばらつき_平均": 0.07
                    },
                    {
                        "調査時期": "2019_W",
                        "観測回数": 1,
                        "夜空の明るさ_平均": 18.63,
                        "ばらつき_平均": 0.08
                    },
                    {
                        "調査時期": "2019_S",
                        "観測回数": 1,
                        "夜空の明るさ_平均": 18.47,
                        "ばらつき_平均": 0.09
                    }
                ]
            }
        },
        {
            "type": "Feature",
            "geometry": {
                "type": "Point",
                "coordinates": [
                    139.2165479,
                    35.47366872
                ]
            },
            "properties": {
                "都道府県": null,
                "市区町村": null,
                "撮影場所": null,
                "時系列データ": [
                    {
                        "調査時期": "2019_S",
                        "観測回数": 1,
                        "夜空の明るさ_平均": 19.89,
                        "ばらつき_平均": 0.12
                    }
                ]
            }
        },
        {
            "type": "Feature",
            "geometry": {
                "type": "Point",
                "coordinates": [
                    139.3741304,
                    35.53829056
                ]
            },
            "properties": {
                "都道府県": null,
                "市区町村": null,
                "撮影場所": null,
                "時系列データ": [
                    {
                        "調査時期": "2026_W",
                        "観測回数": 1,
                        "夜空の明るさ_平均": 17.85,
                        "ばらつき_平均": 0.11
                    },
                    {
                        "調査時期": "2025_W",
                        "観測回数": 1,
                        "夜空の明るさ_平均": 17.99,
                        "ばらつき_平均": 0.1
                    },
                    {
                        "調査時期": "2024_W",
                        "観測回数": 1,
                        "夜空の明るさ_平均": 17.79,
                        "ばらつき_平均": 0.09
                    },
                    {
                        "調査時期": "2022_S",
                        "観測回数": 1,
                        "夜空の明るさ_平均": 18.02,
                        "ばらつき_平均": 0.03
                    },
                    {
                        "調査時期": "2021_W",
                        "観測回数": 1,
                        "夜空の明るさ_平均": 17.99,
                        "ばらつき_平均": 0.1
                    },
                    {
                        "調査時期": "2020_W",
                        "観測回数": 1,
                        "夜空の明るさ_平均": 17.69,
                        "ばらつき_平均": 0.08
                    },
                    {
                        "調査時期": "2020_S",
                        "観測回数": 1,
                        "夜空の明るさ_平均": 17.99,
                        "ばらつき_平均": 0.08
                    },
                    {
                        "調査時期": "2019_W",
                        "観測回数": 1,
                        "夜空の明るさ_平均": 17.99,
                        "ばらつき_平均": 0.1
                    }
                ]
            }
        },
        {
            "type": "Feature",
            "geometry": {
                "type": "Point",
                "coordinates": [
                    139.3933913,
                    35.55935761
                ]
            },
            "properties": {
                "都道府県": null,
                "市区町村": null,
                "撮影場所": "相模原市立博物館観測テラス",
                "時系列データ": [
                    {
                        "調査時期": "2019_W",
                        "観測回数": 1,
                        "夜空の明るさ_平均": 17.31,
                        "ばらつき_平均": 0.07
                    }
                ]
            }
        },
        {
            "type": "Feature",
            "geometry": {
                "type": "Point",
                "coordinates": [
                    138.4199935,
                    38.06780812
                ]
            },
            "properties": {
                "都道府県": null,
                "市区町村": null,
                "撮影場所": "佐渡市秋津",
                "時系列データ": [
                    {
                        "調査時期": "2020_W",
                        "観測回数": 1,
                        "夜空の明るさ_平均": 21.2,
                        "ばらつき_平均": 0.15
                    }
                ]
            }
        },
        {
            "type": "Feature",
            "geometry": {
                "type": "Point",
                "coordinates": [
                    138.4201142,
                    38.06047609
                ]
            },
            "properties": {
                "都道府県": null,
                "市区町村": null,
                "撮影場所": "佐渡市秋津",
                "時系列データ": [
                    {
                        "調査時期": "2019_S",
                        "観測回数": 1,
                        "夜空の明るさ_平均": 21.49,
                        "ばらつき_平均": 0.23
                    }
                ]
            }
        },
        {
            "type": "Feature",
            "geometry": {
                "type": "Point",
                "coordinates": [
                    138.697578,
                    37.25717665
                ]
            },
            "properties": {
                "都道府県": null,
                "市区町村": null,
                "撮影場所": "長岡市小国町原　県道341号沿",
                "時系列データ": [
                    {
                        "調査時期": "2019_S",
                        "観測回数": 1,
                        "夜空の明るさ_平均": 20.84,
                        "ばらつき_平均": 0.09
                    }
                ]
            }
        },
        {
            "type": "Feature",
            "geometry": {
                "type": "Point",
                "coordinates": [
                    138.7109354,
                    37.30939381
                ]
            },
            "properties": {
                "都道府県": null,
                "市区町村": null,
                "撮影場所": "長岡市小国町法坂 せせらぎ公園",
                "時系列データ": [
                    {
                        "調査時期": "2020_S",
                        "観測回数": 1,
                        "夜空の明るさ_平均": 20.89,
                        "ばらつき_平均": 0.11
                    },
                    {
                        "調査時期": "2019_W",
                        "観測回数": 1,
                        "夜空の明るさ_平均": 19.51,
                        "ばらつき_平均": 0.12
                    },
                    {
                        "調査時期": "2019_S",
                        "観測回数": 1,
                        "夜空の明るさ_平均": 20.77,
                        "ばらつき_平均": 0.07
                    }
                ]
            }
        },
        {
            "type": "Feature",
            "geometry": {
                "type": "Point",
                "coordinates": [
                    138.4185639,
                    38.06079287
                ]
            },
            "properties": {
                "都道府県": null,
                "市区町村": null,
                "撮影場所": "佐渡市秋津",
                "時系列データ": [
                    {
                        "調査時期": "2020_W",
                        "観測回数": 1,
                        "夜空の明るさ_平均": 20.88,
                        "ばらつき_平均": 0.09
                    },
                    {
                        "調査時期": "2019_S",
                        "観測回数": 1,
                        "夜空の明るさ_平均": 20.94,
                        "ばらつき_平均": 0.14
                    }
                ]
            }
        },
        {
            "type": "Feature",
            "geometry": {
                "type": "Point",
                "coordinates": [
                    136.2949126,
                    36.00000823
                ]
            },
            "properties": {
                "都道府県": null,
                "市区町村": null,
                "撮影場所": "一乗谷朝倉氏遺跡",
                "時系列データ": [
                    {
                        "調査時期": "2020_S",
                        "観測回数": 1,
                        "夜空の明るさ_平均": 20.55,
                        "ばらつき_平均": 0.05
                    },
                    {
                        "調査時期": "2019_W",
                        "観測回数": 1,
                        "夜空の明るさ_平均": 20.18,
                        "ばらつき_平均": 0.14
                    }
                ]
            }
        },
        {
            "type": "Feature",
            "geometry": {
                "type": "Point",
                "coordinates": [
                    136.6334546,
                    36.07345292
                ]
            },
            "properties": {
                "都道府県": null,
                "市区町村": null,
                "撮影場所": "勝山市北谷町小原集落",
                "時系列データ": [
                    {
                        "調査時期": "2019_S",
                        "観測回数": 1,
                        "夜空の明るさ_平均": 21.49,
                        "ばらつき_平均": 0.45
                    }
                ]
            }
        },
        {
            "type": "Feature",
            "geometry": {
                "type": "Point",
                "coordinates": [
                    136.5819875,
                    36.02086323
                ]
            },
            "properties": {
                "都道府県": null,
                "市区町村": null,
                "撮影場所": "福井県自然保護センター観察棟",
                "時系列データ": [
                    {
                        "調査時期": "2026_W",
                        "観測回数": 2,
                        "夜空の明るさ_平均": 20.63,
                        "ばらつき_平均": 0.2
                    },
                    {
                        "調査時期": "2025_S",
                        "観測回数": 2,
                        "夜空の明るさ_平均": 20.87,
                        "ばらつき_平均": 0.1
                    },
                    {
                        "調査時期": "2024_W",
                        "観測回数": 6,
                        "夜空の明るさ_平均": 20.84,
                        "ばらつき_平均": 0.07
                    },
                    {
                        "調査時期": "2024_S",
                        "観測回数": 5,
                        "夜空の明るさ_平均": 20.67,
                        "ばらつき_平均": 0.13
                    },
                    {
                        "調査時期": "2023_W",
                        "観測回数": 14,
                        "夜空の明るさ_平均": 20.7,
                        "ばらつき_平均": 0.08
                    },
                    {
                        "調査時期": "2023_S",
                        "観測回数": 8,
                        "夜空の明るさ_平均": 21.0,
                        "ばらつき_平均": 0.11
                    },
                    {
                        "調査時期": "2022_W",
                        "観測回数": 9,
                        "夜空の明るさ_平均": 20.72,
                        "ばらつき_平均": 0.09
                    },
                    {
                        "調査時期": "2022_S",
                        "観測回数": 5,
                        "夜空の明るさ_平均": 20.63,
                        "ばらつき_平均": 0.11
                    },
                    {
                        "調査時期": "2021_W",
                        "観測回数": 8,
                        "夜空の明るさ_平均": 20.49,
                        "ばらつき_平均": 0.1
                    },
                    {
                        "調査時期": "2021_S",
                        "観測回数": 9,
                        "夜空の明るさ_平均": 21.12,
                        "ばらつき_平均": 0.13
                    },
                    {
                        "調査時期": "2020_W",
                        "観測回数": 3,
                        "夜空の明るさ_平均": 21.18,
                        "ばらつき_平均": 0.11
                    },
                    {
                        "調査時期": "2020_S",
                        "観測回数": 14,
                        "夜空の明るさ_平均": 21.05,
                        "ばらつき_平均": 0.14
                    },
                    {
                        "調査時期": "2019_W",
                        "観測回数": 2,
                        "夜空の明るさ_平均": 20.34,
                        "ばらつき_平均": 0.12
                    },
                    {
                        "調査時期": "2019_S",
                        "観測回数": 2,
                        "夜空の明るさ_平均": 20.48,
                        "ばらつき_平均": 0.17
                    }
                ]
            }
        },
        {
            "type": "Feature",
            "geometry": {
                "type": "Point",
                "coordinates": [
                    135.6387241,
                    35.40591682
                ]
            },
            "properties": {
                "都道府県": null,
                "市区町村": null,
                "撮影場所": "大飯郡おおい町名田庄中",
                "時系列データ": [
                    {
                        "調査時期": "2026_W",
                        "観測回数": 1,
                        "夜空の明るさ_平均": 20.81,
                        "ばらつき_平均": 0.33
                    },
                    {
                        "調査時期": "2024_S",
                        "観測回数": 1,
                        "夜空の明るさ_平均": 21.39,
                        "ばらつき_平均": 0.25
                    },
                    {
                        "調査時期": "2021_S",
                        "観測回数": 1,
                        "夜空の明るさ_平均": 20.95,
                        "ばらつき_平均": 0.15
                    },
                    {
                        "調査時期": "2019_S",
                        "観測回数": 1,
                        "夜空の明るさ_平均": 21.25,
                        "ばらつき_平均": 0.57
                    }
                ]
            }
        },
        {
            "type": "Feature",
            "geometry": {
                "type": "Point",
                "coordinates": [
                    135.6820192,
                    35.41382342
                ]
            },
            "properties": {
                "都道府県": null,
                "市区町村": null,
                "撮影場所": "大飯郡おおい町名田庄三重",
                "時系列データ": [
                    {
                        "調査時期": "2026_W",
                        "観測回数": 3,
                        "夜空の明るさ_平均": 20.54,
                        "ばらつき_平均": 0.14
                    },
                    {
                        "調査時期": "2025_W",
                        "観測回数": 1,
                        "夜空の明るさ_平均": 20.88,
                        "ばらつき_平均": 0.13
                    },
                    {
                        "調査時期": "2024_W",
                        "観測回数": 1,
                        "夜空の明るさ_平均": 20.79,
                        "ばらつき_平均": 0.09
                    },
                    {
                        "調査時期": "2024_S",
                        "観測回数": 1,
                        "夜空の明るさ_平均": 20.37,
                        "ばらつき_平均": 0.11
                    },
                    {
                        "調査時期": "2023_W",
                        "観測回数": 1,
                        "夜空の明るさ_平均": 20.58,
                        "ばらつき_平均": 0.1
                    },
                    {
                        "調査時期": "2023_S",
                        "観測回数": 1,
                        "夜空の明るさ_平均": 21.0,
                        "ばらつき_平均": 0.21
                    },
                    {
                        "調査時期": "2021_W",
                        "観測回数": 1,
                        "夜空の明るさ_平均": 20.77,
                        "ばらつき_平均": 0.09
                    },
                    {
                        "調査時期": "2019_W",
                        "観測回数": 1,
                        "夜空の明るさ_平均": 20.87,
                        "ばらつき_平均": 0.14
                    }
                ]
            }
        },
        {
            "type": "Feature",
            "geometry": {
                "type": "Point",
                "coordinates": [
                    138.7673879,
                    35.45678634
                ]
            },
            "properties": {
                "都道府県": null,
                "市区町村": null,
                "撮影場所": "富士北麓公園駐車場",
                "時系列データ": [
                    {
                        "調査時期": "2026_W",
                        "観測回数": 1,
                        "夜空の明るさ_平均": 18.97,
                        "ばらつき_平均": 0.14
                    },
                    {
                        "調査時期": "2025_S",
                        "観測回数": 1,
                        "夜空の明るさ_平均": 18.91,
                        "ばらつき_平均": 0.1
                    },
                    {
                        "調査時期": "2024_W",
                        "観測回数": 1,
                        "夜空の明るさ_平均": 19.83,
                        "ばらつき_平均": 0.11
                    },
                    {
                        "調査時期": "2024_S",
                        "観測回数": 1,
                        "夜空の明るさ_平均": 19.18,
                        "ばらつき_平均": 0.12
                    },
                    {
                        "調査時期": "2023_W",
                        "観測回数": 1,
                        "夜空の明るさ_平均": 19.78,
                        "ばらつき_平均": 0.07
                    },
                    {
                        "調査時期": "2023_S",
                        "観測回数": 1,
                        "夜空の明るさ_平均": 19.29,
                        "ばらつき_平均": 0.11
                    },
                    {
                        "調査時期": "2022_W",
                        "観測回数": 1,
                        "夜空の明るさ_平均": 19.88,
                        "ばらつき_平均": 0.08
                    },
                    {
                        "調査時期": "2021_W",
                        "観測回数": 1,
                        "夜空の明るさ_平均": 20.08,
                        "ばらつき_平均": 0.12
                    },
                    {
                        "調査時期": "2021_S",
                        "観測回数": 2,
                        "夜空の明るさ_平均": 19.52,
                        "ばらつき_平均": 0.11
                    },
                    {
                        "調査時期": "2020_W",
                        "観測回数": 1,
                        "夜空の明るさ_平均": 19.14,
                        "ばらつき_平均": 0.21
                    },
                    {
                        "調査時期": "2020_S",
                        "観測回数": 1,
                        "夜空の明るさ_平均": 20.08,
                        "ばらつき_平均": 0.08
                    },
                    {
                        "調査時期": "2019_W",
                        "観測回数": 1,
                        "夜空の明るさ_平均": 20.18,
                        "ばらつき_平均": 0.11
                    },
                    {
                        "調査時期": "2019_S",
                        "観測回数": 1,
                        "夜空の明るさ_平均": 19.84,
                        "ばらつき_平均": 0.12
                    }
                ]
            }
        },
        {
            "type": "Feature",
            "geometry": {
                "type": "Point",
                "coordinates": [
                    138.8044345,
                    35.45614401
                ]
            },
            "properties": {
                "都道府県": null,
                "市区町村": null,
                "撮影場所": "富士散策公園",
                "時系列データ": [
                    {
                        "調査時期": "2026_W",
                        "観測回数": 1,
                        "夜空の明るさ_平均": 18.84,
                        "ばらつき_平均": 0.37
                    },
                    {
                        "調査時期": "2025_S",
                        "観測回数": 1,
                        "夜空の明るさ_平均": 18.85,
                        "ばらつき_平均": 0.21
                    },
                    {
                        "調査時期": "2024_W",
                        "観測回数": 1,
                        "夜空の明るさ_平均": 19.57,
                        "ばらつき_平均": 0.1
                    },
                    {
                        "調査時期": "2024_S",
                        "観測回数": 1,
                        "夜空の明るさ_平均": 18.88,
                        "ばらつき_平均": 0.19
                    },
                    {
                        "調査時期": "2023_W",
                        "観測回数": 1,
                        "夜空の明るさ_平均": 19.54,
                        "ばらつき_平均": 0.1
                    },
                    {
                        "調査時期": "2023_S",
                        "観測回数": 1,
                        "夜空の明るさ_平均": 19.03,
                        "ばらつき_平均": 0.15
                    },
                    {
                        "調査時期": "2022_W",
                        "観測回数": 1,
                        "夜空の明るさ_平均": 19.48,
                        "ばらつき_平均": 0.09
                    },
                    {
                        "調査時期": "2022_S",
                        "観測回数": 1,
                        "夜空の明るさ_平均": 19.47,
                        "ばらつき_平均": 0.08
                    },
                    {
                        "調査時期": "2021_W",
                        "観測回数": 1,
                        "夜空の明るさ_平均": 19.62,
                        "ばらつき_平均": 0.09
                    },
                    {
                        "調査時期": "2021_S",
                        "観測回数": 1,
                        "夜空の明るさ_平均": 19.16,
                        "ばらつき_平均": 0.11
                    },
                    {
                        "調査時期": "2020_W",
                        "観測回数": 1,
                        "夜空の明るさ_平均": 19.34,
                        "ばらつき_平均": 0.7
                    },
                    {
                        "調査時期": "2020_S",
                        "観測回数": 1,
                        "夜空の明るさ_平均": 19.23,
                        "ばらつき_平均": 0.13
                    },
                    {
                        "調査時期": "2019_W",
                        "観測回数": 1,
                        "夜空の明るさ_平均": 19.67,
                        "ばらつき_平均": 0.09
                    },
                    {
                        "調査時期": "2019_S",
                        "観測回数": 1,
                        "夜空の明るさ_平均": 19.77,
                        "ばらつき_平均": 0.15
                    }
                ]
            }
        },
        {
            "type": "Feature",
            "geometry": {
                "type": "Point",
                "coordinates": [
                    138.8181728,
                    35.48473821
                ]
            },
            "properties": {
                "都道府県": null,
                "市区町村": null,
                "撮影場所": "富士吉田市大明見地内",
                "時系列データ": [
                    {
                        "調査時期": "2023_S",
                        "観測回数": 1,
                        "夜空の明るさ_平均": 19.08,
                        "ばらつき_平均": 0.14
                    },
                    {
                        "調査時期": "2020_W",
                        "観測回数": 1,
                        "夜空の明るさ_平均": 19.24,
                        "ばらつき_平均": 0.11
                    },
                    {
                        "調査時期": "2020_S",
                        "観測回数": 1,
                        "夜空の明るさ_平均": 19.2,
                        "ばらつき_平均": 0.12
                    },
                    {
                        "調査時期": "2019_W",
                        "観測回数": 1,
                        "夜空の明るさ_平均": 19.57,
                        "ばらつき_平均": 0.1
                    },
                    {
                        "調査時期": "2019_S",
                        "観測回数": 1,
                        "夜空の明るさ_平均": 19.53,
                        "ばらつき_平均": 0.21
                    }
                ]
            }
        },
        {
            "type": "Feature",
            "geometry": {
                "type": "Point",
                "coordinates": [
                    138.3167017,
                    35.7879254
                ]
            },
            "properties": {
                "都道府県": null,
                "市区町村": null,
                "撮影場所": "北杜市白州町横手",
                "時系列データ": [
                    {
                        "調査時期": "2026_W",
                        "観測回数": 1,
                        "夜空の明るさ_平均": 19.62,
                        "ばらつき_平均": 0.08
                    },
                    {
                        "調査時期": "2024_W",
                        "観測回数": 1,
                        "夜空の明るさ_平均": 19.65,
                        "ばらつき_平均": 0.09
                    },
                    {
                        "調査時期": "2024_S",
                        "観測回数": 1,
                        "夜空の明るさ_平均": 19.46,
                        "ばらつき_平均": 0.13
                    },
                    {
                        "調査時期": "2023_W",
                        "観測回数": 1,
                        "夜空の明るさ_平均": 19.81,
                        "ばらつき_平均": 0.09
                    },
                    {
                        "調査時期": "2023_S",
                        "観測回数": 1,
                        "夜空の明るさ_平均": 20.01,
                        "ばらつき_平均": 0.2
                    },
                    {
                        "調査時期": "2022_S",
                        "観測回数": 1,
                        "夜空の明るさ_平均": 20.02,
                        "ばらつき_平均": 0.17
                    },
                    {
                        "調査時期": "2021_W",
                        "観測回数": 1,
                        "夜空の明るさ_平均": 20.73,
                        "ばらつき_平均": 0.15
                    },
                    {
                        "調査時期": "2020_W",
                        "観測回数": 1,
                        "夜空の明るさ_平均": 20.7,
                        "ばらつき_平均": 0.3
                    },
                    {
                        "調査時期": "2020_S",
                        "観測回数": 1,
                        "夜空の明るさ_平均": 21.13,
                        "ばらつき_平均": 0.17
                    },
                    {
                        "調査時期": "2019_S",
                        "観測回数": 1,
                        "夜空の明るさ_平均": 20.48,
                        "ばらつき_平均": 0.1
                    }
                ]
            }
        },
        {
            "type": "Feature",
            "geometry": {
                "type": "Point",
                "coordinates": [
                    138.9780754,
                    35.78564341
                ]
            },
            "properties": {
                "都道府県": null,
                "市区町村": null,
                "撮影場所": "北都留郡丹波山村",
                "時系列データ": [
                    {
                        "調査時期": "2025_W",
                        "観測回数": 1,
                        "夜空の明るさ_平均": 20.24,
                        "ばらつき_平均": 0.09
                    },
                    {
                        "調査時期": "2025_S",
                        "観測回数": 1,
                        "夜空の明るさ_平均": 20.47,
                        "ばらつき_平均": 0.11
                    },
                    {
                        "調査時期": "2022_W",
                        "観測回数": 1,
                        "夜空の明るさ_平均": 20.28,
                        "ばらつき_平均": 0.08
                    },
                    {
                        "調査時期": "2020_W",
                        "観測回数": 1,
                        "夜空の明るさ_平均": 20.53,
                        "ばらつき_平均": 0.08
                    },
                    {
                        "調査時期": "2019_S",
                        "観測回数": 1,
                        "夜空の明るさ_平均": 20.18,
                        "ばらつき_平均": 0.06
                    }
                ]
            }
        },
        {
            "type": "Feature",
            "geometry": {
                "type": "Point",
                "coordinates": [
                    138.7303036,
                    35.5242911
                ]
            },
            "properties": {
                "都道府県": null,
                "市区町村": null,
                "撮影場所": "南都留郡富士河口湖町大石",
                "時系列データ": [
                    {
                        "調査時期": "2026_W",
                        "観測回数": 1,
                        "夜空の明るさ_平均": 20.0,
                        "ばらつき_平均": 0.1
                    },
                    {
                        "調査時期": "2025_W",
                        "観測回数": 2,
                        "夜空の明るさ_平均": 19.89,
                        "ばらつき_平均": 0.08
                    },
                    {
                        "調査時期": "2025_S",
                        "観測回数": 2,
                        "夜空の明るさ_平均": 19.86,
                        "ばらつき_平均": 0.12
                    },
                    {
                        "調査時期": "2024_W",
                        "観測回数": 2,
                        "夜空の明るさ_平均": 20.26,
                        "ばらつき_平均": 0.09
                    },
                    {
                        "調査時期": "2024_S",
                        "観測回数": 1,
                        "夜空の明るさ_平均": 20.26,
                        "ばらつき_平均": 0.07
                    },
                    {
                        "調査時期": "2023_W",
                        "観測回数": 1,
                        "夜空の明るさ_平均": 20.0,
                        "ばらつき_平均": 0.1
                    },
                    {
                        "調査時期": "2023_S",
                        "観測回数": 1,
                        "夜空の明るさ_平均": 20.31,
                        "ばらつき_平均": 0.08
                    },
                    {
                        "調査時期": "2022_W",
                        "観測回数": 2,
                        "夜空の明るさ_平均": 20.16,
                        "ばらつき_平均": 0.09
                    },
                    {
                        "調査時期": "2021_W",
                        "観測回数": 1,
                        "夜空の明るさ_平均": 20.16,
                        "ばらつき_平均": 0.1
                    },
                    {
                        "調査時期": "2020_W",
                        "観測回数": 1,
                        "夜空の明るさ_平均": 20.23,
                        "ばらつき_平均": 0.15
                    },
                    {
                        "調査時期": "2020_S",
                        "観測回数": 1,
                        "夜空の明るさ_平均": 20.69,
                        "ばらつき_平均": 0.11
                    }
                ]
            }
        },
        {
            "type": "Feature",
            "geometry": {
                "type": "Point",
                "coordinates": [
                    138.9402267,
                    35.76359044
                ]
            },
            "properties": {
                "都道府県": null,
                "市区町村": null,
                "撮影場所": "北都留郡小菅村 小菅村ヘリポート",
                "時系列データ": [
                    {
                        "調査時期": "2025_W",
                        "観測回数": 1,
                        "夜空の明るさ_平均": 20.4,
                        "ばらつき_平均": 0.06
                    },
                    {
                        "調査時期": "2025_S",
                        "観測回数": 1,
                        "夜空の明るさ_平均": 20.55,
                        "ばらつき_平均": 0.08
                    },
                    {
                        "調査時期": "2024_S",
                        "観測回数": 1,
                        "夜空の明るさ_平均": 20.8,
                        "ばらつき_平均": 0.12
                    },
                    {
                        "調査時期": "2023_W",
                        "観測回数": 1,
                        "夜空の明るさ_平均": 20.56,
                        "ばらつき_平均": 0.13
                    },
                    {
                        "調査時期": "2023_S",
                        "観測回数": 1,
                        "夜空の明るさ_平均": 20.48,
                        "ばらつき_平均": 0.04
                    },
                    {
                        "調査時期": "2022_W",
                        "観測回数": 1,
                        "夜空の明るさ_平均": 20.54,
                        "ばらつき_平均": 0.09
                    },
                    {
                        "調査時期": "2019_W",
                        "観測回数": 1,
                        "夜空の明るさ_平均": 20.49,
                        "ばらつき_平均": 0.09
                    },
                    {
                        "調査時期": "2019_S",
                        "観測回数": 1,
                        "夜空の明るさ_平均": 18.99,
                        "ばらつき_平均": 0.2
                    }
                ]
            }
        },
        {
            "type": "Feature",
            "geometry": {
                "type": "Point",
                "coordinates": [
                    138.2186347,
                    36.35114052
                ]
            },
            "properties": {
                "都道府県": null,
                "市区町村": null,
                "撮影場所": "古安曽観測所前",
                "時系列データ": [
                    {
                        "調査時期": "2026_W",
                        "観測回数": 3,
                        "夜空の明るさ_平均": 19.81,
                        "ばらつき_平均": 0.1
                    },
                    {
                        "調査時期": "2025_S",
                        "観測回数": 2,
                        "夜空の明るさ_平均": 19.78,
                        "ばらつき_平均": 0.12
                    },
                    {
                        "調査時期": "2024_W",
                        "観測回数": 1,
                        "夜空の明るさ_平均": 20.02,
                        "ばらつき_平均": 0.12
                    },
                    {
                        "調査時期": "2023_W",
                        "観測回数": 2,
                        "夜空の明るさ_平均": 19.77,
                        "ばらつき_平均": 0.12
                    },
                    {
                        "調査時期": "2023_S",
                        "観測回数": 2,
                        "夜空の明るさ_平均": 20.07,
                        "ばらつき_平均": 0.08
                    },
                    {
                        "調査時期": "2022_W",
                        "観測回数": 2,
                        "夜空の明るさ_平均": 20.09,
                        "ばらつき_平均": 0.04
                    },
                    {
                        "調査時期": "2022_S",
                        "観測回数": 2,
                        "夜空の明るさ_平均": 20.04,
                        "ばらつき_平均": 0.12
                    },
                    {
                        "調査時期": "2021_W",
                        "観測回数": 2,
                        "夜空の明るさ_平均": 20.05,
                        "ばらつき_平均": 0.12
                    },
                    {
                        "調査時期": "2021_S",
                        "観測回数": 2,
                        "夜空の明るさ_平均": 20.22,
                        "ばらつき_平均": 0.1
                    },
                    {
                        "調査時期": "2020_S",
                        "観測回数": 4,
                        "夜空の明るさ_平均": 19.98,
                        "ばらつき_平均": 0.18
                    },
                    {
                        "調査時期": "2019_W",
                        "観測回数": 1,
                        "夜空の明るさ_平均": 19.82,
                        "ばらつき_平均": 0.06
                    },
                    {
                        "調査時期": "2019_S",
                        "観測回数": 2,
                        "夜空の明るさ_平均": 20.01,
                        "ばらつき_平均": 0.32
                    }
                ]
            }
        },
        {
            "type": "Feature",
            "geometry": {
                "type": "Point",
                "coordinates": [
                    137.9876646,
                    35.89949961
                ]
            },
            "properties": {
                "都道府県": null,
                "市区町村": null,
                "撮影場所": "JR木ノ下駅周辺",
                "時系列データ": [
                    {
                        "調査時期": "2026_W",
                        "観測回数": 1,
                        "夜空の明るさ_平均": 19.54,
                        "ばらつき_平均": 0.1
                    },
                    {
                        "調査時期": "2025_W",
                        "観測回数": 1,
                        "夜空の明るさ_平均": 19.5,
                        "ばらつき_平均": 0.1
                    },
                    {
                        "調査時期": "2025_S",
                        "観測回数": 1,
                        "夜空の明るさ_平均": 19.51,
                        "ばらつき_平均": 0.09
                    },
                    {
                        "調査時期": "2024_W",
                        "観測回数": 1,
                        "夜空の明るさ_平均": 19.5,
                        "ばらつき_平均": 0.26
                    },
                    {
                        "調査時期": "2024_S",
                        "観測回数": 1,
                        "夜空の明るさ_平均": 20.06,
                        "ばらつき_平均": 0.05
                    },
                    {
                        "調査時期": "2023_W",
                        "観測回数": 1,
                        "夜空の明るさ_平均": 19.3,
                        "ばらつき_平均": 0.12
                    },
                    {
                        "調査時期": "2023_S",
                        "観測回数": 1,
                        "夜空の明るさ_平均": 19.86,
                        "ばらつき_平均": 0.1
                    },
                    {
                        "調査時期": "2022_W",
                        "観測回数": 1,
                        "夜空の明るさ_平均": 19.46,
                        "ばらつき_平均": 0.08
                    },
                    {
                        "調査時期": "2022_S",
                        "観測回数": 1,
                        "夜空の明るさ_平均": 19.54,
                        "ばらつき_平均": 0.12
                    },
                    {
                        "調査時期": "2021_W",
                        "観測回数": 1,
                        "夜空の明るさ_平均": 19.68,
                        "ばらつき_平均": 0.11
                    },
                    {
                        "調査時期": "2021_S",
                        "観測回数": 1,
                        "夜空の明るさ_平均": 19.78,
                        "ばらつき_平均": 0.08
                    },
                    {
                        "調査時期": "2020_S",
                        "観測回数": 1,
                        "夜空の明るさ_平均": 19.94,
                        "ばらつき_平均": 0.09
                    },
                    {
                        "調査時期": "2019_W",
                        "観測回数": 1,
                        "夜空の明るさ_平均": 19.39,
                        "ばらつき_平均": 0.04
                    },
                    {
                        "調査時期": "2019_S",
                        "観測回数": 1,
                        "夜空の明るさ_平均": 19.38,
                        "ばらつき_平均": 0.13
                    }
                ]
            }
        },
        {
            "type": "Feature",
            "geometry": {
                "type": "Point",
                "coordinates": [
                    137.6234559,
                    35.22378231
                ]
            },
            "properties": {
                "都道府県": null,
                "市区町村": null,
                "撮影場所": "根羽村 茶臼山",
                "時系列データ": [
                    {
                        "調査時期": "2019_W",
                        "観測回数": 5,
                        "夜空の明るさ_平均": 21.13,
                        "ばらつき_平均": 0.17
                    }
                ]
            }
        },
        {
            "type": "Feature",
            "geometry": {
                "type": "Point",
                "coordinates": [
                    137.9083192,
                    35.7183294
                ]
            },
            "properties": {
                "都道府県": null,
                "市区町村": null,
                "撮影場所": "日本電産長野技術研究開発センター周辺",
                "時系列データ": [
                    {
                        "調査時期": "2019_S",
                        "観測回数": 1,
                        "夜空の明るさ_平均": 19.89,
                        "ばらつき_平均": 0.93
                    }
                ]
            }
        },
        {
            "type": "Feature",
            "geometry": {
                "type": "Point",
                "coordinates": [
                    137.926687,
                    35.71064618
                ]
            },
            "properties": {
                "都道府県": null,
                "市区町村": null,
                "撮影場所": "長野県駒ヶ根工業高等学校周辺",
                "時系列データ": [
                    {
                        "調査時期": "2025_W",
                        "観測回数": 1,
                        "夜空の明るさ_平均": 20.11,
                        "ばらつき_平均": 0.16
                    },
                    {
                        "調査時期": "2024_S",
                        "観測回数": 1,
                        "夜空の明るさ_平均": 21.21,
                        "ばらつき_平均": 0.3
                    },
                    {
                        "調査時期": "2021_W",
                        "観測回数": 1,
                        "夜空の明るさ_平均": 20.22,
                        "ばらつき_平均": 0.07
                    },
                    {
                        "調査時期": "2019_W",
                        "観測回数": 1,
                        "夜空の明るさ_平均": 19.2,
                        "ばらつき_平均": 0.39
                    },
                    {
                        "調査時期": "2019_S",
                        "観測回数": 1,
                        "夜空の明るさ_平均": 19.36,
                        "ばらつき_平均": 1.21
                    }
                ]
            }
        },
        {
            "type": "Feature",
            "geometry": {
                "type": "Point",
                "coordinates": [
                    137.8803234,
                    36.16749516
                ]
            },
            "properties": {
                "都道府県": null,
                "市区町村": null,
                "撮影場所": "山形村 ミラ フード館 ",
                "時系列データ": [
                    {
                        "調査時期": "2019_S",
                        "観測回数": 1,
                        "夜空の明るさ_平均": 19.94,
                        "ばらつき_平均": 0.11
                    }
                ]
            }
        },
        {
            "type": "Feature",
            "geometry": {
                "type": "Point",
                "coordinates": [
                    137.9430305,
                    35.88517057
                ]
            },
            "properties": {
                "都道府県": null,
                "市区町村": null,
                "撮影場所": "上伊那郡南箕輪村 大芝公園",
                "時系列データ": [
                    {
                        "調査時期": "2025_W",
                        "観測回数": 1,
                        "夜空の明るさ_平均": 20.11,
                        "ばらつき_平均": 0.05
                    },
                    {
                        "調査時期": "2023_W",
                        "観測回数": 1,
                        "夜空の明るさ_平均": 19.9,
                        "ばらつき_平均": 0.22
                    },
                    {
                        "調査時期": "2019_W",
                        "観測回数": 1,
                        "夜空の明るさ_平均": 20.23,
                        "ばらつき_平均": 0.08
                    },
                    {
                        "調査時期": "2019_S",
                        "観測回数": 1,
                        "夜空の明るさ_平均": 18.95,
                        "ばらつき_平均": 0.29
                    }
                ]
            }
        },
        {
            "type": "Feature",
            "geometry": {
                "type": "Point",
                "coordinates": [
                    137.7504739,
                    35.41092652
                ]
            },
            "properties": {
                "都道府県": null,
                "市区町村": null,
                "撮影場所": "下伊那郡阿智村伍和 栗矢観測所",
                "時系列データ": [
                    {
                        "調査時期": "2026_W",
                        "観測回数": 2,
                        "夜空の明るさ_平均": 20.8,
                        "ばらつき_平均": 0.08
                    },
                    {
                        "調査時期": "2025_W",
                        "観測回数": 2,
                        "夜空の明るさ_平均": 20.95,
                        "ばらつき_平均": 0.06
                    },
                    {
                        "調査時期": "2024_W",
                        "観測回数": 2,
                        "夜空の明るさ_平均": 21.04,
                        "ばらつき_平均": 0.08
                    },
                    {
                        "調査時期": "2024_S",
                        "観測回数": 2,
                        "夜空の明るさ_平均": 20.55,
                        "ばらつき_平均": 0.08
                    },
                    {
                        "調査時期": "2023_W",
                        "観測回数": 2,
                        "夜空の明るさ_平均": 20.84,
                        "ばらつき_平均": 0.04
                    },
                    {
                        "調査時期": "2023_S",
                        "観測回数": 1,
                        "夜空の明るさ_平均": 20.53,
                        "ばらつき_平均": 0.32
                    },
                    {
                        "調査時期": "2021_W",
                        "観測回数": 2,
                        "夜空の明るさ_平均": 20.95,
                        "ばらつき_平均": 0.12
                    },
                    {
                        "調査時期": "2021_S",
                        "観測回数": 2,
                        "夜空の明るさ_平均": 20.32,
                        "ばらつき_平均": 1.03
                    },
                    {
                        "調査時期": "2020_W",
                        "観測回数": 2,
                        "夜空の明るさ_平均": 20.7,
                        "ばらつき_平均": 0.31
                    },
                    {
                        "調査時期": "2019_W",
                        "観測回数": 1,
                        "夜空の明るさ_平均": 20.97,
                        "ばらつき_平均": 0.1
                    }
                ]
            }
        },
        {
            "type": "Feature",
            "geometry": {
                "type": "Point",
                "coordinates": [
                    137.9452288,
                    35.83940804
                ]
            },
            "properties": {
                "都道府県": null,
                "市区町村": null,
                "撮影場所": "長野県伊那文化会館",
                "時系列データ": [
                    {
                        "調査時期": "2025_W",
                        "観測回数": 1,
                        "夜空の明るさ_平均": 19.4,
                        "ばらつき_平均": 0.11
                    },
                    {
                        "調査時期": "2024_W",
                        "観測回数": 1,
                        "夜空の明るさ_平均": 19.33,
                        "ばらつき_平均": 0.14
                    },
                    {
                        "調査時期": "2024_S",
                        "観測回数": 1,
                        "夜空の明るさ_平均": 19.99,
                        "ばらつき_平均": 0.1
                    },
                    {
                        "調査時期": "2023_S",
                        "観測回数": 1,
                        "夜空の明るさ_平均": 19.46,
                        "ばらつき_平均": 0.24
                    },
                    {
                        "調査時期": "2022_W",
                        "観測回数": 1,
                        "夜空の明るさ_平均": 19.51,
                        "ばらつき_平均": 0.09
                    },
                    {
                        "調査時期": "2021_W",
                        "観測回数": 1,
                        "夜空の明るさ_平均": 19.04,
                        "ばらつき_平均": 0.14
                    },
                    {
                        "調査時期": "2019_W",
                        "観測回数": 1,
                        "夜空の明るさ_平均": 19.8,
                        "ばらつき_平均": 0.07
                    },
                    {
                        "調査時期": "2019_S",
                        "観測回数": 1,
                        "夜空の明るさ_平均": 19.66,
                        "ばらつき_平均": 0.16
                    }
                ]
            }
        },
        {
            "type": "Feature",
            "geometry": {
                "type": "Point",
                "coordinates": [
                    137.5564733,
                    35.91875
                ]
            },
            "properties": {
                "都道府県": null,
                "市区町村": null,
                "撮影場所": "開田高原保健休養地テニスコート",
                "時系列データ": [
                    {
                        "調査時期": "2026_W",
                        "観測回数": 2,
                        "夜空の明るさ_平均": 21.38,
                        "ばらつき_平均": 0.08
                    },
                    {
                        "調査時期": "2025_W",
                        "観測回数": 1,
                        "夜空の明るさ_平均": 21.37,
                        "ばらつき_平均": 0.09
                    },
                    {
                        "調査時期": "2025_S",
                        "観測回数": 1,
                        "夜空の明るさ_平均": 21.37,
                        "ばらつき_平均": 0.06
                    },
                    {
                        "調査時期": "2024_W",
                        "観測回数": 1,
                        "夜空の明るさ_平均": 21.56,
                        "ばらつき_平均": 0.09
                    },
                    {
                        "調査時期": "2024_S",
                        "観測回数": 1,
                        "夜空の明るさ_平均": 21.46,
                        "ばらつき_平均": 0.05
                    },
                    {
                        "調査時期": "2023_W",
                        "観測回数": 1,
                        "夜空の明るさ_平均": 21.31,
                        "ばらつき_平均": 0.09
                    },
                    {
                        "調査時期": "2023_S",
                        "観測回数": 1,
                        "夜空の明るさ_平均": 21.54,
                        "ばらつき_平均": 0.22
                    },
                    {
                        "調査時期": "2022_W",
                        "観測回数": 1,
                        "夜空の明るさ_平均": 21.54,
                        "ばらつき_平均": 0.1
                    },
                    {
                        "調査時期": "2022_S",
                        "観測回数": 1,
                        "夜空の明るさ_平均": 21.21,
                        "ばらつき_平均": 0.0
                    },
                    {
                        "調査時期": "2021_W",
                        "観測回数": 1,
                        "夜空の明るさ_平均": 21.32,
                        "ばらつき_平均": 0.1
                    },
                    {
                        "調査時期": "2021_S",
                        "観測回数": 1,
                        "夜空の明るさ_平均": 21.71,
                        "ばらつき_平均": 0.19
                    },
                    {
                        "調査時期": "2020_S",
                        "観測回数": 1,
                        "夜空の明るさ_平均": 21.74,
                        "ばらつき_平均": 0.2
                    },
                    {
                        "調査時期": "2019_S",
                        "観測回数": 1,
                        "夜空の明るさ_平均": 20.54,
                        "ばらつき_平均": 0.24
                    }
                ]
            }
        },
        {
            "type": "Feature",
            "geometry": {
                "type": "Point",
                "coordinates": [
                    137.9057783,
                    36.30444167
                ]
            },
            "properties": {
                "都道府県": null,
                "市区町村": null,
                "撮影場所": "安曇野市豊科 安曇野市役所",
                "時系列データ": [
                    {
                        "調査時期": "2025_S",
                        "観測回数": 1,
                        "夜空の明るさ_平均": 19.18,
                        "ばらつき_平均": 0.04
                    },
                    {
                        "調査時期": "2023_S",
                        "観測回数": 1,
                        "夜空の明るさ_平均": 19.67,
                        "ばらつき_平均": 0.11
                    },
                    {
                        "調査時期": "2019_S",
                        "観測回数": 1,
                        "夜空の明るさ_平均": 19.33,
                        "ばらつき_平均": 0.11
                    }
                ]
            }
        },
        {
            "type": "Feature",
            "geometry": {
                "type": "Point",
                "coordinates": [
                    137.7505034,
                    35.41090466
                ]
            },
            "properties": {
                "都道府県": null,
                "市区町村": null,
                "撮影場所": "下伊那郡阿智村伍和 栗矢観測所",
                "時系列データ": [
                    {
                        "調査時期": "2023_S",
                        "観測回数": 1,
                        "夜空の明るさ_平均": 20.92,
                        "ばらつき_平均": 0.19
                    },
                    {
                        "調査時期": "2019_S",
                        "観測回数": 2,
                        "夜空の明るさ_平均": 20.96,
                        "ばらつき_平均": 0.21
                    }
                ]
            }
        },
        {
            "type": "Feature",
            "geometry": {
                "type": "Point",
                "coordinates": [
                    138.1441927,
                    36.22724253
                ]
            },
            "properties": {
                "都道府県": null,
                "市区町村": null,
                "撮影場所": "美ヶ原高原",
                "時系列データ": [
                    {
                        "調査時期": "2019_S",
                        "観測回数": 1,
                        "夜空の明るさ_平均": 21.22,
                        "ばらつき_平均": 0.12
                    }
                ]
            }
        },
        {
            "type": "Feature",
            "geometry": {
                "type": "Point",
                "coordinates": [
                    138.1356955,
                    36.25770125
                ]
            },
            "properties": {
                "都道府県": null,
                "市区町村": null,
                "撮影場所": "武石観光センター",
                "時系列データ": [
                    {
                        "調査時期": "2021_W",
                        "観測回数": 1,
                        "夜空の明るさ_平均": 20.69,
                        "ばらつき_平均": 0.09
                    },
                    {
                        "調査時期": "2020_W",
                        "観測回数": 1,
                        "夜空の明るさ_平均": 17.43,
                        "ばらつき_平均": 0.29
                    },
                    {
                        "調査時期": "2020_S",
                        "観測回数": 2,
                        "夜空の明るさ_平均": 21.14,
                        "ばらつき_平均": 0.15
                    },
                    {
                        "調査時期": "2019_S",
                        "観測回数": 1,
                        "夜空の明るさ_平均": 21.5,
                        "ばらつき_平均": 0.11
                    }
                ]
            }
        },
        {
            "type": "Feature",
            "geometry": {
                "type": "Point",
                "coordinates": [
                    137.6198798,
                    36.22932829
                ]
            },
            "properties": {
                "都道府県": null,
                "市区町村": null,
                "撮影場所": "松本市安曇上高地　大正池",
                "時系列データ": [
                    {
                        "調査時期": "2020_S",
                        "観測回数": 1,
                        "夜空の明るさ_平均": 21.38,
                        "ばらつき_平均": 0.22
                    },
                    {
                        "調査時期": "2019_S",
                        "観測回数": 1,
                        "夜空の明るさ_平均": 21.45,
                        "ばらつき_平均": 0.92
                    }
                ]
            }
        },
        {
            "type": "Feature",
            "geometry": {
                "type": "Point",
                "coordinates": [
                    137.9550138,
                    36.25762425
                ]
            },
            "properties": {
                "都道府県": null,
                "市区町村": null,
                "撮影場所": "アルプス公園駐車場",
                "時系列データ": [
                    {
                        "調査時期": "2026_W",
                        "観測回数": 1,
                        "夜空の明るさ_平均": 19.25,
                        "ばらつき_平均": 0.08
                    },
                    {
                        "調査時期": "2025_W",
                        "観測回数": 1,
                        "夜空の明るさ_平均": 19.44,
                        "ばらつき_平均": 0.11
                    },
                    {
                        "調査時期": "2025_S",
                        "観測回数": 1,
                        "夜空の明るさ_平均": 19.51,
                        "ばらつき_平均": 0.14
                    },
                    {
                        "調査時期": "2024_W",
                        "観測回数": 1,
                        "夜空の明るさ_平均": 19.36,
                        "ばらつき_平均": 0.08
                    },
                    {
                        "調査時期": "2023_W",
                        "観測回数": 1,
                        "夜空の明るさ_平均": 19.25,
                        "ばらつき_平均": 0.12
                    },
                    {
                        "調査時期": "2022_W",
                        "観測回数": 1,
                        "夜空の明るさ_平均": 19.14,
                        "ばらつき_平均": 0.15
                    },
                    {
                        "調査時期": "2021_S",
                        "観測回数": 1,
                        "夜空の明るさ_平均": 19.62,
                        "ばらつき_平均": 0.13
                    },
                    {
                        "調査時期": "2020_W",
                        "観測回数": 2,
                        "夜空の明るさ_平均": 19.0,
                        "ばらつき_平均": 0.71
                    },
                    {
                        "調査時期": "2020_S",
                        "観測回数": 1,
                        "夜空の明るさ_平均": 19.44,
                        "ばらつき_平均": 0.14
                    },
                    {
                        "調査時期": "2019_S",
                        "観測回数": 1,
                        "夜空の明るさ_平均": 18.7,
                        "ばらつき_平均": 0.16
                    }
                ]
            }
        },
        {
            "type": "Feature",
            "geometry": {
                "type": "Point",
                "coordinates": [
                    137.9611185,
                    36.19234406
                ]
            },
            "properties": {
                "都道府県": null,
                "市区町村": null,
                "撮影場所": "平田駅西口",
                "時系列データ": [
                    {
                        "調査時期": "2025_S",
                        "観測回数": 1,
                        "夜空の明るさ_平均": 18.38,
                        "ばらつき_平均": 0.14
                    },
                    {
                        "調査時期": "2024_W",
                        "観測回数": 2,
                        "夜空の明るさ_平均": 18.63,
                        "ばらつき_平均": 0.1
                    },
                    {
                        "調査時期": "2023_W",
                        "観測回数": 1,
                        "夜空の明るさ_平均": 18.53,
                        "ばらつき_平均": 0.06
                    },
                    {
                        "調査時期": "2022_W",
                        "観測回数": 1,
                        "夜空の明るさ_平均": 18.44,
                        "ばらつき_平均": 0.1
                    },
                    {
                        "調査時期": "2021_W",
                        "観測回数": 1,
                        "夜空の明るさ_平均": 18.12,
                        "ばらつき_平均": 0.06
                    },
                    {
                        "調査時期": "2021_S",
                        "観測回数": 1,
                        "夜空の明るさ_平均": 18.85,
                        "ばらつき_平均": 0.11
                    },
                    {
                        "調査時期": "2020_S",
                        "観測回数": 1,
                        "夜空の明るさ_平均": 19.07,
                        "ばらつき_平均": 0.11
                    },
                    {
                        "調査時期": "2019_W",
                        "観測回数": 1,
                        "夜空の明るさ_平均": 18.36,
                        "ばらつき_平均": 0.07
                    },
                    {
                        "調査時期": "2019_S",
                        "観測回数": 1,
                        "夜空の明るさ_平均": 18.46,
                        "ばらつき_平均": 0.12
                    }
                ]
            }
        },
        {
            "type": "Feature",
            "geometry": {
                "type": "Point",
                "coordinates": [
                    137.9634091,
                    36.23056241
                ]
            },
            "properties": {
                "都道府県": null,
                "市区町村": null,
                "撮影場所": "松本駅西口",
                "時系列データ": [
                    {
                        "調査時期": "2026_W",
                        "観測回数": 1,
                        "夜空の明るさ_平均": 17.75,
                        "ばらつき_平均": 0.12
                    },
                    {
                        "調査時期": "2025_W",
                        "観測回数": 1,
                        "夜空の明るさ_平均": 17.94,
                        "ばらつき_平均": 0.09
                    },
                    {
                        "調査時期": "2025_S",
                        "観測回数": 1,
                        "夜空の明るさ_平均": 17.36,
                        "ばらつき_平均": 0.07
                    },
                    {
                        "調査時期": "2024_W",
                        "観測回数": 2,
                        "夜空の明るさ_平均": 17.93,
                        "ばらつき_平均": 0.11
                    },
                    {
                        "調査時期": "2023_W",
                        "観測回数": 2,
                        "夜空の明るさ_平均": 17.71,
                        "ばらつき_平均": 0.09
                    },
                    {
                        "調査時期": "2021_S",
                        "観測回数": 1,
                        "夜空の明るさ_平均": 17.72,
                        "ばらつき_平均": 0.08
                    },
                    {
                        "調査時期": "2020_W",
                        "観測回数": 1,
                        "夜空の明るさ_平均": 17.81,
                        "ばらつき_平均": 0.09
                    },
                    {
                        "調査時期": "2020_S",
                        "観測回数": 1,
                        "夜空の明るさ_平均": 17.77,
                        "ばらつき_平均": 0.1
                    },
                    {
                        "調査時期": "2019_W",
                        "観測回数": 1,
                        "夜空の明るさ_平均": 17.64,
                        "ばらつき_平均": 0.13
                    },
                    {
                        "調査時期": "2019_S",
                        "観測回数": 1,
                        "夜空の明るさ_平均": 17.65,
                        "ばらつき_平均": 0.13
                    }
                ]
            }
        },
        {
            "type": "Feature",
            "geometry": {
                "type": "Point",
                "coordinates": [
                    137.9783624,
                    36.23429755
                ]
            },
            "properties": {
                "都道府県": null,
                "市区町村": null,
                "撮影場所": "松本市中央",
                "時系列データ": [
                    {
                        "調査時期": "2024_W",
                        "観測回数": 1,
                        "夜空の明るさ_平均": 17.98,
                        "ばらつき_平均": 0.1
                    },
                    {
                        "調査時期": "2020_S",
                        "観測回数": 1,
                        "夜空の明るさ_平均": 17.93,
                        "ばらつき_平均": 0.11
                    },
                    {
                        "調査時期": "2019_S",
                        "観測回数": 1,
                        "夜空の明るさ_平均": 17.53,
                        "ばらつき_平均": 0.4
                    }
                ]
            }
        },
        {
            "type": "Feature",
            "geometry": {
                "type": "Point",
                "coordinates": [
                    137.9271322,
                    35.87438965
                ]
            },
            "properties": {
                "都道府県": null,
                "市区町村": null,
                "撮影場所": "伊那市西箕輪 中条地区",
                "時系列データ": [
                    {
                        "調査時期": "2026_W",
                        "観測回数": 1,
                        "夜空の明るさ_平均": 20.11,
                        "ばらつき_平均": 0.1
                    },
                    {
                        "調査時期": "2025_W",
                        "観測回数": 1,
                        "夜空の明るさ_平均": 20.26,
                        "ばらつき_平均": 0.1
                    },
                    {
                        "調査時期": "2024_W",
                        "観測回数": 1,
                        "夜空の明るさ_平均": 20.33,
                        "ばらつき_平均": 0.09
                    },
                    {
                        "調査時期": "2021_W",
                        "観測回数": 1,
                        "夜空の明るさ_平均": 20.35,
                        "ばらつき_平均": 0.16
                    },
                    {
                        "調査時期": "2020_W",
                        "観測回数": 1,
                        "夜空の明るさ_平均": 20.0,
                        "ばらつき_平均": 0.12
                    },
                    {
                        "調査時期": "2020_S",
                        "観測回数": 1,
                        "夜空の明るさ_平均": 20.62,
                        "ばらつき_平均": 0.1
                    },
                    {
                        "調査時期": "2019_S",
                        "観測回数": 1,
                        "夜空の明るさ_平均": 20.16,
                        "ばらつき_平均": 0.18
                    }
                ]
            }
        },
        {
            "type": "Feature",
            "geometry": {
                "type": "Point",
                "coordinates": [
                    137.8986633,
                    35.73057571
                ]
            },
            "properties": {
                "都道府県": null,
                "市区町村": null,
                "撮影場所": "駒ヶ根高原家族旅行村アルプスの丘周辺",
                "時系列データ": [
                    {
                        "調査時期": "2019_S",
                        "観測回数": 1,
                        "夜空の明るさ_平均": 20.32,
                        "ばらつき_平均": 0.69
                    }
                ]
            }
        },
        {
            "type": "Feature",
            "geometry": {
                "type": "Point",
                "coordinates": [
                    137.9370676,
                    35.81965002
                ]
            },
            "properties": {
                "都道府県": null,
                "市区町村": null,
                "撮影場所": "伊那市 西春近北小学校グランド",
                "時系列データ": [
                    {
                        "調査時期": "2023_W",
                        "観測回数": 1,
                        "夜空の明るさ_平均": 19.35,
                        "ばらつき_平均": 0.19
                    },
                    {
                        "調査時期": "2020_W",
                        "観測回数": 1,
                        "夜空の明るさ_平均": 19.35,
                        "ばらつき_平均": 0.09
                    },
                    {
                        "調査時期": "2019_S",
                        "観測回数": 1,
                        "夜空の明るさ_平均": 20.17,
                        "ばらつき_平均": 0.14
                    }
                ]
            }
        },
        {
            "type": "Feature",
            "geometry": {
                "type": "Point",
                "coordinates": [
                    137.8155819,
                    36.69700159
                ]
            },
            "properties": {
                "都道府県": null,
                "市区町村": null,
                "撮影場所": "八方尾根うさぎ平",
                "時系列データ": [
                    {
                        "調査時期": "2019_S",
                        "観測回数": 1,
                        "夜空の明るさ_平均": 20.88,
                        "ばらつき_平均": 0.09
                    }
                ]
            }
        },
        {
            "type": "Feature",
            "geometry": {
                "type": "Point",
                "coordinates": [
                    138.3574954,
                    36.55574454
                ]
            },
            "properties": {
                "都道府県": null,
                "市区町村": null,
                "撮影場所": "峰の原高原　サンセットテラス",
                "時系列データ": [
                    {
                        "調査時期": "2024_W",
                        "観測回数": 2,
                        "夜空の明るさ_平均": 19.55,
                        "ばらつき_平均": 0.11
                    },
                    {
                        "調査時期": "2023_S",
                        "観測回数": 1,
                        "夜空の明るさ_平均": 20.98,
                        "ばらつき_平均": 0.08
                    },
                    {
                        "調査時期": "2019_W",
                        "観測回数": 2,
                        "夜空の明るさ_平均": 20.71,
                        "ばらつき_平均": 0.16
                    },
                    {
                        "調査時期": "2019_S",
                        "観測回数": 1,
                        "夜空の明るさ_平均": 20.56,
                        "ばらつき_平均": 0.15
                    }
                ]
            }
        },
        {
            "type": "Feature",
            "geometry": {
                "type": "Point",
                "coordinates": [
                    138.5166925,
                    36.06152146
                ]
            },
            "properties": {
                "都道府県": null,
                "市区町村": null,
                "撮影場所": "南佐久郡北相木村栃原",
                "時系列データ": [
                    {
                        "調査時期": "2019_S",
                        "観測回数": 1,
                        "夜空の明るさ_平均": 21.15,
                        "ばらつき_平均": 0.25
                    }
                ]
            }
        },
        {
            "type": "Feature",
            "geometry": {
                "type": "Point",
                "coordinates": [
                    137.5744783,
                    35.96630333
                ]
            },
            "properties": {
                "都道府県": null,
                "市区町村": null,
                "撮影場所": "開田高原水芭蕉園",
                "時系列データ": [
                    {
                        "調査時期": "2025_S",
                        "観測回数": 1,
                        "夜空の明るさ_平均": 21.81,
                        "ばらつき_平均": 0.15
                    },
                    {
                        "調査時期": "2024_W",
                        "観測回数": 1,
                        "夜空の明るさ_平均": 21.55,
                        "ばらつき_平均": 0.07
                    },
                    {
                        "調査時期": "2024_S",
                        "観測回数": 1,
                        "夜空の明るさ_平均": 21.5,
                        "ばらつき_平均": 0.29
                    },
                    {
                        "調査時期": "2023_S",
                        "観測回数": 1,
                        "夜空の明るさ_平均": 21.23,
                        "ばらつき_平均": 0.14
                    },
                    {
                        "調査時期": "2022_S",
                        "観測回数": 1,
                        "夜空の明るさ_平均": 21.46,
                        "ばらつき_平均": 0.06
                    },
                    {
                        "調査時期": "2021_W",
                        "観測回数": 1,
                        "夜空の明るさ_平均": 21.62,
                        "ばらつき_平均": 0.09
                    },
                    {
                        "調査時期": "2021_S",
                        "観測回数": 2,
                        "夜空の明るさ_平均": 21.62,
                        "ばらつき_平均": 0.07
                    },
                    {
                        "調査時期": "2020_W",
                        "観測回数": 1,
                        "夜空の明るさ_平均": 21.6,
                        "ばらつき_平均": 0.17
                    },
                    {
                        "調査時期": "2020_S",
                        "観測回数": 1,
                        "夜空の明るさ_平均": 21.88,
                        "ばらつき_平均": 0.18
                    },
                    {
                        "調査時期": "2019_W",
                        "観測回数": 1,
                        "夜空の明るさ_平均": 21.35,
                        "ばらつき_平均": 0.07
                    },
                    {
                        "調査時期": "2019_S",
                        "観測回数": 1,
                        "夜空の明るさ_平均": 20.69,
                        "ばらつき_平均": 0.2
                    }
                ]
            }
        },
        {
            "type": "Feature",
            "geometry": {
                "type": "Point",
                "coordinates": [
                    138.4729564,
                    35.9414629
                ]
            },
            "properties": {
                "都道府県": null,
                "市区町村": null,
                "撮影場所": "国立天文台野辺山宇宙電波観測所内",
                "時系列データ": [
                    {
                        "調査時期": "2026_W",
                        "観測回数": 1,
                        "夜空の明るさ_平均": 20.69,
                        "ばらつき_平均": 0.09
                    },
                    {
                        "調査時期": "2025_W",
                        "観測回数": 1,
                        "夜空の明るさ_平均": 20.66,
                        "ばらつき_平均": 0.09
                    },
                    {
                        "調査時期": "2025_S",
                        "観測回数": 1,
                        "夜空の明るさ_平均": 20.28,
                        "ばらつき_平均": 0.2
                    },
                    {
                        "調査時期": "2024_W",
                        "観測回数": 1,
                        "夜空の明るさ_平均": 20.76,
                        "ばらつき_平均": 0.1
                    },
                    {
                        "調査時期": "2023_W",
                        "観測回数": 1,
                        "夜空の明るさ_平均": 20.69,
                        "ばらつき_平均": 0.09
                    },
                    {
                        "調査時期": "2023_S",
                        "観測回数": 1,
                        "夜空の明るさ_平均": 21.18,
                        "ばらつき_平均": 0.14
                    },
                    {
                        "調査時期": "2022_W",
                        "観測回数": 1,
                        "夜空の明るさ_平均": 20.72,
                        "ばらつき_平均": 0.08
                    },
                    {
                        "調査時期": "2022_S",
                        "観測回数": 1,
                        "夜空の明るさ_平均": 21.05,
                        "ばらつき_平均": 0.04
                    },
                    {
                        "調査時期": "2021_W",
                        "観測回数": 1,
                        "夜空の明るさ_平均": 20.74,
                        "ばらつき_平均": 0.1
                    },
                    {
                        "調査時期": "2021_S",
                        "観測回数": 1,
                        "夜空の明るさ_平均": 20.9,
                        "ばらつき_平均": 0.05
                    },
                    {
                        "調査時期": "2020_W",
                        "観測回数": 1,
                        "夜空の明るさ_平均": 20.76,
                        "ばらつき_平均": 0.08
                    },
                    {
                        "調査時期": "2020_S",
                        "観測回数": 1,
                        "夜空の明るさ_平均": 21.33,
                        "ばらつき_平均": 0.06
                    },
                    {
                        "調査時期": "2019_W",
                        "観測回数": 2,
                        "夜空の明るさ_平均": 20.78,
                        "ばらつき_平均": 0.1
                    },
                    {
                        "調査時期": "2019_S",
                        "観測回数": 2,
                        "夜空の明るさ_平均": 21.02,
                        "ばらつき_平均": 0.1
                    }
                ]
            }
        },
        {
            "type": "Feature",
            "geometry": {
                "type": "Point",
                "coordinates": [
                    137.5862917,
                    35.89634667
                ]
            },
            "properties": {
                "都道府県": null,
                "市区町村": null,
                "撮影場所": "木曽町三岳倉本",
                "時系列データ": [
                    {
                        "調査時期": "2026_W",
                        "観測回数": 1,
                        "夜空の明るさ_平均": 21.43,
                        "ばらつき_平均": 0.12
                    },
                    {
                        "調査時期": "2025_W",
                        "観測回数": 1,
                        "夜空の明るさ_平均": 21.3,
                        "ばらつき_平均": 0.09
                    },
                    {
                        "調査時期": "2024_W",
                        "観測回数": 1,
                        "夜空の明るさ_平均": 21.44,
                        "ばらつき_平均": 0.09
                    },
                    {
                        "調査時期": "2023_W",
                        "観測回数": 2,
                        "夜空の明るさ_平均": 21.19,
                        "ばらつき_平均": 0.11
                    },
                    {
                        "調査時期": "2023_S",
                        "観測回数": 1,
                        "夜空の明るさ_平均": 21.72,
                        "ばらつき_平均": 0.09
                    },
                    {
                        "調査時期": "2022_W",
                        "観測回数": 1,
                        "夜空の明るさ_平均": 21.28,
                        "ばらつき_平均": 0.09
                    },
                    {
                        "調査時期": "2022_S",
                        "観測回数": 1,
                        "夜空の明るさ_平均": 21.64,
                        "ばらつき_平均": 0.13
                    },
                    {
                        "調査時期": "2021_W",
                        "観測回数": 1,
                        "夜空の明るさ_平均": 21.36,
                        "ばらつき_平均": 0.08
                    },
                    {
                        "調査時期": "2021_S",
                        "観測回数": 1,
                        "夜空の明るさ_平均": 21.72,
                        "ばらつき_平均": 0.2
                    },
                    {
                        "調査時期": "2020_S",
                        "観測回数": 1,
                        "夜空の明るさ_平均": 21.88,
                        "ばらつき_平均": 0.18
                    },
                    {
                        "調査時期": "2019_W",
                        "観測回数": 1,
                        "夜空の明るさ_平均": 21.35,
                        "ばらつき_平均": 0.12
                    },
                    {
                        "調査時期": "2019_S",
                        "観測回数": 1,
                        "夜空の明るさ_平均": 20.79,
                        "ばらつき_平均": 0.19
                    }
                ]
            }
        },
        {
            "type": "Feature",
            "geometry": {
                "type": "Point",
                "coordinates": [
                    137.6294117,
                    35.93265833
                ]
            },
            "properties": {
                "都道府県": null,
                "市区町村": null,
                "撮影場所": "木曽馬の里",
                "時系列データ": [
                    {
                        "調査時期": "2026_W",
                        "観測回数": 1,
                        "夜空の明るさ_平均": 21.29,
                        "ばらつき_平均": 0.1
                    },
                    {
                        "調査時期": "2025_S",
                        "観測回数": 2,
                        "夜空の明るさ_平均": 21.23,
                        "ばらつき_平均": 0.08
                    },
                    {
                        "調査時期": "2023_W",
                        "観測回数": 1,
                        "夜空の明るさ_平均": 21.39,
                        "ばらつき_平均": 0.08
                    },
                    {
                        "調査時期": "2020_W",
                        "観測回数": 1,
                        "夜空の明るさ_平均": 21.43,
                        "ばらつき_平均": 0.09
                    },
                    {
                        "調査時期": "2019_S",
                        "観測回数": 1,
                        "夜空の明るさ_平均": 20.4,
                        "ばらつき_平均": 0.12
                    }
                ]
            }
        },
        {
            "type": "Feature",
            "geometry": {
                "type": "Point",
                "coordinates": [
                    137.6936916,
                    35.78400369
                ]
            },
            "properties": {
                "都道府県": null,
                "市区町村": null,
                "撮影場所": "上松駅前",
                "時系列データ": [
                    {
                        "調査時期": "2022_W",
                        "観測回数": 1,
                        "夜空の明るさ_平均": 19.72,
                        "ばらつき_平均": 0.08
                    },
                    {
                        "調査時期": "2021_W",
                        "観測回数": 1,
                        "夜空の明るさ_平均": 19.36,
                        "ばらつき_平均": 0.09
                    },
                    {
                        "調査時期": "2021_S",
                        "観測回数": 1,
                        "夜空の明るさ_平均": 20.16,
                        "ばらつき_平均": 0.11
                    },
                    {
                        "調査時期": "2020_W",
                        "観測回数": 1,
                        "夜空の明るさ_平均": 18.59,
                        "ばらつき_平均": 0.58
                    },
                    {
                        "調査時期": "2019_S",
                        "観測回数": 1,
                        "夜空の明るさ_平均": 19.96,
                        "ばらつき_平均": 0.1
                    }
                ]
            }
        },
        {
            "type": "Feature",
            "geometry": {
                "type": "Point",
                "coordinates": [
                    137.7898604,
                    35.24851666
                ]
            },
            "properties": {
                "都道府県": null,
                "市区町村": null,
                "撮影場所": "天龍村神原向方憩いの家",
                "時系列データ": [
                    {
                        "調査時期": "2019_S",
                        "観測回数": 1,
                        "夜空の明るさ_平均": 21.0,
                        "ばらつき_平均": 0.17
                    }
                ]
            }
        },
        {
            "type": "Feature",
            "geometry": {
                "type": "Point",
                "coordinates": [
                    137.7892931,
                    35.23017532
                ]
            },
            "properties": {
                "都道府県": null,
                "市区町村": null,
                "撮影場所": "天龍村神原峠山",
                "時系列データ": [
                    {
                        "調査時期": "2020_W",
                        "観測回数": 1,
                        "夜空の明るさ_平均": 20.97,
                        "ばらつき_平均": 0.17
                    },
                    {
                        "調査時期": "2019_S",
                        "観測回数": 1,
                        "夜空の明るさ_平均": 20.92,
                        "ばらつき_平均": 0.12
                    }
                ]
            }
        },
        {
            "type": "Feature",
            "geometry": {
                "type": "Point",
                "coordinates": [
                    137.7630106,
                    35.8875646
                ]
            },
            "properties": {
                "都道府県": null,
                "市区町村": null,
                "撮影場所": "宮ノ越駅前",
                "時系列データ": [
                    {
                        "調査時期": "2026_W",
                        "観測回数": 1,
                        "夜空の明るさ_平均": 20.93,
                        "ばらつき_平均": 0.08
                    },
                    {
                        "調査時期": "2025_W",
                        "観測回数": 1,
                        "夜空の明るさ_平均": 19.77,
                        "ばらつき_平均": 0.15
                    },
                    {
                        "調査時期": "2025_S",
                        "観測回数": 1,
                        "夜空の明るさ_平均": 20.35,
                        "ばらつき_平均": 0.12
                    },
                    {
                        "調査時期": "2024_W",
                        "観測回数": 1,
                        "夜空の明るさ_平均": 20.68,
                        "ばらつき_平均": 0.08
                    },
                    {
                        "調査時期": "2023_W",
                        "観測回数": 2,
                        "夜空の明るさ_平均": 20.6,
                        "ばらつき_平均": 0.08
                    },
                    {
                        "調査時期": "2022_W",
                        "観測回数": 1,
                        "夜空の明るさ_平均": 20.4,
                        "ばらつき_平均": 0.06
                    },
                    {
                        "調査時期": "2021_W",
                        "観測回数": 1,
                        "夜空の明るさ_平均": 20.04,
                        "ばらつき_平均": 0.1
                    },
                    {
                        "調査時期": "2020_W",
                        "観測回数": 1,
                        "夜空の明るさ_平均": 20.94,
                        "ばらつき_平均": 0.09
                    },
                    {
                        "調査時期": "2020_S",
                        "観測回数": 1,
                        "夜空の明るさ_平均": 20.94,
                        "ばらつき_平均": 0.22
                    },
                    {
                        "調査時期": "2019_W",
                        "観測回数": 1,
                        "夜空の明るさ_平均": 20.59,
                        "ばらつき_平均": 0.08
                    }
                ]
            }
        },
        {
            "type": "Feature",
            "geometry": {
                "type": "Point",
                "coordinates": [
                    137.783685,
                    35.93172154
                ]
            },
            "properties": {
                "都道府県": null,
                "市区町村": null,
                "撮影場所": "木祖村郷土館脇",
                "時系列データ": [
                    {
                        "調査時期": "2023_W",
                        "観測回数": 1,
                        "夜空の明るさ_平均": 20.42,
                        "ばらつき_平均": 0.12
                    },
                    {
                        "調査時期": "2022_W",
                        "観測回数": 1,
                        "夜空の明るさ_平均": 20.35,
                        "ばらつき_平均": 0.08
                    },
                    {
                        "調査時期": "2021_W",
                        "観測回数": 1,
                        "夜空の明るさ_平均": 19.99,
                        "ばらつき_平均": 0.1
                    },
                    {
                        "調査時期": "2021_S",
                        "観測回数": 1,
                        "夜空の明るさ_平均": 20.96,
                        "ばらつき_平均": 0.14
                    },
                    {
                        "調査時期": "2020_W",
                        "観測回数": 1,
                        "夜空の明るさ_平均": 20.76,
                        "ばらつき_平均": 0.11
                    },
                    {
                        "調査時期": "2020_S",
                        "観測回数": 1,
                        "夜空の明るさ_平均": 20.82,
                        "ばらつき_平均": 0.13
                    },
                    {
                        "調査時期": "2019_W",
                        "観測回数": 1,
                        "夜空の明るさ_平均": 20.19,
                        "ばらつき_平均": 0.08
                    }
                ]
            }
        },
        {
            "type": "Feature",
            "geometry": {
                "type": "Point",
                "coordinates": [
                    137.8209689,
                    35.2804875
                ]
            },
            "properties": {
                "都道府県": null,
                "市区町村": null,
                "撮影場所": "天龍村神原ヒヤダ久保",
                "時系列データ": [
                    {
                        "調査時期": "2019_S",
                        "観測回数": 1,
                        "夜空の明るさ_平均": 20.66,
                        "ばらつき_平均": 0.12
                    }
                ]
            }
        },
        {
            "type": "Feature",
            "geometry": {
                "type": "Point",
                "coordinates": [
                    137.8394375,
                    35.30578913
                ]
            },
            "properties": {
                "都道府県": null,
                "市区町村": null,
                "撮影場所": "天龍村平岡和知野",
                "時系列データ": [
                    {
                        "調査時期": "2020_W",
                        "観測回数": 1,
                        "夜空の明るさ_平均": 20.69,
                        "ばらつき_平均": 0.29
                    },
                    {
                        "調査時期": "2019_W",
                        "観測回数": 1,
                        "夜空の明るさ_平均": 21.01,
                        "ばらつき_平均": 0.07
                    },
                    {
                        "調査時期": "2019_S",
                        "観測回数": 1,
                        "夜空の明るさ_平均": 20.98,
                        "ばらつき_平均": 0.61
                    }
                ]
            }
        },
        {
            "type": "Feature",
            "geometry": {
                "type": "Point",
                "coordinates": [
                    138.1453246,
                    36.72110361
                ]
            },
            "properties": {
                "都道府県": null,
                "市区町村": null,
                "撮影場所": "飯綱スキー場駐車場",
                "時系列データ": [
                    {
                        "調査時期": "2019_S",
                        "観測回数": 1,
                        "夜空の明るさ_平均": 20.94,
                        "ばらつき_平均": 0.22
                    }
                ]
            }
        },
        {
            "type": "Feature",
            "geometry": {
                "type": "Point",
                "coordinates": [
                    138.1680053,
                    36.73804326
                ]
            },
            "properties": {
                "都道府県": null,
                "市区町村": null,
                "撮影場所": "いいづなリゾートスキー場　駐車場",
                "時系列データ": [
                    {
                        "調査時期": "2019_S",
                        "観測回数": 1,
                        "夜空の明るさ_平均": 20.4,
                        "ばらつき_平均": 0.12
                    }
                ]
            }
        },
        {
            "type": "Feature",
            "geometry": {
                "type": "Point",
                "coordinates": [
                    137.549673,
                    35.59124444
                ]
            },
            "properties": {
                "都道府県": null,
                "市区町村": null,
                "撮影場所": "田立小学校",
                "時系列データ": [
                    {
                        "調査時期": "2024_W",
                        "観測回数": 1,
                        "夜空の明るさ_平均": 20.74,
                        "ばらつき_平均": 0.07
                    },
                    {
                        "調査時期": "2023_W",
                        "観測回数": 1,
                        "夜空の明るさ_平均": 20.75,
                        "ばらつき_平均": 0.03
                    },
                    {
                        "調査時期": "2022_W",
                        "観測回数": 2,
                        "夜空の明るさ_平均": 20.75,
                        "ばらつき_平均": 0.07
                    },
                    {
                        "調査時期": "2021_W",
                        "観測回数": 1,
                        "夜空の明るさ_平均": 20.47,
                        "ばらつき_平均": 0.07
                    },
                    {
                        "調査時期": "2021_S",
                        "観測回数": 1,
                        "夜空の明るさ_平均": 20.81,
                        "ばらつき_平均": 0.11
                    },
                    {
                        "調査時期": "2020_W",
                        "観測回数": 1,
                        "夜空の明るさ_平均": 20.69,
                        "ばらつき_平均": 0.08
                    },
                    {
                        "調査時期": "2020_S",
                        "観測回数": 1,
                        "夜空の明るさ_平均": 20.77,
                        "ばらつき_平均": 0.2
                    },
                    {
                        "調査時期": "2019_W",
                        "観測回数": 1,
                        "夜空の明るさ_平均": 20.86,
                        "ばらつき_平均": 0.07
                    },
                    {
                        "調査時期": "2019_S",
                        "観測回数": 1,
                        "夜空の明るさ_平均": 20.84,
                        "ばらつき_平均": 0.12
                    }
                ]
            }
        },
        {
            "type": "Feature",
            "geometry": {
                "type": "Point",
                "coordinates": [
                    137.6059538,
                    35.59924535
                ]
            },
            "properties": {
                "都道府県": null,
                "市区町村": null,
                "撮影場所": "天白公園駐車場",
                "時系列データ": [
                    {
                        "調査時期": "2025_W",
                        "観測回数": 1,
                        "夜空の明るさ_平均": 20.56,
                        "ばらつき_平均": 0.05
                    },
                    {
                        "調査時期": "2024_W",
                        "観測回数": 1,
                        "夜空の明るさ_平均": 20.54,
                        "ばらつき_平均": 0.06
                    },
                    {
                        "調査時期": "2023_W",
                        "観測回数": 1,
                        "夜空の明るさ_平均": 20.6,
                        "ばらつき_平均": 0.05
                    },
                    {
                        "調査時期": "2022_W",
                        "観測回数": 1,
                        "夜空の明るさ_平均": 20.66,
                        "ばらつき_平均": 0.08
                    },
                    {
                        "調査時期": "2021_W",
                        "観測回数": 2,
                        "夜空の明るさ_平均": 20.02,
                        "ばらつき_平均": 0.08
                    },
                    {
                        "調査時期": "2021_S",
                        "観測回数": 1,
                        "夜空の明るさ_平均": 20.78,
                        "ばらつき_平均": 0.1
                    },
                    {
                        "調査時期": "2020_W",
                        "観測回数": 1,
                        "夜空の明るさ_平均": 19.87,
                        "ばらつき_平均": 0.09
                    },
                    {
                        "調査時期": "2020_S",
                        "観測回数": 1,
                        "夜空の明るさ_平均": 20.73,
                        "ばらつき_平均": 0.12
                    },
                    {
                        "調査時期": "2019_W",
                        "観測回数": 1,
                        "夜空の明るさ_平均": 20.6,
                        "ばらつき_平均": 0.1
                    },
                    {
                        "調査時期": "2019_S",
                        "観測回数": 1,
                        "夜空の明るさ_平均": 20.66,
                        "ばらつき_平均": 0.14
                    }
                ]
            }
        },
        {
            "type": "Feature",
            "geometry": {
                "type": "Point",
                "coordinates": [
                    137.6711985,
                    35.68901335
                ]
            },
            "properties": {
                "都道府県": null,
                "市区町村": null,
                "撮影場所": "大桑中学校",
                "時系列データ": [
                    {
                        "調査時期": "2022_W",
                        "観測回数": 1,
                        "夜空の明るさ_平均": 20.94,
                        "ばらつき_平均": 0.08
                    },
                    {
                        "調査時期": "2021_W",
                        "観測回数": 1,
                        "夜空の明るさ_平均": 20.57,
                        "ばらつき_平均": 0.08
                    },
                    {
                        "調査時期": "2021_S",
                        "観測回数": 1,
                        "夜空の明るさ_平均": 21.02,
                        "ばらつき_平均": 0.06
                    },
                    {
                        "調査時期": "2020_W",
                        "観測回数": 1,
                        "夜空の明るさ_平均": 20.92,
                        "ばらつき_平均": 0.1
                    },
                    {
                        "調査時期": "2019_W",
                        "観測回数": 1,
                        "夜空の明るさ_平均": 20.96,
                        "ばらつき_平均": 0.08
                    },
                    {
                        "調査時期": "2019_S",
                        "観測回数": 1,
                        "夜空の明るさ_平均": 21.02,
                        "ばらつき_平均": 0.2
                    }
                ]
            }
        },
        {
            "type": "Feature",
            "geometry": {
                "type": "Point",
                "coordinates": [
                    138.1596959,
                    36.12049245
                ]
            },
            "properties": {
                "都道府県": null,
                "市区町村": null,
                "撮影場所": "諏訪郡下諏訪町八島湿原",
                "時系列データ": [
                    {
                        "調査時期": "2026_W",
                        "観測回数": 1,
                        "夜空の明るさ_平均": 20.59,
                        "ばらつき_平均": 0.1
                    },
                    {
                        "調査時期": "2024_W",
                        "観測回数": 1,
                        "夜空の明るさ_平均": 20.93,
                        "ばらつき_平均": 0.08
                    },
                    {
                        "調査時期": "2021_W",
                        "観測回数": 1,
                        "夜空の明るさ_平均": 20.94,
                        "ばらつき_平均": 0.17
                    },
                    {
                        "調査時期": "2019_W",
                        "観測回数": 4,
                        "夜空の明るさ_平均": 20.84,
                        "ばらつき_平均": 0.11
                    }
                ]
            }
        },
        {
            "type": "Feature",
            "geometry": {
                "type": "Point",
                "coordinates": [
                    138.1877893,
                    36.10415001
                ]
            },
            "properties": {
                "都道府県": null,
                "市区町村": null,
                "撮影場所": "諏訪市四賀霧ヶ峰車山肩",
                "時系列データ": [
                    {
                        "調査時期": "2022_W",
                        "観測回数": 1,
                        "夜空の明るさ_平均": 20.74,
                        "ばらつき_平均": 0.09
                    },
                    {
                        "調査時期": "2022_S",
                        "観測回数": 2,
                        "夜空の明るさ_平均": 21.23,
                        "ばらつき_平均": 0.15
                    },
                    {
                        "調査時期": "2020_W",
                        "観測回数": 2,
                        "夜空の明るさ_平均": 20.61,
                        "ばらつき_平均": 0.09
                    },
                    {
                        "調査時期": "2019_W",
                        "観測回数": 1,
                        "夜空の明るさ_平均": 20.66,
                        "ばらつき_平均": 0.07
                    }
                ]
            }
        },
        {
            "type": "Feature",
            "geometry": {
                "type": "Point",
                "coordinates": [
                    137.715396,
                    35.72273341
                ]
            },
            "properties": {
                "都道府県": null,
                "市区町村": null,
                "撮影場所": "木曽郡上松町倉本",
                "時系列データ": [
                    {
                        "調査時期": "2024_W",
                        "観測回数": 1,
                        "夜空の明るさ_平均": 21.13,
                        "ばらつき_平均": 0.07
                    },
                    {
                        "調査時期": "2023_S",
                        "観測回数": 1,
                        "夜空の明るさ_平均": 21.35,
                        "ばらつき_平均": 0.16
                    },
                    {
                        "調査時期": "2020_W",
                        "観測回数": 1,
                        "夜空の明るさ_平均": 21.1,
                        "ばらつき_平均": 0.09
                    },
                    {
                        "調査時期": "2020_S",
                        "観測回数": 1,
                        "夜空の明るさ_平均": 21.42,
                        "ばらつき_平均": 0.2
                    },
                    {
                        "調査時期": "2019_S",
                        "観測回数": 2,
                        "夜空の明るさ_平均": 20.68,
                        "ばらつき_平均": 0.3
                    }
                ]
            }
        },
        {
            "type": "Feature",
            "geometry": {
                "type": "Point",
                "coordinates": [
                    137.6875332,
                    35.80767374
                ]
            },
            "properties": {
                "都道府県": null,
                "市区町村": null,
                "撮影場所": "木曽の桟",
                "時系列データ": [
                    {
                        "調査時期": "2022_W",
                        "観測回数": 1,
                        "夜空の明るさ_平均": 20.79,
                        "ばらつき_平均": 0.07
                    },
                    {
                        "調査時期": "2020_W",
                        "観測回数": 1,
                        "夜空の明るさ_平均": 21.14,
                        "ばらつき_平均": 0.1
                    },
                    {
                        "調査時期": "2019_S",
                        "観測回数": 1,
                        "夜空の明るさ_平均": 21.07,
                        "ばらつき_平均": 0.4
                    }
                ]
            }
        },
        {
            "type": "Feature",
            "geometry": {
                "type": "Point",
                "coordinates": [
                    137.6875761,
                    35.83906919
                ]
            },
            "properties": {
                "都道府県": null,
                "市区町村": null,
                "撮影場所": "木曽合同庁舎脇",
                "時系列データ": [
                    {
                        "調査時期": "2026_W",
                        "観測回数": 1,
                        "夜空の明るさ_平均": 20.01,
                        "ばらつき_平均": 0.12
                    },
                    {
                        "調査時期": "2025_W",
                        "観測回数": 1,
                        "夜空の明るさ_平均": 19.64,
                        "ばらつき_平均": 0.09
                    },
                    {
                        "調査時期": "2025_S",
                        "観測回数": 1,
                        "夜空の明るさ_平均": 19.49,
                        "ばらつき_平均": 0.17
                    },
                    {
                        "調査時期": "2024_W",
                        "観測回数": 1,
                        "夜空の明るさ_平均": 20.15,
                        "ばらつき_平均": 0.08
                    },
                    {
                        "調査時期": "2023_W",
                        "観測回数": 1,
                        "夜空の明るさ_平均": 20.25,
                        "ばらつき_平均": 0.07
                    },
                    {
                        "調査時期": "2022_W",
                        "観測回数": 1,
                        "夜空の明るさ_平均": 20.07,
                        "ばらつき_平均": 0.1
                    },
                    {
                        "調査時期": "2021_W",
                        "観測回数": 1,
                        "夜空の明るさ_平均": 19.46,
                        "ばらつき_平均": 0.12
                    },
                    {
                        "調査時期": "2021_S",
                        "観測回数": 1,
                        "夜空の明るさ_平均": 20.42,
                        "ばらつき_平均": 0.15
                    },
                    {
                        "調査時期": "2020_W",
                        "観測回数": 1,
                        "夜空の明るさ_平均": 20.45,
                        "ばらつき_平均": 0.09
                    },
                    {
                        "調査時期": "2020_S",
                        "観測回数": 1,
                        "夜空の明るさ_平均": 20.53,
                        "ばらつき_平均": 0.16
                    },
                    {
                        "調査時期": "2019_W",
                        "観測回数": 1,
                        "夜空の明るさ_平均": 20.02,
                        "ばらつき_平均": 0.08
                    },
                    {
                        "調査時期": "2019_S",
                        "観測回数": 1,
                        "夜空の明るさ_平均": 20.57,
                        "ばらつき_平均": 0.12
                    }
                ]
            }
        },
        {
            "type": "Feature",
            "geometry": {
                "type": "Point",
                "coordinates": [
                    137.5078923,
                    35.79607107
                ]
            },
            "properties": {
                "都道府県": null,
                "市区町村": null,
                "撮影場所": "王滝村氷ケ瀬",
                "時系列データ": [
                    {
                        "調査時期": "2021_S",
                        "観測回数": 1,
                        "夜空の明るさ_平均": 21.04,
                        "ばらつき_平均": 0.09
                    },
                    {
                        "調査時期": "2020_W",
                        "観測回数": 1,
                        "夜空の明るさ_平均": 20.84,
                        "ばらつき_平均": 0.16
                    },
                    {
                        "調査時期": "2020_S",
                        "観測回数": 1,
                        "夜空の明るさ_平均": 21.77,
                        "ばらつき_平均": 0.14
                    },
                    {
                        "調査時期": "2019_W",
                        "観測回数": 1,
                        "夜空の明るさ_平均": 21.36,
                        "ばらつき_平均": 0.1
                    },
                    {
                        "調査時期": "2019_S",
                        "観測回数": 1,
                        "夜空の明るさ_平均": 21.31,
                        "ばらつき_平均": 0.15
                    }
                ]
            }
        },
        {
            "type": "Feature",
            "geometry": {
                "type": "Point",
                "coordinates": [
                    137.7560046,
                    35.83102795
                ]
            },
            "properties": {
                "都道府県": null,
                "市区町村": null,
                "撮影場所": "キビオ峠",
                "時系列データ": [
                    {
                        "調査時期": "2023_W",
                        "観測回数": 1,
                        "夜空の明るさ_平均": 21.1,
                        "ばらつき_平均": 0.04
                    },
                    {
                        "調査時期": "2022_W",
                        "観測回数": 1,
                        "夜空の明るさ_平均": 21.0,
                        "ばらつき_平均": 0.1
                    },
                    {
                        "調査時期": "2021_W",
                        "観測回数": 1,
                        "夜空の明るさ_平均": 21.04,
                        "ばらつき_平均": 0.09
                    },
                    {
                        "調査時期": "2021_S",
                        "観測回数": 1,
                        "夜空の明るさ_平均": 21.36,
                        "ばらつき_平均": 0.22
                    },
                    {
                        "調査時期": "2020_W",
                        "観測回数": 1,
                        "夜空の明るさ_平均": 21.12,
                        "ばらつき_平均": 0.11
                    },
                    {
                        "調査時期": "2020_S",
                        "観測回数": 1,
                        "夜空の明るさ_平均": 21.52,
                        "ばらつき_平均": 0.18
                    },
                    {
                        "調査時期": "2019_W",
                        "観測回数": 1,
                        "夜空の明るさ_平均": 21.26,
                        "ばらつき_平均": 0.11
                    },
                    {
                        "調査時期": "2019_S",
                        "観測回数": 1,
                        "夜空の明るさ_平均": 20.95,
                        "ばらつき_平均": 0.19
                    }
                ]
            }
        },
        {
            "type": "Feature",
            "geometry": {
                "type": "Point",
                "coordinates": [
                    137.7036962,
                    35.84974464
                ]
            },
            "properties": {
                "都道府県": null,
                "市区町村": null,
                "撮影場所": "関山公園",
                "時系列データ": [
                    {
                        "調査時期": "2023_W",
                        "観測回数": 1,
                        "夜空の明るさ_平均": 20.76,
                        "ばらつき_平均": 0.09
                    },
                    {
                        "調査時期": "2022_W",
                        "観測回数": 1,
                        "夜空の明るさ_平均": 20.37,
                        "ばらつき_平均": 0.09
                    },
                    {
                        "調査時期": "2021_S",
                        "観測回数": 1,
                        "夜空の明るさ_平均": 20.91,
                        "ばらつき_平均": 0.15
                    },
                    {
                        "調査時期": "2020_W",
                        "観測回数": 1,
                        "夜空の明るさ_平均": 20.77,
                        "ばらつき_平均": 0.1
                    },
                    {
                        "調査時期": "2020_S",
                        "観測回数": 1,
                        "夜空の明るさ_平均": 20.94,
                        "ばらつき_平均": 0.1
                    },
                    {
                        "調査時期": "2019_S",
                        "観測回数": 1,
                        "夜空の明るさ_平均": 20.73,
                        "ばらつき_平均": 0.03
                    }
                ]
            }
        },
        {
            "type": "Feature",
            "geometry": {
                "type": "Point",
                "coordinates": [
                    137.810314,
                    35.93437547
                ]
            },
            "properties": {
                "都道府県": null,
                "市区町村": null,
                "撮影場所": "奈良井ダム",
                "時系列データ": [
                    {
                        "調査時期": "2026_W",
                        "観測回数": 1,
                        "夜空の明るさ_平均": 21.04,
                        "ばらつき_平均": 0.09
                    },
                    {
                        "調査時期": "2025_W",
                        "観測回数": 1,
                        "夜空の明るさ_平均": 21.08,
                        "ばらつき_平均": 0.12
                    },
                    {
                        "調査時期": "2025_S",
                        "観測回数": 2,
                        "夜空の明るさ_平均": 20.82,
                        "ばらつき_平均": 0.19
                    },
                    {
                        "調査時期": "2024_W",
                        "観測回数": 1,
                        "夜空の明るさ_平均": 21.11,
                        "ばらつき_平均": 0.1
                    },
                    {
                        "調査時期": "2024_S",
                        "観測回数": 1,
                        "夜空の明るさ_平均": 20.47,
                        "ばらつき_平均": 0.2
                    },
                    {
                        "調査時期": "2023_W",
                        "観測回数": 1,
                        "夜空の明るさ_平均": 21.06,
                        "ばらつき_平均": 0.08
                    },
                    {
                        "調査時期": "2023_S",
                        "観測回数": 1,
                        "夜空の明るさ_平均": 21.4,
                        "ばらつき_平均": 0.18
                    },
                    {
                        "調査時期": "2022_W",
                        "観測回数": 1,
                        "夜空の明るさ_平均": 19.43,
                        "ばらつき_平均": 0.08
                    },
                    {
                        "調査時期": "2021_W",
                        "観測回数": 2,
                        "夜空の明るさ_平均": 21.05,
                        "ばらつき_平均": 0.14
                    },
                    {
                        "調査時期": "2021_S",
                        "観測回数": 1,
                        "夜空の明るさ_平均": 21.24,
                        "ばらつき_平均": 0.16
                    },
                    {
                        "調査時期": "2020_W",
                        "観測回数": 1,
                        "夜空の明るさ_平均": 20.41,
                        "ばらつき_平均": 0.44
                    },
                    {
                        "調査時期": "2020_S",
                        "観測回数": 1,
                        "夜空の明るさ_平均": 21.57,
                        "ばらつき_平均": 0.22
                    },
                    {
                        "調査時期": "2019_W",
                        "観測回数": 1,
                        "夜空の明るさ_平均": 21.02,
                        "ばらつき_平均": 0.12
                    },
                    {
                        "調査時期": "2019_S",
                        "観測回数": 1,
                        "夜空の明るさ_平均": 21.54,
                        "ばらつき_平均": 0.21
                    }
                ]
            }
        },
        {
            "type": "Feature",
            "geometry": {
                "type": "Point",
                "coordinates": [
                    137.7026045,
                    36.04608368
                ]
            },
            "properties": {
                "都道府県": null,
                "市区町村": null,
                "撮影場所": "奈川高原",
                "時系列データ": [
                    {
                        "調査時期": "2026_W",
                        "観測回数": 1,
                        "夜空の明るさ_平均": 21.16,
                        "ばらつき_平均": 0.1
                    },
                    {
                        "調査時期": "2019_S",
                        "観測回数": 1,
                        "夜空の明るさ_平均": 21.85,
                        "ばらつき_平均": 0.31
                    }
                ]
            }
        },
        {
            "type": "Feature",
            "geometry": {
                "type": "Point",
                "coordinates": [
                    138.463549,
                    35.96147344
                ]
            },
            "properties": {
                "都道府県": null,
                "市区町村": null,
                "撮影場所": "南佐久郡南牧村野辺山",
                "時系列データ": [
                    {
                        "調査時期": "2026_W",
                        "観測回数": 1,
                        "夜空の明るさ_平均": 20.74,
                        "ばらつき_平均": 0.04
                    },
                    {
                        "調査時期": "2025_W",
                        "観測回数": 1,
                        "夜空の明るさ_平均": 20.83,
                        "ばらつき_平均": 0.07
                    },
                    {
                        "調査時期": "2023_W",
                        "観測回数": 1,
                        "夜空の明るさ_平均": 20.55,
                        "ばらつき_平均": 0.05
                    },
                    {
                        "調査時期": "2023_S",
                        "観測回数": 1,
                        "夜空の明るさ_平均": 21.05,
                        "ばらつき_平均": 0.12
                    },
                    {
                        "調査時期": "2021_W",
                        "観測回数": 1,
                        "夜空の明るさ_平均": 20.98,
                        "ばらつき_平均": 0.14
                    },
                    {
                        "調査時期": "2020_S",
                        "観測回数": 1,
                        "夜空の明るさ_平均": 21.19,
                        "ばらつき_平均": 0.01
                    },
                    {
                        "調査時期": "2019_S",
                        "観測回数": 1,
                        "夜空の明るさ_平均": 20.88,
                        "ばらつき_平均": 0.0
                    }
                ]
            }
        },
        {
            "type": "Feature",
            "geometry": {
                "type": "Point",
                "coordinates": [
                    137.9870287,
                    36.65961139
                ]
            },
            "properties": {
                "都道府県": null,
                "市区町村": null,
                "撮影場所": "小川天文台",
                "時系列データ": [
                    {
                        "調査時期": "2026_W",
                        "観測回数": 1,
                        "夜空の明るさ_平均": 20.75,
                        "ばらつき_平均": 0.1
                    },
                    {
                        "調査時期": "2025_W",
                        "観測回数": 1,
                        "夜空の明るさ_平均": 20.86,
                        "ばらつき_平均": 0.07
                    },
                    {
                        "調査時期": "2024_W",
                        "観測回数": 1,
                        "夜空の明るさ_平均": 20.99,
                        "ばらつき_平均": 0.07
                    },
                    {
                        "調査時期": "2023_W",
                        "観測回数": 1,
                        "夜空の明るさ_平均": 20.91,
                        "ばらつき_平均": 0.08
                    },
                    {
                        "調査時期": "2023_S",
                        "観測回数": 1,
                        "夜空の明るさ_平均": 21.19,
                        "ばらつき_平均": 0.09
                    },
                    {
                        "調査時期": "2022_W",
                        "観測回数": 1,
                        "夜空の明るさ_平均": 20.54,
                        "ばらつき_平均": 0.07
                    },
                    {
                        "調査時期": "2022_S",
                        "観測回数": 1,
                        "夜空の明るさ_平均": 21.18,
                        "ばらつき_平均": 0.08
                    },
                    {
                        "調査時期": "2019_W",
                        "観測回数": 1,
                        "夜空の明るさ_平均": 20.74,
                        "ばらつき_平均": 0.05
                    },
                    {
                        "調査時期": "2019_S",
                        "観測回数": 1,
                        "夜空の明るさ_平均": 20.91,
                        "ばらつき_平均": 0.07
                    }
                ]
            }
        },
        {
            "type": "Feature",
            "geometry": {
                "type": "Point",
                "coordinates": [
                    138.3438778,
                    36.52260463
                ]
            },
            "properties": {
                "都道府県": null,
                "市区町村": null,
                "撮影場所": "上田市菅平高原",
                "時系列データ": [
                    {
                        "調査時期": "2019_S",
                        "観測回数": 1,
                        "夜空の明るさ_平均": 20.66,
                        "ばらつき_平均": 0.07
                    }
                ]
            }
        },
        {
            "type": "Feature",
            "geometry": {
                "type": "Point",
                "coordinates": [
                    138.3575705,
                    36.55577039
                ]
            },
            "properties": {
                "都道府県": null,
                "市区町村": null,
                "撮影場所": "峰の原高原　サンセットテラス",
                "時系列データ": [
                    {
                        "調査時期": "2020_W",
                        "観測回数": 1,
                        "夜空の明るさ_平均": 17.29,
                        "ばらつき_平均": 0.36
                    },
                    {
                        "調査時期": "2019_S",
                        "観測回数": 1,
                        "夜空の明るさ_平均": 20.38,
                        "ばらつき_平均": 0.12
                    }
                ]
            }
        },
        {
            "type": "Feature",
            "geometry": {
                "type": "Point",
                "coordinates": [
                    138.3964873,
                    36.49061169
                ]
            },
            "properties": {
                "都道府県": null,
                "市区町村": null,
                "撮影場所": "鳥居峠",
                "時系列データ": [
                    {
                        "調査時期": "2019_S",
                        "観測回数": 1,
                        "夜空の明るさ_平均": 18.79,
                        "ばらつき_平均": 0.41
                    }
                ]
            }
        },
        {
            "type": "Feature",
            "geometry": {
                "type": "Point",
                "coordinates": [
                    138.2539675,
                    36.41959744
                ]
            },
            "properties": {
                "都道府県": null,
                "市区町村": null,
                "撮影場所": "太郎山登山口駐車場（四十八曲がりコース）",
                "時系列データ": [
                    {
                        "調査時期": "2019_S",
                        "観測回数": 1,
                        "夜空の明るさ_平均": 18.26,
                        "ばらつき_平均": 0.24
                    }
                ]
            }
        },
        {
            "type": "Feature",
            "geometry": {
                "type": "Point",
                "coordinates": [
                    138.2665784,
                    35.97204873
                ]
            },
            "properties": {
                "都道府県": null,
                "市区町村": null,
                "撮影場所": "八ヶ岳自然文化園",
                "時系列データ": [
                    {
                        "調査時期": "2024_W",
                        "観測回数": 1,
                        "夜空の明るさ_平均": 20.88,
                        "ばらつき_平均": 0.09
                    },
                    {
                        "調査時期": "2022_W",
                        "観測回数": 1,
                        "夜空の明るさ_平均": 20.46,
                        "ばらつき_平均": 0.15
                    },
                    {
                        "調査時期": "2020_W",
                        "観測回数": 1,
                        "夜空の明るさ_平均": 20.72,
                        "ばらつき_平均": 0.11
                    },
                    {
                        "調査時期": "2019_W",
                        "観測回数": 1,
                        "夜空の明るさ_平均": 20.49,
                        "ばらつき_平均": 0.05
                    }
                ]
            }
        },
        {
            "type": "Feature",
            "geometry": {
                "type": "Point",
                "coordinates": [
                    137.6934448,
                    35.78361203
                ]
            },
            "properties": {
                "都道府県": null,
                "市区町村": null,
                "撮影場所": "上松駅前",
                "時系列データ": [
                    {
                        "調査時期": "2025_W",
                        "観測回数": 1,
                        "夜空の明るさ_平均": 20.09,
                        "ばらつき_平均": 0.06
                    },
                    {
                        "調査時期": "2025_S",
                        "観測回数": 1,
                        "夜空の明るさ_平均": 19.8,
                        "ばらつき_平均": 0.07
                    },
                    {
                        "調査時期": "2024_W",
                        "観測回数": 1,
                        "夜空の明るさ_平均": 20.01,
                        "ばらつき_平均": 0.08
                    },
                    {
                        "調査時期": "2023_W",
                        "観測回数": 1,
                        "夜空の明るさ_平均": 20.23,
                        "ばらつき_平均": 0.04
                    },
                    {
                        "調査時期": "2023_S",
                        "観測回数": 1,
                        "夜空の明るさ_平均": 20.26,
                        "ばらつき_平均": 0.09
                    },
                    {
                        "調査時期": "2021_W",
                        "観測回数": 1,
                        "夜空の明るさ_平均": 19.44,
                        "ばらつき_平均": 0.08
                    },
                    {
                        "調査時期": "2021_S",
                        "観測回数": 1,
                        "夜空の明るさ_平均": 20.22,
                        "ばらつき_平均": 0.1
                    },
                    {
                        "調査時期": "2019_W",
                        "観測回数": 2,
                        "夜空の明るさ_平均": 19.38,
                        "ばらつき_平均": 0.08
                    },
                    {
                        "調査時期": "2019_S",
                        "観測回数": 1,
                        "夜空の明るさ_平均": 19.47,
                        "ばらつき_平均": 0.22
                    }
                ]
            }
        },
        {
            "type": "Feature",
            "geometry": {
                "type": "Point",
                "coordinates": [
                    137.0586893,
                    35.39571894
                ]
            },
            "properties": {
                "都道府県": null,
                "市区町村": null,
                "撮影場所": "可児市 天体ドーム横",
                "時系列データ": [
                    {
                        "調査時期": "2022_W",
                        "観測回数": 1,
                        "夜空の明るさ_平均": 18.84,
                        "ばらつき_平均": 0.12
                    },
                    {
                        "調査時期": "2021_W",
                        "観測回数": 1,
                        "夜空の明るさ_平均": 18.2,
                        "ばらつき_平均": 0.15
                    },
                    {
                        "調査時期": "2021_S",
                        "観測回数": 1,
                        "夜空の明るさ_平均": 19.02,
                        "ばらつき_平均": 0.12
                    },
                    {
                        "調査時期": "2020_W",
                        "観測回数": 1,
                        "夜空の明るさ_平均": 18.81,
                        "ばらつき_平均": 0.17
                    },
                    {
                        "調査時期": "2020_S",
                        "観測回数": 1,
                        "夜空の明るさ_平均": 18.63,
                        "ばらつき_平均": 0.28
                    },
                    {
                        "調査時期": "2019_S",
                        "観測回数": 1,
                        "夜空の明るさ_平均": 18.7,
                        "ばらつき_平均": 0.22
                    }
                ]
            }
        },
        {
            "type": "Feature",
            "geometry": {
                "type": "Point",
                "coordinates": [
                    136.4577296,
                    35.57604478
                ]
            },
            "properties": {
                "都道府県": null,
                "市区町村": null,
                "撮影場所": "揖斐川町西横山",
                "時系列データ": [
                    {
                        "調査時期": "2026_W",
                        "観測回数": 1,
                        "夜空の明るさ_平均": 20.42,
                        "ばらつき_平均": 0.1
                    },
                    {
                        "調査時期": "2025_W",
                        "観測回数": 1,
                        "夜空の明るさ_平均": 20.54,
                        "ばらつき_平均": 0.14
                    },
                    {
                        "調査時期": "2025_S",
                        "観測回数": 1,
                        "夜空の明るさ_平均": 20.84,
                        "ばらつき_平均": 0.11
                    },
                    {
                        "調査時期": "2024_W",
                        "観測回数": 1,
                        "夜空の明るさ_平均": 20.66,
                        "ばらつき_平均": 0.1
                    },
                    {
                        "調査時期": "2024_S",
                        "観測回数": 1,
                        "夜空の明るさ_平均": 20.56,
                        "ばらつき_平均": 0.14
                    },
                    {
                        "調査時期": "2023_W",
                        "観測回数": 1,
                        "夜空の明るさ_平均": 20.56,
                        "ばらつき_平均": 0.13
                    },
                    {
                        "調査時期": "2023_S",
                        "観測回数": 1,
                        "夜空の明るさ_平均": 20.77,
                        "ばらつき_平均": 0.12
                    },
                    {
                        "調査時期": "2022_W",
                        "観測回数": 1,
                        "夜空の明るさ_平均": 20.38,
                        "ばらつき_平均": 0.1
                    },
                    {
                        "調査時期": "2022_S",
                        "観測回数": 1,
                        "夜空の明るさ_平均": 20.78,
                        "ばらつき_平均": 0.14
                    },
                    {
                        "調査時期": "2021_W",
                        "観測回数": 1,
                        "夜空の明るさ_平均": 20.22,
                        "ばらつき_平均": 0.08
                    },
                    {
                        "調査時期": "2021_S",
                        "観測回数": 1,
                        "夜空の明るさ_平均": 20.82,
                        "ばらつき_平均": 0.16
                    },
                    {
                        "調査時期": "2020_W",
                        "観測回数": 1,
                        "夜空の明るさ_平均": 20.46,
                        "ばらつき_平均": 0.12
                    },
                    {
                        "調査時期": "2020_S",
                        "観測回数": 1,
                        "夜空の明るさ_平均": 20.88,
                        "ばらつき_平均": 0.13
                    },
                    {
                        "調査時期": "2019_S",
                        "観測回数": 1,
                        "夜空の明るさ_平均": 20.35,
                        "ばらつき_平均": 0.17
                    }
                ]
            }
        },
        {
            "type": "Feature",
            "geometry": {
                "type": "Point",
                "coordinates": [
                    138.6141828,
                    35.2474118
                ]
            },
            "properties": {
                "都道府県": null,
                "市区町村": null,
                "撮影場所": "富士宮市内",
                "時系列データ": [
                    {
                        "調査時期": "2022_W",
                        "観測回数": 3,
                        "夜空の明るさ_平均": 18.45,
                        "ばらつき_平均": 0.08
                    },
                    {
                        "調査時期": "2021_W",
                        "観測回数": 1,
                        "夜空の明るさ_平均": 18.94,
                        "ばらつき_平均": 0.12
                    },
                    {
                        "調査時期": "2019_W",
                        "観測回数": 1,
                        "夜空の明るさ_平均": 18.82,
                        "ばらつき_平均": 0.09
                    },
                    {
                        "調査時期": "2019_S",
                        "観測回数": 1,
                        "夜空の明るさ_平均": 17.98,
                        "ばらつき_平均": 0.12
                    }
                ]
            }
        },
        {
            "type": "Feature",
            "geometry": {
                "type": "Point",
                "coordinates": [
                    136.8997765,
                    35.16501169
                ]
            },
            "properties": {
                "都道府県": null,
                "市区町村": null,
                "撮影場所": "名古屋市科学館",
                "時系列データ": [
                    {
                        "調査時期": "2021_S",
                        "観測回数": 1,
                        "夜空の明るさ_平均": 16.95,
                        "ばらつき_平均": 0.11
                    },
                    {
                        "調査時期": "2019_S",
                        "観測回数": 1,
                        "夜空の明るさ_平均": 16.41,
                        "ばらつき_平均": 0.19
                    }
                ]
            }
        },
        {
            "type": "Feature",
            "geometry": {
                "type": "Point",
                "coordinates": [
                    137.6040336,
                    35.20219273
                ]
            },
            "properties": {
                "都道府県": null,
                "市区町村": null,
                "撮影場所": "道の駅つぐ高原グリーンパーク",
                "時系列データ": [
                    {
                        "調査時期": "2026_W",
                        "観測回数": 2,
                        "夜空の明るさ_平均": 20.48,
                        "ばらつき_平均": 0.09
                    },
                    {
                        "調査時期": "2025_W",
                        "観測回数": 2,
                        "夜空の明るさ_平均": 20.66,
                        "ばらつき_平均": 0.08
                    },
                    {
                        "調査時期": "2025_S",
                        "観測回数": 4,
                        "夜空の明るさ_平均": 20.61,
                        "ばらつき_平均": 0.14
                    },
                    {
                        "調査時期": "2024_S",
                        "観測回数": 2,
                        "夜空の明るさ_平均": 20.48,
                        "ばらつき_平均": 0.14
                    },
                    {
                        "調査時期": "2023_W",
                        "観測回数": 1,
                        "夜空の明るさ_平均": 20.4,
                        "ばらつき_平均": 0.17
                    },
                    {
                        "調査時期": "2022_W",
                        "観測回数": 3,
                        "夜空の明るさ_平均": 20.71,
                        "ばらつき_平均": 0.11
                    },
                    {
                        "調査時期": "2021_W",
                        "観測回数": 1,
                        "夜空の明るさ_平均": 20.95,
                        "ばらつき_平均": 0.17
                    },
                    {
                        "調査時期": "2021_S",
                        "観測回数": 1,
                        "夜空の明るさ_平均": 21.29,
                        "ばらつき_平均": 0.22
                    },
                    {
                        "調査時期": "2020_W",
                        "観測回数": 1,
                        "夜空の明るさ_平均": 20.66,
                        "ばらつき_平均": 0.66
                    },
                    {
                        "調査時期": "2019_W",
                        "観測回数": 2,
                        "夜空の明るさ_平均": 20.98,
                        "ばらつき_平均": 0.15
                    },
                    {
                        "調査時期": "2019_S",
                        "観測回数": 2,
                        "夜空の明るさ_平均": 20.61,
                        "ばらつき_平均": 0.25
                    }
                ]
            }
        },
        {
            "type": "Feature",
            "geometry": {
                "type": "Point",
                "coordinates": [
                    137.6592015,
                    35.22189035
                ]
            },
            "properties": {
                "都道府県": null,
                "市区町村": null,
                "撮影場所": "茶臼山高原(愛知県北設楽郡豊根村)",
                "時系列データ": [
                    {
                        "調査時期": "2026_W",
                        "観測回数": 3,
                        "夜空の明るさ_平均": 20.57,
                        "ばらつき_平均": 0.12
                    },
                    {
                        "調査時期": "2025_W",
                        "観測回数": 2,
                        "夜空の明るさ_平均": 20.75,
                        "ばらつき_平均": 0.09
                    },
                    {
                        "調査時期": "2025_S",
                        "観測回数": 2,
                        "夜空の明るさ_平均": 20.68,
                        "ばらつき_平均": 0.2
                    },
                    {
                        "調査時期": "2024_W",
                        "観測回数": 2,
                        "夜空の明るさ_平均": 20.7,
                        "ばらつき_平均": 0.1
                    },
                    {
                        "調査時期": "2024_S",
                        "観測回数": 2,
                        "夜空の明るさ_平均": 20.61,
                        "ばらつき_平均": 0.11
                    },
                    {
                        "調査時期": "2023_W",
                        "観測回数": 1,
                        "夜空の明るさ_平均": 20.54,
                        "ばらつき_平均": 0.18
                    },
                    {
                        "調査時期": "2023_S",
                        "観測回数": 2,
                        "夜空の明るさ_平均": 21.05,
                        "ばらつき_平均": 0.13
                    },
                    {
                        "調査時期": "2022_S",
                        "観測回数": 1,
                        "夜空の明るさ_平均": 19.43,
                        "ばらつき_平均": 0.21
                    },
                    {
                        "調査時期": "2021_W",
                        "観測回数": 2,
                        "夜空の明るさ_平均": 20.82,
                        "ばらつき_平均": 0.11
                    },
                    {
                        "調査時期": "2021_S",
                        "観測回数": 1,
                        "夜空の明るさ_平均": 21.46,
                        "ばらつき_平均": 0.21
                    },
                    {
                        "調査時期": "2020_S",
                        "観測回数": 2,
                        "夜空の明るさ_平均": 20.8,
                        "ばらつき_平均": 0.25
                    },
                    {
                        "調査時期": "2019_W",
                        "観測回数": 4,
                        "夜空の明るさ_平均": 21.06,
                        "ばらつき_平均": 0.16
                    },
                    {
                        "調査時期": "2019_S",
                        "観測回数": 2,
                        "夜空の明るさ_平均": 21.4,
                        "ばらつき_平均": 0.16
                    }
                ]
            }
        },
        {
            "type": "Feature",
            "geometry": {
                "type": "Point",
                "coordinates": [
                    136.4826393,
                    35.01320589
                ]
            },
            "properties": {
                "都道府県": null,
                "市区町村": null,
                "撮影場所": "アクアイグニス",
                "時系列データ": [
                    {
                        "調査時期": "2020_W",
                        "観測回数": 1,
                        "夜空の明るさ_平均": 18.55,
                        "ばらつき_平均": 0.07
                    },
                    {
                        "調査時期": "2019_W",
                        "観測回数": 1,
                        "夜空の明るさ_平均": 19.86,
                        "ばらつき_平均": 0.1
                    }
                ]
            }
        },
        {
            "type": "Feature",
            "geometry": {
                "type": "Point",
                "coordinates": [
                    136.6178656,
                    34.96652413
                ]
            },
            "properties": {
                "都道府県": null,
                "市区町村": null,
                "撮影場所": "近鉄四日市駅",
                "時系列データ": [
                    {
                        "調査時期": "2020_W",
                        "観測回数": 1,
                        "夜空の明るさ_平均": 14.51,
                        "ばらつき_平均": 0.61
                    }
                ]
            }
        },
        {
            "type": "Feature",
            "geometry": {
                "type": "Point",
                "coordinates": [
                    136.0619041,
                    34.9938554
                ]
            },
            "properties": {
                "都道府県": null,
                "市区町村": null,
                "撮影場所": "石部南まちづくりセンター",
                "時系列データ": [
                    {
                        "調査時期": "2019_W",
                        "観測回数": 1,
                        "夜空の明るさ_平均": 19.12,
                        "ばらつき_平均": 0.07
                    }
                ]
            }
        },
        {
            "type": "Feature",
            "geometry": {
                "type": "Point",
                "coordinates": [
                    136.3047843,
                    35.2112704
                ]
            },
            "properties": {
                "都道府県": null,
                "市区町村": null,
                "撮影場所": "ダイニック　アストロパーク天究館",
                "時系列データ": [
                    {
                        "調査時期": "2019_W",
                        "観測回数": 1,
                        "夜空の明るさ_平均": 19.46,
                        "ばらつき_平均": 0.09
                    },
                    {
                        "調査時期": "2019_S",
                        "観測回数": 1,
                        "夜空の明るさ_平均": 19.37,
                        "ばらつき_平均": 0.08
                    }
                ]
            }
        },
        {
            "type": "Feature",
            "geometry": {
                "type": "Point",
                "coordinates": [
                    136.2207887,
                    35.54663982
                ]
            },
            "properties": {
                "都道府県": null,
                "市区町村": null,
                "撮影場所": "ウッデイパル余呉",
                "時系列データ": [
                    {
                        "調査時期": "2019_S",
                        "観測回数": 1,
                        "夜空の明るさ_平均": 20.98,
                        "ばらつき_平均": 0.32
                    }
                ]
            }
        },
        {
            "type": "Feature",
            "geometry": {
                "type": "Point",
                "coordinates": [
                    136.0704803,
                    35.13161971
                ]
            },
            "properties": {
                "都道府県": null,
                "市区町村": null,
                "撮影場所": "近江八幡市　びわこ天文台",
                "時系列データ": [
                    {
                        "調査時期": "2019_S",
                        "観測回数": 1,
                        "夜空の明るさ_平均": 19.0,
                        "ばらつき_平均": 0.31
                    }
                ]
            }
        },
        {
            "type": "Feature",
            "geometry": {
                "type": "Point",
                "coordinates": [
                    135.9045267,
                    34.78871289
                ]
            },
            "properties": {
                "都道府県": null,
                "市区町村": null,
                "撮影場所": "相楽郡和束町杣田",
                "時系列データ": [
                    {
                        "調査時期": "2019_S",
                        "観測回数": 1,
                        "夜空の明るさ_平均": 19.49,
                        "ばらつき_平均": 0.06
                    }
                ]
            }
        },
        {
            "type": "Feature",
            "geometry": {
                "type": "Point",
                "coordinates": [
                    135.7461717,
                    35.01634333
                ]
            },
            "properties": {
                "都道府県": null,
                "市区町村": null,
                "撮影場所": "上京区主税町",
                "時系列データ": [
                    {
                        "調査時期": "2019_S",
                        "観測回数": 1,
                        "夜空の明るさ_平均": 17.45,
                        "ばらつき_平均": 0.14
                    }
                ]
            }
        },
        {
            "type": "Feature",
            "geometry": {
                "type": "Point",
                "coordinates": [
                    135.7720365,
                    35.01456582
                ]
            },
            "properties": {
                "都道府県": null,
                "市区町村": null,
                "撮影場所": "京都市左京区 鴨川河川敷",
                "時系列データ": [
                    {
                        "調査時期": "2026_W",
                        "観測回数": 1,
                        "夜空の明るさ_平均": 17.36,
                        "ばらつき_平均": 0.08
                    },
                    {
                        "調査時期": "2020_S",
                        "観測回数": 1,
                        "夜空の明るさ_平均": 17.79,
                        "ばらつき_平均": 0.13
                    },
                    {
                        "調査時期": "2019_S",
                        "観測回数": 1,
                        "夜空の明るさ_平均": 17.84,
                        "ばらつき_平均": 0.14
                    }
                ]
            }
        },
        {
            "type": "Feature",
            "geometry": {
                "type": "Point",
                "coordinates": [
                    135.6407315,
                    34.80999972
                ]
            },
            "properties": {
                "都道府県": null,
                "市区町村": null,
                "撮影場所": "枚方市 ひらパー",
                "時系列データ": [
                    {
                        "調査時期": "2024_W",
                        "観測回数": 2,
                        "夜空の明るさ_平均": 17.41,
                        "ばらつき_平均": 0.07
                    },
                    {
                        "調査時期": "2024_S",
                        "観測回数": 1,
                        "夜空の明るさ_平均": 17.41,
                        "ばらつき_平均": 0.15
                    },
                    {
                        "調査時期": "2019_S",
                        "観測回数": 2,
                        "夜空の明るさ_平均": 17.38,
                        "ばらつき_平均": 0.57
                    }
                ]
            }
        },
        {
            "type": "Feature",
            "geometry": {
                "type": "Point",
                "coordinates": [
                    134.9286747,
                    34.67984775
                ]
            },
            "properties": {
                "都道府県": null,
                "市区町村": null,
                "撮影場所": "明姫幹線道路南側",
                "時系列データ": [
                    {
                        "調査時期": "2021_W",
                        "観測回数": 1,
                        "夜空の明るさ_平均": 17.69,
                        "ばらつき_平均": 0.15
                    },
                    {
                        "調査時期": "2021_S",
                        "観測回数": 1,
                        "夜空の明るさ_平均": 18.32,
                        "ばらつき_平均": 0.15
                    },
                    {
                        "調査時期": "2020_W",
                        "観測回数": 1,
                        "夜空の明るさ_平均": 18.12,
                        "ばらつき_平均": 0.13
                    },
                    {
                        "調査時期": "2019_W",
                        "観測回数": 1,
                        "夜空の明るさ_平均": 18.25,
                        "ばらつき_平均": 0.11
                    },
                    {
                        "調査時期": "2019_S",
                        "観測回数": 1,
                        "夜空の明るさ_平均": 18.25,
                        "ばらつき_平均": 0.23
                    }
                ]
            }
        },
        {
            "type": "Feature",
            "geometry": {
                "type": "Point",
                "coordinates": [
                    135.0550817,
                    34.65572342
                ]
            },
            "properties": {
                "都道府県": null,
                "市区町村": null,
                "撮影場所": "兵庫県立舞子高等学校屋上",
                "時系列データ": [
                    {
                        "調査時期": "2025_S",
                        "観測回数": 1,
                        "夜空の明るさ_平均": 19.41,
                        "ばらつき_平均": 0.12
                    },
                    {
                        "調査時期": "2024_S",
                        "観測回数": 1,
                        "夜空の明るさ_平均": 18.52,
                        "ばらつき_平均": 0.12
                    },
                    {
                        "調査時期": "2023_W",
                        "観測回数": 1,
                        "夜空の明るさ_平均": 17.28,
                        "ばらつき_平均": 0.21
                    },
                    {
                        "調査時期": "2021_W",
                        "観測回数": 1,
                        "夜空の明るさ_平均": 17.68,
                        "ばらつき_平均": 0.1
                    },
                    {
                        "調査時期": "2021_S",
                        "観測回数": 1,
                        "夜空の明るさ_平均": 17.55,
                        "ばらつき_平均": 0.33
                    },
                    {
                        "調査時期": "2020_S",
                        "観測回数": 1,
                        "夜空の明るさ_平均": 17.61,
                        "ばらつき_平均": 0.19
                    },
                    {
                        "調査時期": "2019_S",
                        "観測回数": 4,
                        "夜空の明るさ_平均": 17.96,
                        "ばらつき_平均": 0.46
                    }
                ]
            }
        },
        {
            "type": "Feature",
            "geometry": {
                "type": "Point",
                "coordinates": [
                    135.0360352,
                    34.69903264
                ]
            },
            "properties": {
                "都道府県": null,
                "市区町村": null,
                "撮影場所": "神戸市西区井吹台 西神南",
                "時系列データ": [
                    {
                        "調査時期": "2023_W",
                        "観測回数": 1,
                        "夜空の明るさ_平均": 18.21,
                        "ばらつき_平均": 0.07
                    }
                ]
            }
        },
        {
            "type": "Feature",
            "geometry": {
                "type": "Point",
                "coordinates": [
                    135.1337376,
                    34.68360353
                ]
            },
            "properties": {
                "都道府県": null,
                "市区町村": null,
                "撮影場所": "神戸市長田区鹿松町",
                "時系列データ": [
                    {
                        "調査時期": "2026_W",
                        "観測回数": 1,
                        "夜空の明るさ_平均": 17.32,
                        "ばらつき_平均": 0.11
                    },
                    {
                        "調査時期": "2024_S",
                        "観測回数": 1,
                        "夜空の明るさ_平均": 17.74,
                        "ばらつき_平均": 0.16
                    },
                    {
                        "調査時期": "2023_S",
                        "観測回数": 1,
                        "夜空の明るさ_平均": 18.29,
                        "ばらつき_平均": 0.17
                    },
                    {
                        "調査時期": "2022_W",
                        "観測回数": 1,
                        "夜空の明るさ_平均": 17.75,
                        "ばらつき_平均": 0.17
                    },
                    {
                        "調査時期": "2020_S",
                        "観測回数": 1,
                        "夜空の明るさ_平均": 18.25,
                        "ばらつき_平均": 0.07
                    },
                    {
                        "調査時期": "2019_W",
                        "観測回数": 1,
                        "夜空の明るさ_平均": 18.17,
                        "ばらつき_平均": 0.14
                    },
                    {
                        "調査時期": "2019_S",
                        "観測回数": 1,
                        "夜空の明るさ_平均": 17.81,
                        "ばらつき_平均": 0.23
                    }
                ]
            }
        },
        {
            "type": "Feature",
            "geometry": {
                "type": "Point",
                "coordinates": [
                    135.0351584,
                    34.69844059
                ]
            },
            "properties": {
                "都道府県": null,
                "市区町村": null,
                "撮影場所": "神戸市西区井吹台 西神南",
                "時系列データ": [
                    {
                        "調査時期": "2021_S",
                        "観測回数": 7,
                        "夜空の明るさ_平均": 17.64,
                        "ばらつき_平均": 0.15
                    }
                ]
            }
        },
        {
            "type": "Feature",
            "geometry": {
                "type": "Point",
                "coordinates": [
                    134.9912775,
                    34.52607928
                ]
            },
            "properties": {
                "都道府県": null,
                "市区町村": null,
                "撮影場所": "淡路市久留麻 淡路",
                "時系列データ": [
                    {
                        "調査時期": "2019_S",
                        "観測回数": 1,
                        "夜空の明るさ_平均": 19.53,
                        "ばらつき_平均": 0.12
                    }
                ]
            }
        },
        {
            "type": "Feature",
            "geometry": {
                "type": "Point",
                "coordinates": [
                    134.2118758,
                    35.44734395
                ]
            },
            "properties": {
                "都道府県": null,
                "市区町村": null,
                "撮影場所": "鳥取市倉田 倉田スポーツ広場",
                "時系列データ": [
                    {
                        "調査時期": "2026_W",
                        "観測回数": 1,
                        "夜空の明るさ_平均": 19.71,
                        "ばらつき_平均": 0.09
                    },
                    {
                        "調査時期": "2024_W",
                        "観測回数": 1,
                        "夜空の明るさ_平均": 20.13,
                        "ばらつき_平均": 0.09
                    },
                    {
                        "調査時期": "2024_S",
                        "観測回数": 1,
                        "夜空の明るさ_平均": 20.36,
                        "ばらつき_平均": 0.1
                    },
                    {
                        "調査時期": "2023_S",
                        "観測回数": 1,
                        "夜空の明るさ_平均": 20.12,
                        "ばらつき_平均": 0.07
                    },
                    {
                        "調査時期": "2022_W",
                        "観測回数": 1,
                        "夜空の明るさ_平均": 19.76,
                        "ばらつき_平均": 0.12
                    },
                    {
                        "調査時期": "2022_S",
                        "観測回数": 1,
                        "夜空の明るさ_平均": 20.29,
                        "ばらつき_平均": 0.1
                    },
                    {
                        "調査時期": "2021_W",
                        "観測回数": 1,
                        "夜空の明るさ_平均": 19.77,
                        "ばらつき_平均": 0.11
                    },
                    {
                        "調査時期": "2021_S",
                        "観測回数": 1,
                        "夜空の明るさ_平均": 20.32,
                        "ばらつき_平均": 0.07
                    },
                    {
                        "調査時期": "2019_W",
                        "観測回数": 1,
                        "夜空の明るさ_平均": 18.71,
                        "ばらつき_平均": 0.13
                    },
                    {
                        "調査時期": "2019_S",
                        "観測回数": 1,
                        "夜空の明るさ_平均": 19.81,
                        "ばらつき_平均": 0.05
                    }
                ]
            }
        },
        {
            "type": "Feature",
            "geometry": {
                "type": "Point",
                "coordinates": [
                    134.2200083,
                    35.49437887
                ]
            },
            "properties": {
                "都道府県": null,
                "市区町村": null,
                "撮影場所": "鳥取市幸町 幸町棒鼻公園",
                "時系列データ": [
                    {
                        "調査時期": "2024_S",
                        "観測回数": 1,
                        "夜空の明るさ_平均": 18.96,
                        "ばらつき_平均": 0.18
                    },
                    {
                        "調査時期": "2022_W",
                        "観測回数": 1,
                        "夜空の明るさ_平均": 17.25,
                        "ばらつき_平均": 0.15
                    },
                    {
                        "調査時期": "2020_S",
                        "観測回数": 1,
                        "夜空の明るさ_平均": 18.79,
                        "ばらつき_平均": 0.11
                    },
                    {
                        "調査時期": "2019_W",
                        "観測回数": 1,
                        "夜空の明るさ_平均": 17.17,
                        "ばらつき_平均": 0.22
                    },
                    {
                        "調査時期": "2019_S",
                        "観測回数": 1,
                        "夜空の明るさ_平均": 18.41,
                        "ばらつき_平均": 0.13
                    }
                ]
            }
        },
        {
            "type": "Feature",
            "geometry": {
                "type": "Point",
                "coordinates": [
                    134.2370778,
                    35.54487532
                ]
            },
            "properties": {
                "都道府県": null,
                "市区町村": null,
                "撮影場所": "鳥取砂丘駐車場",
                "時系列データ": [
                    {
                        "調査時期": "2026_W",
                        "観測回数": 1,
                        "夜空の明るさ_平均": 19.56,
                        "ばらつき_平均": 0.06
                    },
                    {
                        "調査時期": "2025_W",
                        "観測回数": 1,
                        "夜空の明るさ_平均": 19.8,
                        "ばらつき_平均": 0.18
                    },
                    {
                        "調査時期": "2025_S",
                        "観測回数": 1,
                        "夜空の明るさ_平均": 19.95,
                        "ばらつき_平均": 0.12
                    },
                    {
                        "調査時期": "2024_W",
                        "観測回数": 1,
                        "夜空の明るさ_平均": 20.36,
                        "ばらつき_平均": 0.1
                    },
                    {
                        "調査時期": "2024_S",
                        "観測回数": 1,
                        "夜空の明るさ_平均": 20.21,
                        "ばらつき_平均": 0.12
                    },
                    {
                        "調査時期": "2023_S",
                        "観測回数": 1,
                        "夜空の明るさ_平均": 19.94,
                        "ばらつき_平均": 0.07
                    },
                    {
                        "調査時期": "2022_W",
                        "観測回数": 1,
                        "夜空の明るさ_平均": 18.56,
                        "ばらつき_平均": 0.11
                    },
                    {
                        "調査時期": "2022_S",
                        "観測回数": 1,
                        "夜空の明るさ_平均": 20.43,
                        "ばらつき_平均": 0.09
                    },
                    {
                        "調査時期": "2021_W",
                        "観測回数": 1,
                        "夜空の明るさ_平均": 19.65,
                        "ばらつき_平均": 0.12
                    },
                    {
                        "調査時期": "2021_S",
                        "観測回数": 1,
                        "夜空の明るさ_平均": 20.02,
                        "ばらつき_平均": 0.09
                    },
                    {
                        "調査時期": "2020_S",
                        "観測回数": 1,
                        "夜空の明るさ_平均": 20.16,
                        "ばらつき_平均": 0.07
                    },
                    {
                        "調査時期": "2019_W",
                        "観測回数": 1,
                        "夜空の明るさ_平均": 17.94,
                        "ばらつき_平均": 0.13
                    },
                    {
                        "調査時期": "2019_S",
                        "観測回数": 1,
                        "夜空の明るさ_平均": 19.7,
                        "ばらつき_平均": 0.18
                    }
                ]
            }
        },
        {
            "type": "Feature",
            "geometry": {
                "type": "Point",
                "coordinates": [
                    134.1196561,
                    35.34202176
                ]
            },
            "properties": {
                "都道府県": null,
                "市区町村": null,
                "撮影場所": "さじアストロパーク園地",
                "時系列データ": [
                    {
                        "調査時期": "2023_W",
                        "観測回数": 1,
                        "夜空の明るさ_平均": 20.95,
                        "ばらつき_平均": 0.06
                    },
                    {
                        "調査時期": "2019_S",
                        "観測回数": 1,
                        "夜空の明るさ_平均": 21.24,
                        "ばらつき_平均": 0.06
                    }
                ]
            }
        },
        {
            "type": "Feature",
            "geometry": {
                "type": "Point",
                "coordinates": [
                    134.2057335,
                    35.35722721
                ]
            },
            "properties": {
                "都道府県": null,
                "市区町村": null,
                "撮影場所": "鳥取県鳥取市用瀬町鷹狩",
                "時系列データ": [
                    {
                        "調査時期": "2022_W",
                        "観測回数": 1,
                        "夜空の明るさ_平均": 20.31,
                        "ばらつき_平均": 0.08
                    },
                    {
                        "調査時期": "2019_S",
                        "観測回数": 1,
                        "夜空の明るさ_平均": 20.5,
                        "ばらつき_平均": 0.15
                    }
                ]
            }
        },
        {
            "type": "Feature",
            "geometry": {
                "type": "Point",
                "coordinates": [
                    134.2004067,
                    35.39393215
                ]
            },
            "properties": {
                "都道府県": null,
                "市区町村": null,
                "撮影場所": "鳥取市河原町曳田 桜広場駐車場",
                "時系列データ": [
                    {
                        "調査時期": "2024_W",
                        "観測回数": 1,
                        "夜空の明るさ_平均": 20.44,
                        "ばらつき_平均": 0.08
                    },
                    {
                        "調査時期": "2022_S",
                        "観測回数": 1,
                        "夜空の明るさ_平均": 20.44,
                        "ばらつき_平均": 0.1
                    },
                    {
                        "調査時期": "2021_W",
                        "観測回数": 1,
                        "夜空の明るさ_平均": 19.98,
                        "ばらつき_平均": 0.13
                    },
                    {
                        "調査時期": "2020_S",
                        "観測回数": 1,
                        "夜空の明るさ_平均": 20.7,
                        "ばらつき_平均": 0.14
                    },
                    {
                        "調査時期": "2019_W",
                        "観測回数": 1,
                        "夜空の明るさ_平均": 18.88,
                        "ばらつき_平均": 0.28
                    },
                    {
                        "調査時期": "2019_S",
                        "観測回数": 1,
                        "夜空の明るさ_平均": 20.25,
                        "ばらつき_平均": 0.12
                    }
                ]
            }
        },
        {
            "type": "Feature",
            "geometry": {
                "type": "Point",
                "coordinates": [
                    133.3816624,
                    35.1858186
                ]
            },
            "properties": {
                "都道府県": null,
                "市区町村": null,
                "撮影場所": "滝山公園",
                "時系列データ": [
                    {
                        "調査時期": "2019_S",
                        "観測回数": 1,
                        "夜空の明るさ_平均": 20.93,
                        "ばらつき_平均": 0.2
                    }
                ]
            }
        },
        {
            "type": "Feature",
            "geometry": {
                "type": "Point",
                "coordinates": [
                    133.1694245,
                    35.13633844
                ]
            },
            "properties": {
                "都道府県": null,
                "市区町村": null,
                "撮影場所": "日南町上萩山",
                "時系列データ": [
                    {
                        "調査時期": "2026_W",
                        "観測回数": 2,
                        "夜空の明るさ_平均": 21.41,
                        "ばらつき_平均": 0.12
                    },
                    {
                        "調査時期": "2025_W",
                        "観測回数": 1,
                        "夜空の明るさ_平均": 20.79,
                        "ばらつき_平均": 0.06
                    },
                    {
                        "調査時期": "2024_W",
                        "観測回数": 4,
                        "夜空の明るさ_平均": 21.38,
                        "ばらつき_平均": 0.1
                    },
                    {
                        "調査時期": "2024_S",
                        "観測回数": 3,
                        "夜空の明るさ_平均": 20.96,
                        "ばらつき_平均": 0.06
                    },
                    {
                        "調査時期": "2023_W",
                        "観測回数": 3,
                        "夜空の明るさ_平均": 21.45,
                        "ばらつき_平均": 0.08
                    },
                    {
                        "調査時期": "2022_W",
                        "観測回数": 1,
                        "夜空の明るさ_平均": 21.24,
                        "ばらつき_平均": 0.13
                    },
                    {
                        "調査時期": "2022_S",
                        "観測回数": 2,
                        "夜空の明るさ_平均": 21.25,
                        "ばらつき_平均": 0.08
                    },
                    {
                        "調査時期": "2021_W",
                        "観測回数": 4,
                        "夜空の明るさ_平均": 21.24,
                        "ばらつき_平均": 0.11
                    },
                    {
                        "調査時期": "2021_S",
                        "観測回数": 1,
                        "夜空の明るさ_平均": 21.43,
                        "ばらつき_平均": 0.08
                    },
                    {
                        "調査時期": "2020_W",
                        "観測回数": 4,
                        "夜空の明るさ_平均": 21.45,
                        "ばらつき_平均": 0.14
                    },
                    {
                        "調査時期": "2020_S",
                        "観測回数": 1,
                        "夜空の明るさ_平均": 21.67,
                        "ばらつき_平均": 0.22
                    },
                    {
                        "調査時期": "2019_S",
                        "観測回数": 1,
                        "夜空の明るさ_平均": 21.58,
                        "ばらつき_平均": 0.18
                    }
                ]
            }
        },
        {
            "type": "Feature",
            "geometry": {
                "type": "Point",
                "coordinates": [
                    133.7603366,
                    35.35624895
                ]
            },
            "properties": {
                "都道府県": null,
                "市区町村": null,
                "撮影場所": "倉吉市関金町関金宿",
                "時系列データ": [
                    {
                        "調査時期": "2026_W",
                        "観測回数": 1,
                        "夜空の明るさ_平均": 21.2,
                        "ばらつき_平均": 0.06
                    },
                    {
                        "調査時期": "2025_W",
                        "観測回数": 1,
                        "夜空の明るさ_平均": 20.31,
                        "ばらつき_平均": 0.05
                    },
                    {
                        "調査時期": "2024_W",
                        "観測回数": 1,
                        "夜空の明るさ_平均": 21.15,
                        "ばらつき_平均": 0.06
                    },
                    {
                        "調査時期": "2024_S",
                        "観測回数": 1,
                        "夜空の明るさ_平均": 20.88,
                        "ばらつき_平均": 0.05
                    },
                    {
                        "調査時期": "2023_W",
                        "観測回数": 1,
                        "夜空の明るさ_平均": 21.08,
                        "ばらつき_平均": 0.13
                    },
                    {
                        "調査時期": "2023_S",
                        "観測回数": 1,
                        "夜空の明るさ_平均": 21.48,
                        "ばらつき_平均": 0.1
                    },
                    {
                        "調査時期": "2022_W",
                        "観測回数": 1,
                        "夜空の明るさ_平均": 21.0,
                        "ばらつき_平均": 0.21
                    },
                    {
                        "調査時期": "2022_S",
                        "観測回数": 1,
                        "夜空の明るさ_平均": 21.25,
                        "ばらつき_平均": 0.07
                    },
                    {
                        "調査時期": "2021_W",
                        "観測回数": 1,
                        "夜空の明るさ_平均": 20.88,
                        "ばらつき_平均": 0.12
                    },
                    {
                        "調査時期": "2021_S",
                        "観測回数": 1,
                        "夜空の明るさ_平均": 21.2,
                        "ばらつき_平均": 0.04
                    },
                    {
                        "調査時期": "2020_W",
                        "観測回数": 1,
                        "夜空の明るさ_平均": 20.72,
                        "ばらつき_平均": 0.09
                    },
                    {
                        "調査時期": "2020_S",
                        "観測回数": 1,
                        "夜空の明るさ_平均": 21.02,
                        "ばらつき_平均": 0.15
                    },
                    {
                        "調査時期": "2019_W",
                        "観測回数": 1,
                        "夜空の明るさ_平均": 21.05,
                        "ばらつき_平均": 0.17
                    },
                    {
                        "調査時期": "2019_S",
                        "観測回数": 1,
                        "夜空の明るさ_平均": 20.98,
                        "ばらつき_平均": 0.09
                    }
                ]
            }
        },
        {
            "type": "Feature",
            "geometry": {
                "type": "Point",
                "coordinates": [
                    132.0762393,
                    34.88727472
                ]
            },
            "properties": {
                "都道府県": null,
                "市区町村": null,
                "撮影場所": "浜田市竹迫町 海の見える文化公園",
                "時系列データ": [
                    {
                        "調査時期": "2026_W",
                        "観測回数": 1,
                        "夜空の明るさ_平均": 19.25,
                        "ばらつき_平均": 0.09
                    },
                    {
                        "調査時期": "2025_S",
                        "観測回数": 1,
                        "夜空の明るさ_平均": 19.44,
                        "ばらつき_平均": 0.26
                    },
                    {
                        "調査時期": "2024_W",
                        "観測回数": 1,
                        "夜空の明るさ_平均": 20.68,
                        "ばらつき_平均": 0.1
                    },
                    {
                        "調査時期": "2024_S",
                        "観測回数": 1,
                        "夜空の明るさ_平均": 19.95,
                        "ばらつき_平均": 0.1
                    },
                    {
                        "調査時期": "2023_W",
                        "観測回数": 1,
                        "夜空の明るさ_平均": 20.07,
                        "ばらつき_平均": 0.07
                    },
                    {
                        "調査時期": "2022_S",
                        "観測回数": 1,
                        "夜空の明るさ_平均": 20.23,
                        "ばらつき_平均": 0.11
                    },
                    {
                        "調査時期": "2021_W",
                        "観測回数": 1,
                        "夜空の明るさ_平均": 18.91,
                        "ばらつき_平均": 0.15
                    },
                    {
                        "調査時期": "2021_S",
                        "観測回数": 1,
                        "夜空の明るさ_平均": 20.04,
                        "ばらつき_平均": 0.0
                    },
                    {
                        "調査時期": "2020_S",
                        "観測回数": 1,
                        "夜空の明るさ_平均": 20.2,
                        "ばらつき_平均": 0.13
                    },
                    {
                        "調査時期": "2019_W",
                        "観測回数": 1,
                        "夜空の明るさ_平均": 16.53,
                        "ばらつき_平均": 0.0
                    },
                    {
                        "調査時期": "2019_S",
                        "観測回数": 1,
                        "夜空の明るさ_平均": 18.45,
                        "ばらつき_平均": 0.95
                    }
                ]
            }
        },
        {
            "type": "Feature",
            "geometry": {
                "type": "Point",
                "coordinates": [
                    131.9432661,
                    34.7893658
                ]
            },
            "properties": {
                "都道府県": null,
                "市区町村": null,
                "撮影場所": "三隅町 三保公民館",
                "時系列データ": [
                    {
                        "調査時期": "2026_W",
                        "観測回数": 1,
                        "夜空の明るさ_平均": 20.66,
                        "ばらつき_平均": 0.09
                    },
                    {
                        "調査時期": "2025_S",
                        "観測回数": 1,
                        "夜空の明るさ_平均": 21.0,
                        "ばらつき_平均": 0.11
                    },
                    {
                        "調査時期": "2024_W",
                        "観測回数": 1,
                        "夜空の明るさ_平均": 20.62,
                        "ばらつき_平均": 0.19
                    },
                    {
                        "調査時期": "2024_S",
                        "観測回数": 1,
                        "夜空の明るさ_平均": 20.65,
                        "ばらつき_平均": 0.07
                    },
                    {
                        "調査時期": "2023_S",
                        "観測回数": 1,
                        "夜空の明るさ_平均": 20.5,
                        "ばらつき_平均": 0.05
                    },
                    {
                        "調査時期": "2022_S",
                        "観測回数": 1,
                        "夜空の明るさ_平均": 21.27,
                        "ばらつき_平均": 0.04
                    },
                    {
                        "調査時期": "2021_W",
                        "観測回数": 1,
                        "夜空の明るさ_平均": 20.18,
                        "ばらつき_平均": 0.22
                    },
                    {
                        "調査時期": "2021_S",
                        "観測回数": 1,
                        "夜空の明るさ_平均": 20.24,
                        "ばらつき_平均": 0.0
                    },
                    {
                        "調査時期": "2020_S",
                        "観測回数": 1,
                        "夜空の明るさ_平均": 21.07,
                        "ばらつき_平均": 0.2
                    },
                    {
                        "調査時期": "2019_W",
                        "観測回数": 1,
                        "夜空の明るさ_平均": 21.49,
                        "ばらつき_平均": 0.17
                    },
                    {
                        "調査時期": "2019_S",
                        "観測回数": 1,
                        "夜空の明るさ_平均": 21.58,
                        "ばらつき_平均": 0.52
                    }
                ]
            }
        },
        {
            "type": "Feature",
            "geometry": {
                "type": "Point",
                "coordinates": [
                    133.6029205,
                    34.52651328
                ]
            },
            "properties": {
                "都道府県": null,
                "市区町村": null,
                "撮影場所": "浅口市内",
                "時系列データ": [
                    {
                        "調査時期": "2019_S",
                        "観測回数": 3,
                        "夜空の明るさ_平均": 19.06,
                        "ばらつき_平均": 0.24
                    }
                ]
            }
        },
        {
            "type": "Feature",
            "geometry": {
                "type": "Point",
                "coordinates": [
                    133.5455829,
                    34.67195362
                ]
            },
            "properties": {
                "都道府県": null,
                "市区町村": null,
                "撮影場所": "井原市美星天文台",
                "時系列データ": [
                    {
                        "調査時期": "2019_S",
                        "観測回数": 1,
                        "夜空の明るさ_平均": 21.79,
                        "ばらつき_平均": 0.0
                    }
                ]
            }
        },
        {
            "type": "Feature",
            "geometry": {
                "type": "Point",
                "coordinates": [
                    131.4531766,
                    34.15549173
                ]
            },
            "properties": {
                "都道府県": null,
                "市区町村": null,
                "撮影場所": "山口市矢原町",
                "時系列データ": [
                    {
                        "調査時期": "2019_S",
                        "観測回数": 1,
                        "夜空の明るさ_平均": 18.86,
                        "ばらつき_平均": 0.07
                    }
                ]
            }
        },
        {
            "type": "Feature",
            "geometry": {
                "type": "Point",
                "coordinates": [
                    132.9395693,
                    33.67649157
                ]
            },
            "properties": {
                "都道府県": null,
                "市区町村": null,
                "撮影場所": "久万高原天体観測館",
                "時系列データ": [
                    {
                        "調査時期": "2020_W",
                        "観測回数": 1,
                        "夜空の明るさ_平均": 21.38,
                        "ばらつき_平均": 0.09
                    },
                    {
                        "調査時期": "2019_S",
                        "観測回数": 2,
                        "夜空の明るさ_平均": 21.26,
                        "ばらつき_平均": 0.09
                    }
                ]
            }
        },
        {
            "type": "Feature",
            "geometry": {
                "type": "Point",
                "coordinates": [
                    133.52898,
                    33.5365299
                ]
            },
            "properties": {
                "都道府県": null,
                "市区町村": null,
                "撮影場所": "土佐塾中学・高等学校",
                "時系列データ": [
                    {
                        "調査時期": "2020_W",
                        "観測回数": 1,
                        "夜空の明るさ_平均": 18.9,
                        "ばらつき_平均": 0.2
                    }
                ]
            }
        },
        {
            "type": "Feature",
            "geometry": {
                "type": "Point",
                "coordinates": [
                    132.7933466,
                    33.17408651
                ]
            },
            "properties": {
                "都道府県": null,
                "市区町村": null,
                "撮影場所": "四万十天文台前",
                "時系列データ": [
                    {
                        "調査時期": "2026_W",
                        "観測回数": 6,
                        "夜空の明るさ_平均": 21.02,
                        "ばらつき_平均": 0.1
                    },
                    {
                        "調査時期": "2025_S",
                        "観測回数": 6,
                        "夜空の明るさ_平均": 20.48,
                        "ばらつき_平均": 0.15
                    },
                    {
                        "調査時期": "2024_W",
                        "観測回数": 3,
                        "夜空の明るさ_平均": 21.15,
                        "ばらつき_平均": 0.1
                    },
                    {
                        "調査時期": "2024_S",
                        "観測回数": 1,
                        "夜空の明るさ_平均": 21.14,
                        "ばらつき_平均": 0.08
                    },
                    {
                        "調査時期": "2023_W",
                        "観測回数": 3,
                        "夜空の明るさ_平均": 20.98,
                        "ばらつき_平均": 0.15
                    },
                    {
                        "調査時期": "2023_S",
                        "観測回数": 3,
                        "夜空の明るさ_平均": 21.4,
                        "ばらつき_平均": 0.24
                    },
                    {
                        "調査時期": "2022_W",
                        "観測回数": 2,
                        "夜空の明るさ_平均": 20.45,
                        "ばらつき_平均": 0.1
                    },
                    {
                        "調査時期": "2022_S",
                        "観測回数": 5,
                        "夜空の明るさ_平均": 21.12,
                        "ばらつき_平均": 0.09
                    },
                    {
                        "調査時期": "2021_W",
                        "観測回数": 4,
                        "夜空の明るさ_平均": 20.8,
                        "ばらつき_平均": 0.16
                    },
                    {
                        "調査時期": "2021_S",
                        "観測回数": 6,
                        "夜空の明るさ_平均": 21.14,
                        "ばらつき_平均": 0.17
                    },
                    {
                        "調査時期": "2020_W",
                        "観測回数": 4,
                        "夜空の明るさ_平均": 21.17,
                        "ばらつき_平均": 0.14
                    },
                    {
                        "調査時期": "2020_S",
                        "観測回数": 7,
                        "夜空の明るさ_平均": 21.34,
                        "ばらつき_平均": 0.2
                    },
                    {
                        "調査時期": "2019_W",
                        "観測回数": 1,
                        "夜空の明るさ_平均": 21.4,
                        "ばらつき_平均": 0.08
                    },
                    {
                        "調査時期": "2019_S",
                        "観測回数": 4,
                        "夜空の明るさ_平均": 20.45,
                        "ばらつき_平均": 0.4
                    }
                ]
            }
        },
        {
            "type": "Feature",
            "geometry": {
                "type": "Point",
                "coordinates": [
                    130.3728403,
                    33.57936386
                ]
            },
            "properties": {
                "都道府県": null,
                "市区町村": null,
                "撮影場所": "福岡市中央区草香江",
                "時系列データ": [
                    {
                        "調査時期": "2024_W",
                        "観測回数": 1,
                        "夜空の明るさ_平均": 17.42,
                        "ばらつき_平均": 0.13
                    },
                    {
                        "調査時期": "2022_W",
                        "観測回数": 1,
                        "夜空の明るさ_平均": 17.58,
                        "ばらつき_平均": 0.07
                    },
                    {
                        "調査時期": "2022_S",
                        "観測回数": 1,
                        "夜空の明るさ_平均": 16.95,
                        "ばらつき_平均": 0.12
                    },
                    {
                        "調査時期": "2021_W",
                        "観測回数": 1,
                        "夜空の明るさ_平均": 17.86,
                        "ばらつき_平均": 0.07
                    },
                    {
                        "調査時期": "2021_S",
                        "観測回数": 1,
                        "夜空の明るさ_平均": 17.81,
                        "ばらつき_平均": 0.13
                    },
                    {
                        "調査時期": "2020_S",
                        "観測回数": 1,
                        "夜空の明るさ_平均": 17.82,
                        "ばらつき_平均": 0.13
                    }
                ]
            }
        },
        {
            "type": "Feature",
            "geometry": {
                "type": "Point",
                "coordinates": [
                    130.7599157,
                    33.24302343
                ]
            },
            "properties": {
                "都道府県": null,
                "市区町村": null,
                "撮影場所": "星のふるさと公園 星降る広場",
                "時系列データ": [
                    {
                        "調査時期": "2026_W",
                        "観測回数": 3,
                        "夜空の明るさ_平均": 20.56,
                        "ばらつき_平均": 0.09
                    },
                    {
                        "調査時期": "2024_W",
                        "観測回数": 2,
                        "夜空の明るさ_平均": 20.66,
                        "ばらつき_平均": 0.07
                    },
                    {
                        "調査時期": "2024_S",
                        "観測回数": 2,
                        "夜空の明るさ_平均": 20.51,
                        "ばらつき_平均": 0.11
                    },
                    {
                        "調査時期": "2023_W",
                        "観測回数": 1,
                        "夜空の明るさ_平均": 20.5,
                        "ばらつき_平均": 0.07
                    },
                    {
                        "調査時期": "2021_W",
                        "観測回数": 1,
                        "夜空の明るさ_平均": 20.4,
                        "ばらつき_平均": 0.11
                    },
                    {
                        "調査時期": "2020_S",
                        "観測回数": 1,
                        "夜空の明るさ_平均": 20.8,
                        "ばらつき_平均": 0.11
                    },
                    {
                        "調査時期": "2019_W",
                        "観測回数": 1,
                        "夜空の明るさ_平均": 20.68,
                        "ばらつき_平均": 0.11
                    },
                    {
                        "調査時期": "2019_S",
                        "観測回数": 1,
                        "夜空の明るさ_平均": 19.89,
                        "ばらつき_平均": 0.71
                    }
                ]
            }
        },
        {
            "type": "Feature",
            "geometry": {
                "type": "Point",
                "coordinates": [
                    130.6725659,
                    33.6478326
                ]
            },
            "properties": {
                "都道府県": null,
                "市区町村": null,
                "撮影場所": "飯塚市川津",
                "時系列データ": [
                    {
                        "調査時期": "2020_W",
                        "観測回数": 1,
                        "夜空の明るさ_平均": 18.37,
                        "ばらつき_平均": 0.39
                    },
                    {
                        "調査時期": "2019_W",
                        "観測回数": 1,
                        "夜空の明るさ_平均": 18.48,
                        "ばらつき_平均": 0.09
                    },
                    {
                        "調査時期": "2019_S",
                        "観測回数": 1,
                        "夜空の明るさ_平均": 18.23,
                        "ばらつき_平均": 0.12
                    }
                ]
            }
        },
        {
            "type": "Feature",
            "geometry": {
                "type": "Point",
                "coordinates": [
                    129.6648824,
                    33.30807566
                ]
            },
            "properties": {
                "都道府県": null,
                "市区町村": null,
                "撮影場所": "佐世保市江迎町奧川内 白岳自然公園",
                "時系列データ": [
                    {
                        "調査時期": "2026_W",
                        "観測回数": 1,
                        "夜空の明るさ_平均": 20.32,
                        "ばらつき_平均": 0.07
                    },
                    {
                        "調査時期": "2025_S",
                        "観測回数": 1,
                        "夜空の明るさ_平均": 20.77,
                        "ばらつき_平均": 0.1
                    },
                    {
                        "調査時期": "2024_S",
                        "観測回数": 2,
                        "夜空の明るさ_平均": 20.57,
                        "ばらつき_平均": 0.12
                    },
                    {
                        "調査時期": "2023_S",
                        "観測回数": 1,
                        "夜空の明るさ_平均": 20.38,
                        "ばらつき_平均": 0.19
                    },
                    {
                        "調査時期": "2022_S",
                        "観測回数": 1,
                        "夜空の明るさ_平均": 20.63,
                        "ばらつき_平均": 0.02
                    },
                    {
                        "調査時期": "2021_W",
                        "観測回数": 1,
                        "夜空の明るさ_平均": 20.45,
                        "ばらつき_平均": 0.1
                    },
                    {
                        "調査時期": "2021_S",
                        "観測回数": 1,
                        "夜空の明るさ_平均": 20.87,
                        "ばらつき_平均": 0.19
                    },
                    {
                        "調査時期": "2020_S",
                        "観測回数": 1,
                        "夜空の明るさ_平均": 20.07,
                        "ばらつき_平均": 0.13
                    },
                    {
                        "調査時期": "2019_W",
                        "観測回数": 1,
                        "夜空の明るさ_平均": 20.56,
                        "ばらつき_平均": 0.07
                    }
                ]
            }
        },
        {
            "type": "Feature",
            "geometry": {
                "type": "Point",
                "coordinates": [
                    130.5353719,
                    33.07358586
                ]
            },
            "properties": {
                "都道府県": null,
                "市区町村": null,
                "撮影場所": "リフレスおおむた",
                "時系列データ": [
                    {
                        "調査時期": "2022_W",
                        "観測回数": 2,
                        "夜空の明るさ_平均": 19.3,
                        "ばらつき_平均": 0.14
                    },
                    {
                        "調査時期": "2021_W",
                        "観測回数": 1,
                        "夜空の明るさ_平均": 19.06,
                        "ばらつき_平均": 0.07
                    },
                    {
                        "調査時期": "2020_W",
                        "観測回数": 1,
                        "夜空の明るさ_平均": 19.42,
                        "ばらつき_平均": 0.2
                    },
                    {
                        "調査時期": "2019_S",
                        "観測回数": 1,
                        "夜空の明るさ_平均": 19.7,
                        "ばらつき_平均": 0.1
                    }
                ]
            }
        },
        {
            "type": "Feature",
            "geometry": {
                "type": "Point",
                "coordinates": [
                    131.2439632,
                    33.05043781
                ]
            },
            "properties": {
                "都道府県": null,
                "市区町村": null,
                "撮影場所": "くじゅう花公園周辺",
                "時系列データ": [
                    {
                        "調査時期": "2019_S",
                        "観測回数": 1,
                        "夜空の明るさ_平均": 21.17,
                        "ばらつき_平均": 0.11
                    }
                ]
            }
        },
        {
            "type": "Feature",
            "geometry": {
                "type": "Point",
                "coordinates": [
                    128.4285101,
                    27.04306364
                ]
            },
            "properties": {
                "都道府県": null,
                "市区町村": null,
                "撮影場所": "与論町 金増",
                "時系列データ": [
                    {
                        "調査時期": "2019_S",
                        "観測回数": 1,
                        "夜空の明るさ_平均": 17.65,
                        "ばらつき_平均": 0.2
                    }
                ]
            }
        },
        {
            "type": "Feature",
            "geometry": {
                "type": "Point",
                "coordinates": [
                    130.9789083,
                    30.55735333
                ]
            },
            "properties": {
                "都道府県": null,
                "市区町村": null,
                "撮影場所": "熊毛郡中種子町",
                "時系列データ": [
                    {
                        "調査時期": "2026_W",
                        "観測回数": 1,
                        "夜空の明るさ_平均": 21.44,
                        "ばらつき_平均": 0.09
                    },
                    {
                        "調査時期": "2025_S",
                        "観測回数": 1,
                        "夜空の明るさ_平均": 21.58,
                        "ばらつき_平均": 0.22
                    },
                    {
                        "調査時期": "2024_W",
                        "観測回数": 1,
                        "夜空の明るさ_平均": 21.47,
                        "ばらつき_平均": 0.13
                    },
                    {
                        "調査時期": "2023_S",
                        "観測回数": 1,
                        "夜空の明るさ_平均": 21.58,
                        "ばらつき_平均": 0.19
                    },
                    {
                        "調査時期": "2022_W",
                        "観測回数": 1,
                        "夜空の明るさ_平均": 21.55,
                        "ばらつき_平均": 0.1
                    },
                    {
                        "調査時期": "2022_S",
                        "観測回数": 1,
                        "夜空の明るさ_平均": 21.31,
                        "ばらつき_平均": 0.15
                    },
                    {
                        "調査時期": "2020_S",
                        "観測回数": 1,
                        "夜空の明るさ_平均": 20.85,
                        "ばらつき_平均": 0.31
                    },
                    {
                        "調査時期": "2019_S",
                        "観測回数": 1,
                        "夜空の明るさ_平均": 21.52,
                        "ばらつき_平均": 0.65
                    }
                ]
            }
        },
        {
            "type": "Feature",
            "geometry": {
                "type": "Point",
                "coordinates": [
                    123.7976646,
                    24.04992249
                ]
            },
            "properties": {
                "都道府県": null,
                "市区町村": null,
                "撮影場所": "波照間島星空観測タワー広場",
                "時系列データ": [
                    {
                        "調査時期": "2023_W",
                        "観測回数": 1,
                        "夜空の明るさ_平均": 21.49,
                        "ばらつき_平均": 0.06
                    },
                    {
                        "調査時期": "2019_S",
                        "観測回数": 1,
                        "夜空の明るさ_平均": 21.66,
                        "ばらつき_平均": 0.14
                    }
                ]
            }
        },
        {
            "type": "Feature",
            "geometry": {
                "type": "Point",
                "coordinates": [
                    142.4275,
                    42.38861111
                ]
            },
            "properties": {
                "都道府県": "北海道",
                "市区町村": "新ひだか町",
                "撮影場所": "静内二十間道路",
                "時系列データ": [
                    {
                        "調査時期": "2019_W",
                        "観測回数": 1,
                        "夜空の明るさ_平均": 20.86,
                        "ばらつき_平均": 0.12
                    }
                ]
            }
        },
        {
            "type": "Feature",
            "geometry": {
                "type": "Point",
                "coordinates": [
                    142.42694444,
                    42.38861111
                ]
            },
            "properties": {
                "都道府県": "北海道",
                "市区町村": "新ひだか町",
                "撮影場所": "静内二十間道路",
                "時系列データ": [
                    {
                        "調査時期": "2019_W",
                        "観測回数": 3,
                        "夜空の明るさ_平均": 20.84,
                        "ばらつき_平均": 0.13
                    }
                ]
            }
        },
        {
            "type": "Feature",
            "geometry": {
                "type": "Point",
                "coordinates": [
                    144.40222222,
                    43.52416667
                ]
            },
            "properties": {
                "都道府県": "北海道",
                "市区町村": "弟子屈町",
                "撮影場所": "北海道川上郡弟子屈町",
                "時系列データ": [
                    {
                        "調査時期": "2025_S",
                        "観測回数": 1,
                        "夜空の明るさ_平均": 21.96,
                        "ばらつき_平均": 0.19
                    },
                    {
                        "調査時期": "2024_W",
                        "観測回数": 1,
                        "夜空の明るさ_平均": 21.28,
                        "ばらつき_平均": 0.11
                    },
                    {
                        "調査時期": "2023_S",
                        "観測回数": 1,
                        "夜空の明るさ_平均": 21.56,
                        "ばらつき_平均": 0.13
                    },
                    {
                        "調査時期": "2022_S",
                        "観測回数": 1,
                        "夜空の明るさ_平均": 21.64,
                        "ばらつき_平均": 0.06
                    },
                    {
                        "調査時期": "2019_W",
                        "観測回数": 1,
                        "夜空の明るさ_平均": 21.35,
                        "ばらつき_平均": 0.15
                    }
                ]
            }
        },
        {
            "type": "Feature",
            "geometry": {
                "type": "Point",
                "coordinates": [
                    141.50083333,
                    39.15805556
                ]
            },
            "properties": {
                "都道府県": "岩手県",
                "市区町村": "住田町",
                "撮影場所": "岩手県気仙群住田町 種山高原（遊林ランド種山）",
                "時系列データ": [
                    {
                        "調査時期": "2019_W",
                        "観測回数": 1,
                        "夜空の明るさ_平均": 21.43,
                        "ばらつき_平均": 0.2
                    }
                ]
            }
        },
        {
            "type": "Feature",
            "geometry": {
                "type": "Point",
                "coordinates": [
                    141.66472222,
                    40.28972222
                ]
            },
            "properties": {
                "都道府県": "岩手県",
                "市区町村": "洋野町",
                "撮影場所": "ひろのまきば天文台",
                "時系列データ": [
                    {
                        "調査時期": "2019_W",
                        "観測回数": 1,
                        "夜空の明るさ_平均": 21.27,
                        "ばらつき_平均": 0.07
                    }
                ]
            }
        },
        {
            "type": "Feature",
            "geometry": {
                "type": "Point",
                "coordinates": [
                    141.12972222,
                    39.23666667
                ]
            },
            "properties": {
                "都道府県": "岩手県",
                "市区町村": "金ケ崎町",
                "撮影場所": "岩手県胆沢郡金ケ崎町樺山遺跡付近",
                "時系列データ": [
                    {
                        "調査時期": "2019_W",
                        "観測回数": 1,
                        "夜空の明るさ_平均": 19.8,
                        "ばらつき_平均": 0.09
                    }
                ]
            }
        },
        {
            "type": "Feature",
            "geometry": {
                "type": "Point",
                "coordinates": [
                    141.31444444,
                    40.27138889
                ]
            },
            "properties": {
                "都道府県": "岩手県",
                "市区町村": "二戸市",
                "撮影場所": "岩手県二戸市福岡 古梅児童公園の近辺",
                "時系列データ": [
                    {
                        "調査時期": "2019_W",
                        "観測回数": 1,
                        "夜空の明るさ_平均": 19.71,
                        "ばらつき_平均": 0.05
                    }
                ]
            }
        },
        {
            "type": "Feature",
            "geometry": {
                "type": "Point",
                "coordinates": [
                    140.96527778,
                    39.63333333
                ]
            },
            "properties": {
                "都道府県": "岩手県",
                "市区町村": "雫石町",
                "撮影場所": "コテージむら管理センター 近辺",
                "時系列データ": [
                    {
                        "調査時期": "2019_W",
                        "観測回数": 1,
                        "夜空の明るさ_平均": 21.55,
                        "ばらつき_平均": 0.27
                    }
                ]
            }
        },
        {
            "type": "Feature",
            "geometry": {
                "type": "Point",
                "coordinates": [
                    140.92361111,
                    38.0725
                ]
            },
            "properties": {
                "都道府県": "宮城県",
                "市区町村": "岩沼市",
                "撮影場所": "宮城県岩沼市寺島蒲崎",
                "時系列データ": [
                    {
                        "調査時期": "2019_W",
                        "観測回数": 1,
                        "夜空の明るさ_平均": 19.65,
                        "ばらつき_平均": 0.12
                    }
                ]
            }
        },
        {
            "type": "Feature",
            "geometry": {
                "type": "Point",
                "coordinates": [
                    140.57888889,
                    39.30111111
                ]
            },
            "properties": {
                "都道府県": "秋田県",
                "市区町村": "横手市",
                "撮影場所": "秋田ふるさと村　第４駐車場",
                "時系列データ": [
                    {
                        "調査時期": "2019_W",
                        "観測回数": 1,
                        "夜空の明るさ_平均": 18.57,
                        "ばらつき_平均": 0.11
                    }
                ]
            }
        },
        {
            "type": "Feature",
            "geometry": {
                "type": "Point",
                "coordinates": [
                    140.68833333,
                    36.72305556
                ]
            },
            "properties": {
                "都道府県": "茨城県",
                "市区町村": "高萩市",
                "撮影場所": "茨城県高萩市 秋山中学校付近",
                "時系列データ": [
                    {
                        "調査時期": "2019_W",
                        "観測回数": 2,
                        "夜空の明るさ_平均": 20.01,
                        "ばらつき_平均": 0.11
                    }
                ]
            }
        },
        {
            "type": "Feature",
            "geometry": {
                "type": "Point",
                "coordinates": [
                    140.57444444,
                    36.40944444
                ]
            },
            "properties": {
                "都道府県": "茨城県",
                "市区町村": "ひたちなか市",
                "撮影場所": "茨城県ひたちなか市馬渡",
                "時系列データ": [
                    {
                        "調査時期": "2019_W",
                        "観測回数": 1,
                        "夜空の明るさ_平均": 18.59,
                        "ばらつき_平均": 0.07
                    }
                ]
            }
        },
        {
            "type": "Feature",
            "geometry": {
                "type": "Point",
                "coordinates": [
                    140.1175,
                    36.08333333
                ]
            },
            "properties": {
                "都道府県": "茨城県",
                "市区町村": "つくば市",
                "撮影場所": "茨城県つくば市吾妻",
                "時系列データ": [
                    {
                        "調査時期": "2026_W",
                        "観測回数": 4,
                        "夜空の明るさ_平均": 17.88,
                        "ばらつき_平均": 0.11
                    },
                    {
                        "調査時期": "2025_W",
                        "観測回数": 3,
                        "夜空の明るさ_平均": 18.24,
                        "ばらつき_平均": 0.1
                    },
                    {
                        "調査時期": "2025_S",
                        "観測回数": 1,
                        "夜空の明るさ_平均": 17.24,
                        "ばらつき_平均": 0.1
                    },
                    {
                        "調査時期": "2024_W",
                        "観測回数": 2,
                        "夜空の明るさ_平均": 17.78,
                        "ばらつき_平均": 0.1
                    },
                    {
                        "調査時期": "2024_S",
                        "観測回数": 3,
                        "夜空の明るさ_平均": 18.25,
                        "ばらつき_平均": 0.09
                    },
                    {
                        "調査時期": "2023_W",
                        "観測回数": 2,
                        "夜空の明るさ_平均": 17.99,
                        "ばらつき_平均": 0.07
                    },
                    {
                        "調査時期": "2023_S",
                        "観測回数": 4,
                        "夜空の明るさ_平均": 18.17,
                        "ばらつき_平均": 0.09
                    },
                    {
                        "調査時期": "2022_W",
                        "観測回数": 4,
                        "夜空の明るさ_平均": 17.96,
                        "ばらつき_平均": 0.1
                    },
                    {
                        "調査時期": "2022_S",
                        "観測回数": 2,
                        "夜空の明るさ_平均": 18.15,
                        "ばらつき_平均": 0.08
                    },
                    {
                        "調査時期": "2021_W",
                        "観測回数": 2,
                        "夜空の明るさ_平均": 18.02,
                        "ばらつき_平均": 0.1
                    },
                    {
                        "調査時期": "2021_S",
                        "観測回数": 1,
                        "夜空の明るさ_平均": 17.04,
                        "ばらつき_平均": 0.09
                    },
                    {
                        "調査時期": "2020_S",
                        "観測回数": 3,
                        "夜空の明るさ_平均": 17.8,
                        "ばらつき_平均": 0.14
                    },
                    {
                        "調査時期": "2019_W",
                        "観測回数": 3,
                        "夜空の明るさ_平均": 17.84,
                        "ばらつき_平均": 0.1
                    }
                ]
            }
        },
        {
            "type": "Feature",
            "geometry": {
                "type": "Point",
                "coordinates": [
                    140.46805556,
                    36.68111111
                ]
            },
            "properties": {
                "都道府県": "茨城県",
                "市区町村": "常陸太田市",
                "撮影場所": "茨城県常陸太田市　竜神大吊橋付近",
                "時系列データ": [
                    {
                        "調査時期": "2019_W",
                        "観測回数": 1,
                        "夜空の明るさ_平均": 20.71,
                        "ばらつき_平均": 0.12
                    }
                ]
            }
        },
        {
            "type": "Feature",
            "geometry": {
                "type": "Point",
                "coordinates": [
                    139.84638889,
                    36.80027778
                ]
            },
            "properties": {
                "都道府県": "栃木県",
                "市区町村": "塩谷町",
                "撮影場所": "星ふる学校「くまの木」",
                "時系列データ": [
                    {
                        "調査時期": "2025_W",
                        "観測回数": 1,
                        "夜空の明るさ_平均": 20.3,
                        "ばらつき_平均": 0.09
                    },
                    {
                        "調査時期": "2024_W",
                        "観測回数": 1,
                        "夜空の明るさ_平均": 20.34,
                        "ばらつき_平均": 0.09
                    },
                    {
                        "調査時期": "2021_W",
                        "観測回数": 1,
                        "夜空の明るさ_平均": 20.43,
                        "ばらつき_平均": 0.09
                    },
                    {
                        "調査時期": "2020_S",
                        "観測回数": 1,
                        "夜空の明るさ_平均": 20.65,
                        "ばらつき_平均": 0.14
                    },
                    {
                        "調査時期": "2019_W",
                        "観測回数": 1,
                        "夜空の明るさ_平均": 20.55,
                        "ばらつき_平均": 0.12
                    }
                ]
            }
        },
        {
            "type": "Feature",
            "geometry": {
                "type": "Point",
                "coordinates": [
                    139.86861111,
                    36.55166667
                ]
            },
            "properties": {
                "都道府県": "栃木県",
                "市区町村": "宇都宮市",
                "撮影場所": "栃木県宇都宮市内",
                "時系列データ": [
                    {
                        "調査時期": "2019_W",
                        "観測回数": 1,
                        "夜空の明るさ_平均": 17.8,
                        "ばらつき_平均": 0.13
                    }
                ]
            }
        },
        {
            "type": "Feature",
            "geometry": {
                "type": "Point",
                "coordinates": [
                    138.55222222,
                    36.5225
                ]
            },
            "properties": {
                "都道府県": "群馬県",
                "市区町村": "嬬恋村",
                "撮影場所": "嬬恋村鎌原",
                "時系列データ": [
                    {
                        "調査時期": "2019_W",
                        "観測回数": 1,
                        "夜空の明るさ_平均": 20.63,
                        "ばらつき_平均": 0.08
                    }
                ]
            }
        },
        {
            "type": "Feature",
            "geometry": {
                "type": "Point",
                "coordinates": [
                    139.765,
                    35.93638889
                ]
            },
            "properties": {
                "都道府県": "埼玉県",
                "市区町村": "春日部市",
                "撮影場所": "埼玉県春日部市千間",
                "時系列データ": [
                    {
                        "調査時期": "2019_W",
                        "観測回数": 5,
                        "夜空の明るさ_平均": 17.61,
                        "ばらつき_平均": 0.13
                    }
                ]
            }
        },
        {
            "type": "Feature",
            "geometry": {
                "type": "Point",
                "coordinates": [
                    138.975,
                    35.91805556
                ]
            },
            "properties": {
                "都道府県": "埼玉県",
                "市区町村": "秩父市",
                "撮影場所": "アストレア大滝天体観測所",
                "時系列データ": [
                    {
                        "調査時期": "2022_W",
                        "観測回数": 1,
                        "夜空の明るさ_平均": 20.5,
                        "ばらつき_平均": 0.01
                    },
                    {
                        "調査時期": "2019_W",
                        "観測回数": 1,
                        "夜空の明るさ_平均": 20.61,
                        "ばらつき_平均": 0.09
                    }
                ]
            }
        },
        {
            "type": "Feature",
            "geometry": {
                "type": "Point",
                "coordinates": [
                    139.90444444,
                    35.77944444
                ]
            },
            "properties": {
                "都道府県": "千葉県",
                "市区町村": "松戸市",
                "撮影場所": "千葉県松戸市",
                "時系列データ": [
                    {
                        "調査時期": "2026_W",
                        "観測回数": 1,
                        "夜空の明るさ_平均": 17.09,
                        "ばらつき_平均": 0.07
                    },
                    {
                        "調査時期": "2025_S",
                        "観測回数": 2,
                        "夜空の明るさ_平均": 17.02,
                        "ばらつき_平均": 0.12
                    },
                    {
                        "調査時期": "2024_W",
                        "観測回数": 3,
                        "夜空の明るさ_平均": 17.2,
                        "ばらつき_平均": 0.1
                    },
                    {
                        "調査時期": "2024_S",
                        "観測回数": 2,
                        "夜空の明るさ_平均": 17.04,
                        "ばらつき_平均": 0.16
                    },
                    {
                        "調査時期": "2022_W",
                        "観測回数": 2,
                        "夜空の明るさ_平均": 17.34,
                        "ばらつき_平均": 0.12
                    },
                    {
                        "調査時期": "2020_S",
                        "観測回数": 3,
                        "夜空の明るさ_平均": 17.18,
                        "ばらつき_平均": 0.14
                    },
                    {
                        "調査時期": "2019_W",
                        "観測回数": 2,
                        "夜空の明るさ_平均": 17.09,
                        "ばらつき_平均": 0.17
                    }
                ]
            }
        },
        {
            "type": "Feature",
            "geometry": {
                "type": "Point",
                "coordinates": [
                    140.29888889,
                    35.28222222
                ]
            },
            "properties": {
                "都道府県": "千葉県",
                "市区町村": "いすみ市",
                "撮影場所": "いすみ市運動公園",
                "時系列データ": [
                    {
                        "調査時期": "2019_W",
                        "観測回数": 1,
                        "夜空の明るさ_平均": 20.37,
                        "ばらつき_平均": 0.1
                    }
                ]
            }
        },
        {
            "type": "Feature",
            "geometry": {
                "type": "Point",
                "coordinates": [
                    140.35027778,
                    35.49972222
                ]
            },
            "properties": {
                "都道府県": "千葉県",
                "市区町村": "大網白里市",
                "撮影場所": "千葉県大網白里市北飯塚",
                "時系列データ": [
                    {
                        "調査時期": "2019_W",
                        "観測回数": 1,
                        "夜空の明るさ_平均": 19.42,
                        "ばらつき_平均": 0.07
                    }
                ]
            }
        },
        {
            "type": "Feature",
            "geometry": {
                "type": "Point",
                "coordinates": [
                    140.37944444,
                    35.58888889
                ]
            },
            "properties": {
                "都道府県": "千葉県",
                "市区町村": "東金市",
                "撮影場所": "千葉県東金市松之郷",
                "時系列データ": [
                    {
                        "調査時期": "2019_W",
                        "観測回数": 1,
                        "夜空の明るさ_平均": 18.79,
                        "ばらつき_平均": 0.15
                    }
                ]
            }
        },
        {
            "type": "Feature",
            "geometry": {
                "type": "Point",
                "coordinates": [
                    139.04333333,
                    35.78972222
                ]
            },
            "properties": {
                "都道府県": "東京都",
                "市区町村": "奥多摩町",
                "撮影場所": "西多摩郡奥多摩町 奥多摩湖大麦代園地駐車場",
                "時系列データ": [
                    {
                        "調査時期": "2026_W",
                        "観測回数": 1,
                        "夜空の明るさ_平均": 20.21,
                        "ばらつき_平均": 0.08
                    },
                    {
                        "調査時期": "2025_S",
                        "観測回数": 1,
                        "夜空の明るさ_平均": 20.0,
                        "ばらつき_平均": 0.13
                    },
                    {
                        "調査時期": "2023_W",
                        "観測回数": 1,
                        "夜空の明るさ_平均": 20.08,
                        "ばらつき_平均": 0.06
                    },
                    {
                        "調査時期": "2022_W",
                        "観測回数": 1,
                        "夜空の明るさ_平均": 19.93,
                        "ばらつき_平均": 0.08
                    },
                    {
                        "調査時期": "2021_W",
                        "観測回数": 1,
                        "夜空の明るさ_平均": 20.42,
                        "ばらつき_平均": 0.08
                    },
                    {
                        "調査時期": "2020_W",
                        "観測回数": 1,
                        "夜空の明るさ_平均": 20.01,
                        "ばらつき_平均": 0.07
                    },
                    {
                        "調査時期": "2020_S",
                        "観測回数": 1,
                        "夜空の明るさ_平均": 20.08,
                        "ばらつき_平均": 0.09
                    },
                    {
                        "調査時期": "2019_W",
                        "観測回数": 1,
                        "夜空の明るさ_平均": 20.22,
                        "ばらつき_平均": 0.1
                    }
                ]
            }
        },
        {
            "type": "Feature",
            "geometry": {
                "type": "Point",
                "coordinates": [
                    139.53527778,
                    35.675
                ]
            },
            "properties": {
                "都道府県": "東京都",
                "市区町村": "三鷹市",
                "撮影場所": "東京都三鷹市大沢",
                "時系列データ": [
                    {
                        "調査時期": "2019_W",
                        "観測回数": 1,
                        "夜空の明るさ_平均": 17.69,
                        "ばらつき_平均": 0.11
                    }
                ]
            }
        },
        {
            "type": "Feature",
            "geometry": {
                "type": "Point",
                "coordinates": [
                    139.39027778,
                    35.69638889
                ]
            },
            "properties": {
                "都道府県": "東京都",
                "市区町村": "立川市",
                "撮影場所": "東京都立川市 お庭天文台",
                "時系列データ": [
                    {
                        "調査時期": "2023_W",
                        "観測回数": 2,
                        "夜空の明るさ_平均": 17.48,
                        "ばらつき_平均": 0.12
                    },
                    {
                        "調査時期": "2019_W",
                        "観測回数": 3,
                        "夜空の明るさ_平均": 17.4,
                        "ばらつき_平均": 0.23
                    }
                ]
            }
        },
        {
            "type": "Feature",
            "geometry": {
                "type": "Point",
                "coordinates": [
                    139.6875,
                    35.77638889
                ]
            },
            "properties": {
                "都道府県": "東京都",
                "市区町村": "板橋区",
                "撮影場所": "東京都板橋区志村２丁目 城山公園",
                "時系列データ": [
                    {
                        "調査時期": "2019_W",
                        "観測回数": 1,
                        "夜空の明るさ_平均": 16.47,
                        "ばらつき_平均": 0.23
                    }
                ]
            }
        },
        {
            "type": "Feature",
            "geometry": {
                "type": "Point",
                "coordinates": [
                    139.53944444,
                    35.74055556
                ]
            },
            "properties": {
                "都道府県": "東京都",
                "市区町村": "西東京市",
                "撮影場所": "西東京いこいの森公園",
                "時系列データ": [
                    {
                        "調査時期": "2019_W",
                        "観測回数": 1,
                        "夜空の明るさ_平均": 17.01,
                        "ばらつき_平均": 0.24
                    }
                ]
            }
        },
        {
            "type": "Feature",
            "geometry": {
                "type": "Point",
                "coordinates": [
                    139.1375,
                    34.23972222
                ]
            },
            "properties": {
                "都道府県": "東京都",
                "市区町村": "神津島村",
                "撮影場所": "東京都神津島村 赤崎遊歩道",
                "時系列データ": [
                    {
                        "調査時期": "2025_W",
                        "観測回数": 1,
                        "夜空の明るさ_平均": 21.39,
                        "ばらつき_平均": 0.12
                    },
                    {
                        "調査時期": "2024_W",
                        "観測回数": 1,
                        "夜空の明るさ_平均": 21.35,
                        "ばらつき_平均": 0.07
                    },
                    {
                        "調査時期": "2022_W",
                        "観測回数": 1,
                        "夜空の明るさ_平均": 21.6,
                        "ばらつき_平均": 0.21
                    },
                    {
                        "調査時期": "2021_W",
                        "観測回数": 1,
                        "夜空の明るさ_平均": 21.84,
                        "ばらつき_平均": 0.22
                    },
                    {
                        "調査時期": "2019_W",
                        "観測回数": 1,
                        "夜空の明るさ_平均": 21.71,
                        "ばらつき_平均": 0.07
                    }
                ]
            }
        },
        {
            "type": "Feature",
            "geometry": {
                "type": "Point",
                "coordinates": [
                    139.50861111,
                    35.54833333
                ]
            },
            "properties": {
                "都道府県": "神奈川県",
                "市区町村": "横浜市",
                "撮影場所": "桜台公園",
                "時系列データ": [
                    {
                        "調査時期": "2019_W",
                        "観測回数": 1,
                        "夜空の明るさ_平均": 17.3,
                        "ばらつき_平均": 0.16
                    }
                ]
            }
        },
        {
            "type": "Feature",
            "geometry": {
                "type": "Point",
                "coordinates": [
                    139.21638889,
                    35.47361111
                ]
            },
            "properties": {
                "都道府県": "神奈川県",
                "市区町村": "清川村",
                "撮影場所": "神奈川県清川村、布川橋",
                "時系列データ": [
                    {
                        "調査時期": "2019_W",
                        "観測回数": 1,
                        "夜空の明るさ_平均": 19.34,
                        "ばらつき_平均": 0.06
                    }
                ]
            }
        },
        {
            "type": "Feature",
            "geometry": {
                "type": "Point",
                "coordinates": [
                    138.42,
                    38.06722222
                ]
            },
            "properties": {
                "都道府県": "新潟県",
                "市区町村": "佐渡市",
                "撮影場所": "新潟県佐渡市秋津",
                "時系列データ": [
                    {
                        "調査時期": "2019_W",
                        "観測回数": 1,
                        "夜空の明るさ_平均": 20.23,
                        "ばらつき_平均": 0.17
                    }
                ]
            }
        },
        {
            "type": "Feature",
            "geometry": {
                "type": "Point",
                "coordinates": [
                    138.41527778,
                    38.06111111
                ]
            },
            "properties": {
                "都道府県": "新潟県",
                "市区町村": "佐渡市",
                "撮影場所": "新潟県佐渡市秋津",
                "時系列データ": [
                    {
                        "調査時期": "2019_W",
                        "観測回数": 1,
                        "夜空の明るさ_平均": 20.32,
                        "ばらつき_平均": 0.14
                    }
                ]
            }
        },
        {
            "type": "Feature",
            "geometry": {
                "type": "Point",
                "coordinates": [
                    138.69666667,
                    37.25666667
                ]
            },
            "properties": {
                "都道府県": "新潟県",
                "市区町村": "長岡市",
                "撮影場所": "新潟県長岡市小国町原の県道341号沿",
                "時系列データ": [
                    {
                        "調査時期": "2020_S",
                        "観測回数": 1,
                        "夜空の明るさ_平均": 21.1,
                        "ばらつき_平均": 0.14
                    },
                    {
                        "調査時期": "2019_W",
                        "観測回数": 1,
                        "夜空の明るさ_平均": 20.64,
                        "ばらつき_平均": 0.13
                    }
                ]
            }
        },
        {
            "type": "Feature",
            "geometry": {
                "type": "Point",
                "coordinates": [
                    135.57111111,
                    35.39694444
                ]
            },
            "properties": {
                "都道府県": "福井県",
                "市区町村": "おおい町",
                "撮影場所": "福井県大飯郡おおい町名田庄納田終",
                "時系列データ": [
                    {
                        "調査時期": "2020_S",
                        "観測回数": 1,
                        "夜空の明るさ_平均": 21.14,
                        "ばらつき_平均": 0.26
                    },
                    {
                        "調査時期": "2019_W",
                        "観測回数": 1,
                        "夜空の明るさ_平均": 20.88,
                        "ばらつき_平均": 0.13
                    }
                ]
            }
        },
        {
            "type": "Feature",
            "geometry": {
                "type": "Point",
                "coordinates": [
                    135.64166667,
                    35.40472222
                ]
            },
            "properties": {
                "都道府県": "福井県",
                "市区町村": "おおい町",
                "撮影場所": "福井県大飯郡おおい町名田庄中",
                "時系列データ": [
                    {
                        "調査時期": "2019_W",
                        "観測回数": 1,
                        "夜空の明るさ_平均": 20.79,
                        "ばらつき_平均": 0.09
                    }
                ]
            }
        },
        {
            "type": "Feature",
            "geometry": {
                "type": "Point",
                "coordinates": [
                    136.51277778,
                    35.96722222
                ]
            },
            "properties": {
                "都道府県": "福井県",
                "市区町村": "大野市",
                "撮影場所": "福井県大野市下据",
                "時系列データ": [
                    {
                        "調査時期": "2023_S",
                        "観測回数": 1,
                        "夜空の明るさ_平均": 20.61,
                        "ばらつき_平均": 0.08
                    },
                    {
                        "調査時期": "2020_S",
                        "観測回数": 1,
                        "夜空の明るさ_平均": 20.84,
                        "ばらつき_平均": 0.1
                    },
                    {
                        "調査時期": "2019_W",
                        "観測回数": 1,
                        "夜空の明るさ_平均": 20.19,
                        "ばらつき_平均": 0.15
                    }
                ]
            }
        },
        {
            "type": "Feature",
            "geometry": {
                "type": "Point",
                "coordinates": [
                    136.47972222,
                    36.01777778
                ]
            },
            "properties": {
                "都道府県": "福井県",
                "市区町村": "大野市",
                "撮影場所": "福井県大野市大矢戸 大矢戸天文台",
                "時系列データ": [
                    {
                        "調査時期": "2020_S",
                        "観測回数": 1,
                        "夜空の明るさ_平均": 21.01,
                        "ばらつき_平均": 0.13
                    },
                    {
                        "調査時期": "2019_W",
                        "観測回数": 2,
                        "夜空の明るさ_平均": 20.4,
                        "ばらつき_平均": 0.1
                    }
                ]
            }
        },
        {
            "type": "Feature",
            "geometry": {
                "type": "Point",
                "coordinates": [
                    136.58277778,
                    36.02027778
                ]
            },
            "properties": {
                "都道府県": "福井県",
                "市区町村": "大野市",
                "撮影場所": "六呂師自然保護センター第２駐車場",
                "時系列データ": [
                    {
                        "調査時期": "2023_S",
                        "観測回数": 2,
                        "夜空の明るさ_平均": 21.16,
                        "ばらつき_平均": 0.08
                    },
                    {
                        "調査時期": "2021_W",
                        "観測回数": 1,
                        "夜空の明るさ_平均": 20.57,
                        "ばらつき_平均": 0.14
                    },
                    {
                        "調査時期": "2021_S",
                        "観測回数": 1,
                        "夜空の明るさ_平均": 21.32,
                        "ばらつき_平均": 0.11
                    },
                    {
                        "調査時期": "2020_S",
                        "観測回数": 1,
                        "夜空の明るさ_平均": 21.4,
                        "ばらつき_平均": 0.14
                    },
                    {
                        "調査時期": "2019_W",
                        "観測回数": 1,
                        "夜空の明るさ_平均": 20.41,
                        "ばらつき_平均": 0.36
                    }
                ]
            }
        },
        {
            "type": "Feature",
            "geometry": {
                "type": "Point",
                "coordinates": [
                    136.59416667,
                    36.09027778
                ]
            },
            "properties": {
                "都道府県": "福井県",
                "市区町村": "勝山市",
                "撮影場所": "福井県勝山市北谷町小原集落",
                "時系列データ": [
                    {
                        "調査時期": "2019_W",
                        "観測回数": 1,
                        "夜空の明るさ_平均": 20.94,
                        "ばらつき_平均": 0.14
                    }
                ]
            }
        },
        {
            "type": "Feature",
            "geometry": {
                "type": "Point",
                "coordinates": [
                    136.59111111,
                    36.09083333
                ]
            },
            "properties": {
                "都道府県": "福井県",
                "市区町村": "勝山市",
                "撮影場所": "福井県勝山市北谷町小原集落",
                "時系列データ": [
                    {
                        "調査時期": "2019_W",
                        "観測回数": 1,
                        "夜空の明るさ_平均": 20.96,
                        "ばらつき_平均": 0.1
                    }
                ]
            }
        },
        {
            "type": "Feature",
            "geometry": {
                "type": "Point",
                "coordinates": [
                    138.97805556,
                    35.78527778
                ]
            },
            "properties": {
                "都道府県": "山梨県",
                "市区町村": "丹波山村",
                "撮影場所": "北都留郡丹波山村",
                "時系列データ": [
                    {
                        "調査時期": "2026_W",
                        "観測回数": 1,
                        "夜空の明るさ_平均": 20.5,
                        "ばらつき_平均": 0.08
                    },
                    {
                        "調査時期": "2024_W",
                        "観測回数": 1,
                        "夜空の明るさ_平均": 20.39,
                        "ばらつき_平均": 0.1
                    },
                    {
                        "調査時期": "2024_S",
                        "観測回数": 1,
                        "夜空の明るさ_平均": 20.9,
                        "ばらつき_平均": 0.19
                    },
                    {
                        "調査時期": "2023_W",
                        "観測回数": 1,
                        "夜空の明るさ_平均": 20.62,
                        "ばらつき_平均": 0.05
                    },
                    {
                        "調査時期": "2023_S",
                        "観測回数": 1,
                        "夜空の明るさ_平均": 20.03,
                        "ばらつき_平均": 0.12
                    },
                    {
                        "調査時期": "2021_W",
                        "観測回数": 1,
                        "夜空の明るさ_平均": 20.69,
                        "ばらつき_平均": 0.08
                    },
                    {
                        "調査時期": "2020_S",
                        "観測回数": 1,
                        "夜空の明るさ_平均": 20.32,
                        "ばらつき_平均": 0.15
                    },
                    {
                        "調査時期": "2019_W",
                        "観測回数": 1,
                        "夜空の明るさ_平均": 20.55,
                        "ばらつき_平均": 0.12
                    }
                ]
            }
        },
        {
            "type": "Feature",
            "geometry": {
                "type": "Point",
                "coordinates": [
                    138.31555556,
                    35.7875
                ]
            },
            "properties": {
                "都道府県": "山梨県",
                "市区町村": "北杜市",
                "撮影場所": "山梨県北杜市白州町横手",
                "時系列データ": [
                    {
                        "調査時期": "2019_W",
                        "観測回数": 1,
                        "夜空の明るさ_平均": 21.08,
                        "ばらつき_平均": 0.14
                    }
                ]
            }
        },
        {
            "type": "Feature",
            "geometry": {
                "type": "Point",
                "coordinates": [
                    138.145,
                    36.22722222
                ]
            },
            "properties": {
                "都道府県": "長野県",
                "市区町村": "上田市",
                "撮影場所": "美ヶ原高原",
                "時系列データ": [
                    {
                        "調査時期": "2020_S",
                        "観測回数": 2,
                        "夜空の明るさ_平均": 21.12,
                        "ばらつき_平均": 0.13
                    },
                    {
                        "調査時期": "2019_W",
                        "観測回数": 1,
                        "夜空の明るさ_平均": 20.91,
                        "ばらつき_平均": 0.19
                    }
                ]
            }
        },
        {
            "type": "Feature",
            "geometry": {
                "type": "Point",
                "coordinates": [
                    138.17166667,
                    35.90138889
                ]
            },
            "properties": {
                "都道府県": "長野県",
                "市区町村": "富士見町",
                "撮影場所": "マナスル山荘天文館コテージ広場",
                "時系列データ": [
                    {
                        "調査時期": "2019_W",
                        "観測回数": 1,
                        "夜空の明るさ_平均": 20.59,
                        "ばらつき_平均": 0.13
                    }
                ]
            }
        },
        {
            "type": "Feature",
            "geometry": {
                "type": "Point",
                "coordinates": [
                    138.23027778,
                    36.69666667
                ]
            },
            "properties": {
                "都道府県": "長野県",
                "市区町村": "長野市",
                "撮影場所": "長野市田中",
                "時系列データ": [
                    {
                        "調査時期": "2019_W",
                        "観測回数": 1,
                        "夜空の明るさ_平均": 19.29,
                        "ばらつき_平均": 0.13
                    }
                ]
            }
        },
        {
            "type": "Feature",
            "geometry": {
                "type": "Point",
                "coordinates": [
                    138.31472222,
                    36.44527778
                ]
            },
            "properties": {
                "都道府県": "長野県",
                "市区町村": "上田市",
                "撮影場所": "長野県上田市真田町 長石舟",
                "時系列データ": [
                    {
                        "調査時期": "2019_W",
                        "観測回数": 1,
                        "夜空の明るさ_平均": 20.25,
                        "ばらつき_平均": 0.08
                    }
                ]
            }
        },
        {
            "type": "Feature",
            "geometry": {
                "type": "Point",
                "coordinates": [
                    138.45472222,
                    35.945
                ]
            },
            "properties": {
                "都道府県": "長野県",
                "市区町村": "南牧村",
                "撮影場所": "南牧村野辺山",
                "時系列データ": [
                    {
                        "調査時期": "2019_W",
                        "観測回数": 1,
                        "夜空の明るさ_平均": 20.76,
                        "ばらつき_平均": 0.13
                    }
                ]
            }
        },
        {
            "type": "Feature",
            "geometry": {
                "type": "Point",
                "coordinates": [
                    138.45722222,
                    35.94527778
                ]
            },
            "properties": {
                "都道府県": "長野県",
                "市区町村": "南牧村",
                "撮影場所": "八ヶ岳グレイスホテル グラウンド",
                "時系列データ": [
                    {
                        "調査時期": "2019_W",
                        "観測回数": 1,
                        "夜空の明るさ_平均": 20.73,
                        "ばらつき_平均": 0.12
                    }
                ]
            }
        },
        {
            "type": "Feature",
            "geometry": {
                "type": "Point",
                "coordinates": [
                    137.66388889,
                    35.52305556
                ]
            },
            "properties": {
                "都道府県": "長野県",
                "市区町村": "阿智村",
                "撮影場所": "長野県下伊那郡阿智村清内路 流星観測場所",
                "時系列データ": [
                    {
                        "調査時期": "2019_W",
                        "観測回数": 1,
                        "夜空の明るさ_平均": 21.15,
                        "ばらつき_平均": 0.1
                    }
                ]
            }
        },
        {
            "type": "Feature",
            "geometry": {
                "type": "Point",
                "coordinates": [
                    137.66277778,
                    35.52222222
                ]
            },
            "properties": {
                "都道府県": "長野県",
                "市区町村": "阿智村",
                "撮影場所": "長野県下伊那郡阿智村清内路 流星観測場所",
                "時系列データ": [
                    {
                        "調査時期": "2019_W",
                        "観測回数": 1,
                        "夜空の明るさ_平均": 21.1,
                        "ばらつき_平均": 0.15
                    }
                ]
            }
        },
        {
            "type": "Feature",
            "geometry": {
                "type": "Point",
                "coordinates": [
                    137.9275,
                    35.87444444
                ]
            },
            "properties": {
                "都道府県": "長野県",
                "市区町村": "伊那市",
                "撮影場所": "長野県伊那市西箕輪 中条地区",
                "時系列データ": [
                    {
                        "調査時期": "2019_W",
                        "観測回数": 1,
                        "夜空の明るさ_平均": 20.39,
                        "ばらつき_平均": 0.1
                    }
                ]
            }
        },
        {
            "type": "Feature",
            "geometry": {
                "type": "Point",
                "coordinates": [
                    137.93694444,
                    35.81944444
                ]
            },
            "properties": {
                "都道府県": "長野県",
                "市区町村": "伊那市",
                "撮影場所": "長野県伊那市 西春近北小学校グランド",
                "時系列データ": [
                    {
                        "調査時期": "2025_W",
                        "観測回数": 1,
                        "夜空の明るさ_平均": 19.55,
                        "ばらつき_平均": 0.08
                    },
                    {
                        "調査時期": "2024_W",
                        "観測回数": 1,
                        "夜空の明るさ_平均": 19.76,
                        "ばらつき_平均": 0.09
                    },
                    {
                        "調査時期": "2024_S",
                        "観測回数": 1,
                        "夜空の明るさ_平均": 20.22,
                        "ばらつき_平均": 0.26
                    },
                    {
                        "調査時期": "2023_S",
                        "観測回数": 1,
                        "夜空の明るさ_平均": 19.84,
                        "ばらつき_平均": 0.13
                    },
                    {
                        "調査時期": "2019_W",
                        "観測回数": 1,
                        "夜空の明るさ_平均": 20.12,
                        "ばらつき_平均": 0.1
                    }
                ]
            }
        },
        {
            "type": "Feature",
            "geometry": {
                "type": "Point",
                "coordinates": [
                    137.89833333,
                    35.72944444
                ]
            },
            "properties": {
                "都道府県": "長野県",
                "市区町村": "駒ヶ根市",
                "撮影場所": "駒ヶ根高原家族旅行村アルプスの丘周辺",
                "時系列データ": [
                    {
                        "調査時期": "2024_S",
                        "観測回数": 1,
                        "夜空の明るさ_平均": 21.78,
                        "ばらつき_平均": 0.26
                    },
                    {
                        "調査時期": "2019_W",
                        "観測回数": 1,
                        "夜空の明るさ_平均": 20.2,
                        "ばらつき_平均": 0.05
                    }
                ]
            }
        },
        {
            "type": "Feature",
            "geometry": {
                "type": "Point",
                "coordinates": [
                    138.49805556,
                    35.99777778
                ]
            },
            "properties": {
                "都道府県": "長野県",
                "市区町村": "南牧村",
                "撮影場所": "星と山の宿りんどう",
                "時系列データ": [
                    {
                        "調査時期": "2019_W",
                        "観測回数": 1,
                        "夜空の明るさ_平均": 21.12,
                        "ばらつき_平均": 0.14
                    }
                ]
            }
        },
        {
            "type": "Feature",
            "geometry": {
                "type": "Point",
                "coordinates": [
                    137.70583333,
                    35.84972222
                ]
            },
            "properties": {
                "都道府県": "長野県",
                "市区町村": "木曽町",
                "撮影場所": "関山公園",
                "時系列データ": [
                    {
                        "調査時期": "2019_W",
                        "観測回数": 1,
                        "夜空の明るさ_平均": 20.88,
                        "ばらつき_平均": 0.08
                    }
                ]
            }
        },
        {
            "type": "Feature",
            "geometry": {
                "type": "Point",
                "coordinates": [
                    137.98305556,
                    35.93416667
                ]
            },
            "properties": {
                "都道府県": "長野県",
                "市区町村": "箕輪町",
                "撮影場所": "長野県上伊那郡箕輪町 箕輪北小学校グランド",
                "時系列データ": [
                    {
                        "調査時期": "2025_W",
                        "観測回数": 1,
                        "夜空の明るさ_平均": 19.46,
                        "ばらつき_平均": 0.05
                    },
                    {
                        "調査時期": "2025_S",
                        "観測回数": 1,
                        "夜空の明るさ_平均": 19.58,
                        "ばらつき_平均": 0.05
                    },
                    {
                        "調査時期": "2024_W",
                        "観測回数": 1,
                        "夜空の明るさ_平均": 19.79,
                        "ばらつき_平均": 0.14
                    },
                    {
                        "調査時期": "2024_S",
                        "観測回数": 1,
                        "夜空の明るさ_平均": 20.25,
                        "ばらつき_平均": 0.09
                    },
                    {
                        "調査時期": "2023_S",
                        "観測回数": 1,
                        "夜空の明るさ_平均": 20.17,
                        "ばらつき_平均": 0.06
                    },
                    {
                        "調査時期": "2022_W",
                        "観測回数": 1,
                        "夜空の明るさ_平均": 19.74,
                        "ばらつき_平均": 0.07
                    },
                    {
                        "調査時期": "2021_W",
                        "観測回数": 1,
                        "夜空の明るさ_平均": 19.62,
                        "ばらつき_平均": 0.08
                    },
                    {
                        "調査時期": "2019_W",
                        "観測回数": 1,
                        "夜空の明るさ_平均": 19.73,
                        "ばらつき_平均": 0.06
                    }
                ]
            }
        },
        {
            "type": "Feature",
            "geometry": {
                "type": "Point",
                "coordinates": [
                    137.62527778,
                    35.79694444
                ]
            },
            "properties": {
                "都道府県": "長野県",
                "市区町村": "木曽町",
                "撮影場所": "東京大学木曽観測所",
                "時系列データ": [
                    {
                        "調査時期": "2019_W",
                        "観測回数": 1,
                        "夜空の明るさ_平均": 21.28,
                        "ばらつき_平均": 0.09
                    }
                ]
            }
        },
        {
            "type": "Feature",
            "geometry": {
                "type": "Point",
                "coordinates": [
                    137.90972222,
                    35.72222222
                ]
            },
            "properties": {
                "都道府県": "長野県",
                "市区町村": "駒ヶ根市",
                "撮影場所": "日本電産長野技術研究開発センター周辺",
                "時系列データ": [
                    {
                        "調査時期": "2025_W",
                        "観測回数": 1,
                        "夜空の明るさ_平均": 19.68,
                        "ばらつき_平均": 0.17
                    },
                    {
                        "調査時期": "2019_W",
                        "観測回数": 1,
                        "夜空の明るさ_平均": 19.36,
                        "ばらつき_平均": 0.34
                    }
                ]
            }
        },
        {
            "type": "Feature",
            "geometry": {
                "type": "Point",
                "coordinates": [
                    138.46277778,
                    35.96166667
                ]
            },
            "properties": {
                "都道府県": "長野県",
                "市区町村": "南牧村",
                "撮影場所": "長野県南佐久郡南牧村野辺山",
                "時系列データ": [
                    {
                        "調査時期": "2020_W",
                        "観測回数": 1,
                        "夜空の明るさ_平均": 20.9,
                        "ばらつき_平均": 0.08
                    },
                    {
                        "調査時期": "2019_W",
                        "観測回数": 1,
                        "夜空の明るさ_平均": 20.95,
                        "ばらつき_平均": 0.03
                    }
                ]
            }
        },
        {
            "type": "Feature",
            "geometry": {
                "type": "Point",
                "coordinates": [
                    137.74,
                    35.86666667
                ]
            },
            "properties": {
                "都道府県": "長野県",
                "市区町村": "木曽町",
                "撮影場所": "道の駅日義木曽駒高原",
                "時系列データ": [
                    {
                        "調査時期": "2020_W",
                        "観測回数": 1,
                        "夜空の明るさ_平均": 20.65,
                        "ばらつき_平均": 0.11
                    },
                    {
                        "調査時期": "2019_W",
                        "観測回数": 1,
                        "夜空の明るさ_平均": 20.54,
                        "ばらつき_平均": 0.14
                    }
                ]
            }
        },
        {
            "type": "Feature",
            "geometry": {
                "type": "Point",
                "coordinates": [
                    137.79111111,
                    35.24972222
                ]
            },
            "properties": {
                "都道府県": "長野県",
                "市区町村": "天龍村",
                "撮影場所": "長野県天龍村神原向方憩いの家",
                "時系列データ": [
                    {
                        "調査時期": "2019_W",
                        "観測回数": 1,
                        "夜空の明るさ_平均": 21.16,
                        "ばらつき_平均": 0.11
                    }
                ]
            }
        },
        {
            "type": "Feature",
            "geometry": {
                "type": "Point",
                "coordinates": [
                    137.79,
                    35.23055556
                ]
            },
            "properties": {
                "都道府県": "長野県",
                "市区町村": "天龍村",
                "撮影場所": "長野県天龍村神原峠山",
                "時系列データ": [
                    {
                        "調査時期": "2019_W",
                        "観測回数": 1,
                        "夜空の明るさ_平均": 20.89,
                        "ばらつき_平均": 0.11
                    }
                ]
            }
        },
        {
            "type": "Feature",
            "geometry": {
                "type": "Point",
                "coordinates": [
                    137.89972222,
                    36.06305556
                ]
            },
            "properties": {
                "都道府県": "長野県",
                "市区町村": "塩尻市",
                "撮影場所": "塩尻市本山",
                "時系列データ": [
                    {
                        "調査時期": "2019_W",
                        "観測回数": 1,
                        "夜空の明るさ_平均": 20.14,
                        "ばらつき_平均": 0.09
                    }
                ]
            }
        },
        {
            "type": "Feature",
            "geometry": {
                "type": "Point",
                "coordinates": [
                    137.7025,
                    36.04555556
                ]
            },
            "properties": {
                "都道府県": "長野県",
                "市区町村": "松本市",
                "撮影場所": "奈川高原",
                "時系列データ": [
                    {
                        "調査時期": "2025_W",
                        "観測回数": 1,
                        "夜空の明るさ_平均": 21.26,
                        "ばらつき_平均": 0.1
                    },
                    {
                        "調査時期": "2024_W",
                        "観測回数": 1,
                        "夜空の明るさ_平均": 21.28,
                        "ばらつき_平均": 0.12
                    },
                    {
                        "調査時期": "2024_S",
                        "観測回数": 1,
                        "夜空の明るさ_平均": 20.83,
                        "ばらつき_平均": 0.17
                    },
                    {
                        "調査時期": "2023_W",
                        "観測回数": 1,
                        "夜空の明るさ_平均": 21.23,
                        "ばらつき_平均": 0.05
                    },
                    {
                        "調査時期": "2023_S",
                        "観測回数": 1,
                        "夜空の明るさ_平均": 21.56,
                        "ばらつき_平均": 0.21
                    },
                    {
                        "調査時期": "2022_W",
                        "観測回数": 1,
                        "夜空の明るさ_平均": 20.86,
                        "ばらつき_平均": 0.08
                    },
                    {
                        "調査時期": "2021_W",
                        "観測回数": 2,
                        "夜空の明るさ_平均": 21.12,
                        "ばらつき_平均": 0.14
                    },
                    {
                        "調査時期": "2021_S",
                        "観測回数": 1,
                        "夜空の明るさ_平均": 21.7,
                        "ばらつき_平均": 0.25
                    },
                    {
                        "調査時期": "2020_W",
                        "観測回数": 1,
                        "夜空の明るさ_平均": 21.14,
                        "ばらつき_平均": 0.31
                    },
                    {
                        "調査時期": "2020_S",
                        "観測回数": 1,
                        "夜空の明るさ_平均": 21.64,
                        "ばらつき_平均": 0.22
                    },
                    {
                        "調査時期": "2019_W",
                        "観測回数": 1,
                        "夜空の明るさ_平均": 21.21,
                        "ばらつき_平均": 0.1
                    }
                ]
            }
        },
        {
            "type": "Feature",
            "geometry": {
                "type": "Point",
                "coordinates": [
                    137.66055556,
                    35.22916667
                ]
            },
            "properties": {
                "都道府県": "長野県",
                "市区町村": "根羽村",
                "撮影場所": "根羽村 茶臼山",
                "時系列データ": [
                    {
                        "調査時期": "2019_W",
                        "観測回数": 2,
                        "夜空の明るさ_平均": 20.98,
                        "ばらつき_平均": 0.11
                    }
                ]
            }
        },
        {
            "type": "Feature",
            "geometry": {
                "type": "Point",
                "coordinates": [
                    138.34416667,
                    36.52138889
                ]
            },
            "properties": {
                "都道府県": "長野県",
                "市区町村": "上田市",
                "撮影場所": "長野県上田市菅平高原",
                "時系列データ": [
                    {
                        "調査時期": "2019_W",
                        "観測回数": 1,
                        "夜空の明るさ_平均": 20.53,
                        "ばらつき_平均": 0.12
                    }
                ]
            }
        },
        {
            "type": "Feature",
            "geometry": {
                "type": "Point",
                "coordinates": [
                    138.42083333,
                    36.42583333
                ]
            },
            "properties": {
                "都道府県": "長野県",
                "市区町村": "東御市",
                "撮影場所": "長野県東御市湯の丸高原",
                "時系列データ": [
                    {
                        "調査時期": "2019_W",
                        "観測回数": 1,
                        "夜空の明るさ_平均": 20.64,
                        "ばらつき_平均": 0.06
                    }
                ]
            }
        },
        {
            "type": "Feature",
            "geometry": {
                "type": "Point",
                "coordinates": [
                    138.47055556,
                    36.40361111
                ]
            },
            "properties": {
                "都道府県": "長野県",
                "市区町村": "小諸市",
                "撮影場所": "長野県小諸市高峰高原",
                "時系列データ": [
                    {
                        "調査時期": "2019_W",
                        "観測回数": 1,
                        "夜空の明るさ_平均": 20.98,
                        "ばらつき_平均": 0.11
                    }
                ]
            }
        },
        {
            "type": "Feature",
            "geometry": {
                "type": "Point",
                "coordinates": [
                    138.13527778,
                    36.25805556
                ]
            },
            "properties": {
                "都道府県": "長野県",
                "市区町村": "上田市",
                "撮影場所": "武石観光センター",
                "時系列データ": [
                    {
                        "調査時期": "2021_W",
                        "観測回数": 1,
                        "夜空の明るさ_平均": 20.57,
                        "ばらつき_平均": 0.31
                    },
                    {
                        "調査時期": "2019_W",
                        "観測回数": 1,
                        "夜空の明るさ_平均": 20.73,
                        "ばらつき_平均": 0.11
                    }
                ]
            }
        },
        {
            "type": "Feature",
            "geometry": {
                "type": "Point",
                "coordinates": [
                    137.9775,
                    36.23416667
                ]
            },
            "properties": {
                "都道府県": "長野県",
                "市区町村": "松本市",
                "撮影場所": "長野県松本市中央",
                "時系列データ": [
                    {
                        "調査時期": "2026_W",
                        "観測回数": 1,
                        "夜空の明るさ_平均": 18.06,
                        "ばらつき_平均": 0.12
                    },
                    {
                        "調査時期": "2025_S",
                        "観測回数": 1,
                        "夜空の明るさ_平均": 17.71,
                        "ばらつき_平均": 0.03
                    },
                    {
                        "調査時期": "2023_W",
                        "観測回数": 1,
                        "夜空の明るさ_平均": 17.99,
                        "ばらつき_平均": 0.1
                    },
                    {
                        "調査時期": "2021_W",
                        "観測回数": 1,
                        "夜空の明るさ_平均": 17.89,
                        "ばらつき_平均": 0.12
                    },
                    {
                        "調査時期": "2019_W",
                        "観測回数": 1,
                        "夜空の明るさ_平均": 17.97,
                        "ばらつき_平均": 0.03
                    }
                ]
            }
        },
        {
            "type": "Feature",
            "geometry": {
                "type": "Point",
                "coordinates": [
                    137.95527778,
                    36.25694444
                ]
            },
            "properties": {
                "都道府県": "長野県",
                "市区町村": "松本市",
                "撮影場所": "アルプス公園駐車場",
                "時系列データ": [
                    {
                        "調査時期": "2024_W",
                        "観測回数": 1,
                        "夜空の明るさ_平均": 19.37,
                        "ばらつき_平均": 0.04
                    },
                    {
                        "調査時期": "2023_W",
                        "観測回数": 1,
                        "夜空の明るさ_平均": 19.18,
                        "ばらつき_平均": 0.09
                    },
                    {
                        "調査時期": "2021_W",
                        "観測回数": 1,
                        "夜空の明るさ_平均": 19.18,
                        "ばらつき_平均": 0.1
                    },
                    {
                        "調査時期": "2019_W",
                        "観測回数": 1,
                        "夜空の明るさ_平均": 19.42,
                        "ばらつき_平均": 0.07
                    }
                ]
            }
        },
        {
            "type": "Feature",
            "geometry": {
                "type": "Point",
                "coordinates": [
                    137.68666667,
                    35.80916667
                ]
            },
            "properties": {
                "都道府県": "長野県",
                "市区町村": "上松町",
                "撮影場所": "木曽の桟",
                "時系列データ": [
                    {
                        "調査時期": "2025_W",
                        "観測回数": 1,
                        "夜空の明るさ_平均": 21.1,
                        "ばらつき_平均": 0.06
                    },
                    {
                        "調査時期": "2021_W",
                        "観測回数": 1,
                        "夜空の明るさ_平均": 20.61,
                        "ばらつき_平均": 0.09
                    },
                    {
                        "調査時期": "2021_S",
                        "観測回数": 1,
                        "夜空の明るさ_平均": 21.1,
                        "ばらつき_平均": 0.12
                    },
                    {
                        "調査時期": "2020_S",
                        "観測回数": 1,
                        "夜空の明るさ_平均": 21.17,
                        "ばらつき_平均": 0.18
                    },
                    {
                        "調査時期": "2019_W",
                        "観測回数": 1,
                        "夜空の明るさ_平均": 20.95,
                        "ばらつき_平均": 0.11
                    }
                ]
            }
        },
        {
            "type": "Feature",
            "geometry": {
                "type": "Point",
                "coordinates": [
                    137.62694444,
                    35.56277778
                ]
            },
            "properties": {
                "都道府県": "長野県",
                "市区町村": "南木曽町",
                "撮影場所": "私設天文台「多幸知（たこうち）天文台」",
                "時系列データ": [
                    {
                        "調査時期": "2019_W",
                        "観測回数": 2,
                        "夜空の明るさ_平均": 20.87,
                        "ばらつき_平均": 0.08
                    }
                ]
            }
        },
        {
            "type": "Feature",
            "geometry": {
                "type": "Point",
                "coordinates": [
                    138.43972222,
                    36.05916667
                ]
            },
            "properties": {
                "都道府県": "長野県",
                "市区町村": "小海町",
                "撮影場所": "長野県南佐久郡小海町豊里",
                "時系列データ": [
                    {
                        "調査時期": "2019_W",
                        "観測回数": 1,
                        "夜空の明るさ_平均": 20.97,
                        "ばらつき_平均": 0.12
                    }
                ]
            }
        },
        {
            "type": "Feature",
            "geometry": {
                "type": "Point",
                "coordinates": [
                    137.78833333,
                    35.23
                ]
            },
            "properties": {
                "都道府県": "長野県",
                "市区町村": "天龍村",
                "撮影場所": "長野県天龍村神原峠山",
                "時系列データ": [
                    {
                        "調査時期": "2019_W",
                        "観測回数": 1,
                        "夜空の明るさ_平均": 21.07,
                        "ばらつき_平均": 0.19
                    }
                ]
            }
        },
        {
            "type": "Feature",
            "geometry": {
                "type": "Point",
                "coordinates": [
                    137.82055556,
                    35.28138889
                ]
            },
            "properties": {
                "都道府県": "長野県",
                "市区町村": "天龍村",
                "撮影場所": "長野県天龍村神原ヒヤダ久保",
                "時系列データ": [
                    {
                        "調査時期": "2019_W",
                        "観測回数": 1,
                        "夜空の明るさ_平均": 20.88,
                        "ばらつき_平均": 0.12
                    }
                ]
            }
        },
        {
            "type": "Feature",
            "geometry": {
                "type": "Point",
                "coordinates": [
                    138.51611111,
                    36.06138889
                ]
            },
            "properties": {
                "都道府県": "長野県",
                "市区町村": "北相木村",
                "撮影場所": "長野県南佐久郡北相木村栃原",
                "時系列データ": [
                    {
                        "調査時期": "2025_W",
                        "観測回数": 1,
                        "夜空の明るさ_平均": 20.94,
                        "ばらつき_平均": 0.1
                    },
                    {
                        "調査時期": "2025_S",
                        "観測回数": 1,
                        "夜空の明るさ_平均": 20.59,
                        "ばらつき_平均": 0.16
                    },
                    {
                        "調査時期": "2024_W",
                        "観測回数": 1,
                        "夜空の明るさ_平均": 20.91,
                        "ばらつき_平均": 0.09
                    },
                    {
                        "調査時期": "2021_W",
                        "観測回数": 1,
                        "夜空の明るさ_平均": 20.61,
                        "ばらつき_平均": 0.12
                    },
                    {
                        "調査時期": "2021_S",
                        "観測回数": 1,
                        "夜空の明るさ_平均": 21.27,
                        "ばらつき_平均": 0.17
                    },
                    {
                        "調査時期": "2020_S",
                        "観測回数": 1,
                        "夜空の明るさ_平均": 21.43,
                        "ばらつき_平均": 0.14
                    },
                    {
                        "調査時期": "2019_W",
                        "観測回数": 2,
                        "夜空の明るさ_平均": 21.12,
                        "ばらつき_平均": 0.11
                    }
                ]
            }
        },
        {
            "type": "Feature",
            "geometry": {
                "type": "Point",
                "coordinates": [
                    137.62916667,
                    35.93222222
                ]
            },
            "properties": {
                "都道府県": "長野県",
                "市区町村": "木曽町",
                "撮影場所": "長野県木曽町開田高原 末川地区",
                "時系列データ": [
                    {
                        "調査時期": "2025_W",
                        "観測回数": 2,
                        "夜空の明るさ_平均": 21.45,
                        "ばらつき_平均": 0.11
                    },
                    {
                        "調査時期": "2024_W",
                        "観測回数": 1,
                        "夜空の明るさ_平均": 21.5,
                        "ばらつき_平均": 0.11
                    },
                    {
                        "調査時期": "2024_S",
                        "観測回数": 1,
                        "夜空の明るさ_平均": 21.71,
                        "ばらつき_平均": 0.14
                    },
                    {
                        "調査時期": "2023_S",
                        "観測回数": 1,
                        "夜空の明るさ_平均": 21.78,
                        "ばらつき_平均": 0.12
                    },
                    {
                        "調査時期": "2022_W",
                        "観測回数": 1,
                        "夜空の明るさ_平均": 21.32,
                        "ばらつき_平均": 0.12
                    },
                    {
                        "調査時期": "2022_S",
                        "観測回数": 1,
                        "夜空の明るさ_平均": 21.11,
                        "ばらつき_平均": 0.06
                    },
                    {
                        "調査時期": "2021_W",
                        "観測回数": 1,
                        "夜空の明るさ_平均": 21.39,
                        "ばらつき_平均": 0.09
                    },
                    {
                        "調査時期": "2021_S",
                        "観測回数": 2,
                        "夜空の明るさ_平均": 21.21,
                        "ばらつき_平均": 0.18
                    },
                    {
                        "調査時期": "2020_S",
                        "観測回数": 2,
                        "夜空の明るさ_平均": 21.71,
                        "ばらつき_平均": 0.23
                    },
                    {
                        "調査時期": "2019_W",
                        "観測回数": 1,
                        "夜空の明るさ_平均": 21.23,
                        "ばらつき_平均": 0.15
                    }
                ]
            }
        },
        {
            "type": "Feature",
            "geometry": {
                "type": "Point",
                "coordinates": [
                    137.71527778,
                    35.7225
                ]
            },
            "properties": {
                "都道府県": "長野県",
                "市区町村": "上松町",
                "撮影場所": "長野県木曽郡上松町倉本",
                "時系列データ": [
                    {
                        "調査時期": "2025_W",
                        "観測回数": 1,
                        "夜空の明るさ_平均": 21.09,
                        "ばらつき_平均": 0.05
                    },
                    {
                        "調査時期": "2023_W",
                        "観測回数": 1,
                        "夜空の明るさ_平均": 21.05,
                        "ばらつき_平均": 0.06
                    },
                    {
                        "調査時期": "2022_W",
                        "観測回数": 1,
                        "夜空の明るさ_平均": 21.11,
                        "ばらつき_平均": 0.11
                    },
                    {
                        "調査時期": "2021_W",
                        "観測回数": 2,
                        "夜空の明るさ_平均": 20.94,
                        "ばらつき_平均": 0.08
                    },
                    {
                        "調査時期": "2021_S",
                        "観測回数": 2,
                        "夜空の明るさ_平均": 21.2,
                        "ばらつき_平均": 0.18
                    },
                    {
                        "調査時期": "2019_W",
                        "観測回数": 1,
                        "夜空の明るさ_平均": 21.14,
                        "ばらつき_平均": 0.09
                    }
                ]
            }
        },
        {
            "type": "Feature",
            "geometry": {
                "type": "Point",
                "coordinates": [
                    138.41694444,
                    36.88361111
                ]
            },
            "properties": {
                "都道府県": "長野県",
                "市区町村": "飯山市",
                "撮影場所": "長野県飯山市瑞穂",
                "時系列データ": [
                    {
                        "調査時期": "2019_W",
                        "観測回数": 1,
                        "夜空の明るさ_平均": 20.64,
                        "ばらつき_平均": 0.15
                    }
                ]
            }
        },
        {
            "type": "Feature",
            "geometry": {
                "type": "Point",
                "coordinates": [
                    138.24361111,
                    36.4025
                ]
            },
            "properties": {
                "都道府県": "長野県",
                "市区町村": "上田市",
                "撮影場所": "長野県上田市　上田城跡公園",
                "時系列データ": [
                    {
                        "調査時期": "2019_W",
                        "観測回数": 1,
                        "夜空の明るさ_平均": 18.32,
                        "ばらつき_平均": 0.15
                    }
                ]
            }
        },
        {
            "type": "Feature",
            "geometry": {
                "type": "Point",
                "coordinates": [
                    138.27972222,
                    36.15111111
                ]
            },
            "properties": {
                "都道府県": "長野県",
                "市区町村": "立科町",
                "撮影場所": "長野県北佐久郡立科町 蓼科第二牧場",
                "時系列データ": [
                    {
                        "調査時期": "2019_W",
                        "観測回数": 1,
                        "夜空の明るさ_平均": 20.74,
                        "ばらつき_平均": 0.08
                    }
                ]
            }
        },
        {
            "type": "Feature",
            "geometry": {
                "type": "Point",
                "coordinates": [
                    138.32277778,
                    36.32305556
                ]
            },
            "properties": {
                "都道府県": "長野県",
                "市区町村": "東御市",
                "撮影場所": "長野県東御市明神池",
                "時系列データ": [
                    {
                        "調査時期": "2019_W",
                        "観測回数": 1,
                        "夜空の明るさ_平均": 19.96,
                        "ばらつき_平均": 0.1
                    }
                ]
            }
        },
        {
            "type": "Feature",
            "geometry": {
                "type": "Point",
                "coordinates": [
                    138.13805556,
                    36.22888889
                ]
            },
            "properties": {
                "都道府県": "長野県",
                "市区町村": "長和町",
                "撮影場所": "長野県小県郡長和町 美ケ原高原",
                "時系列データ": [
                    {
                        "調査時期": "2019_W",
                        "観測回数": 1,
                        "夜空の明るさ_平均": 21.05,
                        "ばらつき_平均": 0.16
                    }
                ]
            }
        },
        {
            "type": "Feature",
            "geometry": {
                "type": "Point",
                "coordinates": [
                    137.88027778,
                    36.17
                ]
            },
            "properties": {
                "都道府県": "長野県",
                "市区町村": "山形村",
                "撮影場所": "長野県 山形村 ミラ フード館 ",
                "時系列データ": [
                    {
                        "調査時期": "2019_W",
                        "観測回数": 1,
                        "夜空の明るさ_平均": 20.09,
                        "ばらつき_平均": 0.1
                    }
                ]
            }
        },
        {
            "type": "Feature",
            "geometry": {
                "type": "Point",
                "coordinates": [
                    138.15972222,
                    36.12055556
                ]
            },
            "properties": {
                "都道府県": "長野県",
                "市区町村": "下諏訪町",
                "撮影場所": "長野県諏訪郡下諏訪町八島湿原",
                "時系列データ": [
                    {
                        "調査時期": "2024_S",
                        "観測回数": 1,
                        "夜空の明るさ_平均": 20.62,
                        "ばらつき_平均": 0.16
                    },
                    {
                        "調査時期": "2023_S",
                        "観測回数": 1,
                        "夜空の明るさ_平均": 21.12,
                        "ばらつき_平均": 0.09
                    },
                    {
                        "調査時期": "2022_S",
                        "観測回数": 2,
                        "夜空の明るさ_平均": 21.09,
                        "ばらつき_平均": 0.07
                    },
                    {
                        "調査時期": "2021_S",
                        "観測回数": 2,
                        "夜空の明るさ_平均": 21.17,
                        "ばらつき_平均": 0.13
                    },
                    {
                        "調査時期": "2020_S",
                        "観測回数": 2,
                        "夜空の明るさ_平均": 21.21,
                        "ばらつき_平均": 0.11
                    },
                    {
                        "調査時期": "2019_W",
                        "観測回数": 1,
                        "夜空の明るさ_平均": 20.91,
                        "ばらつき_平均": 0.14
                    }
                ]
            }
        },
        {
            "type": "Feature",
            "geometry": {
                "type": "Point",
                "coordinates": [
                    137.89972222,
                    36.36694444
                ]
            },
            "properties": {
                "都道府県": "長野県",
                "市区町村": "安曇野市",
                "撮影場所": "長野県安曇野市明科七貴 上押野天王原",
                "時系列データ": [
                    {
                        "調査時期": "2019_W",
                        "観測回数": 1,
                        "夜空の明るさ_平均": 20.39,
                        "ばらつき_平均": 0.08
                    }
                ]
            }
        },
        {
            "type": "Feature",
            "geometry": {
                "type": "Point",
                "coordinates": [
                    138.42944444,
                    36.19305556
                ]
            },
            "properties": {
                "都道府県": "長野県",
                "市区町村": "佐久市",
                "撮影場所": "うすだスタードーム",
                "時系列データ": [
                    {
                        "調査時期": "2026_W",
                        "観測回数": 1,
                        "夜空の明るさ_平均": 20.64,
                        "ばらつき_平均": 0.06
                    },
                    {
                        "調査時期": "2025_W",
                        "観測回数": 1,
                        "夜空の明るさ_平均": 20.55,
                        "ばらつき_平均": 0.03
                    },
                    {
                        "調査時期": "2025_S",
                        "観測回数": 1,
                        "夜空の明るさ_平均": 20.7,
                        "ばらつき_平均": 0.07
                    },
                    {
                        "調査時期": "2024_W",
                        "観測回数": 1,
                        "夜空の明るさ_平均": 20.68,
                        "ばらつき_平均": 0.04
                    },
                    {
                        "調査時期": "2023_W",
                        "観測回数": 1,
                        "夜空の明るさ_平均": 20.52,
                        "ばらつき_平均": 0.08
                    },
                    {
                        "調査時期": "2023_S",
                        "観測回数": 1,
                        "夜空の明るさ_平均": 20.81,
                        "ばらつき_平均": 0.11
                    },
                    {
                        "調査時期": "2022_W",
                        "観測回数": 1,
                        "夜空の明るさ_平均": 20.67,
                        "ばらつき_平均": 0.08
                    },
                    {
                        "調査時期": "2021_W",
                        "観測回数": 1,
                        "夜空の明るさ_平均": 20.65,
                        "ばらつき_平均": 0.11
                    },
                    {
                        "調査時期": "2020_S",
                        "観測回数": 2,
                        "夜空の明るさ_平均": 20.55,
                        "ばらつき_平均": 0.1
                    },
                    {
                        "調査時期": "2019_W",
                        "観測回数": 1,
                        "夜空の明るさ_平均": 20.32,
                        "ばらつき_平均": 0.06
                    }
                ]
            }
        },
        {
            "type": "Feature",
            "geometry": {
                "type": "Point",
                "coordinates": [
                    138.11027778,
                    36.52833333
                ]
            },
            "properties": {
                "都道府県": "長野県",
                "市区町村": "千曲市",
                "撮影場所": "長野県千曲市 中央公園",
                "時系列データ": [
                    {
                        "調査時期": "2021_S",
                        "観測回数": 1,
                        "夜空の明るさ_平均": 19.7,
                        "ばらつき_平均": 0.04
                    },
                    {
                        "調査時期": "2019_W",
                        "観測回数": 1,
                        "夜空の明るさ_平均": 18.19,
                        "ばらつき_平均": 0.13
                    }
                ]
            }
        },
        {
            "type": "Feature",
            "geometry": {
                "type": "Point",
                "coordinates": [
                    138.07166667,
                    36.755
                ]
            },
            "properties": {
                "都道府県": "長野県",
                "市区町村": "長野市",
                "撮影場所": "長野市戸隠植物園ミズバショウ園",
                "時系列データ": [
                    {
                        "調査時期": "2019_W",
                        "観測回数": 1,
                        "夜空の明るさ_平均": 21.01,
                        "ばらつき_平均": 0.1
                    }
                ]
            }
        },
        {
            "type": "Feature",
            "geometry": {
                "type": "Point",
                "coordinates": [
                    138.07666667,
                    36.7525
                ]
            },
            "properties": {
                "都道府県": "長野県",
                "市区町村": "長野市",
                "撮影場所": "長野市戸隠　戸隠自然園　入り口",
                "時系列データ": [
                    {
                        "調査時期": "2019_W",
                        "観測回数": 1,
                        "夜空の明るさ_平均": 21.06,
                        "ばらつき_平均": 0.12
                    }
                ]
            }
        },
        {
            "type": "Feature",
            "geometry": {
                "type": "Point",
                "coordinates": [
                    137.92555556,
                    36.665
                ]
            },
            "properties": {
                "都道府県": "長野県",
                "市区町村": "長野市",
                "撮影場所": "長野市鬼無里南バス停付近",
                "時系列データ": [
                    {
                        "調査時期": "2019_W",
                        "観測回数": 1,
                        "夜空の明るさ_平均": 20.5,
                        "ばらつき_平均": 0.21
                    }
                ]
            }
        },
        {
            "type": "Feature",
            "geometry": {
                "type": "Point",
                "coordinates": [
                    138.04055556,
                    36.72
                ]
            },
            "properties": {
                "都道府県": "長野県",
                "市区町村": "長野市",
                "撮影場所": "長野市鬼無里大望峠",
                "時系列データ": [
                    {
                        "調査時期": "2019_W",
                        "観測回数": 1,
                        "夜空の明るさ_平均": 20.72,
                        "ばらつき_平均": 0.23
                    }
                ]
            }
        },
        {
            "type": "Feature",
            "geometry": {
                "type": "Point",
                "coordinates": [
                    138.03777778,
                    36.73305556
                ]
            },
            "properties": {
                "都道府県": "長野県",
                "市区町村": "長野市",
                "撮影場所": "長野市鬼無里　品沢高原",
                "時系列データ": [
                    {
                        "調査時期": "2019_W",
                        "観測回数": 1,
                        "夜空の明るさ_平均": 21.03,
                        "ばらつき_平均": 0.1
                    }
                ]
            }
        },
        {
            "type": "Feature",
            "geometry": {
                "type": "Point",
                "coordinates": [
                    138.3725,
                    36.53805556
                ]
            },
            "properties": {
                "都道府県": "長野県",
                "市区町村": "上田市",
                "撮影場所": "長野県上田市菅平 菅平牧場",
                "時系列データ": [
                    {
                        "調査時期": "2019_W",
                        "観測回数": 1,
                        "夜空の明るさ_平均": 20.89,
                        "ばらつき_平均": 0.11
                    }
                ]
            }
        },
        {
            "type": "Feature",
            "geometry": {
                "type": "Point",
                "coordinates": [
                    138.34166667,
                    36.60277778
                ]
            },
            "properties": {
                "都道府県": "長野県",
                "市区町村": "須坂市",
                "撮影場所": "長野県須坂市",
                "時系列データ": [
                    {
                        "調査時期": "2019_W",
                        "観測回数": 1,
                        "夜空の明るさ_平均": 20.42,
                        "ばらつき_平均": 0.09
                    }
                ]
            }
        },
        {
            "type": "Feature",
            "geometry": {
                "type": "Point",
                "coordinates": [
                    138.23416667,
                    36.67583333
                ]
            },
            "properties": {
                "都道府県": "長野県",
                "市区町村": "長野市",
                "撮影場所": "長野市徳間　長野高専グランド",
                "時系列データ": [
                    {
                        "調査時期": "2019_W",
                        "観測回数": 1,
                        "夜空の明るさ_平均": 19.03,
                        "ばらつき_平均": 0.08
                    }
                ]
            }
        },
        {
            "type": "Feature",
            "geometry": {
                "type": "Point",
                "coordinates": [
                    136.88083333,
                    36.25722222
                ]
            },
            "properties": {
                "都道府県": "岐阜県",
                "市区町村": "白川村",
                "撮影場所": "トヨタ白川郷自然學校敷地　お客様駐車場",
                "時系列データ": [
                    {
                        "調査時期": "2019_W",
                        "観測回数": 1,
                        "夜空の明るさ_平均": 21.16,
                        "ばらつき_平均": 0.15
                    }
                ]
            }
        },
        {
            "type": "Feature",
            "geometry": {
                "type": "Point",
                "coordinates": [
                    137.25527778,
                    35.49861111
                ]
            },
            "properties": {
                "都道府県": "岐阜県",
                "市区町村": "八百津町",
                "撮影場所": "八百津町立潮見小学校校庭",
                "時系列データ": [
                    {
                        "調査時期": "2019_W",
                        "観測回数": 1,
                        "夜空の明るさ_平均": 17.76,
                        "ばらつき_平均": 0.09
                    }
                ]
            }
        },
        {
            "type": "Feature",
            "geometry": {
                "type": "Point",
                "coordinates": [
                    137.57361111,
                    35.09333333
                ]
            },
            "properties": {
                "都道府県": "愛知県",
                "市区町村": "設楽町",
                "撮影場所": "奥三河総合センター",
                "時系列データ": [
                    {
                        "調査時期": "2019_W",
                        "観測回数": 1,
                        "夜空の明るさ_平均": 20.53,
                        "ばらつき_平均": 0.07
                    }
                ]
            }
        },
        {
            "type": "Feature",
            "geometry": {
                "type": "Point",
                "coordinates": [
                    137.60638889,
                    35.19888889
                ]
            },
            "properties": {
                "都道府県": "愛知県",
                "市区町村": "設楽町",
                "撮影場所": "道の駅つぐ高原グリーンパーク",
                "時系列データ": [
                    {
                        "調査時期": "2025_W",
                        "観測回数": 1,
                        "夜空の明るさ_平均": 20.85,
                        "ばらつき_平均": 0.07
                    },
                    {
                        "調査時期": "2024_W",
                        "観測回数": 1,
                        "夜空の明るさ_平均": 20.88,
                        "ばらつき_平均": 0.06
                    },
                    {
                        "調査時期": "2023_W",
                        "観測回数": 1,
                        "夜空の明るさ_平均": 20.76,
                        "ばらつき_平均": 0.08
                    },
                    {
                        "調査時期": "2022_W",
                        "観測回数": 1,
                        "夜空の明るさ_平均": 20.82,
                        "ばらつき_平均": 0.08
                    },
                    {
                        "調査時期": "2019_W",
                        "観測回数": 2,
                        "夜空の明るさ_平均": 20.92,
                        "ばらつき_平均": 0.12
                    }
                ]
            }
        },
        {
            "type": "Feature",
            "geometry": {
                "type": "Point",
                "coordinates": [
                    136.86055556,
                    35.20805556
                ]
            },
            "properties": {
                "都道府県": "愛知県",
                "市区町村": "名古屋市",
                "撮影場所": "愛知県名古屋市",
                "時系列データ": [
                    {
                        "調査時期": "2019_W",
                        "観測回数": 1,
                        "夜空の明るさ_平均": 17.36,
                        "ばらつき_平均": 0.14
                    }
                ]
            }
        },
        {
            "type": "Feature",
            "geometry": {
                "type": "Point",
                "coordinates": [
                    137.71888889,
                    35.11805556
                ]
            },
            "properties": {
                "都道府県": "愛知県",
                "市区町村": "東栄町",
                "撮影場所": null,
                "時系列データ": [
                    {
                        "調査時期": "2021_W",
                        "観測回数": 1,
                        "夜空の明るさ_平均": 20.79,
                        "ばらつき_平均": 0.11
                    },
                    {
                        "調査時期": "2020_S",
                        "観測回数": 1,
                        "夜空の明るさ_平均": 21.89,
                        "ばらつき_平均": 0.33
                    },
                    {
                        "調査時期": "2019_W",
                        "観測回数": 1,
                        "夜空の明るさ_平均": 21.02,
                        "ばらつき_平均": 0.11
                    }
                ]
            }
        },
        {
            "type": "Feature",
            "geometry": {
                "type": "Point",
                "coordinates": [
                    136.36027778,
                    34.88194444
                ]
            },
            "properties": {
                "都道府県": "三重県",
                "市区町村": "亀山市",
                "撮影場所": "鈴鹿峠自然の家",
                "時系列データ": [
                    {
                        "調査時期": "2026_W",
                        "観測回数": 3,
                        "夜空の明るさ_平均": 19.35,
                        "ばらつき_平均": 0.09
                    },
                    {
                        "調査時期": "2025_W",
                        "観測回数": 3,
                        "夜空の明るさ_平均": 19.42,
                        "ばらつき_平均": 0.05
                    },
                    {
                        "調査時期": "2024_W",
                        "観測回数": 2,
                        "夜空の明るさ_平均": 19.75,
                        "ばらつき_平均": 0.09
                    },
                    {
                        "調査時期": "2024_S",
                        "観測回数": 4,
                        "夜空の明るさ_平均": 19.46,
                        "ばらつき_平均": 0.09
                    },
                    {
                        "調査時期": "2023_W",
                        "観測回数": 2,
                        "夜空の明るさ_平均": 19.98,
                        "ばらつき_平均": 0.08
                    },
                    {
                        "調査時期": "2023_S",
                        "観測回数": 3,
                        "夜空の明るさ_平均": 19.38,
                        "ばらつき_平均": 0.09
                    },
                    {
                        "調査時期": "2022_W",
                        "観測回数": 3,
                        "夜空の明るさ_平均": 19.57,
                        "ばらつき_平均": 0.1
                    },
                    {
                        "調査時期": "2022_S",
                        "観測回数": 2,
                        "夜空の明るさ_平均": 19.77,
                        "ばらつき_平均": 0.0
                    },
                    {
                        "調査時期": "2021_W",
                        "観測回数": 1,
                        "夜空の明るさ_平均": 20.02,
                        "ばらつき_平均": 0.11
                    },
                    {
                        "調査時期": "2021_S",
                        "観測回数": 2,
                        "夜空の明るさ_平均": 20.05,
                        "ばらつき_平均": 0.12
                    },
                    {
                        "調査時期": "2020_S",
                        "観測回数": 1,
                        "夜空の明るさ_平均": 19.84,
                        "ばらつき_平均": 0.13
                    },
                    {
                        "調査時期": "2019_W",
                        "観測回数": 1,
                        "夜空の明るさ_平均": 19.95,
                        "ばらつき_平均": 0.11
                    }
                ]
            }
        },
        {
            "type": "Feature",
            "geometry": {
                "type": "Point",
                "coordinates": [
                    136.61777778,
                    34.96638889
                ]
            },
            "properties": {
                "都道府県": "三重県",
                "市区町村": "四日市市",
                "撮影場所": "近鉄四日市駅",
                "時系列データ": [
                    {
                        "調査時期": "2019_W",
                        "観測回数": 1,
                        "夜空の明るさ_平均": 17.75,
                        "ばらつき_平均": 0.2
                    }
                ]
            }
        },
        {
            "type": "Feature",
            "geometry": {
                "type": "Point",
                "coordinates": [
                    136.60388889,
                    34.97611111
                ]
            },
            "properties": {
                "都道府県": "三重県",
                "市区町村": "四日市市",
                "撮影場所": "三滝川久保田橋下",
                "時系列データ": [
                    {
                        "調査時期": "2019_W",
                        "観測回数": 1,
                        "夜空の明るさ_平均": 17.39,
                        "ばらつき_平均": 0.26
                    }
                ]
            }
        },
        {
            "type": "Feature",
            "geometry": {
                "type": "Point",
                "coordinates": [
                    135.48416667,
                    35.38583333
                ]
            },
            "properties": {
                "都道府県": "京都府",
                "市区町村": "綾部市",
                "撮影場所": "京都府綾部市睦寄町草壁",
                "時系列データ": [
                    {
                        "調査時期": "2019_W",
                        "観測回数": 1,
                        "夜空の明るさ_平均": 20.91,
                        "ばらつき_平均": 0.11
                    }
                ]
            }
        },
        {
            "type": "Feature",
            "geometry": {
                "type": "Point",
                "coordinates": [
                    135.77194444,
                    35.01444444
                ]
            },
            "properties": {
                "都道府県": "京都府",
                "市区町村": "京都市",
                "撮影場所": "京都市左京区 鴨川河川敷",
                "時系列データ": [
                    {
                        "調査時期": "2025_W",
                        "観測回数": 1,
                        "夜空の明るさ_平均": 17.41,
                        "ばらつき_平均": 0.1
                    },
                    {
                        "調査時期": "2024_S",
                        "観測回数": 1,
                        "夜空の明るさ_平均": 17.77,
                        "ばらつき_平均": 0.1
                    },
                    {
                        "調査時期": "2023_S",
                        "観測回数": 1,
                        "夜空の明るさ_平均": 17.89,
                        "ばらつき_平均": 0.1
                    },
                    {
                        "調査時期": "2022_W",
                        "観測回数": 1,
                        "夜空の明るさ_平均": 17.75,
                        "ばらつき_平均": 0.08
                    },
                    {
                        "調査時期": "2021_W",
                        "観測回数": 1,
                        "夜空の明るさ_平均": 16.61,
                        "ばらつき_平均": 0.14
                    },
                    {
                        "調査時期": "2021_S",
                        "観測回数": 1,
                        "夜空の明るさ_平均": 17.98,
                        "ばらつき_平均": 0.1
                    },
                    {
                        "調査時期": "2020_S",
                        "観測回数": 2,
                        "夜空の明るさ_平均": 17.85,
                        "ばらつき_平均": 0.18
                    },
                    {
                        "調査時期": "2019_W",
                        "観測回数": 1,
                        "夜空の明るさ_平均": 17.6,
                        "ばらつき_平均": 0.13
                    }
                ]
            }
        },
        {
            "type": "Feature",
            "geometry": {
                "type": "Point",
                "coordinates": [
                    135.53944444,
                    34.72416667
                ]
            },
            "properties": {
                "都道府県": "大阪府",
                "市区町村": "大阪市",
                "撮影場所": "大阪府大阪市旭区中宮",
                "時系列データ": [
                    {
                        "調査時期": "2019_W",
                        "観測回数": 1,
                        "夜空の明るさ_平均": 16.53,
                        "ばらつき_平均": 0.19
                    }
                ]
            }
        },
        {
            "type": "Feature",
            "geometry": {
                "type": "Point",
                "coordinates": [
                    135.63916667,
                    34.81138889
                ]
            },
            "properties": {
                "都道府県": "大阪府",
                "市区町村": "枚方市",
                "撮影場所": "大阪府 枚方市 ひらパー",
                "時系列データ": [
                    {
                        "調査時期": "2026_W",
                        "観測回数": 1,
                        "夜空の明るさ_平均": 17.25,
                        "ばらつき_平均": 0.1
                    },
                    {
                        "調査時期": "2022_W",
                        "観測回数": 1,
                        "夜空の明るさ_平均": 17.37,
                        "ばらつき_平均": 0.08
                    },
                    {
                        "調査時期": "2019_W",
                        "観測回数": 4,
                        "夜空の明るさ_平均": 17.25,
                        "ばらつき_平均": 0.5
                    }
                ]
            }
        },
        {
            "type": "Feature",
            "geometry": {
                "type": "Point",
                "coordinates": [
                    134.99333333,
                    34.52555556
                ]
            },
            "properties": {
                "都道府県": "兵庫県",
                "市区町村": "淡路市",
                "撮影場所": "淡路市久留麻 淡路",
                "時系列データ": [
                    {
                        "調査時期": "2019_W",
                        "観測回数": 2,
                        "夜空の明るさ_平均": 19.66,
                        "ばらつき_平均": 0.13
                    }
                ]
            }
        },
        {
            "type": "Feature",
            "geometry": {
                "type": "Point",
                "coordinates": [
                    134.7875,
                    34.425
                ]
            },
            "properties": {
                "都道府県": "兵庫県",
                "市区町村": "洲本市",
                "撮影場所": "洲本市五色町志米山 洲本五色",
                "時系列データ": [
                    {
                        "調査時期": "2019_W",
                        "観測回数": 2,
                        "夜空の明るさ_平均": 20.79,
                        "ばらつき_平均": 0.18
                    }
                ]
            }
        },
        {
            "type": "Feature",
            "geometry": {
                "type": "Point",
                "coordinates": [
                    134.99888889,
                    34.99972222
                ]
            },
            "properties": {
                "都道府県": "兵庫県",
                "市区町村": "西脇市",
                "撮影場所": "にしわき経緯度地球科学館屋上",
                "時系列データ": [
                    {
                        "調査時期": "2023_W",
                        "観測回数": 1,
                        "夜空の明るさ_平均": 19.98,
                        "ばらつき_平均": 0.05
                    },
                    {
                        "調査時期": "2019_W",
                        "観測回数": 1,
                        "夜空の明るさ_平均": 19.58,
                        "ばらつき_平均": 0.09
                    }
                ]
            }
        },
        {
            "type": "Feature",
            "geometry": {
                "type": "Point",
                "coordinates": [
                    134.67527778,
                    34.84166667
                ]
            },
            "properties": {
                "都道府県": "兵庫県",
                "市区町村": "姫路市",
                "撮影場所": "兵庫県姫路市名古山霊苑駐車場",
                "時系列データ": [
                    {
                        "調査時期": "2019_W",
                        "観測回数": 1,
                        "夜空の明るさ_平均": 17.62,
                        "ばらつき_平均": 0.11
                    }
                ]
            }
        },
        {
            "type": "Feature",
            "geometry": {
                "type": "Point",
                "coordinates": [
                    135.205,
                    34.88027778
                ]
            },
            "properties": {
                "都道府県": "兵庫県",
                "市区町村": "三田市",
                "撮影場所": "兵庫県三田市",
                "時系列データ": [
                    {
                        "調査時期": "2019_W",
                        "観測回数": 1,
                        "夜空の明るさ_平均": 17.87,
                        "ばらつき_平均": 0.33
                    }
                ]
            }
        },
        {
            "type": "Feature",
            "geometry": {
                "type": "Point",
                "coordinates": [
                    133.16527778,
                    35.13666667
                ]
            },
            "properties": {
                "都道府県": "鳥取県",
                "市区町村": "日南町",
                "撮影場所": "鳥取県日野郡日南町上萩山",
                "時系列データ": [
                    {
                        "調査時期": "2019_W",
                        "観測回数": 1,
                        "夜空の明るさ_平均": 21.39,
                        "ばらつき_平均": 0.12
                    }
                ]
            }
        },
        {
            "type": "Feature",
            "geometry": {
                "type": "Point",
                "coordinates": [
                    134.11944444,
                    35.34222222
                ]
            },
            "properties": {
                "都道府県": "鳥取県",
                "市区町村": "鳥取市",
                "撮影場所": "さじアストロパーク園地",
                "時系列データ": [
                    {
                        "調査時期": "2026_W",
                        "観測回数": 1,
                        "夜空の明るさ_平均": 20.99,
                        "ばらつき_平均": 0.07
                    },
                    {
                        "調査時期": "2025_W",
                        "観測回数": 1,
                        "夜空の明るさ_平均": 20.73,
                        "ばらつき_平均": 0.06
                    },
                    {
                        "調査時期": "2025_S",
                        "観測回数": 1,
                        "夜空の明るさ_平均": 21.17,
                        "ばらつき_平均": 0.13
                    },
                    {
                        "調査時期": "2024_W",
                        "観測回数": 1,
                        "夜空の明るさ_平均": 21.11,
                        "ばらつき_平均": 0.11
                    },
                    {
                        "調査時期": "2024_S",
                        "観測回数": 1,
                        "夜空の明るさ_平均": 21.16,
                        "ばらつき_平均": 0.07
                    },
                    {
                        "調査時期": "2023_S",
                        "観測回数": 1,
                        "夜空の明るさ_平均": 21.58,
                        "ばらつき_平均": 0.22
                    },
                    {
                        "調査時期": "2022_W",
                        "観測回数": 1,
                        "夜空の明るさ_平均": 20.98,
                        "ばらつき_平均": 0.1
                    },
                    {
                        "調査時期": "2022_S",
                        "観測回数": 1,
                        "夜空の明るさ_平均": 21.21,
                        "ばらつき_平均": 0.11
                    },
                    {
                        "調査時期": "2021_W",
                        "観測回数": 1,
                        "夜空の明るさ_平均": 21.11,
                        "ばらつき_平均": 0.09
                    },
                    {
                        "調査時期": "2020_S",
                        "観測回数": 1,
                        "夜空の明るさ_平均": 21.0,
                        "ばらつき_平均": 0.24
                    },
                    {
                        "調査時期": "2019_W",
                        "観測回数": 1,
                        "夜空の明るさ_平均": 21.07,
                        "ばらつき_平均": 0.11
                    }
                ]
            }
        },
        {
            "type": "Feature",
            "geometry": {
                "type": "Point",
                "coordinates": [
                    134.20472222,
                    35.35722222
                ]
            },
            "properties": {
                "都道府県": "鳥取県",
                "市区町村": "鳥取市",
                "撮影場所": "鳥取県鳥取市用瀬町鷹狩",
                "時系列データ": [
                    {
                        "調査時期": "2025_W",
                        "観測回数": 1,
                        "夜空の明るさ_平均": 20.79,
                        "ばらつき_平均": 0.1
                    },
                    {
                        "調査時期": "2024_W",
                        "観測回数": 1,
                        "夜空の明るさ_平均": 20.84,
                        "ばらつき_平均": 0.09
                    },
                    {
                        "調査時期": "2024_S",
                        "観測回数": 1,
                        "夜空の明るさ_平均": 20.91,
                        "ばらつき_平均": 0.13
                    },
                    {
                        "調査時期": "2021_W",
                        "観測回数": 1,
                        "夜空の明るさ_平均": 20.45,
                        "ばらつき_平均": 0.09
                    },
                    {
                        "調査時期": "2021_S",
                        "観測回数": 1,
                        "夜空の明るさ_平均": 21.08,
                        "ばらつき_平均": 0.11
                    },
                    {
                        "調査時期": "2020_S",
                        "観測回数": 1,
                        "夜空の明るさ_平均": 21.07,
                        "ばらつき_平均": 0.07
                    },
                    {
                        "調査時期": "2019_W",
                        "観測回数": 1,
                        "夜空の明るさ_平均": 20.67,
                        "ばらつき_平均": 0.08
                    }
                ]
            }
        },
        {
            "type": "Feature",
            "geometry": {
                "type": "Point",
                "coordinates": [
                    134.40111111,
                    35.34472222
                ]
            },
            "properties": {
                "都道府県": "鳥取県",
                "市区町村": "若桜町",
                "撮影場所": "鳥取県八頭郡若桜町 中之島公園",
                "時系列データ": [
                    {
                        "調査時期": "2019_W",
                        "観測回数": 1,
                        "夜空の明るさ_平均": 18.42,
                        "ばらつき_平均": 0.38
                    }
                ]
            }
        },
        {
            "type": "Feature",
            "geometry": {
                "type": "Point",
                "coordinates": [
                    134.15583333,
                    35.49805556
                ]
            },
            "properties": {
                "都道府県": "鳥取県",
                "市区町村": "鳥取市",
                "撮影場所": "鳥取県鳥取市　湖山池青島公園",
                "時系列データ": [
                    {
                        "調査時期": "2020_S",
                        "観測回数": 1,
                        "夜空の明るさ_平均": 19.86,
                        "ばらつき_平均": 0.16
                    },
                    {
                        "調査時期": "2019_W",
                        "観測回数": 1,
                        "夜空の明るさ_平均": 19.83,
                        "ばらつき_平均": 0.14
                    }
                ]
            }
        },
        {
            "type": "Feature",
            "geometry": {
                "type": "Point",
                "coordinates": [
                    134.00222222,
                    34.89361111
                ]
            },
            "properties": {
                "都道府県": "岡山県",
                "市区町村": "赤磐市",
                "撮影場所": "赤磐市竜天天文台公園",
                "時系列データ": [
                    {
                        "調査時期": "2023_W",
                        "観測回数": 1,
                        "夜空の明るさ_平均": 20.92,
                        "ばらつき_平均": 0.09
                    },
                    {
                        "調査時期": "2022_W",
                        "観測回数": 1,
                        "夜空の明るさ_平均": 19.13,
                        "ばらつき_平均": 0.29
                    },
                    {
                        "調査時期": "2021_W",
                        "観測回数": 3,
                        "夜空の明るさ_平均": 20.39,
                        "ばらつき_平均": 0.1
                    },
                    {
                        "調査時期": "2021_S",
                        "観測回数": 1,
                        "夜空の明るさ_平均": 21.08,
                        "ばらつき_平均": 0.11
                    },
                    {
                        "調査時期": "2019_W",
                        "観測回数": 1,
                        "夜空の明るさ_平均": 20.27,
                        "ばらつき_平均": 0.04
                    }
                ]
            }
        },
        {
            "type": "Feature",
            "geometry": {
                "type": "Point",
                "coordinates": [
                    133.54527778,
                    34.67166667
                ]
            },
            "properties": {
                "都道府県": "岡山県",
                "市区町村": "井原市",
                "撮影場所": "井原市美星天文台",
                "時系列データ": [
                    {
                        "調査時期": "2026_W",
                        "観測回数": 1,
                        "夜空の明るさ_平均": 20.36,
                        "ばらつき_平均": 0.18
                    },
                    {
                        "調査時期": "2025_W",
                        "観測回数": 1,
                        "夜空の明るさ_平均": 20.56,
                        "ばらつき_平均": 0.07
                    },
                    {
                        "調査時期": "2025_S",
                        "観測回数": 1,
                        "夜空の明るさ_平均": 18.61,
                        "ばらつき_平均": 0.3
                    },
                    {
                        "調査時期": "2024_W",
                        "観測回数": 1,
                        "夜空の明るさ_平均": 20.51,
                        "ばらつき_平均": 0.1
                    },
                    {
                        "調査時期": "2024_S",
                        "観測回数": 1,
                        "夜空の明るさ_平均": 20.74,
                        "ばらつき_平均": 0.03
                    },
                    {
                        "調査時期": "2023_S",
                        "観測回数": 1,
                        "夜空の明るさ_平均": 20.29,
                        "ばらつき_平均": 0.09
                    },
                    {
                        "調査時期": "2022_W",
                        "観測回数": 1,
                        "夜空の明るさ_平均": 20.46,
                        "ばらつき_平均": 0.11
                    },
                    {
                        "調査時期": "2022_S",
                        "観測回数": 1,
                        "夜空の明るさ_平均": 20.7,
                        "ばらつき_平均": 0.09
                    },
                    {
                        "調査時期": "2021_W",
                        "観測回数": 1,
                        "夜空の明るさ_平均": 20.58,
                        "ばらつき_平均": 0.09
                    },
                    {
                        "調査時期": "2021_S",
                        "観測回数": 1,
                        "夜空の明るさ_平均": 20.64,
                        "ばらつき_平均": 0.13
                    },
                    {
                        "調査時期": "2020_W",
                        "観測回数": 1,
                        "夜空の明るさ_平均": 21.55,
                        "ばらつき_平均": 0.21
                    },
                    {
                        "調査時期": "2020_S",
                        "観測回数": 1,
                        "夜空の明るさ_平均": 21.03,
                        "ばらつき_平均": 0.18
                    },
                    {
                        "調査時期": "2019_W",
                        "観測回数": 1,
                        "夜空の明るさ_平均": 21.34,
                        "ばらつき_平均": 0.13
                    }
                ]
            }
        },
        {
            "type": "Feature",
            "geometry": {
                "type": "Point",
                "coordinates": [
                    133.76888889,
                    34.53583333
                ]
            },
            "properties": {
                "都道府県": "岡山県",
                "市区町村": "倉敷市",
                "撮影場所": "岡山県倉敷市 ライフパーク倉敷科学センター 屋上",
                "時系列データ": [
                    {
                        "調査時期": "2026_W",
                        "観測回数": 3,
                        "夜空の明るさ_平均": 18.06,
                        "ばらつき_平均": 0.09
                    },
                    {
                        "調査時期": "2025_W",
                        "観測回数": 2,
                        "夜空の明るさ_平均": 18.54,
                        "ばらつき_平均": 0.08
                    },
                    {
                        "調査時期": "2024_W",
                        "観測回数": 3,
                        "夜空の明るさ_平均": 18.28,
                        "ばらつき_平均": 0.06
                    },
                    {
                        "調査時期": "2024_S",
                        "観測回数": 1,
                        "夜空の明るさ_平均": 18.18,
                        "ばらつき_平均": 0.14
                    },
                    {
                        "調査時期": "2023_W",
                        "観測回数": 1,
                        "夜空の明るさ_平均": 18.65,
                        "ばらつき_平均": 0.09
                    },
                    {
                        "調査時期": "2023_S",
                        "観測回数": 1,
                        "夜空の明るさ_平均": 18.15,
                        "ばらつき_平均": 0.11
                    },
                    {
                        "調査時期": "2022_W",
                        "観測回数": 1,
                        "夜空の明るさ_平均": 18.31,
                        "ばらつき_平均": 0.07
                    },
                    {
                        "調査時期": "2022_S",
                        "観測回数": 1,
                        "夜空の明るさ_平均": 18.42,
                        "ばらつき_平均": 0.14
                    },
                    {
                        "調査時期": "2021_W",
                        "観測回数": 1,
                        "夜空の明るさ_平均": 18.29,
                        "ばらつき_平均": 0.12
                    },
                    {
                        "調査時期": "2021_S",
                        "観測回数": 1,
                        "夜空の明るさ_平均": 18.62,
                        "ばらつき_平均": 0.1
                    },
                    {
                        "調査時期": "2020_S",
                        "観測回数": 1,
                        "夜空の明るさ_平均": 18.64,
                        "ばらつき_平均": 0.15
                    },
                    {
                        "調査時期": "2019_W",
                        "観測回数": 1,
                        "夜空の明るさ_平均": 18.71,
                        "ばらつき_平均": 0.1
                    }
                ]
            }
        },
        {
            "type": "Feature",
            "geometry": {
                "type": "Point",
                "coordinates": [
                    133.6025,
                    34.52611111
                ]
            },
            "properties": {
                "都道府県": "岡山県",
                "市区町村": "浅口市",
                "撮影場所": "岡山県浅口市",
                "時系列データ": [
                    {
                        "調査時期": "2019_W",
                        "観測回数": 8,
                        "夜空の明るさ_平均": 19.39,
                        "ばらつき_平均": 0.07
                    }
                ]
            }
        },
        {
            "type": "Feature",
            "geometry": {
                "type": "Point",
                "coordinates": [
                    133.60277778,
                    34.52638889
                ]
            },
            "properties": {
                "都道府県": "岡山県",
                "市区町村": "浅口市",
                "撮影場所": "岡山県浅口市",
                "時系列データ": [
                    {
                        "調査時期": "2019_W",
                        "観測回数": 4,
                        "夜空の明るさ_平均": 19.38,
                        "ばらつき_平均": 0.05
                    }
                ]
            }
        },
        {
            "type": "Feature",
            "geometry": {
                "type": "Point",
                "coordinates": [
                    133.85027778,
                    34.75694444
                ]
            },
            "properties": {
                "都道府県": "岡山県",
                "市区町村": "岡山市",
                "撮影場所": "岡山ももたろう空港　第４駐車場",
                "時系列データ": [
                    {
                        "調査時期": "2019_W",
                        "観測回数": 1,
                        "夜空の明るさ_平均": 19.98,
                        "ばらつき_平均": 0.11
                    }
                ]
            }
        },
        {
            "type": "Feature",
            "geometry": {
                "type": "Point",
                "coordinates": [
                    134.16611111,
                    34.61361111
                ]
            },
            "properties": {
                "都道府県": "岡山県",
                "市区町村": "瀬戸内市",
                "撮影場所": "岡山県瀬戸内市牛窓町牛窓",
                "時系列データ": [
                    {
                        "調査時期": "2019_W",
                        "観測回数": 1,
                        "夜空の明るさ_平均": 19.72,
                        "ばらつき_平均": 0.11
                    }
                ]
            }
        },
        {
            "type": "Feature",
            "geometry": {
                "type": "Point",
                "coordinates": [
                    134.375,
                    33.61472222
                ]
            },
            "properties": {
                "都道府県": "徳島県",
                "市区町村": "海陽町",
                "撮影場所": "徳島県海部郡海陽町大里字五反田",
                "時系列データ": [
                    {
                        "調査時期": "2019_W",
                        "観測回数": 2,
                        "夜空の明るさ_平均": 21.27,
                        "ばらつき_平均": 0.08
                    }
                ]
            }
        },
        {
            "type": "Feature",
            "geometry": {
                "type": "Point",
                "coordinates": [
                    132.93944444,
                    33.67638889
                ]
            },
            "properties": {
                "都道府県": "愛媛県",
                "市区町村": "久万高原町",
                "撮影場所": "久万高原天体観測館",
                "時系列データ": [
                    {
                        "調査時期": "2026_W",
                        "観測回数": 1,
                        "夜空の明るさ_平均": 21.07,
                        "ばらつき_平均": 0.11
                    },
                    {
                        "調査時期": "2024_W",
                        "観測回数": 1,
                        "夜空の明るさ_平均": 21.09,
                        "ばらつき_平均": 0.09
                    },
                    {
                        "調査時期": "2024_S",
                        "観測回数": 2,
                        "夜空の明るさ_平均": 21.0,
                        "ばらつき_平均": 0.05
                    },
                    {
                        "調査時期": "2023_W",
                        "観測回数": 1,
                        "夜空の明るさ_平均": 21.27,
                        "ばらつき_平均": 0.09
                    },
                    {
                        "調査時期": "2023_S",
                        "観測回数": 1,
                        "夜空の明るさ_平均": 21.3,
                        "ばらつき_平均": 0.14
                    },
                    {
                        "調査時期": "2022_W",
                        "観測回数": 1,
                        "夜空の明るさ_平均": 21.1,
                        "ばらつき_平均": 0.08
                    },
                    {
                        "調査時期": "2022_S",
                        "観測回数": 2,
                        "夜空の明るさ_平均": 20.71,
                        "ばらつき_平均": 0.05
                    },
                    {
                        "調査時期": "2021_W",
                        "観測回数": 1,
                        "夜空の明るさ_平均": 21.09,
                        "ばらつき_平均": 0.1
                    },
                    {
                        "調査時期": "2021_S",
                        "観測回数": 3,
                        "夜空の明るさ_平均": 21.02,
                        "ばらつき_平均": 0.11
                    },
                    {
                        "調査時期": "2020_S",
                        "観測回数": 2,
                        "夜空の明るさ_平均": 21.62,
                        "ばらつき_平均": 0.17
                    },
                    {
                        "調査時期": "2019_W",
                        "観測回数": 5,
                        "夜空の明るさ_平均": 21.4,
                        "ばらつき_平均": 0.09
                    }
                ]
            }
        },
        {
            "type": "Feature",
            "geometry": {
                "type": "Point",
                "coordinates": [
                    133.52944444,
                    33.53638889
                ]
            },
            "properties": {
                "都道府県": "高知県",
                "市区町村": "高知市",
                "撮影場所": "土佐塾中学・高等学校",
                "時系列データ": [
                    {
                        "調査時期": "2026_W",
                        "観測回数": 3,
                        "夜空の明るさ_平均": 18.33,
                        "ばらつき_平均": 0.08
                    },
                    {
                        "調査時期": "2025_W",
                        "観測回数": 1,
                        "夜空の明るさ_平均": 19.01,
                        "ばらつき_平均": 0.1
                    },
                    {
                        "調査時期": "2025_S",
                        "観測回数": 1,
                        "夜空の明るさ_平均": 19.08,
                        "ばらつき_平均": 0.07
                    },
                    {
                        "調査時期": "2024_W",
                        "観測回数": 2,
                        "夜空の明るさ_平均": 18.73,
                        "ばらつき_平均": 0.08
                    },
                    {
                        "調査時期": "2024_S",
                        "観測回数": 2,
                        "夜空の明るさ_平均": 18.88,
                        "ばらつき_平均": 0.15
                    },
                    {
                        "調査時期": "2023_W",
                        "観測回数": 1,
                        "夜空の明るさ_平均": 18.88,
                        "ばらつき_平均": 0.05
                    },
                    {
                        "調査時期": "2022_W",
                        "観測回数": 3,
                        "夜空の明るさ_平均": 18.88,
                        "ばらつき_平均": 0.07
                    },
                    {
                        "調査時期": "2022_S",
                        "観測回数": 1,
                        "夜空の明るさ_平均": 19.01,
                        "ばらつき_平均": 0.09
                    },
                    {
                        "調査時期": "2021_W",
                        "観測回数": 2,
                        "夜空の明るさ_平均": 18.87,
                        "ばらつき_平均": 0.11
                    },
                    {
                        "調査時期": "2021_S",
                        "観測回数": 1,
                        "夜空の明るさ_平均": 18.04,
                        "ばらつき_平均": 0.09
                    },
                    {
                        "調査時期": "2020_S",
                        "観測回数": 1,
                        "夜空の明るさ_平均": 19.58,
                        "ばらつき_平均": 0.08
                    },
                    {
                        "調査時期": "2019_W",
                        "観測回数": 1,
                        "夜空の明るさ_平均": 18.63,
                        "ばらつき_平均": 0.04
                    }
                ]
            }
        },
        {
            "type": "Feature",
            "geometry": {
                "type": "Point",
                "coordinates": [
                    130.53527778,
                    33.07333333
                ]
            },
            "properties": {
                "都道府県": "福岡県",
                "市区町村": "大牟田市",
                "撮影場所": "リフレスおおむた",
                "時系列データ": [
                    {
                        "調査時期": "2020_S",
                        "観測回数": 1,
                        "夜空の明るさ_平均": 20.15,
                        "ばらつき_平均": 0.1
                    },
                    {
                        "調査時期": "2019_W",
                        "観測回数": 1,
                        "夜空の明るさ_平均": 19.68,
                        "ばらつき_平均": 0.11
                    }
                ]
            }
        },
        {
            "type": "Feature",
            "geometry": {
                "type": "Point",
                "coordinates": [
                    129.68,
                    33.17416667
                ]
            },
            "properties": {
                "都道府県": "長崎県",
                "市区町村": "佐世保市",
                "撮影場所": "長崎県佐世保市星和台町",
                "時系列データ": [
                    {
                        "調査時期": "2026_W",
                        "観測回数": 1,
                        "夜空の明るさ_平均": 19.38,
                        "ばらつき_平均": 0.1
                    },
                    {
                        "調査時期": "2025_S",
                        "観測回数": 1,
                        "夜空の明るさ_平均": 19.98,
                        "ばらつき_平均": 0.04
                    },
                    {
                        "調査時期": "2024_S",
                        "観測回数": 2,
                        "夜空の明るさ_平均": 19.43,
                        "ばらつき_平均": 0.07
                    },
                    {
                        "調査時期": "2023_S",
                        "観測回数": 1,
                        "夜空の明るさ_平均": 19.45,
                        "ばらつき_平均": 0.1
                    },
                    {
                        "調査時期": "2022_S",
                        "観測回数": 1,
                        "夜空の明るさ_平均": 19.52,
                        "ばらつき_平均": 0.0
                    },
                    {
                        "調査時期": "2021_S",
                        "観測回数": 1,
                        "夜空の明るさ_平均": 20.0,
                        "ばらつき_平均": 0.03
                    },
                    {
                        "調査時期": "2019_W",
                        "観測回数": 1,
                        "夜空の明るさ_平均": 18.84,
                        "ばらつき_平均": 0.05
                    }
                ]
            }
        },
        {
            "type": "Feature",
            "geometry": {
                "type": "Point",
                "coordinates": [
                    130.97833333,
                    30.55805556
                ]
            },
            "properties": {
                "都道府県": "鹿児島県",
                "市区町村": "中種子町",
                "撮影場所": "鹿児島県熊毛郡中種子町",
                "時系列データ": [
                    {
                        "調査時期": "2019_W",
                        "観測回数": 1,
                        "夜空の明るさ_平均": 21.76,
                        "ばらつき_平均": 0.17
                    }
                ]
            }
        },
        {
            "type": "Feature",
            "geometry": {
                "type": "Point",
                "coordinates": [
                    127.92888889,
                    26.33166667
                ]
            },
            "properties": {
                "都道府県": "沖縄県",
                "市区町村": "うるま市",
                "撮影場所": "沖縄県うるま市与那城屋平 海中道路ロードパーク",
                "時系列データ": [
                    {
                        "調査時期": "2019_W",
                        "観測回数": 1,
                        "夜空の明るさ_平均": 18.4,
                        "ばらつき_平均": 0.16
                    }
                ]
            }
        },
        {
            "type": "Feature",
            "geometry": {
                "type": "Point",
                "coordinates": [
                    141.02583333,
                    42.62444444
                ]
            },
            "properties": {
                "都道府県": "北海道",
                "市区町村": "伊達市",
                "撮影場所": "北湯沢温泉",
                "時系列データ": [
                    {
                        "調査時期": "2024_S",
                        "観測回数": 1,
                        "夜空の明るさ_平均": 21.02,
                        "ばらつき_平均": 0.05
                    },
                    {
                        "調査時期": "2022_W",
                        "観測回数": 1,
                        "夜空の明るさ_平均": 20.21,
                        "ばらつき_平均": 0.07
                    },
                    {
                        "調査時期": "2021_W",
                        "観測回数": 2,
                        "夜空の明るさ_平均": 20.06,
                        "ばらつき_平均": 0.12
                    },
                    {
                        "調査時期": "2021_S",
                        "観測回数": 1,
                        "夜空の明るさ_平均": 21.14,
                        "ばらつき_平均": 0.1
                    },
                    {
                        "調査時期": "2020_W",
                        "観測回数": 1,
                        "夜空の明るさ_平均": 20.14,
                        "ばらつき_平均": 0.16
                    },
                    {
                        "調査時期": "2020_S",
                        "観測回数": 3,
                        "夜空の明るさ_平均": 20.47,
                        "ばらつき_平均": 0.07
                    }
                ]
            }
        },
        {
            "type": "Feature",
            "geometry": {
                "type": "Point",
                "coordinates": [
                    140.89361111,
                    42.56583333
                ]
            },
            "properties": {
                "都道府県": "北海道",
                "市区町村": "壮瞥町",
                "撮影場所": "壮瞥町森と木の里センター周辺",
                "時系列データ": [
                    {
                        "調査時期": "2020_S",
                        "観測回数": 1,
                        "夜空の明るさ_平均": 21.03,
                        "ばらつき_平均": 0.13
                    }
                ]
            }
        },
        {
            "type": "Feature",
            "geometry": {
                "type": "Point",
                "coordinates": [
                    142.4825,
                    44.37388889
                ]
            },
            "properties": {
                "都道府県": "北海道",
                "市区町村": "名寄市",
                "撮影場所": "なよろ市立天文台",
                "時系列データ": [
                    {
                        "調査時期": "2024_W",
                        "観測回数": 1,
                        "夜空の明るさ_平均": 19.63,
                        "ばらつき_平均": 0.13
                    },
                    {
                        "調査時期": "2020_S",
                        "観測回数": 3,
                        "夜空の明るさ_平均": 21.34,
                        "ばらつき_平均": 0.13
                    }
                ]
            }
        },
        {
            "type": "Feature",
            "geometry": {
                "type": "Point",
                "coordinates": [
                    140.89638889,
                    40.42638889
                ]
            },
            "properties": {
                "都道府県": "青森県",
                "市区町村": "十和田市",
                "撮影場所": "十和田湖付近",
                "時系列データ": [
                    {
                        "調査時期": "2020_S",
                        "観測回数": 1,
                        "夜空の明るさ_平均": 21.34,
                        "ばらつき_平均": 0.24
                    }
                ]
            }
        },
        {
            "type": "Feature",
            "geometry": {
                "type": "Point",
                "coordinates": [
                    140.8975,
                    40.4275
                ]
            },
            "properties": {
                "都道府県": "青森県",
                "市区町村": "十和田市",
                "撮影場所": "十和田湖付近",
                "時系列データ": [
                    {
                        "調査時期": "2020_S",
                        "観測回数": 1,
                        "夜空の明るさ_平均": 21.1,
                        "ばらつき_平均": 0.04
                    }
                ]
            }
        },
        {
            "type": "Feature",
            "geometry": {
                "type": "Point",
                "coordinates": [
                    141.31472222,
                    40.27138889
                ]
            },
            "properties": {
                "都道府県": "岩手県",
                "市区町村": "二戸市",
                "撮影場所": "二戸市福岡 古梅児童公園の近辺",
                "時系列データ": [
                    {
                        "調査時期": "2026_W",
                        "観測回数": 1,
                        "夜空の明るさ_平均": 19.49,
                        "ばらつき_平均": 0.08
                    },
                    {
                        "調査時期": "2024_W",
                        "観測回数": 1,
                        "夜空の明るさ_平均": 19.92,
                        "ばらつき_平均": 0.18
                    },
                    {
                        "調査時期": "2024_S",
                        "観測回数": 1,
                        "夜空の明るさ_平均": 20.42,
                        "ばらつき_平均": 0.05
                    },
                    {
                        "調査時期": "2023_S",
                        "観測回数": 1,
                        "夜空の明るさ_平均": 20.59,
                        "ばらつき_平均": 0.19
                    },
                    {
                        "調査時期": "2022_W",
                        "観測回数": 1,
                        "夜空の明るさ_平均": 19.8,
                        "ばらつき_平均": 0.06
                    },
                    {
                        "調査時期": "2020_S",
                        "観測回数": 1,
                        "夜空の明るさ_平均": 20.82,
                        "ばらつき_平均": 0.12
                    }
                ]
            }
        },
        {
            "type": "Feature",
            "geometry": {
                "type": "Point",
                "coordinates": [
                    140.99361111,
                    37.21611111
                ]
            },
            "properties": {
                "都道府県": "福島県",
                "市区町村": "広野町",
                "撮影場所": "双葉郡広野町",
                "時系列データ": [
                    {
                        "調査時期": "2020_S",
                        "観測回数": 1,
                        "夜空の明るさ_平均": 20.09,
                        "ばらつき_平均": 0.09
                    }
                ]
            }
        },
        {
            "type": "Feature",
            "geometry": {
                "type": "Point",
                "coordinates": [
                    140.95166667,
                    37.19166667
                ]
            },
            "properties": {
                "都道府県": "福島県",
                "市区町村": "広野町",
                "撮影場所": "SUZUKI天体観測所",
                "時系列データ": [
                    {
                        "調査時期": "2020_S",
                        "観測回数": 1,
                        "夜空の明るさ_平均": 20.84,
                        "ばらつき_平均": 0.17
                    }
                ]
            }
        },
        {
            "type": "Feature",
            "geometry": {
                "type": "Point",
                "coordinates": [
                    139.99777778,
                    35.14
                ]
            },
            "properties": {
                "都道府県": "千葉県",
                "市区町村": "鴨川市",
                "撮影場所": "鴨川市内",
                "時系列データ": [
                    {
                        "調査時期": "2022_W",
                        "観測回数": 1,
                        "夜空の明るさ_平均": 20.28,
                        "ばらつき_平均": 0.14
                    },
                    {
                        "調査時期": "2020_W",
                        "観測回数": 1,
                        "夜空の明るさ_平均": 19.6,
                        "ばらつき_平均": 1.33
                    },
                    {
                        "調査時期": "2020_S",
                        "観測回数": 1,
                        "夜空の明るさ_平均": 19.9,
                        "ばらつき_平均": 0.09
                    }
                ]
            }
        },
        {
            "type": "Feature",
            "geometry": {
                "type": "Point",
                "coordinates": [
                    139.39055556,
                    35.69638889
                ]
            },
            "properties": {
                "都道府県": "東京都",
                "市区町村": "立川市",
                "撮影場所": "立川市 お庭天文台",
                "時系列データ": [
                    {
                        "調査時期": "2022_W",
                        "観測回数": 1,
                        "夜空の明るさ_平均": 17.29,
                        "ばらつき_平均": 0.14
                    },
                    {
                        "調査時期": "2022_S",
                        "観測回数": 1,
                        "夜空の明るさ_平均": 17.91,
                        "ばらつき_平均": 0.12
                    },
                    {
                        "調査時期": "2021_W",
                        "観測回数": 1,
                        "夜空の明るさ_平均": 17.96,
                        "ばらつき_平均": 0.08
                    },
                    {
                        "調査時期": "2021_S",
                        "観測回数": 1,
                        "夜空の明るさ_平均": 17.1,
                        "ばらつき_平均": 0.15
                    },
                    {
                        "調査時期": "2020_S",
                        "観測回数": 1,
                        "夜空の明るさ_平均": 17.47,
                        "ばらつき_平均": 0.11
                    }
                ]
            }
        },
        {
            "type": "Feature",
            "geometry": {
                "type": "Point",
                "coordinates": [
                    139.21361111,
                    35.46194444
                ]
            },
            "properties": {
                "都道府県": "神奈川県",
                "市区町村": "清川村",
                "撮影場所": "神奈川県清川村内",
                "時系列データ": [
                    {
                        "調査時期": "2026_W",
                        "観測回数": 1,
                        "夜空の明るさ_平均": 18.88,
                        "ばらつき_平均": 0.11
                    },
                    {
                        "調査時期": "2025_W",
                        "観測回数": 1,
                        "夜空の明るさ_平均": 19.37,
                        "ばらつき_平均": 0.08
                    },
                    {
                        "調査時期": "2023_W",
                        "観測回数": 1,
                        "夜空の明るさ_平均": 19.3,
                        "ばらつき_平均": 0.08
                    },
                    {
                        "調査時期": "2022_S",
                        "観測回数": 1,
                        "夜空の明るさ_平均": 19.64,
                        "ばらつき_平均": 0.0
                    },
                    {
                        "調査時期": "2021_W",
                        "観測回数": 1,
                        "夜空の明るさ_平均": 19.45,
                        "ばらつき_平均": 0.13
                    },
                    {
                        "調査時期": "2021_S",
                        "観測回数": 1,
                        "夜空の明るさ_平均": 19.35,
                        "ばらつき_平均": 0.1
                    },
                    {
                        "調査時期": "2020_S",
                        "観測回数": 1,
                        "夜空の明るさ_平均": 19.41,
                        "ばらつき_平均": 0.12
                    }
                ]
            }
        },
        {
            "type": "Feature",
            "geometry": {
                "type": "Point",
                "coordinates": [
                    137.55444444,
                    36.64694444
                ]
            },
            "properties": {
                "都道府県": "富山県",
                "市区町村": "上市町",
                "撮影場所": "富山県中新川郡上市町伊折　番場島",
                "時系列データ": [
                    {
                        "調査時期": "2020_S",
                        "観測回数": 1,
                        "夜空の明るさ_平均": 21.27,
                        "ばらつき_平均": 0.14
                    }
                ]
            }
        },
        {
            "type": "Feature",
            "geometry": {
                "type": "Point",
                "coordinates": [
                    137.42527778,
                    36.90138889
                ]
            },
            "properties": {
                "都道府県": "富山県",
                "市区町村": "黒部市",
                "撮影場所": "富山県黒部市黒部市吉田科学館",
                "時系列データ": [
                    {
                        "調査時期": "2026_W",
                        "観測回数": 1,
                        "夜空の明るさ_平均": 19.69,
                        "ばらつき_平均": 0.08
                    },
                    {
                        "調査時期": "2025_W",
                        "観測回数": 1,
                        "夜空の明るさ_平均": 19.45,
                        "ばらつき_平均": 0.09
                    },
                    {
                        "調査時期": "2025_S",
                        "観測回数": 1,
                        "夜空の明るさ_平均": 19.74,
                        "ばらつき_平均": 0.04
                    },
                    {
                        "調査時期": "2024_W",
                        "観測回数": 1,
                        "夜空の明るさ_平均": 19.65,
                        "ばらつき_平均": 0.09
                    },
                    {
                        "調査時期": "2023_W",
                        "観測回数": 1,
                        "夜空の明るさ_平均": 19.94,
                        "ばらつき_平均": 0.07
                    },
                    {
                        "調査時期": "2023_S",
                        "観測回数": 1,
                        "夜空の明るさ_平均": 19.82,
                        "ばらつき_平均": 0.09
                    },
                    {
                        "調査時期": "2022_S",
                        "観測回数": 1,
                        "夜空の明るさ_平均": 20.06,
                        "ばらつき_平均": 0.09
                    },
                    {
                        "調査時期": "2021_W",
                        "観測回数": 1,
                        "夜空の明るさ_平均": 18.85,
                        "ばらつき_平均": 0.09
                    },
                    {
                        "調査時期": "2021_S",
                        "観測回数": 1,
                        "夜空の明るさ_平均": 20.13,
                        "ばらつき_平均": 0.12
                    },
                    {
                        "調査時期": "2020_S",
                        "観測回数": 1,
                        "夜空の明るさ_平均": 19.61,
                        "ばらつき_平均": 0.1
                    }
                ]
            }
        },
        {
            "type": "Feature",
            "geometry": {
                "type": "Point",
                "coordinates": [
                    137.10333333,
                    36.65972222
                ]
            },
            "properties": {
                "都道府県": "富山県",
                "市区町村": "富山市",
                "撮影場所": "富山県富山市三熊　古洞ダム付近",
                "時系列データ": [
                    {
                        "調査時期": "2026_W",
                        "観測回数": 1,
                        "夜空の明るさ_平均": 18.87,
                        "ばらつき_平均": 0.11
                    },
                    {
                        "調査時期": "2025_W",
                        "観測回数": 1,
                        "夜空の明るさ_平均": 19.49,
                        "ばらつき_平均": 0.05
                    },
                    {
                        "調査時期": "2025_S",
                        "観測回数": 1,
                        "夜空の明るさ_平均": 19.52,
                        "ばらつき_平均": 0.08
                    },
                    {
                        "調査時期": "2023_S",
                        "観測回数": 1,
                        "夜空の明るさ_平均": 19.52,
                        "ばらつき_平均": 0.14
                    },
                    {
                        "調査時期": "2021_S",
                        "観測回数": 1,
                        "夜空の明るさ_平均": 19.88,
                        "ばらつき_平均": 0.09
                    },
                    {
                        "調査時期": "2020_S",
                        "観測回数": 1,
                        "夜空の明るさ_平均": 19.47,
                        "ばらつき_平均": 0.1
                    }
                ]
            }
        },
        {
            "type": "Feature",
            "geometry": {
                "type": "Point",
                "coordinates": [
                    136.64472222,
                    36.07111111
                ]
            },
            "properties": {
                "都道府県": "福井県",
                "市区町村": "勝山市",
                "撮影場所": "勝山市北谷町小原集落",
                "時系列データ": [
                    {
                        "調査時期": "2020_S",
                        "観測回数": 1,
                        "夜空の明るさ_平均": 21.45,
                        "ばらつき_平均": 0.16
                    }
                ]
            }
        },
        {
            "type": "Feature",
            "geometry": {
                "type": "Point",
                "coordinates": [
                    135.64027778,
                    35.40527778
                ]
            },
            "properties": {
                "都道府県": "福井県",
                "市区町村": "おおい町",
                "撮影場所": "大飯郡おおい町名田庄中",
                "時系列データ": [
                    {
                        "調査時期": "2026_W",
                        "観測回数": 1,
                        "夜空の明るさ_平均": 20.89,
                        "ばらつき_平均": 0.18
                    },
                    {
                        "調査時期": "2025_W",
                        "観測回数": 1,
                        "夜空の明るさ_平均": 20.86,
                        "ばらつき_平均": 0.12
                    },
                    {
                        "調査時期": "2025_S",
                        "観測回数": 2,
                        "夜空の明るさ_平均": 20.95,
                        "ばらつき_平均": 0.22
                    },
                    {
                        "調査時期": "2024_W",
                        "観測回数": 1,
                        "夜空の明るさ_平均": 20.95,
                        "ばらつき_平均": 0.21
                    },
                    {
                        "調査時期": "2024_S",
                        "観測回数": 1,
                        "夜空の明るさ_平均": 21.08,
                        "ばらつき_平均": 0.28
                    },
                    {
                        "調査時期": "2023_W",
                        "観測回数": 1,
                        "夜空の明るさ_平均": 20.82,
                        "ばらつき_平均": 0.11
                    },
                    {
                        "調査時期": "2023_S",
                        "観測回数": 1,
                        "夜空の明るさ_平均": 21.7,
                        "ばらつき_平均": 0.24
                    },
                    {
                        "調査時期": "2021_W",
                        "観測回数": 1,
                        "夜空の明るさ_平均": 20.94,
                        "ばらつき_平均": 0.09
                    },
                    {
                        "調査時期": "2020_S",
                        "観測回数": 3,
                        "夜空の明るさ_平均": 20.88,
                        "ばらつき_平均": 0.14
                    }
                ]
            }
        },
        {
            "type": "Feature",
            "geometry": {
                "type": "Point",
                "coordinates": [
                    135.68138889,
                    35.41638889
                ]
            },
            "properties": {
                "都道府県": "福井県",
                "市区町村": "おおい町",
                "撮影場所": "大飯郡おおい町名田庄三重",
                "時系列データ": [
                    {
                        "調査時期": "2020_S",
                        "観測回数": 1,
                        "夜空の明るさ_平均": 20.31,
                        "ばらつき_平均": 0.17
                    }
                ]
            }
        },
        {
            "type": "Feature",
            "geometry": {
                "type": "Point",
                "coordinates": [
                    135.68138889,
                    35.41666667
                ]
            },
            "properties": {
                "都道府県": "福井県",
                "市区町村": "おおい町",
                "撮影場所": "大飯郡おおい町名田庄三重",
                "時系列データ": [
                    {
                        "調査時期": "2020_S",
                        "観測回数": 1,
                        "夜空の明るさ_平均": 20.69,
                        "ばらつき_平均": 0.15
                    }
                ]
            }
        },
        {
            "type": "Feature",
            "geometry": {
                "type": "Point",
                "coordinates": [
                    138.94027778,
                    35.76333333
                ]
            },
            "properties": {
                "都道府県": "山梨県",
                "市区町村": "小菅村",
                "撮影場所": "北都留郡小菅村 小菅村ヘリポート",
                "時系列データ": [
                    {
                        "調査時期": "2026_W",
                        "観測回数": 1,
                        "夜空の明るさ_平均": 20.55,
                        "ばらつき_平均": 0.06
                    },
                    {
                        "調査時期": "2020_W",
                        "観測回数": 1,
                        "夜空の明るさ_平均": 20.45,
                        "ばらつき_平均": 0.08
                    },
                    {
                        "調査時期": "2020_S",
                        "観測回数": 1,
                        "夜空の明るさ_平均": 20.29,
                        "ばらつき_平均": 0.05
                    }
                ]
            }
        },
        {
            "type": "Feature",
            "geometry": {
                "type": "Point",
                "coordinates": [
                    137.975,
                    36.10111111
                ]
            },
            "properties": {
                "都道府県": "長野県",
                "市区町村": "塩尻市",
                "撮影場所": "塩尻東地区センター",
                "時系列データ": [
                    {
                        "調査時期": "2026_W",
                        "観測回数": 1,
                        "夜空の明るさ_平均": 19.72,
                        "ばらつき_平均": 0.09
                    },
                    {
                        "調査時期": "2025_W",
                        "観測回数": 1,
                        "夜空の明るさ_平均": 19.66,
                        "ばらつき_平均": 0.07
                    },
                    {
                        "調査時期": "2024_W",
                        "観測回数": 1,
                        "夜空の明るさ_平均": 19.73,
                        "ばらつき_平均": 0.06
                    },
                    {
                        "調査時期": "2024_S",
                        "観測回数": 1,
                        "夜空の明るさ_平均": 19.85,
                        "ばらつき_平均": 0.1
                    },
                    {
                        "調査時期": "2023_W",
                        "観測回数": 1,
                        "夜空の明るさ_平均": 19.24,
                        "ばらつき_平均": 0.07
                    },
                    {
                        "調査時期": "2023_S",
                        "観測回数": 1,
                        "夜空の明るさ_平均": 19.96,
                        "ばらつき_平均": 0.12
                    },
                    {
                        "調査時期": "2022_W",
                        "観測回数": 1,
                        "夜空の明るさ_平均": 19.97,
                        "ばらつき_平均": 0.1
                    },
                    {
                        "調査時期": "2022_S",
                        "観測回数": 1,
                        "夜空の明るさ_平均": 18.72,
                        "ばらつき_平均": 0.2
                    },
                    {
                        "調査時期": "2021_S",
                        "観測回数": 1,
                        "夜空の明るさ_平均": 19.73,
                        "ばらつき_平均": 0.1
                    },
                    {
                        "調査時期": "2020_S",
                        "観測回数": 1,
                        "夜空の明るさ_平均": 19.9,
                        "ばらつき_平均": 0.11
                    }
                ]
            }
        },
        {
            "type": "Feature",
            "geometry": {
                "type": "Point",
                "coordinates": [
                    137.95333333,
                    36.11527778
                ]
            },
            "properties": {
                "都道府県": "長野県",
                "市区町村": "塩尻市",
                "撮影場所": "塩尻市役所北側駐車場",
                "時系列データ": [
                    {
                        "調査時期": "2026_W",
                        "観測回数": 1,
                        "夜空の明るさ_平均": 19.01,
                        "ばらつき_平均": 0.11
                    },
                    {
                        "調査時期": "2025_W",
                        "観測回数": 1,
                        "夜空の明るさ_平均": 18.5,
                        "ばらつき_平均": 0.12
                    },
                    {
                        "調査時期": "2025_S",
                        "観測回数": 1,
                        "夜空の明るさ_平均": 18.89,
                        "ばらつき_平均": 0.13
                    },
                    {
                        "調査時期": "2024_W",
                        "観測回数": 1,
                        "夜空の明るさ_平均": 19.09,
                        "ばらつき_平均": 0.11
                    },
                    {
                        "調査時期": "2024_S",
                        "観測回数": 1,
                        "夜空の明るさ_平均": 18.99,
                        "ばらつき_平均": 0.17
                    },
                    {
                        "調査時期": "2023_W",
                        "観測回数": 1,
                        "夜空の明るさ_平均": 18.86,
                        "ばらつき_平均": 0.05
                    },
                    {
                        "調査時期": "2023_S",
                        "観測回数": 1,
                        "夜空の明るさ_平均": 19.28,
                        "ばらつき_平均": 0.13
                    },
                    {
                        "調査時期": "2021_S",
                        "観測回数": 1,
                        "夜空の明るさ_平均": 19.02,
                        "ばらつき_平均": 0.07
                    },
                    {
                        "調査時期": "2020_S",
                        "観測回数": 1,
                        "夜空の明るさ_平均": 19.26,
                        "ばらつき_平均": 0.03
                    }
                ]
            }
        },
        {
            "type": "Feature",
            "geometry": {
                "type": "Point",
                "coordinates": [
                    138.00361111,
                    36.07138889
                ]
            },
            "properties": {
                "都道府県": "長野県",
                "市区町村": "塩尻市",
                "撮影場所": "いこいの森公園",
                "時系列データ": [
                    {
                        "調査時期": "2025_S",
                        "観測回数": 1,
                        "夜空の明るさ_平均": 19.15,
                        "ばらつき_平均": 0.14
                    },
                    {
                        "調査時期": "2024_W",
                        "観測回数": 1,
                        "夜空の明るさ_平均": 20.21,
                        "ばらつき_平均": 0.09
                    },
                    {
                        "調査時期": "2023_W",
                        "観測回数": 1,
                        "夜空の明るさ_平均": 19.91,
                        "ばらつき_平均": 0.05
                    },
                    {
                        "調査時期": "2023_S",
                        "観測回数": 1,
                        "夜空の明るさ_平均": 20.32,
                        "ばらつき_平均": 0.08
                    },
                    {
                        "調査時期": "2022_W",
                        "観測回数": 1,
                        "夜空の明るさ_平均": 20.19,
                        "ばらつき_平均": 0.04
                    },
                    {
                        "調査時期": "2021_W",
                        "観測回数": 1,
                        "夜空の明るさ_平均": 20.17,
                        "ばらつき_平均": 0.08
                    },
                    {
                        "調査時期": "2021_S",
                        "観測回数": 1,
                        "夜空の明るさ_平均": 19.66,
                        "ばらつき_平均": 0.19
                    },
                    {
                        "調査時期": "2020_S",
                        "観測回数": 2,
                        "夜空の明るさ_平均": 19.96,
                        "ばらつき_平均": 0.42
                    }
                ]
            }
        },
        {
            "type": "Feature",
            "geometry": {
                "type": "Point",
                "coordinates": [
                    137.9425,
                    36.10361111
                ]
            },
            "properties": {
                "都道府県": "長野県",
                "市区町村": "塩尻市",
                "撮影場所": "平出遺跡公園",
                "時系列データ": [
                    {
                        "調査時期": "2025_W",
                        "観測回数": 1,
                        "夜空の明るさ_平均": 19.48,
                        "ばらつき_平均": 0.09
                    },
                    {
                        "調査時期": "2024_W",
                        "観測回数": 1,
                        "夜空の明るさ_平均": 19.58,
                        "ばらつき_平均": 0.12
                    },
                    {
                        "調査時期": "2024_S",
                        "観測回数": 1,
                        "夜空の明るさ_平均": 19.28,
                        "ばらつき_平均": 0.09
                    },
                    {
                        "調査時期": "2022_W",
                        "観測回数": 1,
                        "夜空の明るさ_平均": 19.84,
                        "ばらつき_平均": 0.09
                    },
                    {
                        "調査時期": "2021_W",
                        "観測回数": 1,
                        "夜空の明るさ_平均": 19.77,
                        "ばらつき_平均": 0.08
                    },
                    {
                        "調査時期": "2021_S",
                        "観測回数": 1,
                        "夜空の明るさ_平均": 19.71,
                        "ばらつき_平均": 0.12
                    },
                    {
                        "調査時期": "2020_S",
                        "観測回数": 2,
                        "夜空の明るさ_平均": 19.66,
                        "ばらつき_平均": 0.38
                    }
                ]
            }
        },
        {
            "type": "Feature",
            "geometry": {
                "type": "Point",
                "coordinates": [
                    137.94277778,
                    36.10305556
                ]
            },
            "properties": {
                "都道府県": "長野県",
                "市区町村": "塩尻市",
                "撮影場所": "平出遺跡公園",
                "時系列データ": [
                    {
                        "調査時期": "2023_S",
                        "観測回数": 1,
                        "夜空の明るさ_平均": 19.72,
                        "ばらつき_平均": 0.07
                    },
                    {
                        "調査時期": "2020_S",
                        "観測回数": 1,
                        "夜空の明るさ_平均": 19.96,
                        "ばらつき_平均": 0.08
                    }
                ]
            }
        },
        {
            "type": "Feature",
            "geometry": {
                "type": "Point",
                "coordinates": [
                    137.9,
                    36.06444444
                ]
            },
            "properties": {
                "都道府県": "長野県",
                "市区町村": "塩尻市",
                "撮影場所": "塩尻市本山",
                "時系列データ": [
                    {
                        "調査時期": "2022_W",
                        "観測回数": 1,
                        "夜空の明るさ_平均": 20.62,
                        "ばらつき_平均": 0.11
                    },
                    {
                        "調査時期": "2020_S",
                        "観測回数": 1,
                        "夜空の明るさ_平均": 20.94,
                        "ばらつき_平均": 0.16
                    }
                ]
            }
        },
        {
            "type": "Feature",
            "geometry": {
                "type": "Point",
                "coordinates": [
                    138.22833333,
                    36.40333333
                ]
            },
            "properties": {
                "都道府県": "長野県",
                "市区町村": "上田市",
                "撮影場所": "上田千曲高校周辺",
                "時系列データ": [
                    {
                        "調査時期": "2025_W",
                        "観測回数": 1,
                        "夜空の明るさ_平均": 19.37,
                        "ばらつき_平均": 0.09
                    },
                    {
                        "調査時期": "2024_W",
                        "観測回数": 1,
                        "夜空の明るさ_平均": 19.19,
                        "ばらつき_平均": 0.09
                    },
                    {
                        "調査時期": "2023_W",
                        "観測回数": 1,
                        "夜空の明るさ_平均": 18.77,
                        "ばらつき_平均": 0.07
                    },
                    {
                        "調査時期": "2022_W",
                        "観測回数": 1,
                        "夜空の明るさ_平均": 19.2,
                        "ばらつき_平均": 0.07
                    },
                    {
                        "調査時期": "2022_S",
                        "観測回数": 1,
                        "夜空の明るさ_平均": 19.47,
                        "ばらつき_平均": 0.1
                    },
                    {
                        "調査時期": "2021_W",
                        "観測回数": 1,
                        "夜空の明るさ_平均": 18.76,
                        "ばらつき_平均": 0.08
                    },
                    {
                        "調査時期": "2021_S",
                        "観測回数": 1,
                        "夜空の明るさ_平均": 19.07,
                        "ばらつき_平均": 0.06
                    },
                    {
                        "調査時期": "2020_W",
                        "観測回数": 1,
                        "夜空の明るさ_平均": 18.86,
                        "ばらつき_平均": 0.16
                    },
                    {
                        "調査時期": "2020_S",
                        "観測回数": 1,
                        "夜空の明るさ_平均": 19.13,
                        "ばらつき_平均": 0.08
                    }
                ]
            }
        },
        {
            "type": "Feature",
            "geometry": {
                "type": "Point",
                "coordinates": [
                    137.74944444,
                    35.41055556
                ]
            },
            "properties": {
                "都道府県": "長野県",
                "市区町村": "阿智村",
                "撮影場所": "下伊那郡阿智村伍和 栗矢観測所",
                "時系列データ": [
                    {
                        "調査時期": "2021_S",
                        "観測回数": 1,
                        "夜空の明るさ_平均": 21.22,
                        "ばらつき_平均": 0.15
                    },
                    {
                        "調査時期": "2020_S",
                        "観測回数": 1,
                        "夜空の明るさ_平均": 21.31,
                        "ばらつき_平均": 0.15
                    }
                ]
            }
        },
        {
            "type": "Feature",
            "geometry": {
                "type": "Point",
                "coordinates": [
                    138.01611111,
                    36.0625
                ]
            },
            "properties": {
                "都道府県": "長野県",
                "市区町村": "岡谷市",
                "撮影場所": "いこいの森公園",
                "時系列データ": [
                    {
                        "調査時期": "2025_W",
                        "観測回数": 2,
                        "夜空の明るさ_平均": 20.16,
                        "ばらつき_平均": 0.04
                    },
                    {
                        "調査時期": "2023_W",
                        "観測回数": 1,
                        "夜空の明るさ_平均": 19.81,
                        "ばらつき_平均": 0.06
                    },
                    {
                        "調査時期": "2023_S",
                        "観測回数": 1,
                        "夜空の明るさ_平均": 20.29,
                        "ばらつき_平均": 0.07
                    },
                    {
                        "調査時期": "2022_W",
                        "観測回数": 1,
                        "夜空の明るさ_平均": 20.06,
                        "ばらつき_平均": 0.05
                    },
                    {
                        "調査時期": "2021_W",
                        "観測回数": 1,
                        "夜空の明るさ_平均": 20.05,
                        "ばらつき_平均": 0.1
                    },
                    {
                        "調査時期": "2021_S",
                        "観測回数": 1,
                        "夜空の明るさ_平均": 20.05,
                        "ばらつき_平均": 0.19
                    },
                    {
                        "調査時期": "2020_S",
                        "観測回数": 1,
                        "夜空の明るさ_平均": 20.14,
                        "ばらつき_平均": 0.22
                    }
                ]
            }
        },
        {
            "type": "Feature",
            "geometry": {
                "type": "Point",
                "coordinates": [
                    137.89916667,
                    35.73027778
                ]
            },
            "properties": {
                "都道府県": "長野県",
                "市区町村": "駒ヶ根市",
                "撮影場所": "駒ヶ根高原家族旅行村アルプスの丘周辺",
                "時系列データ": [
                    {
                        "調査時期": "2026_W",
                        "観測回数": 1,
                        "夜空の明るさ_平均": 20.15,
                        "ばらつき_平均": 0.07
                    },
                    {
                        "調査時期": "2023_W",
                        "観測回数": 1,
                        "夜空の明るさ_平均": 20.7,
                        "ばらつき_平均": 0.2
                    },
                    {
                        "調査時期": "2023_S",
                        "観測回数": 1,
                        "夜空の明るさ_平均": 20.6,
                        "ばらつき_平均": 0.13
                    },
                    {
                        "調査時期": "2020_S",
                        "観測回数": 1,
                        "夜空の明るさ_平均": 20.62,
                        "ばらつき_平均": 0.14
                    }
                ]
            }
        },
        {
            "type": "Feature",
            "geometry": {
                "type": "Point",
                "coordinates": [
                    137.90972222,
                    35.72
                ]
            },
            "properties": {
                "都道府県": "長野県",
                "市区町村": "駒ヶ根市",
                "撮影場所": "日本電産長野技術研究開発センター周辺",
                "時系列データ": [
                    {
                        "調査時期": "2022_W",
                        "観測回数": 1,
                        "夜空の明るさ_平均": 19.42,
                        "ばらつき_平均": 0.22
                    },
                    {
                        "調査時期": "2020_S",
                        "観測回数": 1,
                        "夜空の明るさ_平均": 20.42,
                        "ばらつき_平均": 0.1
                    }
                ]
            }
        },
        {
            "type": "Feature",
            "geometry": {
                "type": "Point",
                "coordinates": [
                    137.92666667,
                    35.71027778
                ]
            },
            "properties": {
                "都道府県": "長野県",
                "市区町村": "駒ヶ根市",
                "撮影場所": "長野県駒ヶ根工業高等学校周辺",
                "時系列データ": [
                    {
                        "調査時期": "2024_S",
                        "観測回数": 1,
                        "夜空の明るさ_平均": 19.46,
                        "ばらつき_平均": 0.11
                    },
                    {
                        "調査時期": "2023_W",
                        "観測回数": 1,
                        "夜空の明るさ_平均": 20.39,
                        "ばらつき_平均": 0.11
                    },
                    {
                        "調査時期": "2022_W",
                        "観測回数": 1,
                        "夜空の明るさ_平均": 19.67,
                        "ばらつき_平均": 0.17
                    },
                    {
                        "調査時期": "2020_S",
                        "観測回数": 1,
                        "夜空の明るさ_平均": 20.32,
                        "ばらつき_平均": 0.18
                    }
                ]
            }
        },
        {
            "type": "Feature",
            "geometry": {
                "type": "Point",
                "coordinates": [
                    138.11055556,
                    36.52833333
                ]
            },
            "properties": {
                "都道府県": "長野県",
                "市区町村": "千曲市",
                "撮影場所": "千曲市 中央公園",
                "時系列データ": [
                    {
                        "調査時期": "2026_W",
                        "観測回数": 1,
                        "夜空の明るさ_平均": 19.37,
                        "ばらつき_平均": 0.09
                    },
                    {
                        "調査時期": "2025_W",
                        "観測回数": 1,
                        "夜空の明るさ_平均": 19.13,
                        "ばらつき_平均": 0.16
                    },
                    {
                        "調査時期": "2025_S",
                        "観測回数": 1,
                        "夜空の明るさ_平均": 19.21,
                        "ばらつき_平均": 0.08
                    },
                    {
                        "調査時期": "2024_S",
                        "観測回数": 1,
                        "夜空の明るさ_平均": 19.99,
                        "ばらつき_平均": 0.14
                    },
                    {
                        "調査時期": "2023_S",
                        "観測回数": 1,
                        "夜空の明るさ_平均": 20.02,
                        "ばらつき_平均": 0.14
                    },
                    {
                        "調査時期": "2022_W",
                        "観測回数": 1,
                        "夜空の明るさ_平均": 19.4,
                        "ばらつき_平均": 0.09
                    },
                    {
                        "調査時期": "2022_S",
                        "観測回数": 1,
                        "夜空の明るさ_平均": 20.06,
                        "ばらつき_平均": 0.1
                    },
                    {
                        "調査時期": "2020_S",
                        "観測回数": 1,
                        "夜空の明るさ_平均": 19.7,
                        "ばらつき_平均": 0.19
                    }
                ]
            }
        },
        {
            "type": "Feature",
            "geometry": {
                "type": "Point",
                "coordinates": [
                    137.69333333,
                    35.78333333
                ]
            },
            "properties": {
                "都道府県": "長野県",
                "市区町村": "上松町",
                "撮影場所": "上松駅前",
                "時系列データ": [
                    {
                        "調査時期": "2026_W",
                        "観測回数": 1,
                        "夜空の明るさ_平均": 19.53,
                        "ばらつき_平均": 0.09
                    },
                    {
                        "調査時期": "2020_S",
                        "観測回数": 1,
                        "夜空の明るさ_平均": 19.91,
                        "ばらつき_平均": 0.41
                    }
                ]
            }
        },
        {
            "type": "Feature",
            "geometry": {
                "type": "Point",
                "coordinates": [
                    137.62388889,
                    35.79638889
                ]
            },
            "properties": {
                "都道府県": "長野県",
                "市区町村": "王滝村",
                "撮影場所": "東京大学木曽観測所",
                "時系列データ": [
                    {
                        "調査時期": "2021_S",
                        "観測回数": 1,
                        "夜空の明るさ_平均": 21.49,
                        "ばらつき_平均": 0.15
                    },
                    {
                        "調査時期": "2020_S",
                        "観測回数": 2,
                        "夜空の明るさ_平均": 21.54,
                        "ばらつき_平均": 0.18
                    }
                ]
            }
        },
        {
            "type": "Feature",
            "geometry": {
                "type": "Point",
                "coordinates": [
                    138.26611111,
                    35.97222222
                ]
            },
            "properties": {
                "都道府県": "長野県",
                "市区町村": "原村",
                "撮影場所": "八ヶ岳自然文化園",
                "時系列データ": [
                    {
                        "調査時期": "2026_W",
                        "観測回数": 1,
                        "夜空の明るさ_平均": 20.96,
                        "ばらつき_平均": 0.09
                    },
                    {
                        "調査時期": "2025_W",
                        "観測回数": 1,
                        "夜空の明るさ_平均": 20.62,
                        "ばらつき_平均": 0.12
                    },
                    {
                        "調査時期": "2025_S",
                        "観測回数": 1,
                        "夜空の明るさ_平均": 21.05,
                        "ばらつき_平均": 0.05
                    },
                    {
                        "調査時期": "2024_S",
                        "観測回数": 1,
                        "夜空の明るさ_平均": 20.77,
                        "ばらつき_平均": 0.0
                    },
                    {
                        "調査時期": "2023_W",
                        "観測回数": 1,
                        "夜空の明るさ_平均": 20.79,
                        "ばらつき_平均": 0.07
                    },
                    {
                        "調査時期": "2023_S",
                        "観測回数": 1,
                        "夜空の明るさ_平均": 21.33,
                        "ばらつき_平均": 0.16
                    },
                    {
                        "調査時期": "2021_W",
                        "観測回数": 1,
                        "夜空の明るさ_平均": 20.75,
                        "ばらつき_平均": 0.07
                    },
                    {
                        "調査時期": "2021_S",
                        "観測回数": 1,
                        "夜空の明るさ_平均": 21.22,
                        "ばらつき_平均": 0.07
                    },
                    {
                        "調査時期": "2020_S",
                        "観測回数": 1,
                        "夜空の明るさ_平均": 21.25,
                        "ばらつき_平均": 0.08
                    }
                ]
            }
        },
        {
            "type": "Feature",
            "geometry": {
                "type": "Point",
                "coordinates": [
                    137.905,
                    36.30388889
                ]
            },
            "properties": {
                "都道府県": "長野県",
                "市区町村": "安曇野市",
                "撮影場所": "安曇野市豊科 安曇野市役所",
                "時系列データ": [
                    {
                        "調査時期": "2026_W",
                        "観測回数": 1,
                        "夜空の明るさ_平均": 19.24,
                        "ばらつき_平均": 0.11
                    },
                    {
                        "調査時期": "2025_W",
                        "観測回数": 1,
                        "夜空の明るさ_平均": 19.23,
                        "ばらつき_平均": 0.08
                    },
                    {
                        "調査時期": "2024_W",
                        "観測回数": 1,
                        "夜空の明るさ_平均": 19.4,
                        "ばらつき_平均": 0.09
                    },
                    {
                        "調査時期": "2023_W",
                        "観測回数": 1,
                        "夜空の明るさ_平均": 19.22,
                        "ばらつき_平均": 0.08
                    },
                    {
                        "調査時期": "2022_W",
                        "観測回数": 1,
                        "夜空の明るさ_平均": 19.53,
                        "ばらつき_平均": 0.11
                    },
                    {
                        "調査時期": "2021_S",
                        "観測回数": 1,
                        "夜空の明るさ_平均": 19.65,
                        "ばらつき_平均": 0.08
                    },
                    {
                        "調査時期": "2020_S",
                        "観測回数": 1,
                        "夜空の明るさ_平均": 19.51,
                        "ばらつき_平均": 0.04
                    }
                ]
            }
        },
        {
            "type": "Feature",
            "geometry": {
                "type": "Point",
                "coordinates": [
                    137.62333333,
                    35.22305556
                ]
            },
            "properties": {
                "都道府県": "長野県",
                "市区町村": "根羽村",
                "撮影場所": "根羽村 茶臼山",
                "時系列データ": [
                    {
                        "調査時期": "2021_W",
                        "観測回数": 2,
                        "夜空の明るさ_平均": 21.12,
                        "ばらつき_平均": 0.11
                    },
                    {
                        "調査時期": "2021_S",
                        "観測回数": 1,
                        "夜空の明るさ_平均": 20.31,
                        "ばらつき_平均": 0.31
                    },
                    {
                        "調査時期": "2020_S",
                        "観測回数": 3,
                        "夜空の明るさ_平均": 21.38,
                        "ばらつき_平均": 0.17
                    }
                ]
            }
        },
        {
            "type": "Feature",
            "geometry": {
                "type": "Point",
                "coordinates": [
                    138.18722222,
                    36.10388889
                ]
            },
            "properties": {
                "都道府県": "長野県",
                "市区町村": "諏訪市",
                "撮影場所": "諏訪市四賀霧ヶ峰車山肩",
                "時系列データ": [
                    {
                        "調査時期": "2026_W",
                        "観測回数": 2,
                        "夜空の明るさ_平均": 20.49,
                        "ばらつき_平均": 0.1
                    },
                    {
                        "調査時期": "2025_W",
                        "観測回数": 1,
                        "夜空の明るさ_平均": 20.68,
                        "ばらつき_平均": 0.11
                    },
                    {
                        "調査時期": "2024_W",
                        "観測回数": 2,
                        "夜空の明るさ_平均": 20.27,
                        "ばらつき_平均": 0.08
                    },
                    {
                        "調査時期": "2023_W",
                        "観測回数": 2,
                        "夜空の明るさ_平均": 20.7,
                        "ばらつき_平均": 0.15
                    },
                    {
                        "調査時期": "2023_S",
                        "観測回数": 1,
                        "夜空の明るさ_平均": 21.27,
                        "ばらつき_平均": 0.14
                    },
                    {
                        "調査時期": "2021_W",
                        "観測回数": 2,
                        "夜空の明るさ_平均": 20.8,
                        "ばらつき_平均": 0.12
                    },
                    {
                        "調査時期": "2020_S",
                        "観測回数": 1,
                        "夜空の明るさ_平均": 21.45,
                        "ばらつき_平均": 0.15
                    }
                ]
            }
        },
        {
            "type": "Feature",
            "geometry": {
                "type": "Point",
                "coordinates": [
                    137.67083333,
                    35.68805556
                ]
            },
            "properties": {
                "都道府県": "長野県",
                "市区町村": "大桑村",
                "撮影場所": "大桑中学校",
                "時系列データ": [
                    {
                        "調査時期": "2026_W",
                        "観測回数": 1,
                        "夜空の明るさ_平均": 20.68,
                        "ばらつき_平均": 0.05
                    },
                    {
                        "調査時期": "2025_W",
                        "観測回数": 1,
                        "夜空の明るさ_平均": 20.89,
                        "ばらつき_平均": 0.08
                    },
                    {
                        "調査時期": "2023_W",
                        "観測回数": 1,
                        "夜空の明るさ_平均": 20.93,
                        "ばらつき_平均": 0.06
                    },
                    {
                        "調査時期": "2023_S",
                        "観測回数": 1,
                        "夜空の明るさ_平均": 21.18,
                        "ばらつき_平均": 0.04
                    },
                    {
                        "調査時期": "2022_W",
                        "観測回数": 1,
                        "夜空の明るさ_平均": 20.89,
                        "ばらつき_平均": 0.09
                    },
                    {
                        "調査時期": "2021_W",
                        "観測回数": 1,
                        "夜空の明るさ_平均": 20.48,
                        "ばらつき_平均": 0.07
                    },
                    {
                        "調査時期": "2021_S",
                        "観測回数": 1,
                        "夜空の明るさ_平均": 21.09,
                        "ばらつき_平均": 0.16
                    },
                    {
                        "調査時期": "2020_S",
                        "観測回数": 1,
                        "夜空の明るさ_平均": 21.06,
                        "ばらつき_平均": 0.13
                    }
                ]
            }
        },
        {
            "type": "Feature",
            "geometry": {
                "type": "Point",
                "coordinates": [
                    137.60416667,
                    35.20138889
                ]
            },
            "properties": {
                "都道府県": "愛知県",
                "市区町村": "設楽町",
                "撮影場所": "道の駅つぐ高原グリーンパーク",
                "時系列データ": [
                    {
                        "調査時期": "2024_W",
                        "観測回数": 2,
                        "夜空の明るさ_平均": 20.59,
                        "ばらつき_平均": 0.11
                    },
                    {
                        "調査時期": "2023_S",
                        "観測回数": 2,
                        "夜空の明るさ_平均": 20.96,
                        "ばらつき_平均": 0.1
                    },
                    {
                        "調査時期": "2020_S",
                        "観測回数": 2,
                        "夜空の明るさ_平均": 21.48,
                        "ばらつき_平均": 0.23
                    }
                ]
            }
        },
        {
            "type": "Feature",
            "geometry": {
                "type": "Point",
                "coordinates": [
                    136.89944444,
                    35.16472222
                ]
            },
            "properties": {
                "都道府県": "愛知県",
                "市区町村": "名古屋市",
                "撮影場所": "名古屋市科学館",
                "時系列データ": [
                    {
                        "調査時期": "2025_W",
                        "観測回数": 1,
                        "夜空の明るさ_平均": 16.51,
                        "ばらつき_平均": 0.09
                    },
                    {
                        "調査時期": "2025_S",
                        "観測回数": 1,
                        "夜空の明るさ_平均": 16.11,
                        "ばらつき_平均": 0.11
                    },
                    {
                        "調査時期": "2024_W",
                        "観測回数": 1,
                        "夜空の明るさ_平均": 16.66,
                        "ばらつき_平均": 0.11
                    },
                    {
                        "調査時期": "2024_S",
                        "観測回数": 1,
                        "夜空の明るさ_平均": 16.3,
                        "ばらつき_平均": 0.1
                    },
                    {
                        "調査時期": "2023_W",
                        "観測回数": 1,
                        "夜空の明るさ_平均": 16.19,
                        "ばらつき_平均": 0.08
                    },
                    {
                        "調査時期": "2022_S",
                        "観測回数": 1,
                        "夜空の明るさ_平均": 16.71,
                        "ばらつき_平均": 0.15
                    },
                    {
                        "調査時期": "2021_W",
                        "観測回数": 1,
                        "夜空の明るさ_平均": 16.67,
                        "ばらつき_平均": 0.12
                    },
                    {
                        "調査時期": "2020_S",
                        "観測回数": 1,
                        "夜空の明るさ_平均": 16.6,
                        "ばらつき_平均": 0.14
                    }
                ]
            }
        },
        {
            "type": "Feature",
            "geometry": {
                "type": "Point",
                "coordinates": [
                    136.22083333,
                    35.54638889
                ]
            },
            "properties": {
                "都道府県": "滋賀県",
                "市区町村": "長浜市",
                "撮影場所": "ウッデイパル余呉",
                "時系列データ": [
                    {
                        "調査時期": "2022_W",
                        "観測回数": 1,
                        "夜空の明るさ_平均": 20.08,
                        "ばらつき_平均": 0.19
                    },
                    {
                        "調査時期": "2020_S",
                        "観測回数": 1,
                        "夜空の明るさ_平均": 21.4,
                        "ばらつき_平均": 0.17
                    }
                ]
            }
        },
        {
            "type": "Feature",
            "geometry": {
                "type": "Point",
                "coordinates": [
                    136.07027778,
                    35.13138889
                ]
            },
            "properties": {
                "都道府県": "滋賀県",
                "市区町村": "近江八幡市",
                "撮影場所": "近江八幡市　びわこ天文台",
                "時系列データ": [
                    {
                        "調査時期": "2020_S",
                        "観測回数": 1,
                        "夜空の明るさ_平均": 19.47,
                        "ばらつき_平均": 0.1
                    }
                ]
            }
        },
        {
            "type": "Feature",
            "geometry": {
                "type": "Point",
                "coordinates": [
                    135.90416667,
                    34.78833333
                ]
            },
            "properties": {
                "都道府県": "京都府",
                "市区町村": "和束町",
                "撮影場所": "相楽郡和束町杣田",
                "時系列データ": [
                    {
                        "調査時期": "2026_W",
                        "観測回数": 1,
                        "夜空の明るさ_平均": 19.33,
                        "ばらつき_平均": 0.1
                    },
                    {
                        "調査時期": "2025_S",
                        "観測回数": 1,
                        "夜空の明るさ_平均": 19.38,
                        "ばらつき_平均": 0.11
                    },
                    {
                        "調査時期": "2024_W",
                        "観測回数": 1,
                        "夜空の明るさ_平均": 19.48,
                        "ばらつき_平均": 0.11
                    },
                    {
                        "調査時期": "2024_S",
                        "観測回数": 1,
                        "夜空の明るさ_平均": 19.35,
                        "ばらつき_平均": 0.13
                    },
                    {
                        "調査時期": "2023_W",
                        "観測回数": 1,
                        "夜空の明るさ_平均": 19.09,
                        "ばらつき_平均": 0.13
                    },
                    {
                        "調査時期": "2023_S",
                        "観測回数": 1,
                        "夜空の明るさ_平均": 19.07,
                        "ばらつき_平均": 0.15
                    },
                    {
                        "調査時期": "2022_S",
                        "観測回数": 1,
                        "夜空の明るさ_平均": 19.61,
                        "ばらつき_平均": 0.07
                    },
                    {
                        "調査時期": "2020_S",
                        "観測回数": 1,
                        "夜空の明るさ_平均": 19.54,
                        "ばらつき_平均": 0.07
                    }
                ]
            }
        },
        {
            "type": "Feature",
            "geometry": {
                "type": "Point",
                "coordinates": [
                    134.92888889,
                    34.67944444
                ]
            },
            "properties": {
                "都道府県": "兵庫県",
                "市区町村": "明石市",
                "撮影場所": "明姫幹線道路南側",
                "時系列データ": [
                    {
                        "調査時期": "2020_S",
                        "観測回数": 1,
                        "夜空の明るさ_平均": 18.23,
                        "ばらつき_平均": 0.1
                    }
                ]
            }
        },
        {
            "type": "Feature",
            "geometry": {
                "type": "Point",
                "coordinates": [
                    135.13361111,
                    34.68333333
                ]
            },
            "properties": {
                "都道府県": "兵庫県",
                "市区町村": "神戸市",
                "撮影場所": "神戸市長田区鹿松町",
                "時系列データ": [
                    {
                        "調査時期": "2026_W",
                        "観測回数": 1,
                        "夜空の明るさ_平均": 17.5,
                        "ばらつき_平均": 0.14
                    },
                    {
                        "調査時期": "2025_W",
                        "観測回数": 1,
                        "夜空の明るさ_平均": 17.97,
                        "ばらつき_平均": 0.1
                    },
                    {
                        "調査時期": "2021_S",
                        "観測回数": 1,
                        "夜空の明るさ_平均": 18.14,
                        "ばらつき_平均": 0.12
                    },
                    {
                        "調査時期": "2020_S",
                        "観測回数": 1,
                        "夜空の明るさ_平均": 18.19,
                        "ばらつき_平均": 0.11
                    }
                ]
            }
        },
        {
            "type": "Feature",
            "geometry": {
                "type": "Point",
                "coordinates": [
                    135.055,
                    34.65527778
                ]
            },
            "properties": {
                "都道府県": "兵庫県",
                "市区町村": "神戸市",
                "撮影場所": "兵庫県立舞子高等学校屋上",
                "時系列データ": [
                    {
                        "調査時期": "2025_W",
                        "観測回数": 2,
                        "夜空の明るさ_平均": 17.46,
                        "ばらつき_平均": 0.14
                    },
                    {
                        "調査時期": "2025_S",
                        "観測回数": 1,
                        "夜空の明るさ_平均": 17.15,
                        "ばらつき_平均": 0.26
                    },
                    {
                        "調査時期": "2024_W",
                        "観測回数": 5,
                        "夜空の明るさ_平均": 17.2,
                        "ばらつき_平均": 0.12
                    },
                    {
                        "調査時期": "2024_S",
                        "観測回数": 4,
                        "夜空の明るさ_平均": 16.97,
                        "ばらつき_平均": 0.12
                    },
                    {
                        "調査時期": "2023_W",
                        "観測回数": 2,
                        "夜空の明るさ_平均": 17.68,
                        "ばらつき_平均": 0.07
                    },
                    {
                        "調査時期": "2022_W",
                        "観測回数": 4,
                        "夜空の明るさ_平均": 17.73,
                        "ばらつき_平均": 0.11
                    },
                    {
                        "調査時期": "2022_S",
                        "観測回数": 3,
                        "夜空の明るさ_平均": 17.61,
                        "ばらつき_平均": 0.09
                    },
                    {
                        "調査時期": "2021_S",
                        "観測回数": 1,
                        "夜空の明るさ_平均": 16.7,
                        "ばらつき_平均": 0.43
                    },
                    {
                        "調査時期": "2020_W",
                        "観測回数": 3,
                        "夜空の明るさ_平均": 18.89,
                        "ばらつき_平均": 0.16
                    },
                    {
                        "調査時期": "2020_S",
                        "観測回数": 1,
                        "夜空の明るさ_平均": 17.65,
                        "ばらつき_平均": 0.15
                    }
                ]
            }
        },
        {
            "type": "Feature",
            "geometry": {
                "type": "Point",
                "coordinates": [
                    135.03166667,
                    34.69861111
                ]
            },
            "properties": {
                "都道府県": "兵庫県",
                "市区町村": "神戸市",
                "撮影場所": "神戸市西区井吹台 西神南",
                "時系列データ": [
                    {
                        "調査時期": "2025_S",
                        "観測回数": 1,
                        "夜空の明るさ_平均": 17.86,
                        "ばらつき_平均": 0.12
                    },
                    {
                        "調査時期": "2024_W",
                        "観測回数": 3,
                        "夜空の明るさ_平均": 17.89,
                        "ばらつき_平均": 0.07
                    },
                    {
                        "調査時期": "2022_W",
                        "観測回数": 1,
                        "夜空の明るさ_平均": 18.1,
                        "ばらつき_平均": 0.06
                    },
                    {
                        "調査時期": "2020_S",
                        "観測回数": 4,
                        "夜空の明るさ_平均": 17.88,
                        "ばらつき_平均": 0.09
                    }
                ]
            }
        },
        {
            "type": "Feature",
            "geometry": {
                "type": "Point",
                "coordinates": [
                    135.03138889,
                    34.69861111
                ]
            },
            "properties": {
                "都道府県": "兵庫県",
                "市区町村": "神戸市",
                "撮影場所": "神戸市西区井吹台 西神南",
                "時系列データ": [
                    {
                        "調査時期": "2020_W",
                        "観測回数": 1,
                        "夜空の明るさ_平均": 19.05,
                        "ばらつき_平均": 0.06
                    },
                    {
                        "調査時期": "2020_S",
                        "観測回数": 1,
                        "夜空の明るさ_平均": 18.08,
                        "ばらつき_平均": 0.05
                    }
                ]
            }
        },
        {
            "type": "Feature",
            "geometry": {
                "type": "Point",
                "coordinates": [
                    134.98972222,
                    34.52472222
                ]
            },
            "properties": {
                "都道府県": "兵庫県",
                "市区町村": "淡路市",
                "撮影場所": "淡路市久留麻 淡路",
                "時系列データ": [
                    {
                        "調査時期": "2020_S",
                        "観測回数": 3,
                        "夜空の明るさ_平均": 18.78,
                        "ばらつき_平均": 0.17
                    }
                ]
            }
        },
        {
            "type": "Feature",
            "geometry": {
                "type": "Point",
                "coordinates": [
                    134.98944444,
                    34.52472222
                ]
            },
            "properties": {
                "都道府県": "兵庫県",
                "市区町村": "淡路市",
                "撮影場所": "淡路市久留麻 淡路",
                "時系列データ": [
                    {
                        "調査時期": "2020_S",
                        "観測回数": 2,
                        "夜空の明るさ_平均": 18.99,
                        "ばらつき_平均": 0.16
                    }
                ]
            }
        },
        {
            "type": "Feature",
            "geometry": {
                "type": "Point",
                "coordinates": [
                    134.78611111,
                    34.41472222
                ]
            },
            "properties": {
                "都道府県": "兵庫県",
                "市区町村": "洲本市",
                "撮影場所": "洲本市五色町志米山 洲本五色",
                "時系列データ": [
                    {
                        "調査時期": "2020_S",
                        "観測回数": 4,
                        "夜空の明るさ_平均": 20.17,
                        "ばらつき_平均": 0.09
                    }
                ]
            }
        },
        {
            "type": "Feature",
            "geometry": {
                "type": "Point",
                "coordinates": [
                    134.78555556,
                    34.41555556
                ]
            },
            "properties": {
                "都道府県": "兵庫県",
                "市区町村": "洲本市",
                "撮影場所": "洲本市五色町志米山 洲本五色",
                "時系列データ": [
                    {
                        "調査時期": "2020_S",
                        "観測回数": 1,
                        "夜空の明るさ_平均": 19.82,
                        "ばらつき_平均": 0.18
                    }
                ]
            }
        },
        {
            "type": "Feature",
            "geometry": {
                "type": "Point",
                "coordinates": [
                    134.21138889,
                    35.44694444
                ]
            },
            "properties": {
                "都道府県": "鳥取県",
                "市区町村": "鳥取市",
                "撮影場所": "鳥取市倉田 倉田スポーツ広場",
                "時系列データ": [
                    {
                        "調査時期": "2025_W",
                        "観測回数": 1,
                        "夜空の明るさ_平均": 19.83,
                        "ばらつき_平均": 0.13
                    },
                    {
                        "調査時期": "2020_S",
                        "観測回数": 1,
                        "夜空の明るさ_平均": 20.55,
                        "ばらつき_平均": 0.14
                    }
                ]
            }
        },
        {
            "type": "Feature",
            "geometry": {
                "type": "Point",
                "coordinates": [
                    133.85611111,
                    34.82444444
                ]
            },
            "properties": {
                "都道府県": "岡山県",
                "市区町村": "岡山市",
                "撮影場所": "河原邸",
                "時系列データ": [
                    {
                        "調査時期": "2026_W",
                        "観測回数": 2,
                        "夜空の明るさ_平均": 19.7,
                        "ばらつき_平均": 0.1
                    },
                    {
                        "調査時期": "2025_W",
                        "観測回数": 1,
                        "夜空の明るさ_平均": 19.7,
                        "ばらつき_平均": 0.14
                    },
                    {
                        "調査時期": "2025_S",
                        "観測回数": 1,
                        "夜空の明るさ_平均": 19.67,
                        "ばらつき_平均": 0.11
                    },
                    {
                        "調査時期": "2024_W",
                        "観測回数": 1,
                        "夜空の明るさ_平均": 19.61,
                        "ばらつき_平均": 0.08
                    },
                    {
                        "調査時期": "2024_S",
                        "観測回数": 1,
                        "夜空の明るさ_平均": 19.98,
                        "ばらつき_平均": 0.15
                    },
                    {
                        "調査時期": "2023_W",
                        "観測回数": 1,
                        "夜空の明るさ_平均": 19.49,
                        "ばらつき_平均": 0.09
                    },
                    {
                        "調査時期": "2023_S",
                        "観測回数": 1,
                        "夜空の明るさ_平均": 19.98,
                        "ばらつき_平均": 0.06
                    },
                    {
                        "調査時期": "2022_W",
                        "観測回数": 1,
                        "夜空の明るさ_平均": 20.71,
                        "ばらつき_平均": 0.08
                    },
                    {
                        "調査時期": "2022_S",
                        "観測回数": 1,
                        "夜空の明るさ_平均": 19.92,
                        "ばらつき_平均": 0.12
                    },
                    {
                        "調査時期": "2021_W",
                        "観測回数": 1,
                        "夜空の明るさ_平均": 20.62,
                        "ばらつき_平均": 0.1
                    },
                    {
                        "調査時期": "2021_S",
                        "観測回数": 1,
                        "夜空の明るさ_平均": 20.88,
                        "ばらつき_平均": 0.17
                    },
                    {
                        "調査時期": "2020_S",
                        "観測回数": 1,
                        "夜空の明るさ_平均": 19.78,
                        "ばらつき_平均": 0.11
                    }
                ]
            }
        },
        {
            "type": "Feature",
            "geometry": {
                "type": "Point",
                "coordinates": [
                    131.4525,
                    34.15583333
                ]
            },
            "properties": {
                "都道府県": "山口県",
                "市区町村": "山口市",
                "撮影場所": "山口市矢原町",
                "時系列データ": [
                    {
                        "調査時期": "2026_W",
                        "観測回数": 1,
                        "夜空の明るさ_平均": 19.0,
                        "ばらつき_平均": 0.08
                    },
                    {
                        "調査時期": "2025_W",
                        "観測回数": 1,
                        "夜空の明るさ_平均": 17.93,
                        "ばらつき_平均": 0.1
                    },
                    {
                        "調査時期": "2020_W",
                        "観測回数": 1,
                        "夜空の明るさ_平均": 18.35,
                        "ばらつき_平均": 0.05
                    },
                    {
                        "調査時期": "2020_S",
                        "観測回数": 1,
                        "夜空の明るさ_平均": 18.72,
                        "ばらつき_平均": 0.23
                    }
                ]
            }
        },
        {
            "type": "Feature",
            "geometry": {
                "type": "Point",
                "coordinates": [
                    133.825,
                    33.53055556
                ]
            },
            "properties": {
                "都道府県": "高知県",
                "市区町村": "芸西村",
                "撮影場所": "芸西天文台",
                "時系列データ": [
                    {
                        "調査時期": "2026_W",
                        "観測回数": 4,
                        "夜空の明るさ_平均": 21.06,
                        "ばらつき_平均": 0.09
                    },
                    {
                        "調査時期": "2025_W",
                        "観測回数": 5,
                        "夜空の明るさ_平均": 20.82,
                        "ばらつき_平均": 0.08
                    },
                    {
                        "調査時期": "2025_S",
                        "観測回数": 1,
                        "夜空の明るさ_平均": 21.13,
                        "ばらつき_平均": 0.09
                    },
                    {
                        "調査時期": "2024_W",
                        "観測回数": 1,
                        "夜空の明るさ_平均": 21.06,
                        "ばらつき_平均": 0.11
                    },
                    {
                        "調査時期": "2024_S",
                        "観測回数": 3,
                        "夜空の明るさ_平均": 20.95,
                        "ばらつき_平均": 0.16
                    },
                    {
                        "調査時期": "2023_W",
                        "観測回数": 3,
                        "夜空の明るさ_平均": 20.98,
                        "ばらつき_平均": 0.08
                    },
                    {
                        "調査時期": "2023_S",
                        "観測回数": 1,
                        "夜空の明るさ_平均": 21.46,
                        "ばらつき_平均": 0.25
                    },
                    {
                        "調査時期": "2022_W",
                        "観測回数": 2,
                        "夜空の明るさ_平均": 20.93,
                        "ばらつき_平均": 0.08
                    },
                    {
                        "調査時期": "2022_S",
                        "観測回数": 1,
                        "夜空の明るさ_平均": 20.92,
                        "ばらつき_平均": 0.0
                    },
                    {
                        "調査時期": "2021_W",
                        "観測回数": 2,
                        "夜空の明るさ_平均": 21.2,
                        "ばらつき_平均": 0.08
                    },
                    {
                        "調査時期": "2021_S",
                        "観測回数": 1,
                        "夜空の明るさ_平均": 21.28,
                        "ばらつき_平均": 0.18
                    },
                    {
                        "調査時期": "2020_S",
                        "観測回数": 1,
                        "夜空の明るさ_平均": 21.38,
                        "ばらつき_平均": 0.18
                    }
                ]
            }
        },
        {
            "type": "Feature",
            "geometry": {
                "type": "Point",
                "coordinates": [
                    130.83972222,
                    33.89
                ]
            },
            "properties": {
                "都道府県": "福岡県",
                "市区町村": "北九州市",
                "撮影場所": "九州工業大学 戸畑キャンパス運動場",
                "時系列データ": [
                    {
                        "調査時期": "2024_W",
                        "観測回数": 1,
                        "夜空の明るさ_平均": 17.84,
                        "ばらつき_平均": 0.1
                    },
                    {
                        "調査時期": "2023_S",
                        "観測回数": 1,
                        "夜空の明るさ_平均": 18.25,
                        "ばらつき_平均": 0.09
                    },
                    {
                        "調査時期": "2022_W",
                        "観測回数": 1,
                        "夜空の明るさ_平均": 17.33,
                        "ばらつき_平均": 0.09
                    },
                    {
                        "調査時期": "2022_S",
                        "観測回数": 1,
                        "夜空の明るさ_平均": 18.07,
                        "ばらつき_平均": 0.01
                    },
                    {
                        "調査時期": "2021_W",
                        "観測回数": 1,
                        "夜空の明るさ_平均": 17.35,
                        "ばらつき_平均": 0.12
                    },
                    {
                        "調査時期": "2021_S",
                        "観測回数": 1,
                        "夜空の明るさ_平均": 18.56,
                        "ばらつき_平均": 0.11
                    },
                    {
                        "調査時期": "2020_W",
                        "観測回数": 1,
                        "夜空の明るさ_平均": 17.94,
                        "ばらつき_平均": 0.44
                    },
                    {
                        "調査時期": "2020_S",
                        "観測回数": 1,
                        "夜空の明るさ_平均": 18.44,
                        "ばらつき_平均": 0.2
                    }
                ]
            }
        },
        {
            "type": "Feature",
            "geometry": {
                "type": "Point",
                "coordinates": [
                    128.42833333,
                    27.04277778
                ]
            },
            "properties": {
                "都道府県": "鹿児島県",
                "市区町村": "与論町",
                "撮影場所": "与論町内",
                "時系列データ": [
                    {
                        "調査時期": "2026_W",
                        "観測回数": 1,
                        "夜空の明るさ_平均": 21.5,
                        "ばらつき_平均": 0.12
                    },
                    {
                        "調査時期": "2025_W",
                        "観測回数": 1,
                        "夜空の明るさ_平均": 21.42,
                        "ばらつき_平均": 0.1
                    },
                    {
                        "調査時期": "2024_S",
                        "観測回数": 10,
                        "夜空の明るさ_平均": 21.38,
                        "ばらつき_平均": 0.14
                    },
                    {
                        "調査時期": "2023_W",
                        "観測回数": 2,
                        "夜空の明るさ_平均": 21.17,
                        "ばらつき_平均": 0.02
                    },
                    {
                        "調査時期": "2023_S",
                        "観測回数": 4,
                        "夜空の明るさ_平均": 21.57,
                        "ばらつき_平均": 0.2
                    },
                    {
                        "調査時期": "2022_S",
                        "観測回数": 4,
                        "夜空の明るさ_平均": 21.29,
                        "ばらつき_平均": 0.06
                    },
                    {
                        "調査時期": "2021_W",
                        "観測回数": 1,
                        "夜空の明るさ_平均": 21.31,
                        "ばらつき_平均": 0.1
                    },
                    {
                        "調査時期": "2021_S",
                        "観測回数": 2,
                        "夜空の明るさ_平均": 21.59,
                        "ばらつき_平均": 0.15
                    },
                    {
                        "調査時期": "2020_W",
                        "観測回数": 1,
                        "夜空の明るさ_平均": 21.71,
                        "ばらつき_平均": 0.11
                    },
                    {
                        "調査時期": "2020_S",
                        "観測回数": 3,
                        "夜空の明るさ_平均": 21.4,
                        "ばらつき_平均": 0.19
                    }
                ]
            }
        },
        {
            "type": "Feature",
            "geometry": {
                "type": "Point",
                "coordinates": [
                    128.42972222,
                    27.02861111
                ]
            },
            "properties": {
                "都道府県": "鹿児島県",
                "市区町村": "与論町",
                "撮影場所": "与論町内",
                "時系列データ": [
                    {
                        "調査時期": "2020_S",
                        "観測回数": 2,
                        "夜空の明るさ_平均": 21.91,
                        "ばらつき_平均": 0.16
                    }
                ]
            }
        },
        {
            "type": "Feature",
            "geometry": {
                "type": "Point",
                "coordinates": [
                    143.7660921,
                    43.45650149
                ]
            },
            "properties": {
                "都道府県": null,
                "市区町村": null,
                "撮影場所": "りくべつ宇宙地球科学館（銀河の森天文台）",
                "時系列データ": [
                    {
                        "調査時期": "2026_W",
                        "観測回数": 1,
                        "夜空の明るさ_平均": 20.67,
                        "ばらつき_平均": 0.11
                    },
                    {
                        "調査時期": "2020_W",
                        "観測回数": 2,
                        "夜空の明るさ_平均": 21.15,
                        "ばらつき_平均": 0.18
                    }
                ]
            }
        },
        {
            "type": "Feature",
            "geometry": {
                "type": "Point",
                "coordinates": [
                    141.3146845,
                    40.27162257
                ]
            },
            "properties": {
                "都道府県": null,
                "市区町村": null,
                "撮影場所": "二戸市福岡 古梅児童公園の近辺",
                "時系列データ": [
                    {
                        "調査時期": "2025_W",
                        "観測回数": 1,
                        "夜空の明るさ_平均": 20.08,
                        "ばらつき_平均": 0.08
                    },
                    {
                        "調査時期": "2021_W",
                        "観測回数": 1,
                        "夜空の明るさ_平均": 19.82,
                        "ばらつき_平均": 0.12
                    },
                    {
                        "調査時期": "2020_W",
                        "観測回数": 1,
                        "夜空の明るさ_平均": 20.28,
                        "ばらつき_平均": 0.11
                    }
                ]
            }
        },
        {
            "type": "Feature",
            "geometry": {
                "type": "Point",
                "coordinates": [
                    141.4499831,
                    38.6577067
                ]
            },
            "properties": {
                "都道府県": null,
                "市区町村": null,
                "撮影場所": "南三陸ホテル観洋屋上",
                "時系列データ": [
                    {
                        "調査時期": "2020_W",
                        "観測回数": 1,
                        "夜空の明るさ_平均": 20.0,
                        "ばらつき_平均": 0.26
                    }
                ]
            }
        },
        {
            "type": "Feature",
            "geometry": {
                "type": "Point",
                "coordinates": [
                    139.8465277,
                    36.80008809
                ]
            },
            "properties": {
                "都道府県": null,
                "市区町村": null,
                "撮影場所": "星ふる学校「くまの木」",
                "時系列データ": [
                    {
                        "調査時期": "2026_W",
                        "観測回数": 1,
                        "夜空の明るさ_平均": 20.03,
                        "ばらつき_平均": 0.08
                    },
                    {
                        "調査時期": "2022_S",
                        "観測回数": 1,
                        "夜空の明るさ_平均": 20.59,
                        "ばらつき_平均": 0.07
                    }
                ]
            }
        },
        {
            "type": "Feature",
            "geometry": {
                "type": "Point",
                "coordinates": [
                    139.802565,
                    35.81370108
                ]
            },
            "properties": {
                "都道府県": null,
                "市区町村": null,
                "撮影場所": "東武スカイツリーライン谷塚駅前",
                "時系列データ": [
                    {
                        "調査時期": "2020_W",
                        "観測回数": 1,
                        "夜空の明るさ_平均": 17.05,
                        "ばらつき_平均": 0.12
                    }
                ]
            }
        },
        {
            "type": "Feature",
            "geometry": {
                "type": "Point",
                "coordinates": [
                    139.3905483,
                    35.69653667
                ]
            },
            "properties": {
                "都道府県": null,
                "市区町村": null,
                "撮影場所": "立川市 お庭天文台",
                "時系列データ": [
                    {
                        "調査時期": "2020_W",
                        "観測回数": 1,
                        "夜空の明るさ_平均": 16.95,
                        "ばらつき_平均": 0.43
                    }
                ]
            }
        },
        {
            "type": "Feature",
            "geometry": {
                "type": "Point",
                "coordinates": [
                    139.6876779,
                    35.77661753
                ]
            },
            "properties": {
                "都道府県": null,
                "市区町村": null,
                "撮影場所": "板橋区志村２丁目 城山公園",
                "時系列データ": [
                    {
                        "調査時期": "2020_W",
                        "観測回数": 1,
                        "夜空の明るさ_平均": 16.85,
                        "ばらつき_平均": 0.12
                    }
                ]
            }
        },
        {
            "type": "Feature",
            "geometry": {
                "type": "Point",
                "coordinates": [
                    139.4695132,
                    35.3980593
                ]
            },
            "properties": {
                "都道府県": null,
                "市区町村": null,
                "撮影場所": "藤沢市内",
                "時系列データ": [
                    {
                        "調査時期": "2026_W",
                        "観測回数": 1,
                        "夜空の明るさ_平均": 17.29,
                        "ばらつき_平均": 0.1
                    },
                    {
                        "調査時期": "2025_W",
                        "観測回数": 1,
                        "夜空の明るさ_平均": 17.15,
                        "ばらつき_平均": 0.08
                    },
                    {
                        "調査時期": "2025_S",
                        "観測回数": 1,
                        "夜空の明るさ_平均": 17.18,
                        "ばらつき_平均": 0.1
                    },
                    {
                        "調査時期": "2024_W",
                        "観測回数": 1,
                        "夜空の明るさ_平均": 17.64,
                        "ばらつき_平均": 0.08
                    },
                    {
                        "調査時期": "2024_S",
                        "観測回数": 1,
                        "夜空の明るさ_平均": 16.86,
                        "ばらつき_平均": 0.14
                    },
                    {
                        "調査時期": "2023_W",
                        "観測回数": 1,
                        "夜空の明るさ_平均": 17.36,
                        "ばらつき_平均": 0.08
                    },
                    {
                        "調査時期": "2023_S",
                        "観測回数": 1,
                        "夜空の明るさ_平均": 17.74,
                        "ばらつき_平均": 0.1
                    },
                    {
                        "調査時期": "2021_W",
                        "観測回数": 1,
                        "夜空の明るさ_平均": 17.45,
                        "ばらつき_平均": 0.07
                    },
                    {
                        "調査時期": "2020_W",
                        "観測回数": 1,
                        "夜空の明るさ_平均": 16.59,
                        "ばらつき_平均": 0.41
                    }
                ]
            }
        },
        {
            "type": "Feature",
            "geometry": {
                "type": "Point",
                "coordinates": [
                    137.9286075,
                    35.71083784
                ]
            },
            "properties": {
                "都道府県": null,
                "市区町村": null,
                "撮影場所": "駒ヶ根高原家族旅行村アルプスの丘周辺",
                "時系列データ": [
                    {
                        "調査時期": "2025_S",
                        "観測回数": 1,
                        "夜空の明るさ_平均": 19.68,
                        "ばらつき_平均": 0.17
                    }
                ]
            }
        },
        {
            "type": "Feature",
            "geometry": {
                "type": "Point",
                "coordinates": [
                    137.9140162,
                    35.72191813
                ]
            },
            "properties": {
                "都道府県": null,
                "市区町村": null,
                "撮影場所": "日本電産長野技術研究開発センター周辺",
                "時系列データ": [
                    {
                        "調査時期": "2020_W",
                        "観測回数": 1,
                        "夜空の明るさ_平均": 20.02,
                        "ばらつき_平均": 0.09
                    }
                ]
            }
        },
        {
            "type": "Feature",
            "geometry": {
                "type": "Point",
                "coordinates": [
                    137.8995055,
                    35.73031443
                ]
            },
            "properties": {
                "都道府県": null,
                "市区町村": null,
                "撮影場所": "駒ヶ根高原家族旅行村アルプスの丘周辺",
                "時系列データ": [
                    {
                        "調査時期": "2026_W",
                        "観測回数": 1,
                        "夜空の明るさ_平均": 20.15,
                        "ばらつき_平均": 0.07
                    },
                    {
                        "調査時期": "2025_S",
                        "観測回数": 1,
                        "夜空の明るさ_平均": 19.41,
                        "ばらつき_平均": 0.15
                    },
                    {
                        "調査時期": "2024_W",
                        "観測回数": 1,
                        "夜空の明るさ_平均": 20.47,
                        "ばらつき_平均": 0.09
                    },
                    {
                        "調査時期": "2023_W",
                        "観測回数": 1,
                        "夜空の明るさ_平均": 20.65,
                        "ばらつき_平均": 0.13
                    }
                ]
            }
        },
        {
            "type": "Feature",
            "geometry": {
                "type": "Point",
                "coordinates": [
                    138.5167515,
                    36.0614885
                ]
            },
            "properties": {
                "都道府県": null,
                "市区町村": null,
                "撮影場所": "南佐久郡北相木村栃原",
                "時系列データ": [
                    {
                        "調査時期": "2026_W",
                        "観測回数": 1,
                        "夜空の明るさ_平均": 20.91,
                        "ばらつき_平均": 0.12
                    },
                    {
                        "調査時期": "2024_S",
                        "観測回数": 1,
                        "夜空の明るさ_平均": 21.18,
                        "ばらつき_平均": 0.11
                    },
                    {
                        "調査時期": "2023_W",
                        "観測回数": 1,
                        "夜空の明るさ_平均": 21.04,
                        "ばらつき_平均": 0.09
                    },
                    {
                        "調査時期": "2023_S",
                        "観測回数": 1,
                        "夜空の明るさ_平均": 21.05,
                        "ばらつき_平均": 0.3
                    },
                    {
                        "調査時期": "2022_W",
                        "観測回数": 1,
                        "夜空の明るさ_平均": 20.86,
                        "ばらつき_平均": 0.1
                    },
                    {
                        "調査時期": "2022_S",
                        "観測回数": 1,
                        "夜空の明るさ_平均": 21.08,
                        "ばらつき_平均": 0.15
                    },
                    {
                        "調査時期": "2020_W",
                        "観測回数": 1,
                        "夜空の明るさ_平均": 20.67,
                        "ばらつき_平均": 0.45
                    }
                ]
            }
        },
        {
            "type": "Feature",
            "geometry": {
                "type": "Point",
                "coordinates": [
                    138.0036503,
                    36.07153297
                ]
            },
            "properties": {
                "都道府県": null,
                "市区町村": null,
                "撮影場所": "いこいの森公園",
                "時系列データ": [
                    {
                        "調査時期": "2026_W",
                        "観測回数": 1,
                        "夜空の明るさ_平均": 19.96,
                        "ばらつき_平均": 0.08
                    },
                    {
                        "調査時期": "2020_W",
                        "観測回数": 1,
                        "夜空の明るさ_平均": 20.12,
                        "ばらつき_平均": 0.07
                    }
                ]
            }
        },
        {
            "type": "Feature",
            "geometry": {
                "type": "Point",
                "coordinates": [
                    138.0162942,
                    36.06266629
                ]
            },
            "properties": {
                "都道府県": null,
                "市区町村": null,
                "撮影場所": "塩嶺王城パーク駐車場",
                "時系列データ": [
                    {
                        "調査時期": "2025_S",
                        "観測回数": 1,
                        "夜空の明るさ_平均": 19.44,
                        "ばらつき_平均": 0.12
                    },
                    {
                        "調査時期": "2020_W",
                        "観測回数": 1,
                        "夜空の明るさ_平均": 20.06,
                        "ばらつき_平均": 0.07
                    }
                ]
            }
        },
        {
            "type": "Feature",
            "geometry": {
                "type": "Point",
                "coordinates": [
                    137.987701,
                    35.89987888
                ]
            },
            "properties": {
                "都道府県": null,
                "市区町村": null,
                "撮影場所": "JR木ノ下駅周辺",
                "時系列データ": [
                    {
                        "調査時期": "2020_W",
                        "観測回数": 1,
                        "夜空の明るさ_平均": 19.33,
                        "ばらつき_平均": 0.08
                    }
                ]
            }
        },
        {
            "type": "Feature",
            "geometry": {
                "type": "Point",
                "coordinates": [
                    137.55661,
                    35.91864333
                ]
            },
            "properties": {
                "都道府県": null,
                "市区町村": null,
                "撮影場所": "開田高原保健休養地テニスコート",
                "時系列データ": [
                    {
                        "調査時期": "2020_W",
                        "観測回数": 1,
                        "夜空の明るさ_平均": 21.35,
                        "ばらつき_平均": 0.09
                    }
                ]
            }
        },
        {
            "type": "Feature",
            "geometry": {
                "type": "Point",
                "coordinates": [
                    138.040313,
                    36.71984385
                ]
            },
            "properties": {
                "都道府県": null,
                "市区町村": null,
                "撮影場所": "鬼無里　大望峠",
                "時系列データ": [
                    {
                        "調査時期": "2023_W",
                        "観測回数": 1,
                        "夜空の明るさ_平均": 20.71,
                        "ばらつき_平均": 0.1
                    },
                    {
                        "調査時期": "2023_S",
                        "観測回数": 1,
                        "夜空の明るさ_平均": 21.16,
                        "ばらつき_平均": 0.24
                    },
                    {
                        "調査時期": "2022_W",
                        "観測回数": 1,
                        "夜空の明るさ_平均": 20.58,
                        "ばらつき_平均": 0.08
                    },
                    {
                        "調査時期": "2022_S",
                        "観測回数": 2,
                        "夜空の明るさ_平均": 21.2,
                        "ばらつき_平均": 0.09
                    },
                    {
                        "調査時期": "2021_W",
                        "観測回数": 1,
                        "夜空の明るさ_平均": 20.57,
                        "ばらつき_平均": 0.17
                    },
                    {
                        "調査時期": "2021_S",
                        "観測回数": 2,
                        "夜空の明るさ_平均": 20.8,
                        "ばらつき_平均": 0.11
                    },
                    {
                        "調査時期": "2020_W",
                        "観測回数": 1,
                        "夜空の明るさ_平均": 20.92,
                        "ばらつき_平均": 0.11
                    }
                ]
            }
        },
        {
            "type": "Feature",
            "geometry": {
                "type": "Point",
                "coordinates": [
                    138.0152326,
                    36.69125493
                ]
            },
            "properties": {
                "都道府県": null,
                "市区町村": null,
                "撮影場所": "鬼無里　文道　ふるさとの館跡駐車場",
                "時系列データ": [
                    {
                        "調査時期": "2023_W",
                        "観測回数": 1,
                        "夜空の明るさ_平均": 20.7,
                        "ばらつき_平均": 0.06
                    },
                    {
                        "調査時期": "2023_S",
                        "観測回数": 1,
                        "夜空の明るさ_平均": 21.23,
                        "ばらつき_平均": 0.27
                    },
                    {
                        "調査時期": "2022_W",
                        "観測回数": 1,
                        "夜空の明るさ_平均": 20.51,
                        "ばらつき_平均": 0.14
                    },
                    {
                        "調査時期": "2022_S",
                        "観測回数": 1,
                        "夜空の明るさ_平均": 21.36,
                        "ばらつき_平均": 0.01
                    },
                    {
                        "調査時期": "2021_W",
                        "観測回数": 1,
                        "夜空の明るさ_平均": 20.79,
                        "ばらつき_平均": 0.1
                    },
                    {
                        "調査時期": "2020_W",
                        "観測回数": 1,
                        "夜空の明るさ_平均": 20.92,
                        "ばらつき_平均": 0.09
                    }
                ]
            }
        },
        {
            "type": "Feature",
            "geometry": {
                "type": "Point",
                "coordinates": [
                    138.0025971,
                    36.68282343
                ]
            },
            "properties": {
                "都道府県": null,
                "市区町村": null,
                "撮影場所": "旧鬼無里中学校跡地駐車場",
                "時系列データ": [
                    {
                        "調査時期": "2020_W",
                        "観測回数": 1,
                        "夜空の明るさ_平均": 20.81,
                        "ばらつき_平均": 0.08
                    }
                ]
            }
        },
        {
            "type": "Feature",
            "geometry": {
                "type": "Point",
                "coordinates": [
                    138.0038943,
                    36.67979229
                ]
            },
            "properties": {
                "都道府県": null,
                "市区町村": null,
                "撮影場所": "鬼無里小中学校横グランド",
                "時系列データ": [
                    {
                        "調査時期": "2024_W",
                        "観測回数": 1,
                        "夜空の明るさ_平均": 20.77,
                        "ばらつき_平均": 0.11
                    },
                    {
                        "調査時期": "2023_W",
                        "観測回数": 3,
                        "夜空の明るさ_平均": 20.41,
                        "ばらつき_平均": 0.09
                    },
                    {
                        "調査時期": "2022_S",
                        "観測回数": 1,
                        "夜空の明るさ_平均": 21.19,
                        "ばらつき_平均": 0.15
                    },
                    {
                        "調査時期": "2020_W",
                        "観測回数": 1,
                        "夜空の明るさ_平均": 20.72,
                        "ばらつき_平均": 0.09
                    }
                ]
            }
        },
        {
            "type": "Feature",
            "geometry": {
                "type": "Point",
                "coordinates": [
                    137.9912305,
                    36.67829942
                ]
            },
            "properties": {
                "都道府県": null,
                "市区町村": null,
                "撮影場所": "鬼無里　松原",
                "時系列データ": [
                    {
                        "調査時期": "2024_W",
                        "観測回数": 1,
                        "夜空の明るさ_平均": 20.97,
                        "ばらつき_平均": 0.11
                    },
                    {
                        "調査時期": "2023_W",
                        "観測回数": 2,
                        "夜空の明るさ_平均": 20.61,
                        "ばらつき_平均": 0.11
                    },
                    {
                        "調査時期": "2023_S",
                        "観測回数": 1,
                        "夜空の明るさ_平均": 21.16,
                        "ばらつき_平均": 0.26
                    },
                    {
                        "調査時期": "2021_W",
                        "観測回数": 2,
                        "夜空の明るさ_平均": 20.34,
                        "ばらつき_平均": 0.18
                    },
                    {
                        "調査時期": "2020_W",
                        "観測回数": 1,
                        "夜空の明るさ_平均": 20.89,
                        "ばらつき_平均": 0.1
                    }
                ]
            }
        },
        {
            "type": "Feature",
            "geometry": {
                "type": "Point",
                "coordinates": [
                    137.9661549,
                    36.68812088
                ]
            },
            "properties": {
                "都道府県": null,
                "市区町村": null,
                "撮影場所": "鬼無里東京　加茂神社参道",
                "時系列データ": [
                    {
                        "調査時期": "2024_W",
                        "観測回数": 1,
                        "夜空の明るさ_平均": 21.07,
                        "ばらつき_平均": 0.06
                    },
                    {
                        "調査時期": "2023_W",
                        "観測回数": 3,
                        "夜空の明るさ_平均": 20.62,
                        "ばらつき_平均": 0.1
                    },
                    {
                        "調査時期": "2023_S",
                        "観測回数": 1,
                        "夜空の明るさ_平均": 21.21,
                        "ばらつき_平均": 0.17
                    },
                    {
                        "調査時期": "2022_S",
                        "観測回数": 1,
                        "夜空の明るさ_平均": 21.18,
                        "ばらつき_平均": 0.05
                    },
                    {
                        "調査時期": "2021_W",
                        "観測回数": 1,
                        "夜空の明るさ_平均": 19.74,
                        "ばらつき_平均": 0.11
                    },
                    {
                        "調査時期": "2021_S",
                        "観測回数": 1,
                        "夜空の明るさ_平均": 21.09,
                        "ばらつき_平均": 0.15
                    },
                    {
                        "調査時期": "2020_W",
                        "観測回数": 1,
                        "夜空の明るさ_平均": 20.94,
                        "ばらつき_平均": 0.11
                    }
                ]
            }
        },
        {
            "type": "Feature",
            "geometry": {
                "type": "Point",
                "coordinates": [
                    137.9276642,
                    36.6679579
                ]
            },
            "properties": {
                "都道府県": null,
                "市区町村": null,
                "撮影場所": "鬼無里日影　押切",
                "時系列データ": [
                    {
                        "調査時期": "2024_W",
                        "観測回数": 1,
                        "夜空の明るさ_平均": 20.82,
                        "ばらつき_平均": 0.08
                    },
                    {
                        "調査時期": "2023_W",
                        "観測回数": 2,
                        "夜空の明るさ_平均": 20.76,
                        "ばらつき_平均": 0.11
                    },
                    {
                        "調査時期": "2022_W",
                        "観測回数": 1,
                        "夜空の明るさ_平均": 19.93,
                        "ばらつき_平均": 0.18
                    },
                    {
                        "調査時期": "2022_S",
                        "観測回数": 1,
                        "夜空の明るさ_平均": 21.4,
                        "ばらつき_平均": 0.0
                    },
                    {
                        "調査時期": "2021_W",
                        "観測回数": 1,
                        "夜空の明るさ_平均": 19.7,
                        "ばらつき_平均": 0.11
                    },
                    {
                        "調査時期": "2021_S",
                        "観測回数": 1,
                        "夜空の明るさ_平均": 20.89,
                        "ばらつき_平均": 0.08
                    },
                    {
                        "調査時期": "2020_W",
                        "観測回数": 1,
                        "夜空の明るさ_平均": 20.87,
                        "ばらつき_平均": 0.2
                    }
                ]
            }
        },
        {
            "type": "Feature",
            "geometry": {
                "type": "Point",
                "coordinates": [
                    137.7892437,
                    35.24702452
                ]
            },
            "properties": {
                "都道府県": null,
                "市区町村": null,
                "撮影場所": "天龍村神原向方憩いの家",
                "時系列データ": [
                    {
                        "調査時期": "2020_W",
                        "観測回数": 1,
                        "夜空の明るさ_平均": 20.95,
                        "ばらつき_平均": 0.22
                    }
                ]
            }
        },
        {
            "type": "Feature",
            "geometry": {
                "type": "Point",
                "coordinates": [
                    137.8209796,
                    35.28150416
                ]
            },
            "properties": {
                "都道府県": null,
                "市区町村": null,
                "撮影場所": "天龍村神原ヒヤダ久保",
                "時系列データ": [
                    {
                        "調査時期": "2020_W",
                        "観測回数": 1,
                        "夜空の明るさ_平均": 20.74,
                        "ばらつき_平均": 0.34
                    }
                ]
            }
        },
        {
            "type": "Feature",
            "geometry": {
                "type": "Point",
                "coordinates": [
                    137.9615691,
                    36.19240467
                ]
            },
            "properties": {
                "都道府県": null,
                "市区町村": null,
                "撮影場所": "平田駅西口",
                "時系列データ": [
                    {
                        "調査時期": "2026_W",
                        "観測回数": 1,
                        "夜空の明るさ_平均": 18.27,
                        "ばらつき_平均": 0.09
                    },
                    {
                        "調査時期": "2025_W",
                        "観測回数": 1,
                        "夜空の明るさ_平均": 18.25,
                        "ばらつき_平均": 0.08
                    },
                    {
                        "調査時期": "2025_S",
                        "観測回数": 1,
                        "夜空の明るさ_平均": 18.12,
                        "ばらつき_平均": 0.09
                    },
                    {
                        "調査時期": "2024_S",
                        "観測回数": 1,
                        "夜空の明るさ_平均": 18.02,
                        "ばらつき_平均": 0.18
                    },
                    {
                        "調査時期": "2021_W",
                        "観測回数": 1,
                        "夜空の明るさ_平均": 18.7,
                        "ばらつき_平均": 0.13
                    }
                ]
            }
        },
        {
            "type": "Feature",
            "geometry": {
                "type": "Point",
                "coordinates": [
                    137.9783356,
                    36.23320022
                ]
            },
            "properties": {
                "都道府県": null,
                "市区町村": null,
                "撮影場所": "松本市中央",
                "時系列データ": [
                    {
                        "調査時期": "2020_W",
                        "観測回数": 1,
                        "夜空の明るさ_平均": 17.9,
                        "ばらつき_平均": 0.1
                    }
                ]
            }
        },
        {
            "type": "Feature",
            "geometry": {
                "type": "Point",
                "coordinates": [
                    137.900121,
                    36.06486194
                ]
            },
            "properties": {
                "都道府県": null,
                "市区町村": null,
                "撮影場所": "塩尻市本山",
                "時系列データ": [
                    {
                        "調査時期": "2026_W",
                        "観測回数": 1,
                        "夜空の明るさ_平均": 20.29,
                        "ばらつき_平均": 0.09
                    },
                    {
                        "調査時期": "2025_W",
                        "観測回数": 1,
                        "夜空の明るさ_平均": 20.42,
                        "ばらつき_平均": 0.11
                    },
                    {
                        "調査時期": "2024_S",
                        "観測回数": 3,
                        "夜空の明るさ_平均": 20.4,
                        "ばらつき_平均": 0.11
                    },
                    {
                        "調査時期": "2023_S",
                        "観測回数": 1,
                        "夜空の明るさ_平均": 20.59,
                        "ばらつき_平均": 0.11
                    },
                    {
                        "調査時期": "2022_S",
                        "観測回数": 1,
                        "夜空の明るさ_平均": 20.68,
                        "ばらつき_平均": 0.07
                    },
                    {
                        "調査時期": "2021_S",
                        "観測回数": 1,
                        "夜空の明るさ_平均": 20.65,
                        "ばらつき_平均": 0.15
                    },
                    {
                        "調査時期": "2020_W",
                        "観測回数": 1,
                        "夜空の明るさ_平均": 20.07,
                        "ばらつき_平均": 0.15
                    }
                ]
            }
        },
        {
            "type": "Feature",
            "geometry": {
                "type": "Point",
                "coordinates": [
                    136.8673987,
                    35.2161161
                ]
            },
            "properties": {
                "都道府県": null,
                "市区町村": null,
                "撮影場所": "名古屋市内",
                "時系列データ": [
                    {
                        "調査時期": "2020_W",
                        "観測回数": 1,
                        "夜空の明るさ_平均": 17.25,
                        "ばらつき_平均": 0.25
                    }
                ]
            }
        },
        {
            "type": "Feature",
            "geometry": {
                "type": "Point",
                "coordinates": [
                    136.2046444,
                    35.24104866
                ]
            },
            "properties": {
                "都道府県": null,
                "市区町村": null,
                "撮影場所": "多賀町中央公民館 多賀結いの森",
                "時系列データ": [
                    {
                        "調査時期": "2020_W",
                        "観測回数": 1,
                        "夜空の明るさ_平均": 19.13,
                        "ばらつき_平均": 0.19
                    }
                ]
            }
        },
        {
            "type": "Feature",
            "geometry": {
                "type": "Point",
                "coordinates": [
                    135.7461369,
                    35.01690079
                ]
            },
            "properties": {
                "都道府県": null,
                "市区町村": null,
                "撮影場所": "上京区主税町",
                "時系列データ": [
                    {
                        "調査時期": "2026_W",
                        "観測回数": 2,
                        "夜空の明るさ_平均": 17.62,
                        "ばらつき_平均": 0.09
                    },
                    {
                        "調査時期": "2024_W",
                        "観測回数": 1,
                        "夜空の明るさ_平均": 16.97,
                        "ばらつき_平均": 0.12
                    },
                    {
                        "調査時期": "2023_W",
                        "観測回数": 4,
                        "夜空の明るさ_平均": 17.1,
                        "ばらつき_平均": 0.09
                    },
                    {
                        "調査時期": "2023_S",
                        "観測回数": 1,
                        "夜空の明るさ_平均": 17.89,
                        "ばらつき_平均": 0.08
                    },
                    {
                        "調査時期": "2021_W",
                        "観測回数": 5,
                        "夜空の明るさ_平均": 17.58,
                        "ばらつき_平均": 0.13
                    },
                    {
                        "調査時期": "2021_S",
                        "観測回数": 2,
                        "夜空の明るさ_平均": 17.93,
                        "ばらつき_平均": 0.12
                    },
                    {
                        "調査時期": "2020_W",
                        "観測回数": 1,
                        "夜空の明るさ_平均": 16.99,
                        "ばらつき_平均": 0.68
                    }
                ]
            }
        },
        {
            "type": "Feature",
            "geometry": {
                "type": "Point",
                "coordinates": [
                    135.53956,
                    34.724575
                ]
            },
            "properties": {
                "都道府県": null,
                "市区町村": null,
                "撮影場所": "大阪市旭区中宮",
                "時系列データ": [
                    {
                        "調査時期": "2020_W",
                        "観測回数": 1,
                        "夜空の明るさ_平均": 16.78,
                        "ばらつき_平均": 0.1
                    }
                ]
            }
        },
        {
            "type": "Feature",
            "geometry": {
                "type": "Point",
                "coordinates": [
                    135.0555065,
                    34.65557039
                ]
            },
            "properties": {
                "都道府県": null,
                "市区町村": null,
                "撮影場所": "兵庫県立舞子高等学校屋上",
                "時系列データ": [
                    {
                        "調査時期": "2020_W",
                        "観測回数": 2,
                        "夜空の明るさ_平均": 17.95,
                        "ばらつき_平均": 0.1
                    }
                ]
            }
        },
        {
            "type": "Feature",
            "geometry": {
                "type": "Point",
                "coordinates": [
                    134.9920932,
                    34.53759558
                ]
            },
            "properties": {
                "都道府県": null,
                "市区町村": null,
                "撮影場所": "淡路市久留麻 淡路",
                "時系列データ": [
                    {
                        "調査時期": "2020_W",
                        "観測回数": 4,
                        "夜空の明るさ_平均": 18.6,
                        "ばらつき_平均": 0.33
                    }
                ]
            }
        },
        {
            "type": "Feature",
            "geometry": {
                "type": "Point",
                "coordinates": [
                    134.7912096,
                    34.42282735
                ]
            },
            "properties": {
                "都道府県": null,
                "市区町村": null,
                "撮影場所": "洲本市五色町志米山 洲本五色",
                "時系列データ": [
                    {
                        "調査時期": "2020_W",
                        "観測回数": 2,
                        "夜空の明るさ_平均": 20.34,
                        "ばらつき_平均": 0.13
                    }
                ]
            }
        },
        {
            "type": "Feature",
            "geometry": {
                "type": "Point",
                "coordinates": [
                    131.2491292,
                    33.04910687
                ]
            },
            "properties": {
                "都道府県": null,
                "市区町村": null,
                "撮影場所": "くじゅう花公園周辺",
                "時系列データ": [
                    {
                        "調査時期": "2025_W",
                        "観測回数": 2,
                        "夜空の明るさ_平均": 21.47,
                        "ばらつき_平均": 0.08
                    }
                ]
            }
        },
        {
            "type": "Feature",
            "geometry": {
                "type": "Point",
                "coordinates": [
                    143.76416667,
                    43.45777778
                ]
            },
            "properties": {
                "都道府県": "北海道",
                "市区町村": "足寄郡　陸別町",
                "撮影場所": "りくべつ宇宙地球科学館（銀河の森天文台）",
                "時系列データ": [
                    {
                        "調査時期": "2021_S",
                        "観測回数": 1,
                        "夜空の明るさ_平均": 21.43,
                        "ばらつき_平均": 0.15
                    }
                ]
            }
        },
        {
            "type": "Feature",
            "geometry": {
                "type": "Point",
                "coordinates": [
                    141.02527778,
                    42.62388889
                ]
            },
            "properties": {
                "都道府県": "北海道",
                "市区町村": "伊達市",
                "撮影場所": "北湯沢温泉",
                "時系列データ": [
                    {
                        "調査時期": "2026_W",
                        "観測回数": 2,
                        "夜空の明るさ_平均": 18.68,
                        "ばらつき_平均": 0.15
                    },
                    {
                        "調査時期": "2025_W",
                        "観測回数": 1,
                        "夜空の明るさ_平均": 20.45,
                        "ばらつき_平均": 0.09
                    },
                    {
                        "調査時期": "2025_S",
                        "観測回数": 3,
                        "夜空の明るさ_平均": 21.05,
                        "ばらつき_平均": 0.14
                    },
                    {
                        "調査時期": "2024_W",
                        "観測回数": 1,
                        "夜空の明るさ_平均": 19.72,
                        "ばらつき_平均": 0.11
                    },
                    {
                        "調査時期": "2024_S",
                        "観測回数": 6,
                        "夜空の明るさ_平均": 20.77,
                        "ばらつき_平均": 0.1
                    },
                    {
                        "調査時期": "2023_W",
                        "観測回数": 2,
                        "夜空の明るさ_平均": 20.14,
                        "ばらつき_平均": 0.06
                    },
                    {
                        "調査時期": "2023_S",
                        "観測回数": 1,
                        "夜空の明るさ_平均": 21.07,
                        "ばらつき_平均": 0.12
                    },
                    {
                        "調査時期": "2022_W",
                        "観測回数": 2,
                        "夜空の明るさ_平均": 19.79,
                        "ばらつき_平均": 0.09
                    },
                    {
                        "調査時期": "2022_S",
                        "観測回数": 3,
                        "夜空の明るさ_平均": 21.05,
                        "ばらつき_平均": 0.09
                    },
                    {
                        "調査時期": "2021_S",
                        "観測回数": 3,
                        "夜空の明るさ_平均": 20.84,
                        "ばらつき_平均": 0.13
                    }
                ]
            }
        },
        {
            "type": "Feature",
            "geometry": {
                "type": "Point",
                "coordinates": [
                    140.90916667,
                    42.57138889
                ]
            },
            "properties": {
                "都道府県": "北海道",
                "市区町村": "有珠郡　壮瞥町",
                "撮影場所": "壮瞥町森と木の里センター周辺",
                "時系列データ": [
                    {
                        "調査時期": "2022_S",
                        "観測回数": 1,
                        "夜空の明るさ_平均": 21.08,
                        "ばらつき_平均": 0.02
                    },
                    {
                        "調査時期": "2021_S",
                        "観測回数": 1,
                        "夜空の明るさ_平均": 21.17,
                        "ばらつき_平均": 0.13
                    }
                ]
            }
        },
        {
            "type": "Feature",
            "geometry": {
                "type": "Point",
                "coordinates": [
                    140.89694444,
                    40.42777778
                ]
            },
            "properties": {
                "都道府県": "青森県",
                "市区町村": "十和田市",
                "撮影場所": "十和田湖付近",
                "時系列データ": [
                    {
                        "調査時期": "2022_W",
                        "観測回数": 1,
                        "夜空の明るさ_平均": 19.11,
                        "ばらつき_平均": 0.27
                    },
                    {
                        "調査時期": "2021_S",
                        "観測回数": 1,
                        "夜空の明るさ_平均": 21.44,
                        "ばらつき_平均": 0.26
                    }
                ]
            }
        },
        {
            "type": "Feature",
            "geometry": {
                "type": "Point",
                "coordinates": [
                    141.74194444,
                    38.98888889
                ]
            },
            "properties": {
                "都道府県": "岩手県",
                "市区町村": "大船渡市",
                "撮影場所": "大船渡市立博物館",
                "時系列データ": [
                    {
                        "調査時期": "2022_W",
                        "観測回数": 1,
                        "夜空の明るさ_平均": 21.08,
                        "ばらつき_平均": 0.07
                    },
                    {
                        "調査時期": "2021_S",
                        "観測回数": 1,
                        "夜空の明るさ_平均": 20.79,
                        "ばらつき_平均": 0.03
                    }
                ]
            }
        },
        {
            "type": "Feature",
            "geometry": {
                "type": "Point",
                "coordinates": [
                    141.72083333,
                    39.06305556
                ]
            },
            "properties": {
                "都道府県": "岩手県",
                "市区町村": "大船渡市",
                "撮影場所": "大船渡市防災観光交流センター（おおふなぽーと）",
                "時系列データ": [
                    {
                        "調査時期": "2022_W",
                        "観測回数": 1,
                        "夜空の明るさ_平均": 19.13,
                        "ばらつき_平均": 0.19
                    },
                    {
                        "調査時期": "2021_S",
                        "観測回数": 1,
                        "夜空の明るさ_平均": 19.12,
                        "ばらつき_平均": 0.14
                    }
                ]
            }
        },
        {
            "type": "Feature",
            "geometry": {
                "type": "Point",
                "coordinates": [
                    141.71388889,
                    39.09083333
                ]
            },
            "properties": {
                "都道府県": "岩手県",
                "市区町村": "大船渡市",
                "撮影場所": "大船渡市猪川町字中井沢",
                "時系列データ": [
                    {
                        "調査時期": "2022_W",
                        "観測回数": 1,
                        "夜空の明るさ_平均": 19.29,
                        "ばらつき_平均": 0.08
                    },
                    {
                        "調査時期": "2021_S",
                        "観測回数": 1,
                        "夜空の明るさ_平均": 19.32,
                        "ばらつき_平均": 0.28
                    }
                ]
            }
        },
        {
            "type": "Feature",
            "geometry": {
                "type": "Point",
                "coordinates": [
                    138.97416667,
                    36.59694444
                ]
            },
            "properties": {
                "都道府県": "群馬県",
                "市区町村": "高山村",
                "撮影場所": "群馬県吾妻郡高山村ぐんま天文台",
                "時系列データ": [
                    {
                        "調査時期": "2026_W",
                        "観測回数": 1,
                        "夜空の明るさ_平均": 20.42,
                        "ばらつき_平均": 0.09
                    },
                    {
                        "調査時期": "2025_W",
                        "観測回数": 1,
                        "夜空の明るさ_平均": 20.42,
                        "ばらつき_平均": 0.12
                    },
                    {
                        "調査時期": "2025_S",
                        "観測回数": 1,
                        "夜空の明るさ_平均": 19.07,
                        "ばらつき_平均": 0.21
                    },
                    {
                        "調査時期": "2024_W",
                        "観測回数": 1,
                        "夜空の明るさ_平均": 20.52,
                        "ばらつき_平均": 0.14
                    },
                    {
                        "調査時期": "2023_W",
                        "観測回数": 1,
                        "夜空の明るさ_平均": 20.12,
                        "ばらつき_平均": 0.15
                    },
                    {
                        "調査時期": "2023_S",
                        "観測回数": 1,
                        "夜空の明るさ_平均": 20.76,
                        "ばらつき_平均": 0.12
                    },
                    {
                        "調査時期": "2022_W",
                        "観測回数": 1,
                        "夜空の明るさ_平均": 20.34,
                        "ばらつき_平均": 0.13
                    },
                    {
                        "調査時期": "2022_S",
                        "観測回数": 1,
                        "夜空の明るさ_平均": 20.61,
                        "ばらつき_平均": 0.1
                    },
                    {
                        "調査時期": "2021_W",
                        "観測回数": 1,
                        "夜空の明るさ_平均": 20.47,
                        "ばらつき_平均": 0.09
                    },
                    {
                        "調査時期": "2021_S",
                        "観測回数": 1,
                        "夜空の明るさ_平均": 20.62,
                        "ばらつき_平均": 0.16
                    }
                ]
            }
        },
        {
            "type": "Feature",
            "geometry": {
                "type": "Point",
                "coordinates": [
                    139.80055556,
                    35.81694444
                ]
            },
            "properties": {
                "都道府県": "埼玉県",
                "市区町村": "草加市",
                "撮影場所": "東武スカイツリーライン谷塚駅前",
                "時系列データ": [
                    {
                        "調査時期": "2021_W",
                        "観測回数": 1,
                        "夜空の明るさ_平均": 17.37,
                        "ばらつき_平均": 0.1
                    },
                    {
                        "調査時期": "2021_S",
                        "観測回数": 1,
                        "夜空の明るさ_平均": 17.46,
                        "ばらつき_平均": 0.19
                    }
                ]
            }
        },
        {
            "type": "Feature",
            "geometry": {
                "type": "Point",
                "coordinates": [
                    139.46944444,
                    35.39722222
                ]
            },
            "properties": {
                "都道府県": "神奈川県",
                "市区町村": "藤沢市",
                "撮影場所": "藤沢市内",
                "時系列データ": [
                    {
                        "調査時期": "2021_S",
                        "観測回数": 1,
                        "夜空の明るさ_平均": 17.76,
                        "ばらつき_平均": 0.09
                    }
                ]
            }
        },
        {
            "type": "Feature",
            "geometry": {
                "type": "Point",
                "coordinates": [
                    135.57027778,
                    35.39638889
                ]
            },
            "properties": {
                "都道府県": "福井県",
                "市区町村": "おおい町",
                "撮影場所": "大飯郡おおい町名田庄納田終",
                "時系列データ": [
                    {
                        "調査時期": "2026_W",
                        "観測回数": 1,
                        "夜空の明るさ_平均": 20.81,
                        "ばらつき_平均": 0.16
                    },
                    {
                        "調査時期": "2025_S",
                        "観測回数": 1,
                        "夜空の明るさ_平均": 20.69,
                        "ばらつき_平均": 0.28
                    },
                    {
                        "調査時期": "2023_W",
                        "観測回数": 1,
                        "夜空の明るさ_平均": 20.9,
                        "ばらつき_平均": 0.09
                    },
                    {
                        "調査時期": "2021_W",
                        "観測回数": 1,
                        "夜空の明るさ_平均": 20.96,
                        "ばらつき_平均": 0.1
                    },
                    {
                        "調査時期": "2021_S",
                        "観測回数": 1,
                        "夜空の明るさ_平均": 20.96,
                        "ばらつき_平均": 0.04
                    }
                ]
            }
        },
        {
            "type": "Feature",
            "geometry": {
                "type": "Point",
                "coordinates": [
                    136.43555556,
                    35.92027778
                ]
            },
            "properties": {
                "都道府県": "福井県",
                "市区町村": "池田町",
                "撮影場所": "福井県今立郡池田町龍双ヶ滝駐車場",
                "時系列データ": [
                    {
                        "調査時期": "2021_S",
                        "観測回数": 1,
                        "夜空の明るさ_平均": 21.15,
                        "ばらつき_平均": 0.05
                    }
                ]
            }
        },
        {
            "type": "Feature",
            "geometry": {
                "type": "Point",
                "coordinates": [
                    136.30777778,
                    35.85527778
                ]
            },
            "properties": {
                "都道府県": "福井県",
                "市区町村": "池田町",
                "撮影場所": "福井県今立郡池田町新保ファミリースキー場",
                "時系列データ": [
                    {
                        "調査時期": "2021_S",
                        "観測回数": 1,
                        "夜空の明るさ_平均": 20.94,
                        "ばらつき_平均": 0.08
                    }
                ]
            }
        },
        {
            "type": "Feature",
            "geometry": {
                "type": "Point",
                "coordinates": [
                    136.47972222,
                    36.0175
                ]
            },
            "properties": {
                "都道府県": "福井県",
                "市区町村": "大野市",
                "撮影場所": "大矢戸天文台",
                "時系列データ": [
                    {
                        "調査時期": "2021_S",
                        "観測回数": 1,
                        "夜空の明るさ_平均": 20.78,
                        "ばらつき_平均": 0.12
                    }
                ]
            }
        },
        {
            "type": "Feature",
            "geometry": {
                "type": "Point",
                "coordinates": [
                    138.31527778,
                    35.78777778
                ]
            },
            "properties": {
                "都道府県": "山梨県",
                "市区町村": "北杜市",
                "撮影場所": "北杜市白州町横手",
                "時系列データ": [
                    {
                        "調査時期": "2021_S",
                        "観測回数": 1,
                        "夜空の明るさ_平均": 19.84,
                        "ばらつき_平均": 0.12
                    }
                ]
            }
        },
        {
            "type": "Feature",
            "geometry": {
                "type": "Point",
                "coordinates": [
                    138.81805556,
                    35.48444444
                ]
            },
            "properties": {
                "都道府県": "山梨県",
                "市区町村": "富士吉田市",
                "撮影場所": "富士吉田市大明見地内",
                "時系列データ": [
                    {
                        "調査時期": "2026_W",
                        "観測回数": 1,
                        "夜空の明るさ_平均": 18.58,
                        "ばらつき_平均": 0.14
                    },
                    {
                        "調査時期": "2025_S",
                        "観測回数": 1,
                        "夜空の明るさ_平均": 18.85,
                        "ばらつき_平均": 0.1
                    },
                    {
                        "調査時期": "2024_W",
                        "観測回数": 1,
                        "夜空の明るさ_平均": 19.44,
                        "ばらつき_平均": 0.08
                    },
                    {
                        "調査時期": "2023_W",
                        "観測回数": 1,
                        "夜空の明るさ_平均": 19.42,
                        "ばらつき_平均": 0.07
                    },
                    {
                        "調査時期": "2022_W",
                        "観測回数": 1,
                        "夜空の明るさ_平均": 19.45,
                        "ばらつき_平均": 0.08
                    },
                    {
                        "調査時期": "2022_S",
                        "観測回数": 1,
                        "夜空の明るさ_平均": 19.41,
                        "ばらつき_平均": 0.1
                    },
                    {
                        "調査時期": "2021_W",
                        "観測回数": 1,
                        "夜空の明るさ_平均": 19.51,
                        "ばらつき_平均": 0.11
                    },
                    {
                        "調査時期": "2021_S",
                        "観測回数": 1,
                        "夜空の明るさ_平均": 19.05,
                        "ばらつき_平均": 0.1
                    }
                ]
            }
        },
        {
            "type": "Feature",
            "geometry": {
                "type": "Point",
                "coordinates": [
                    137.91416667,
                    36.11388889
                ]
            },
            "properties": {
                "都道府県": "長野県",
                "市区町村": "塩尻市",
                "撮影場所": "洗馬小学校校庭",
                "時系列データ": [
                    {
                        "調査時期": "2026_W",
                        "観測回数": 1,
                        "夜空の明るさ_平均": 19.53,
                        "ばらつき_平均": 0.07
                    },
                    {
                        "調査時期": "2025_W",
                        "観測回数": 1,
                        "夜空の明るさ_平均": 19.72,
                        "ばらつき_平均": 0.06
                    },
                    {
                        "調査時期": "2024_W",
                        "観測回数": 1,
                        "夜空の明るさ_平均": 19.31,
                        "ばらつき_平均": 0.36
                    },
                    {
                        "調査時期": "2024_S",
                        "観測回数": 1,
                        "夜空の明るさ_平均": 19.29,
                        "ばらつき_平均": 0.21
                    },
                    {
                        "調査時期": "2022_W",
                        "観測回数": 1,
                        "夜空の明るさ_平均": 19.98,
                        "ばらつき_平均": 0.12
                    },
                    {
                        "調査時期": "2021_W",
                        "観測回数": 1,
                        "夜空の明るさ_平均": 20.06,
                        "ばらつき_平均": 0.1
                    },
                    {
                        "調査時期": "2021_S",
                        "観測回数": 1,
                        "夜空の明るさ_平均": 20.25,
                        "ばらつき_平均": 0.15
                    }
                ]
            }
        },
        {
            "type": "Feature",
            "geometry": {
                "type": "Point",
                "coordinates": [
                    137.92194444,
                    36.15666667
                ]
            },
            "properties": {
                "都道府県": "長野県",
                "市区町村": "塩尻市",
                "撮影場所": "信州スカイパーク",
                "時系列データ": [
                    {
                        "調査時期": "2026_W",
                        "観測回数": 1,
                        "夜空の明るさ_平均": 19.24,
                        "ばらつき_平均": 0.06
                    },
                    {
                        "調査時期": "2025_W",
                        "観測回数": 1,
                        "夜空の明るさ_平均": 19.11,
                        "ばらつき_平均": 0.08
                    },
                    {
                        "調査時期": "2024_W",
                        "観測回数": 1,
                        "夜空の明るさ_平均": 19.94,
                        "ばらつき_平均": 0.14
                    },
                    {
                        "調査時期": "2022_W",
                        "観測回数": 1,
                        "夜空の明るさ_平均": 19.33,
                        "ばらつき_平均": 0.05
                    },
                    {
                        "調査時期": "2021_S",
                        "観測回数": 1,
                        "夜空の明るさ_平均": 19.84,
                        "ばらつき_平均": 0.12
                    }
                ]
            }
        },
        {
            "type": "Feature",
            "geometry": {
                "type": "Point",
                "coordinates": [
                    137.87888889,
                    36.16722222
                ]
            },
            "properties": {
                "都道府県": "長野県",
                "市区町村": "山形村",
                "撮影場所": "山形村 ミラ フード館 ",
                "時系列データ": [
                    {
                        "調査時期": "2024_W",
                        "観測回数": 1,
                        "夜空の明るさ_平均": 19.42,
                        "ばらつき_平均": 0.1
                    },
                    {
                        "調査時期": "2023_S",
                        "観測回数": 1,
                        "夜空の明るさ_平均": 19.43,
                        "ばらつき_平均": 0.12
                    },
                    {
                        "調査時期": "2021_S",
                        "観測回数": 1,
                        "夜空の明るさ_平均": 20.26,
                        "ばらつき_平均": 0.15
                    }
                ]
            }
        },
        {
            "type": "Feature",
            "geometry": {
                "type": "Point",
                "coordinates": [
                    137.94611111,
                    36.15361111
                ]
            },
            "properties": {
                "都道府県": "長野県",
                "市区町村": "塩尻市",
                "撮影場所": "広丘小学校校庭",
                "時系列データ": [
                    {
                        "調査時期": "2024_W",
                        "観測回数": 1,
                        "夜空の明るさ_平均": 19.09,
                        "ばらつき_平均": 0.09
                    },
                    {
                        "調査時期": "2021_S",
                        "観測回数": 1,
                        "夜空の明るさ_平均": 19.02,
                        "ばらつき_平均": 0.07
                    }
                ]
            }
        },
        {
            "type": "Feature",
            "geometry": {
                "type": "Point",
                "coordinates": [
                    137.94638889,
                    36.16472222
                ]
            },
            "properties": {
                "都道府県": "長野県",
                "市区町村": "塩尻市",
                "撮影場所": "長者原公園",
                "時系列データ": [
                    {
                        "調査時期": "2026_W",
                        "観測回数": 1,
                        "夜空の明るさ_平均": 18.74,
                        "ばらつき_平均": 0.08
                    },
                    {
                        "調査時期": "2025_W",
                        "観測回数": 1,
                        "夜空の明るさ_平均": 18.5,
                        "ばらつき_平均": 0.07
                    },
                    {
                        "調査時期": "2024_W",
                        "観測回数": 1,
                        "夜空の明るさ_平均": 18.47,
                        "ばらつき_平均": 0.17
                    },
                    {
                        "調査時期": "2024_S",
                        "観測回数": 1,
                        "夜空の明るさ_平均": 19.14,
                        "ばらつき_平均": 0.15
                    },
                    {
                        "調査時期": "2021_S",
                        "観測回数": 1,
                        "夜空の明るさ_平均": 18.86,
                        "ばらつき_平均": 0.09
                    }
                ]
            }
        },
        {
            "type": "Feature",
            "geometry": {
                "type": "Point",
                "coordinates": [
                    137.91833333,
                    36.18361111
                ]
            },
            "properties": {
                "都道府県": "長野県",
                "市区町村": "松本市",
                "撮影場所": "西南公園",
                "時系列データ": [
                    {
                        "調査時期": "2026_W",
                        "観測回数": 1,
                        "夜空の明るさ_平均": 19.12,
                        "ばらつき_平均": 0.11
                    },
                    {
                        "調査時期": "2025_W",
                        "観測回数": 1,
                        "夜空の明るさ_平均": 18.91,
                        "ばらつき_平均": 0.07
                    },
                    {
                        "調査時期": "2025_S",
                        "観測回数": 1,
                        "夜空の明るさ_平均": 18.88,
                        "ばらつき_平均": 0.11
                    },
                    {
                        "調査時期": "2024_W",
                        "観測回数": 1,
                        "夜空の明るさ_平均": 19.81,
                        "ばらつき_平均": 0.1
                    },
                    {
                        "調査時期": "2024_S",
                        "観測回数": 1,
                        "夜空の明るさ_平均": 19.47,
                        "ばらつき_平均": 0.13
                    },
                    {
                        "調査時期": "2023_S",
                        "観測回数": 1,
                        "夜空の明るさ_平均": 19.64,
                        "ばらつき_平均": 0.1
                    },
                    {
                        "調査時期": "2021_S",
                        "観測回数": 1,
                        "夜空の明るさ_平均": 19.37,
                        "ばらつき_平均": 0.09
                    }
                ]
            }
        },
        {
            "type": "Feature",
            "geometry": {
                "type": "Point",
                "coordinates": [
                    137.9375,
                    36.13888889
                ]
            },
            "properties": {
                "都道府県": "長野県",
                "市区町村": "塩尻市",
                "撮影場所": "堅石公民館",
                "時系列データ": [
                    {
                        "調査時期": "2026_W",
                        "観測回数": 1,
                        "夜空の明るさ_平均": 19.24,
                        "ばらつき_平均": 0.1
                    },
                    {
                        "調査時期": "2025_W",
                        "観測回数": 1,
                        "夜空の明るさ_平均": 19.42,
                        "ばらつき_平均": 0.09
                    },
                    {
                        "調査時期": "2024_W",
                        "観測回数": 2,
                        "夜空の明るさ_平均": 18.43,
                        "ばらつき_平均": 0.17
                    },
                    {
                        "調査時期": "2024_S",
                        "観測回数": 1,
                        "夜空の明るさ_平均": 19.68,
                        "ばらつき_平均": 0.09
                    },
                    {
                        "調査時期": "2023_S",
                        "観測回数": 1,
                        "夜空の明るさ_平均": 19.79,
                        "ばらつき_平均": 0.08
                    },
                    {
                        "調査時期": "2022_W",
                        "観測回数": 1,
                        "夜空の明るさ_平均": 19.63,
                        "ばらつき_平均": 0.05
                    },
                    {
                        "調査時期": "2021_S",
                        "観測回数": 1,
                        "夜空の明るさ_平均": 19.54,
                        "ばらつき_平均": 0.11
                    }
                ]
            }
        },
        {
            "type": "Feature",
            "geometry": {
                "type": "Point",
                "coordinates": [
                    137.86305556,
                    36.1275
                ]
            },
            "properties": {
                "都道府県": "長野県",
                "市区町村": "朝日村",
                "撮影場所": "朝日小学校付近",
                "時系列データ": [
                    {
                        "調査時期": "2025_W",
                        "観測回数": 1,
                        "夜空の明るさ_平均": 20.11,
                        "ばらつき_平均": 0.06
                    },
                    {
                        "調査時期": "2024_W",
                        "観測回数": 1,
                        "夜空の明るさ_平均": 20.3,
                        "ばらつき_平均": 0.09
                    },
                    {
                        "調査時期": "2023_W",
                        "観測回数": 1,
                        "夜空の明るさ_平均": 20.25,
                        "ばらつき_平均": 0.12
                    },
                    {
                        "調査時期": "2022_W",
                        "観測回数": 1,
                        "夜空の明るさ_平均": 20.37,
                        "ばらつき_平均": 0.1
                    },
                    {
                        "調査時期": "2022_S",
                        "観測回数": 1,
                        "夜空の明るさ_平均": 20.42,
                        "ばらつき_平均": 0.02
                    },
                    {
                        "調査時期": "2021_W",
                        "観測回数": 1,
                        "夜空の明るさ_平均": 19.98,
                        "ばらつき_平均": 0.07
                    },
                    {
                        "調査時期": "2021_S",
                        "観測回数": 1,
                        "夜空の明るさ_平均": 20.48,
                        "ばらつき_平均": 0.11
                    }
                ]
            }
        },
        {
            "type": "Feature",
            "geometry": {
                "type": "Point",
                "coordinates": [
                    138.46305556,
                    35.96138889
                ]
            },
            "properties": {
                "都道府県": "長野県",
                "市区町村": "南牧村",
                "撮影場所": "南佐久郡南牧村野辺山",
                "時系列データ": [
                    {
                        "調査時期": "2024_S",
                        "観測回数": 1,
                        "夜空の明るさ_平均": 20.51,
                        "ばらつき_平均": 0.29
                    },
                    {
                        "調査時期": "2022_W",
                        "観測回数": 1,
                        "夜空の明るさ_平均": 20.94,
                        "ばらつき_平均": 0.09
                    },
                    {
                        "調査時期": "2022_S",
                        "観測回数": 1,
                        "夜空の明るさ_平均": 21.16,
                        "ばらつき_平均": 0.14
                    },
                    {
                        "調査時期": "2021_S",
                        "観測回数": 1,
                        "夜空の明るさ_平均": 21.04,
                        "ばらつき_平均": 0.0
                    }
                ]
            }
        },
        {
            "type": "Feature",
            "geometry": {
                "type": "Point",
                "coordinates": [
                    137.84555556,
                    36.32083333
                ]
            },
            "properties": {
                "都道府県": "長野県",
                "市区町村": "安曇野市",
                "撮影場所": "安曇野市穂高牧 安曇野公園穂高",
                "時系列データ": [
                    {
                        "調査時期": "2021_S",
                        "観測回数": 1,
                        "夜空の明るさ_平均": 20.49,
                        "ばらつき_平均": 0.16
                    }
                ]
            }
        },
        {
            "type": "Feature",
            "geometry": {
                "type": "Point",
                "coordinates": [
                    137.97861111,
                    36.23388889
                ]
            },
            "properties": {
                "都道府県": "長野県",
                "市区町村": "松本市",
                "撮影場所": "松本市中央",
                "時系列データ": [
                    {
                        "調査時期": "2023_W",
                        "観測回数": 1,
                        "夜空の明るさ_平均": 18.14,
                        "ばらつき_平均": 0.07
                    },
                    {
                        "調査時期": "2021_S",
                        "観測回数": 1,
                        "夜空の明るさ_平均": 17.87,
                        "ばらつき_平均": 0.12
                    }
                ]
            }
        },
        {
            "type": "Feature",
            "geometry": {
                "type": "Point",
                "coordinates": [
                    137.76277778,
                    35.88722222
                ]
            },
            "properties": {
                "都道府県": "長野県",
                "市区町村": "木曽町",
                "撮影場所": "宮ノ越駅前",
                "時系列データ": [
                    {
                        "調査時期": "2021_S",
                        "観測回数": 1,
                        "夜空の明るさ_平均": 21.03,
                        "ばらつき_平均": 0.13
                    }
                ]
            }
        },
        {
            "type": "Feature",
            "geometry": {
                "type": "Point",
                "coordinates": [
                    137.6875,
                    35.8075
                ]
            },
            "properties": {
                "都道府県": "長野県",
                "市区町村": "上松町",
                "撮影場所": "木曽の桟",
                "時系列データ": [
                    {
                        "調査時期": "2021_W",
                        "観測回数": 1,
                        "夜空の明るさ_平均": 20.63,
                        "ばらつき_平均": 0.1
                    },
                    {
                        "調査時期": "2021_S",
                        "観測回数": 1,
                        "夜空の明るさ_平均": 21.13,
                        "ばらつき_平均": 0.15
                    }
                ]
            }
        },
        {
            "type": "Feature",
            "geometry": {
                "type": "Point",
                "coordinates": [
                    138.09722222,
                    35.06222222
                ]
            },
            "properties": {
                "都道府県": "静岡県",
                "市区町村": "川根本町",
                "撮影場所": "静岡県榛原郡川根本町",
                "時系列データ": [
                    {
                        "調査時期": "2026_W",
                        "観測回数": 7,
                        "夜空の明るさ_平均": 20.76,
                        "ばらつき_平均": 0.08
                    },
                    {
                        "調査時期": "2025_S",
                        "観測回数": 4,
                        "夜空の明るさ_平均": 21.01,
                        "ばらつき_平均": 0.04
                    },
                    {
                        "調査時期": "2023_S",
                        "観測回数": 10,
                        "夜空の明るさ_平均": 20.99,
                        "ばらつき_平均": 0.15
                    }
                ]
            }
        },
        {
            "type": "Feature",
            "geometry": {
                "type": "Point",
                "coordinates": [
                    138.07666667,
                    35.06833333
                ]
            },
            "properties": {
                "都道府県": "静岡県",
                "市区町村": "川根本町",
                "撮影場所": "静岡県榛原郡川根本町　なかかわね三ツ星天文台駐車場",
                "時系列データ": [
                    {
                        "調査時期": "2021_S",
                        "観測回数": 5,
                        "夜空の明るさ_平均": 21.05,
                        "ばらつき_平均": 0.13
                    }
                ]
            }
        },
        {
            "type": "Feature",
            "geometry": {
                "type": "Point",
                "coordinates": [
                    138.09638889,
                    35.06194444
                ]
            },
            "properties": {
                "都道府県": "静岡県",
                "市区町村": "川根本町",
                "撮影場所": "静岡県榛原郡川根本町",
                "時系列データ": [
                    {
                        "調査時期": "2023_S",
                        "観測回数": 3,
                        "夜空の明るさ_平均": 21.08,
                        "ばらつき_平均": 0.13
                    }
                ]
            }
        },
        {
            "type": "Feature",
            "geometry": {
                "type": "Point",
                "coordinates": [
                    137.65944444,
                    35.22361111
                ]
            },
            "properties": {
                "都道府県": "愛知県",
                "市区町村": "豊根村",
                "撮影場所": "茶臼山高原(愛知県北設楽郡豊根村)",
                "時系列データ": [
                    {
                        "調査時期": "2021_S",
                        "観測回数": 1,
                        "夜空の明るさ_平均": 21.06,
                        "ばらつき_平均": 0.12
                    }
                ]
            }
        },
        {
            "type": "Feature",
            "geometry": {
                "type": "Point",
                "coordinates": [
                    134.99305556,
                    34.52472222
                ]
            },
            "properties": {
                "都道府県": "兵庫県",
                "市区町村": "淡路市",
                "撮影場所": "淡路市久留麻 淡路",
                "時系列データ": [
                    {
                        "調査時期": "2025_S",
                        "観測回数": 1,
                        "夜空の明るさ_平均": 17.95,
                        "ばらつき_平均": 0.1
                    },
                    {
                        "調査時期": "2021_S",
                        "観測回数": 3,
                        "夜空の明るさ_平均": 18.97,
                        "ばらつき_平均": 0.24
                    }
                ]
            }
        },
        {
            "type": "Feature",
            "geometry": {
                "type": "Point",
                "coordinates": [
                    134.99277778,
                    34.52444444
                ]
            },
            "properties": {
                "都道府県": "兵庫県",
                "市区町村": "淡路市",
                "撮影場所": "淡路市久留麻 淡路",
                "時系列データ": [
                    {
                        "調査時期": "2025_S",
                        "観測回数": 1,
                        "夜空の明るさ_平均": 18.62,
                        "ばらつき_平均": 0.16
                    }
                ]
            }
        },
        {
            "type": "Feature",
            "geometry": {
                "type": "Point",
                "coordinates": [
                    134.99305556,
                    34.52222222
                ]
            },
            "properties": {
                "都道府県": "兵庫県",
                "市区町村": "淡路市",
                "撮影場所": "淡路市久留麻 淡路",
                "時系列データ": [
                    {
                        "調査時期": "2021_S",
                        "観測回数": 1,
                        "夜空の明るさ_平均": 16.79,
                        "ばらつき_平均": 0.15
                    }
                ]
            }
        },
        {
            "type": "Feature",
            "geometry": {
                "type": "Point",
                "coordinates": [
                    135.6975,
                    33.59305556
                ]
            },
            "properties": {
                "都道府県": "和歌山県",
                "市区町村": "古座川町",
                "撮影場所": "和歌山県東牟婁郡古座川町佐田",
                "時系列データ": [
                    {
                        "調査時期": "2025_W",
                        "観測回数": 3,
                        "夜空の明るさ_平均": 21.39,
                        "ばらつき_平均": 0.09
                    },
                    {
                        "調査時期": "2024_W",
                        "観測回数": 3,
                        "夜空の明るさ_平均": 21.41,
                        "ばらつき_平均": 0.05
                    },
                    {
                        "調査時期": "2024_S",
                        "観測回数": 4,
                        "夜空の明るさ_平均": 20.5,
                        "ばらつき_平均": 0.18
                    },
                    {
                        "調査時期": "2023_W",
                        "観測回数": 3,
                        "夜空の明るさ_平均": 21.18,
                        "ばらつき_平均": 0.12
                    },
                    {
                        "調査時期": "2023_S",
                        "観測回数": 4,
                        "夜空の明るさ_平均": 21.56,
                        "ばらつき_平均": 0.21
                    },
                    {
                        "調査時期": "2022_W",
                        "観測回数": 5,
                        "夜空の明るさ_平均": 21.15,
                        "ばらつき_平均": 0.12
                    },
                    {
                        "調査時期": "2022_S",
                        "観測回数": 2,
                        "夜空の明るさ_平均": 21.39,
                        "ばらつき_平均": 0.18
                    },
                    {
                        "調査時期": "2021_S",
                        "観測回数": 2,
                        "夜空の明るさ_平均": 21.34,
                        "ばらつき_平均": 0.15
                    }
                ]
            }
        },
        {
            "type": "Feature",
            "geometry": {
                "type": "Point",
                "coordinates": [
                    135.40638889,
                    34.14416667
                ]
            },
            "properties": {
                "都道府県": "和歌山県",
                "市区町村": "紀美野町",
                "撮影場所": "和歌山県海草郡紀美野町　みさと天文台",
                "時系列データ": [
                    {
                        "調査時期": "2025_W",
                        "観測回数": 1,
                        "夜空の明るさ_平均": 19.67,
                        "ばらつき_平均": 0.16
                    },
                    {
                        "調査時期": "2023_W",
                        "観測回数": 2,
                        "夜空の明るさ_平均": 20.41,
                        "ばらつき_平均": 0.06
                    },
                    {
                        "調査時期": "2022_S",
                        "観測回数": 1,
                        "夜空の明るさ_平均": 20.58,
                        "ばらつき_平均": 0.06
                    },
                    {
                        "調査時期": "2021_S",
                        "観測回数": 1,
                        "夜空の明るさ_平均": 20.69,
                        "ばらつき_平均": 0.14
                    }
                ]
            }
        },
        {
            "type": "Feature",
            "geometry": {
                "type": "Point",
                "coordinates": [
                    135.18333333,
                    34.24527778
                ]
            },
            "properties": {
                "都道府県": "和歌山県",
                "市区町村": "和歌山市",
                "撮影場所": "和歌山県和歌山市中之島",
                "時系列データ": [
                    {
                        "調査時期": "2026_W",
                        "観測回数": 1,
                        "夜空の明るさ_平均": 18.13,
                        "ばらつき_平均": 0.14
                    },
                    {
                        "調査時期": "2023_W",
                        "観測回数": 1,
                        "夜空の明るさ_平均": 17.87,
                        "ばらつき_平均": 0.13
                    },
                    {
                        "調査時期": "2023_S",
                        "観測回数": 1,
                        "夜空の明るさ_平均": 17.8,
                        "ばらつき_平均": 0.17
                    },
                    {
                        "調査時期": "2022_W",
                        "観測回数": 1,
                        "夜空の明るさ_平均": 18.27,
                        "ばらつき_平均": 0.12
                    },
                    {
                        "調査時期": "2022_S",
                        "観測回数": 1,
                        "夜空の明るさ_平均": 18.24,
                        "ばらつき_平均": 0.1
                    },
                    {
                        "調査時期": "2021_S",
                        "観測回数": 1,
                        "夜空の明るさ_平均": 17.5,
                        "ばらつき_平均": 0.03
                    }
                ]
            }
        },
        {
            "type": "Feature",
            "geometry": {
                "type": "Point",
                "coordinates": [
                    134.20027778,
                    35.39333333
                ]
            },
            "properties": {
                "都道府県": "鳥取県",
                "市区町村": "鳥取市",
                "撮影場所": "鳥取市河原町曳田 桜広場駐車場",
                "時系列データ": [
                    {
                        "調査時期": "2026_W",
                        "観測回数": 1,
                        "夜空の明るさ_平均": 20.08,
                        "ばらつき_平均": 0.07
                    },
                    {
                        "調査時期": "2025_W",
                        "観測回数": 1,
                        "夜空の明るさ_平均": 20.14,
                        "ばらつき_平均": 0.17
                    },
                    {
                        "調査時期": "2025_S",
                        "観測回数": 1,
                        "夜空の明るさ_平均": 20.0,
                        "ばらつき_平均": 0.1
                    },
                    {
                        "調査時期": "2024_S",
                        "観測回数": 1,
                        "夜空の明るさ_平均": 20.68,
                        "ばらつき_平均": 0.12
                    },
                    {
                        "調査時期": "2023_W",
                        "観測回数": 1,
                        "夜空の明るさ_平均": 20.27,
                        "ばらつき_平均": 0.07
                    },
                    {
                        "調査時期": "2022_W",
                        "観測回数": 1,
                        "夜空の明るさ_平均": 20.14,
                        "ばらつき_平均": 0.07
                    },
                    {
                        "調査時期": "2021_S",
                        "観測回数": 1,
                        "夜空の明るさ_平均": 20.59,
                        "ばらつき_平均": 0.09
                    }
                ]
            }
        },
        {
            "type": "Feature",
            "geometry": {
                "type": "Point",
                "coordinates": [
                    134.21944444,
                    35.49416667
                ]
            },
            "properties": {
                "都道府県": "鳥取県",
                "市区町村": "鳥取市",
                "撮影場所": "鳥取市幸町 幸町棒鼻公園",
                "時系列データ": [
                    {
                        "調査時期": "2026_W",
                        "観測回数": 1,
                        "夜空の明るさ_平均": 17.87,
                        "ばらつき_平均": 0.08
                    },
                    {
                        "調査時期": "2025_W",
                        "観測回数": 1,
                        "夜空の明るさ_平均": 18.19,
                        "ばらつき_平均": 0.09
                    },
                    {
                        "調査時期": "2024_W",
                        "観測回数": 1,
                        "夜空の明るさ_平均": 18.42,
                        "ばらつき_平均": 0.11
                    },
                    {
                        "調査時期": "2022_S",
                        "観測回数": 1,
                        "夜空の明るさ_平均": 18.65,
                        "ばらつき_平均": 0.11
                    },
                    {
                        "調査時期": "2021_W",
                        "観測回数": 1,
                        "夜空の明るさ_平均": 18.25,
                        "ばらつき_平均": 0.1
                    },
                    {
                        "調査時期": "2021_S",
                        "観測回数": 1,
                        "夜空の明るさ_平均": 18.83,
                        "ばらつき_平均": 0.12
                    }
                ]
            }
        },
        {
            "type": "Feature",
            "geometry": {
                "type": "Point",
                "coordinates": [
                    132.73805556,
                    34.44722222
                ]
            },
            "properties": {
                "都道府県": "広島県",
                "市区町村": "東広島市",
                "撮影場所": "憩いの森公園",
                "時系列データ": [
                    {
                        "調査時期": "2026_W",
                        "観測回数": 3,
                        "夜空の明るさ_平均": 18.79,
                        "ばらつき_平均": 0.25
                    },
                    {
                        "調査時期": "2025_S",
                        "観測回数": 4,
                        "夜空の明るさ_平均": 18.43,
                        "ばらつき_平均": 0.36
                    },
                    {
                        "調査時期": "2024_W",
                        "観測回数": 1,
                        "夜空の明るさ_平均": 19.1,
                        "ばらつき_平均": 0.14
                    },
                    {
                        "調査時期": "2024_S",
                        "観測回数": 4,
                        "夜空の明るさ_平均": 18.76,
                        "ばらつき_平均": 0.1
                    },
                    {
                        "調査時期": "2021_S",
                        "観測回数": 1,
                        "夜空の明るさ_平均": 19.03,
                        "ばらつき_平均": 0.16
                    }
                ]
            }
        },
        {
            "type": "Feature",
            "geometry": {
                "type": "Point",
                "coordinates": [
                    133.07888889,
                    34.17055556
                ]
            },
            "properties": {
                "都道府県": "愛媛県",
                "市区町村": "今治市",
                "撮影場所": "愛媛県今治市宮窪町宮窪",
                "時系列データ": [
                    {
                        "調査時期": "2026_W",
                        "観測回数": 3,
                        "夜空の明るさ_平均": 20.4,
                        "ばらつき_平均": 0.13
                    },
                    {
                        "調査時期": "2025_W",
                        "観測回数": 2,
                        "夜空の明るさ_平均": 20.45,
                        "ばらつき_平均": 0.09
                    },
                    {
                        "調査時期": "2024_W",
                        "観測回数": 4,
                        "夜空の明るさ_平均": 20.63,
                        "ばらつき_平均": 0.08
                    },
                    {
                        "調査時期": "2024_S",
                        "観測回数": 4,
                        "夜空の明るさ_平均": 20.79,
                        "ばらつき_平均": 0.09
                    },
                    {
                        "調査時期": "2023_W",
                        "観測回数": 1,
                        "夜空の明るさ_平均": 20.65,
                        "ばらつき_平均": 0.07
                    },
                    {
                        "調査時期": "2023_S",
                        "観測回数": 2,
                        "夜空の明るさ_平均": 20.85,
                        "ばらつき_平均": 0.11
                    },
                    {
                        "調査時期": "2022_W",
                        "観測回数": 2,
                        "夜空の明るさ_平均": 20.38,
                        "ばらつき_平均": 0.03
                    },
                    {
                        "調査時期": "2022_S",
                        "観測回数": 1,
                        "夜空の明るさ_平均": 20.64,
                        "ばらつき_平均": 0.11
                    },
                    {
                        "調査時期": "2021_S",
                        "観測回数": 1,
                        "夜空の明るさ_平均": 20.93,
                        "ばらつき_平均": 0.11
                    }
                ]
            }
        },
        {
            "type": "Feature",
            "geometry": {
                "type": "Point",
                "coordinates": [
                    133.245,
                    33.90916667
                ]
            },
            "properties": {
                "都道府県": "愛媛県",
                "市区町村": "新居浜市",
                "撮影場所": "愛媛県総合科学博物館 屋上（愛媛県新居浜市）",
                "時系列データ": [
                    {
                        "調査時期": "2026_W",
                        "観測回数": 1,
                        "夜空の明るさ_平均": 19.48,
                        "ばらつき_平均": 0.09
                    },
                    {
                        "調査時期": "2025_W",
                        "観測回数": 1,
                        "夜空の明るさ_平均": 19.29,
                        "ばらつき_平均": 0.13
                    },
                    {
                        "調査時期": "2025_S",
                        "観測回数": 1,
                        "夜空の明るさ_平均": 19.87,
                        "ばらつき_平均": 0.08
                    },
                    {
                        "調査時期": "2024_S",
                        "観測回数": 1,
                        "夜空の明るさ_平均": 19.51,
                        "ばらつき_平均": 0.07
                    },
                    {
                        "調査時期": "2023_W",
                        "観測回数": 1,
                        "夜空の明るさ_平均": 19.18,
                        "ばらつき_平均": 0.06
                    },
                    {
                        "調査時期": "2021_S",
                        "観測回数": 1,
                        "夜空の明るさ_平均": 19.5,
                        "ばらつき_平均": 0.03
                    }
                ]
            }
        },
        {
            "type": "Feature",
            "geometry": {
                "type": "Point",
                "coordinates": [
                    131.27694444,
                    32.7175
                ]
            },
            "properties": {
                "都道府県": "宮崎県",
                "市区町村": "高千穂町",
                "撮影場所": "宮崎県西臼杵郡高千穂町　国見ヶ丘",
                "時系列データ": [
                    {
                        "調査時期": "2026_W",
                        "観測回数": 1,
                        "夜空の明るさ_平均": 21.36,
                        "ばらつき_平均": 0.19
                    },
                    {
                        "調査時期": "2025_W",
                        "観測回数": 1,
                        "夜空の明るさ_平均": 21.41,
                        "ばらつき_平均": 0.08
                    },
                    {
                        "調査時期": "2024_W",
                        "観測回数": 1,
                        "夜空の明るさ_平均": 21.27,
                        "ばらつき_平均": 0.09
                    },
                    {
                        "調査時期": "2023_S",
                        "観測回数": 1,
                        "夜空の明るさ_平均": 20.74,
                        "ばらつき_平均": 0.18
                    },
                    {
                        "調査時期": "2022_W",
                        "観測回数": 1,
                        "夜空の明るさ_平均": 21.56,
                        "ばらつき_平均": 0.16
                    },
                    {
                        "調査時期": "2021_W",
                        "観測回数": 1,
                        "夜空の明るさ_平均": 21.84,
                        "ばらつき_平均": 0.32
                    },
                    {
                        "調査時期": "2021_S",
                        "観測回数": 2,
                        "夜空の明るさ_平均": 21.7,
                        "ばらつき_平均": 0.21
                    }
                ]
            }
        },
        {
            "type": "Feature",
            "geometry": {
                "type": "Point",
                "coordinates": [
                    140.8975,
                    40.42638889
                ]
            },
            "properties": {
                "都道府県": "青森県",
                "市区町村": "十和田市",
                "撮影場所": "十和田湖付近",
                "時系列データ": [
                    {
                        "調査時期": "2021_W",
                        "観測回数": 1,
                        "夜空の明るさ_平均": 19.5,
                        "ばらつき_平均": 0.26
                    }
                ]
            }
        },
        {
            "type": "Feature",
            "geometry": {
                "type": "Point",
                "coordinates": [
                    139.09666667,
                    36.30777778
                ]
            },
            "properties": {
                "都道府県": "群馬県",
                "市区町村": "玉村町",
                "撮影場所": "群馬県佐波郡玉村町道の駅玉村宿",
                "時系列データ": [
                    {
                        "調査時期": "2025_S",
                        "観測回数": 1,
                        "夜空の明るさ_平均": 18.0,
                        "ばらつき_平均": 0.18
                    },
                    {
                        "調査時期": "2021_W",
                        "観測回数": 1,
                        "夜空の明るさ_平均": 18.41,
                        "ばらつき_平均": 0.14
                    }
                ]
            }
        },
        {
            "type": "Feature",
            "geometry": {
                "type": "Point",
                "coordinates": [
                    137.74888889,
                    35.41027778
                ]
            },
            "properties": {
                "都道府県": "長野県",
                "市区町村": "阿智村",
                "撮影場所": "下伊那郡阿智村伍和 栗矢観測所",
                "時系列データ": [
                    {
                        "調査時期": "2021_W",
                        "観測回数": 1,
                        "夜空の明るさ_平均": 20.93,
                        "ばらつき_平均": 0.12
                    }
                ]
            }
        },
        {
            "type": "Feature",
            "geometry": {
                "type": "Point",
                "coordinates": [
                    138.00222222,
                    36.68277778
                ]
            },
            "properties": {
                "都道府県": "長野県",
                "市区町村": "長野市",
                "撮影場所": "旧鬼無里中学校跡地駐車場",
                "時系列データ": [
                    {
                        "調査時期": "2024_W",
                        "観測回数": 1,
                        "夜空の明るさ_平均": 20.91,
                        "ばらつき_平均": 0.16
                    },
                    {
                        "調査時期": "2023_W",
                        "観測回数": 1,
                        "夜空の明るさ_平均": 20.56,
                        "ばらつき_平均": 0.11
                    },
                    {
                        "調査時期": "2023_S",
                        "観測回数": 1,
                        "夜空の明るさ_平均": 20.94,
                        "ばらつき_平均": 0.07
                    },
                    {
                        "調査時期": "2022_S",
                        "観測回数": 1,
                        "夜空の明るさ_平均": 21.22,
                        "ばらつき_平均": 0.21
                    },
                    {
                        "調査時期": "2021_W",
                        "観測回数": 1,
                        "夜空の明るさ_平均": 20.32,
                        "ばらつき_平均": 0.1
                    }
                ]
            }
        },
        {
            "type": "Feature",
            "geometry": {
                "type": "Point",
                "coordinates": [
                    137.89861111,
                    35.72944444
                ]
            },
            "properties": {
                "都道府県": "長野県",
                "市区町村": "駒ヶ根市",
                "撮影場所": "駒ヶ根高原家族旅行村アルプスの丘周辺",
                "時系列データ": [
                    {
                        "調査時期": "2022_W",
                        "観測回数": 1,
                        "夜空の明るさ_平均": 20.26,
                        "ばらつき_平均": 0.12
                    },
                    {
                        "調査時期": "2021_W",
                        "観測回数": 2,
                        "夜空の明るさ_平均": 20.37,
                        "ばらつき_平均": 0.13
                    }
                ]
            }
        },
        {
            "type": "Feature",
            "geometry": {
                "type": "Point",
                "coordinates": [
                    137.91027778,
                    35.7175
                ]
            },
            "properties": {
                "都道府県": "長野県",
                "市区町村": "駒ヶ根市",
                "撮影場所": "日本電産長野技術研究開発センター周辺",
                "時系列データ": [
                    {
                        "調査時期": "2021_W",
                        "観測回数": 1,
                        "夜空の明るさ_平均": 20.24,
                        "ばらつき_平均": 0.1
                    }
                ]
            }
        },
        {
            "type": "Feature",
            "geometry": {
                "type": "Point",
                "coordinates": [
                    137.87833333,
                    36.16972222
                ]
            },
            "properties": {
                "都道府県": "長野県",
                "市区町村": "山形村",
                "撮影場所": "山形村 ミラ フード館 ",
                "時系列データ": [
                    {
                        "調査時期": "2021_W",
                        "観測回数": 1,
                        "夜空の明るさ_平均": 20.0,
                        "ばらつき_平均": 0.12
                    }
                ]
            }
        },
        {
            "type": "Feature",
            "geometry": {
                "type": "Point",
                "coordinates": [
                    137.95361111,
                    36.115
                ]
            },
            "properties": {
                "都道府県": "長野県",
                "市区町村": "塩尻市",
                "撮影場所": "塩尻市役所北側駐車場",
                "時系列データ": [
                    {
                        "調査時期": "2021_W",
                        "観測回数": 1,
                        "夜空の明るさ_平均": 18.95,
                        "ばらつき_平均": 0.09
                    }
                ]
            }
        },
        {
            "type": "Feature",
            "geometry": {
                "type": "Point",
                "coordinates": [
                    138.14444444,
                    36.22638889
                ]
            },
            "properties": {
                "都道府県": "長野県",
                "市区町村": "上田市",
                "撮影場所": "美ヶ原高原",
                "時系列データ": [
                    {
                        "調査時期": "2021_W",
                        "観測回数": 1,
                        "夜空の明るさ_平均": 20.86,
                        "ばらつき_平均": 0.1
                    }
                ]
            }
        },
        {
            "type": "Feature",
            "geometry": {
                "type": "Point",
                "coordinates": [
                    137.975,
                    36.10194444
                ]
            },
            "properties": {
                "都道府県": "長野県",
                "市区町村": "塩尻市",
                "撮影場所": "塩尻東地区センター",
                "時系列データ": [
                    {
                        "調査時期": "2021_W",
                        "観測回数": 1,
                        "夜空の明るさ_平均": 19.44,
                        "ばらつき_平均": 0.09
                    }
                ]
            }
        },
        {
            "type": "Feature",
            "geometry": {
                "type": "Point",
                "coordinates": [
                    137.62972222,
                    35.9325
                ]
            },
            "properties": {
                "都道府県": "長野県",
                "市区町村": "木曽町",
                "撮影場所": "木曽町開田高原 末川地区",
                "時系列データ": [
                    {
                        "調査時期": "2021_W",
                        "観測回数": 1,
                        "夜空の明るさ_平均": 21.32,
                        "ばらつき_平均": 0.15
                    }
                ]
            }
        },
        {
            "type": "Feature",
            "geometry": {
                "type": "Point",
                "coordinates": [
                    137.87694444,
                    36.44555556
                ]
            },
            "properties": {
                "都道府県": "長野県",
                "市区町村": "大町市",
                "撮影場所": "大町市社 大町観測所",
                "時系列データ": [
                    {
                        "調査時期": "2021_W",
                        "観測回数": 1,
                        "夜空の明るさ_平均": 20.83,
                        "ばらつき_平均": 0.08
                    }
                ]
            }
        },
        {
            "type": "Feature",
            "geometry": {
                "type": "Point",
                "coordinates": [
                    137.85027778,
                    36.5025
                ]
            },
            "properties": {
                "都道府県": "長野県",
                "市区町村": "大町市",
                "撮影場所": "大町市大町 大町市役所",
                "時系列データ": [
                    {
                        "調査時期": "2021_W",
                        "観測回数": 1,
                        "夜空の明るさ_平均": 19.82,
                        "ばらつき_平均": 0.09
                    }
                ]
            }
        },
        {
            "type": "Feature",
            "geometry": {
                "type": "Point",
                "coordinates": [
                    137.84305556,
                    36.32138889
                ]
            },
            "properties": {
                "都道府県": "長野県",
                "市区町村": "安曇野市",
                "撮影場所": "安曇野市穂高牧 安曇野公園穂高",
                "時系列データ": [
                    {
                        "調査時期": "2021_W",
                        "観測回数": 1,
                        "夜空の明るさ_平均": 20.16,
                        "ばらつき_平均": 0.13
                    }
                ]
            }
        },
        {
            "type": "Feature",
            "geometry": {
                "type": "Point",
                "coordinates": [
                    137.90416667,
                    36.30222222
                ]
            },
            "properties": {
                "都道府県": "長野県",
                "市区町村": "安曇野市",
                "撮影場所": "安曇野市豊科 安曇野市役所",
                "時系列データ": [
                    {
                        "調査時期": "2021_W",
                        "観測回数": 1,
                        "夜空の明るさ_平均": 19.36,
                        "ばらつき_平均": 0.09
                    }
                ]
            }
        },
        {
            "type": "Feature",
            "geometry": {
                "type": "Point",
                "coordinates": [
                    137.96333333,
                    36.23027778
                ]
            },
            "properties": {
                "都道府県": "長野県",
                "市区町村": "松本市",
                "撮影場所": "松本駅西口",
                "時系列データ": [
                    {
                        "調査時期": "2021_W",
                        "観測回数": 1,
                        "夜空の明るさ_平均": 17.49,
                        "ばらつき_平均": 0.1
                    }
                ]
            }
        },
        {
            "type": "Feature",
            "geometry": {
                "type": "Point",
                "coordinates": [
                    138.15944444,
                    36.12027778
                ]
            },
            "properties": {
                "都道府県": "長野県",
                "市区町村": "下諏訪町",
                "撮影場所": "諏訪郡下諏訪町八島湿原",
                "時系列データ": [
                    {
                        "調査時期": "2026_W",
                        "観測回数": 1,
                        "夜空の明るさ_平均": 20.59,
                        "ばらつき_平均": 0.1
                    },
                    {
                        "調査時期": "2025_W",
                        "観測回数": 1,
                        "夜空の明るさ_平均": 20.71,
                        "ばらつき_平均": 0.1
                    },
                    {
                        "調査時期": "2023_W",
                        "観測回数": 2,
                        "夜空の明るさ_平均": 20.76,
                        "ばらつき_平均": 0.15
                    },
                    {
                        "調査時期": "2022_W",
                        "観測回数": 2,
                        "夜空の明るさ_平均": 20.84,
                        "ばらつき_平均": 0.11
                    },
                    {
                        "調査時期": "2021_W",
                        "観測回数": 1,
                        "夜空の明るさ_平均": 20.75,
                        "ばらつき_平均": 0.09
                    }
                ]
            }
        },
        {
            "type": "Feature",
            "geometry": {
                "type": "Point",
                "coordinates": [
                    135.90416667,
                    34.78861111
                ]
            },
            "properties": {
                "都道府県": "京都府",
                "市区町村": "和束町",
                "撮影場所": "相楽郡和束町杣田",
                "時系列データ": [
                    {
                        "調査時期": "2022_W",
                        "観測回数": 1,
                        "夜空の明るさ_平均": 19.43,
                        "ばらつき_平均": 0.09
                    },
                    {
                        "調査時期": "2021_W",
                        "観測回数": 1,
                        "夜空の明るさ_平均": 19.61,
                        "ばらつき_平均": 0.07
                    }
                ]
            }
        },
        {
            "type": "Feature",
            "geometry": {
                "type": "Point",
                "coordinates": [
                    132.61944444,
                    35.15277778
                ]
            },
            "properties": {
                "都道府県": "島根県",
                "市区町村": "大田市",
                "撮影場所": "島根県立三瓶自然館サヒメル",
                "時系列データ": [
                    {
                        "調査時期": "2021_W",
                        "観測回数": 1,
                        "夜空の明るさ_平均": 21.4,
                        "ばらつき_平均": 0.09
                    }
                ]
            }
        },
        {
            "type": "Feature",
            "geometry": {
                "type": "Point",
                "coordinates": [
                    133.33166667,
                    34.47611111
                ]
            },
            "properties": {
                "都道府県": "広島県",
                "市区町村": "福山市",
                "撮影場所": "広島県福山市瀬戸町長和周辺",
                "時系列データ": [
                    {
                        "調査時期": "2021_W",
                        "観測回数": 1,
                        "夜空の明るさ_平均": 19.25,
                        "ばらつき_平均": 0.1
                    }
                ]
            }
        },
        {
            "type": "Feature",
            "geometry": {
                "type": "Point",
                "coordinates": [
                    133.36805556,
                    34.48333333
                ]
            },
            "properties": {
                "都道府県": "広島県",
                "市区町村": "福山市",
                "撮影場所": "広島県福山市明治町　南小学校の校庭",
                "時系列データ": [
                    {
                        "調査時期": "2021_W",
                        "観測回数": 1,
                        "夜空の明るさ_平均": 18.33,
                        "ばらつき_平均": 0.17
                    }
                ]
            }
        },
        {
            "type": "Feature",
            "geometry": {
                "type": "Point",
                "coordinates": [
                    132.73888889,
                    34.45055556
                ]
            },
            "properties": {
                "都道府県": "広島県",
                "市区町村": "東広島市",
                "撮影場所": "憩いの森公園",
                "時系列データ": [
                    {
                        "調査時期": "2021_W",
                        "観測回数": 1,
                        "夜空の明るさ_平均": 18.78,
                        "ばらつき_平均": 0.16
                    }
                ]
            }
        },
        {
            "type": "Feature",
            "geometry": {
                "type": "Point",
                "coordinates": [
                    134.09166667,
                    34.38444444
                ]
            },
            "properties": {
                "都道府県": "香川県",
                "市区町村": "高松市",
                "撮影場所": "香川県高松市屋島（屋島山上観光駐車場周辺）",
                "時系列データ": [
                    {
                        "調査時期": "2021_W",
                        "観測回数": 1,
                        "夜空の明るさ_平均": 17.28,
                        "ばらつき_平均": 0.42
                    }
                ]
            }
        },
        {
            "type": "Feature",
            "geometry": {
                "type": "Point",
                "coordinates": [
                    131.9925,
                    32.87916667
                ]
            },
            "properties": {
                "都道府県": "大分県",
                "市区町村": "佐伯市",
                "撮影場所": "大分県　佐伯市　米水津　空の公園",
                "時系列データ": [
                    {
                        "調査時期": "2021_W",
                        "観測回数": 1,
                        "夜空の明るさ_平均": 20.97,
                        "ばらつき_平均": 0.2
                    }
                ]
            }
        },
        {
            "type": "Feature",
            "geometry": {
                "type": "Point",
                "coordinates": [
                    131.54694444,
                    32.78694444
                ]
            },
            "properties": {
                "都道府県": "大分県",
                "市区町村": "佐伯市",
                "撮影場所": "大分県佐伯市宇目 藤河内渓谷キャンプ場",
                "時系列データ": [
                    {
                        "調査時期": "2021_W",
                        "観測回数": 1,
                        "夜空の明るさ_平均": 21.56,
                        "ばらつき_平均": 0.1
                    }
                ]
            }
        },
        {
            "type": "Feature",
            "geometry": {
                "type": "Point",
                "coordinates": [
                    141.12027778,
                    40.08527778
                ]
            },
            "properties": {
                "都道府県": "岩手県",
                "市区町村": "八幡平市",
                "撮影場所": "八幡平市 七時雨エリア",
                "時系列データ": [
                    {
                        "調査時期": "2022_S",
                        "観測回数": 1,
                        "夜空の明るさ_平均": 21.71,
                        "ばらつき_平均": 0.04
                    }
                ]
            }
        },
        {
            "type": "Feature",
            "geometry": {
                "type": "Point",
                "coordinates": [
                    141.12944444,
                    40.08777778
                ]
            },
            "properties": {
                "都道府県": "岩手県",
                "市区町村": "八幡平市",
                "撮影場所": "八幡平市 七時雨エリア",
                "時系列データ": [
                    {
                        "調査時期": "2022_S",
                        "観測回数": 3,
                        "夜空の明るさ_平均": 21.67,
                        "ばらつき_平均": 0.08
                    }
                ]
            }
        },
        {
            "type": "Feature",
            "geometry": {
                "type": "Point",
                "coordinates": [
                    141.12944444,
                    40.0875
                ]
            },
            "properties": {
                "都道府県": "岩手県",
                "市区町村": "八幡平市",
                "撮影場所": "八幡平市 七時雨エリア",
                "時系列データ": [
                    {
                        "調査時期": "2022_S",
                        "観測回数": 3,
                        "夜空の明るさ_平均": 21.54,
                        "ばらつき_平均": 0.16
                    }
                ]
            }
        },
        {
            "type": "Feature",
            "geometry": {
                "type": "Point",
                "coordinates": [
                    141.12972222,
                    40.08666667
                ]
            },
            "properties": {
                "都道府県": "岩手県",
                "市区町村": "八幡平市",
                "撮影場所": "八幡平市 七時雨エリア",
                "時系列データ": [
                    {
                        "調査時期": "2022_S",
                        "観測回数": 2,
                        "夜空の明るさ_平均": 21.55,
                        "ばらつき_平均": 0.15
                    }
                ]
            }
        },
        {
            "type": "Feature",
            "geometry": {
                "type": "Point",
                "coordinates": [
                    140.05138889,
                    38.30805556
                ]
            },
            "properties": {
                "都道府県": "山形県",
                "市区町村": "朝日町",
                "撮影場所": "山形県朝日町　Asahi自然観",
                "時系列データ": [
                    {
                        "調査時期": "2024_S",
                        "観測回数": 6,
                        "夜空の明るさ_平均": 20.9,
                        "ばらつき_平均": 0.07
                    },
                    {
                        "調査時期": "2023_S",
                        "観測回数": 4,
                        "夜空の明るさ_平均": 21.31,
                        "ばらつき_平均": 0.18
                    },
                    {
                        "調査時期": "2022_S",
                        "観測回数": 4,
                        "夜空の明るさ_平均": 20.88,
                        "ばらつき_平均": 0.06
                    }
                ]
            }
        },
        {
            "type": "Feature",
            "geometry": {
                "type": "Point",
                "coordinates": [
                    139.09638889,
                    36.30777778
                ]
            },
            "properties": {
                "都道府県": "群馬県",
                "市区町村": "玉村町",
                "撮影場所": "群馬県佐波郡玉村町道の駅玉村宿",
                "時系列データ": [
                    {
                        "調査時期": "2026_W",
                        "観測回数": 1,
                        "夜空の明るさ_平均": 18.25,
                        "ばらつき_平均": 0.13
                    },
                    {
                        "調査時期": "2025_W",
                        "観測回数": 1,
                        "夜空の明るさ_平均": 17.87,
                        "ばらつき_平均": 0.21
                    },
                    {
                        "調査時期": "2023_W",
                        "観測回数": 1,
                        "夜空の明るさ_平均": 18.32,
                        "ばらつき_平均": 0.08
                    },
                    {
                        "調査時期": "2023_S",
                        "観測回数": 1,
                        "夜空の明るさ_平均": 17.77,
                        "ばらつき_平均": 0.19
                    }
                ]
            }
        },
        {
            "type": "Feature",
            "geometry": {
                "type": "Point",
                "coordinates": [
                    139.80027778,
                    35.81694444
                ]
            },
            "properties": {
                "都道府県": "埼玉県",
                "市区町村": "草加市",
                "撮影場所": "東武スカイツリーライン谷塚駅前",
                "時系列データ": [
                    {
                        "調査時期": "2026_W",
                        "観測回数": 1,
                        "夜空の明るさ_平均": 17.19,
                        "ばらつき_平均": 0.1
                    },
                    {
                        "調査時期": "2025_W",
                        "観測回数": 2,
                        "夜空の明るさ_平均": 17.15,
                        "ばらつき_平均": 0.13
                    },
                    {
                        "調査時期": "2025_S",
                        "観測回数": 1,
                        "夜空の明るさ_平均": 16.88,
                        "ばらつき_平均": 0.12
                    },
                    {
                        "調査時期": "2024_W",
                        "観測回数": 1,
                        "夜空の明るさ_平均": 17.22,
                        "ばらつき_平均": 0.12
                    },
                    {
                        "調査時期": "2024_S",
                        "観測回数": 1,
                        "夜空の明るさ_平均": 17.53,
                        "ばらつき_平均": 0.09
                    },
                    {
                        "調査時期": "2023_W",
                        "観測回数": 1,
                        "夜空の明るさ_平均": 17.17,
                        "ばらつき_平均": 0.08
                    },
                    {
                        "調査時期": "2022_S",
                        "観測回数": 1,
                        "夜空の明るさ_平均": 17.47,
                        "ばらつき_平均": 0.15
                    }
                ]
            }
        },
        {
            "type": "Feature",
            "geometry": {
                "type": "Point",
                "coordinates": [
                    139.80166667,
                    35.86611111
                ]
            },
            "properties": {
                "都道府県": "埼玉県",
                "市区町村": "越谷市",
                "撮影場所": "越天蒲生観測所",
                "時系列データ": [
                    {
                        "調査時期": "2022_S",
                        "観測回数": 1,
                        "夜空の明るさ_平均": 17.45,
                        "ばらつき_平均": 0.19
                    }
                ]
            }
        },
        {
            "type": "Feature",
            "geometry": {
                "type": "Point",
                "coordinates": [
                    139.99666667,
                    35.13916667
                ]
            },
            "properties": {
                "都道府県": "千葉県",
                "市区町村": "鴨川市",
                "撮影場所": "鴨川市内",
                "時系列データ": [
                    {
                        "調査時期": "2026_W",
                        "観測回数": 2,
                        "夜空の明るさ_平均": 19.98,
                        "ばらつき_平均": 0.11
                    },
                    {
                        "調査時期": "2025_W",
                        "観測回数": 1,
                        "夜空の明るさ_平均": 20.4,
                        "ばらつき_平均": 0.08
                    },
                    {
                        "調査時期": "2025_S",
                        "観測回数": 1,
                        "夜空の明るさ_平均": 20.22,
                        "ばらつき_平均": 0.11
                    },
                    {
                        "調査時期": "2024_W",
                        "観測回数": 1,
                        "夜空の明るさ_平均": 20.21,
                        "ばらつき_平均": 0.08
                    },
                    {
                        "調査時期": "2024_S",
                        "観測回数": 1,
                        "夜空の明るさ_平均": 20.2,
                        "ばらつき_平均": 0.08
                    },
                    {
                        "調査時期": "2023_S",
                        "観測回数": 1,
                        "夜空の明るさ_平均": 20.31,
                        "ばらつき_平均": 0.13
                    },
                    {
                        "調査時期": "2022_S",
                        "観測回数": 2,
                        "夜空の明るさ_平均": 20.0,
                        "ばらつき_平均": 0.07
                    }
                ]
            }
        },
        {
            "type": "Feature",
            "geometry": {
                "type": "Point",
                "coordinates": [
                    139.53777778,
                    35.67611111
                ]
            },
            "properties": {
                "都道府県": "東京都",
                "市区町村": "三鷹市",
                "撮影場所": "三鷹市大沢",
                "時系列データ": [
                    {
                        "調査時期": "2022_S",
                        "観測回数": 1,
                        "夜空の明るさ_平均": 17.58,
                        "ばらつき_平均": 0.01
                    }
                ]
            }
        },
        {
            "type": "Feature",
            "geometry": {
                "type": "Point",
                "coordinates": [
                    135.68194444,
                    35.41333333
                ]
            },
            "properties": {
                "都道府県": "福井県",
                "市区町村": "おおい町",
                "撮影場所": "大飯郡おおい町名田庄三重",
                "時系列データ": [
                    {
                        "調査時期": "2025_S",
                        "観測回数": 1,
                        "夜空の明るさ_平均": 21.66,
                        "ばらつき_平均": 0.2
                    },
                    {
                        "調査時期": "2022_S",
                        "観測回数": 1,
                        "夜空の明るさ_平均": 21.24,
                        "ばらつき_平均": 0.27
                    }
                ]
            }
        },
        {
            "type": "Feature",
            "geometry": {
                "type": "Point",
                "coordinates": [
                    135.57055556,
                    35.39638889
                ]
            },
            "properties": {
                "都道府県": "福井県",
                "市区町村": "おおい町",
                "撮影場所": "大飯郡おおい町名田庄納田終",
                "時系列データ": [
                    {
                        "調査時期": "2026_W",
                        "観測回数": 2,
                        "夜空の明るさ_平均": 20.58,
                        "ばらつき_平均": 0.14
                    },
                    {
                        "調査時期": "2025_W",
                        "観測回数": 1,
                        "夜空の明るさ_平均": 21.21,
                        "ばらつき_平均": 0.24
                    },
                    {
                        "調査時期": "2025_S",
                        "観測回数": 1,
                        "夜空の明るさ_平均": 21.25,
                        "ばらつき_平均": 0.24
                    },
                    {
                        "調査時期": "2024_W",
                        "観測回数": 1,
                        "夜空の明るさ_平均": 20.29,
                        "ばらつき_平均": 0.28
                    },
                    {
                        "調査時期": "2024_S",
                        "観測回数": 1,
                        "夜空の明るさ_平均": 21.58,
                        "ばらつき_平均": 0.18
                    },
                    {
                        "調査時期": "2023_S",
                        "観測回数": 1,
                        "夜空の明るさ_平均": 21.14,
                        "ばらつき_平均": 0.23
                    }
                ]
            }
        },
        {
            "type": "Feature",
            "geometry": {
                "type": "Point",
                "coordinates": [
                    137.99111111,
                    36.67861111
                ]
            },
            "properties": {
                "都道府県": "長野県",
                "市区町村": "長野市",
                "撮影場所": "鬼無里　松原",
                "時系列データ": [
                    {
                        "調査時期": "2022_S",
                        "観測回数": 1,
                        "夜空の明るさ_平均": 21.09,
                        "ばらつき_平均": 0.03
                    }
                ]
            }
        },
        {
            "type": "Feature",
            "geometry": {
                "type": "Point",
                "coordinates": [
                    137.92194444,
                    36.15388889
                ]
            },
            "properties": {
                "都道府県": "長野県",
                "市区町村": "塩尻市",
                "撮影場所": "信州スカイパーク",
                "時系列データ": [
                    {
                        "調査時期": "2022_S",
                        "観測回数": 1,
                        "夜空の明るさ_平均": 19.02,
                        "ばらつき_平均": 0.17
                    }
                ]
            }
        },
        {
            "type": "Feature",
            "geometry": {
                "type": "Point",
                "coordinates": [
                    138.07861111,
                    36.05916667
                ]
            },
            "properties": {
                "都道府県": "長野県",
                "市区町村": "下諏訪町",
                "撮影場所": "下諏訪町赤砂崎公園",
                "時系列データ": [
                    {
                        "調査時期": "2024_S",
                        "観測回数": 1,
                        "夜空の明るさ_平均": 19.97,
                        "ばらつき_平均": 0.07
                    },
                    {
                        "調査時期": "2023_S",
                        "観測回数": 2,
                        "夜空の明るさ_平均": 19.81,
                        "ばらつき_平均": 0.12
                    },
                    {
                        "調査時期": "2022_S",
                        "観測回数": 1,
                        "夜空の明るさ_平均": 18.88,
                        "ばらつき_平均": 0.1
                    }
                ]
            }
        },
        {
            "type": "Feature",
            "geometry": {
                "type": "Point",
                "coordinates": [
                    137.87861111,
                    36.16972222
                ]
            },
            "properties": {
                "都道府県": "長野県",
                "市区町村": "山形村",
                "撮影場所": "山形村 ミラ フード館 ",
                "時系列データ": [
                    {
                        "調査時期": "2026_W",
                        "観測回数": 1,
                        "夜空の明るさ_平均": 19.47,
                        "ばらつき_平均": 0.1
                    },
                    {
                        "調査時期": "2025_W",
                        "観測回数": 1,
                        "夜空の明るさ_平均": 19.34,
                        "ばらつき_平均": 0.11
                    },
                    {
                        "調査時期": "2024_S",
                        "観測回数": 1,
                        "夜空の明るさ_平均": 19.88,
                        "ばらつき_平均": 0.11
                    },
                    {
                        "調査時期": "2022_W",
                        "観測回数": 1,
                        "夜空の明るさ_平均": 19.83,
                        "ばらつき_平均": 0.09
                    },
                    {
                        "調査時期": "2022_S",
                        "観測回数": 1,
                        "夜空の明るさ_平均": 19.9,
                        "ばらつき_平均": 0.1
                    }
                ]
            }
        },
        {
            "type": "Feature",
            "geometry": {
                "type": "Point",
                "coordinates": [
                    137.60861111,
                    35.19555556
                ]
            },
            "properties": {
                "都道府県": "愛知県",
                "市区町村": "設楽町",
                "撮影場所": "道の駅つぐ高原グリーンパーク",
                "時系列データ": [
                    {
                        "調査時期": "2022_S",
                        "観測回数": 1,
                        "夜空の明るさ_平均": 19.67,
                        "ばらつき_平均": 0.03
                    }
                ]
            }
        },
        {
            "type": "Feature",
            "geometry": {
                "type": "Point",
                "coordinates": [
                    135.03138889,
                    34.69833333
                ]
            },
            "properties": {
                "都道府県": "兵庫県",
                "市区町村": "神戸市　西区",
                "撮影場所": "神戸市西区井吹台 西神南",
                "時系列データ": [
                    {
                        "調査時期": "2022_W",
                        "観測回数": 2,
                        "夜空の明るさ_平均": 18.02,
                        "ばらつき_平均": 0.14
                    },
                    {
                        "調査時期": "2022_S",
                        "観測回数": 2,
                        "夜空の明るさ_平均": 17.74,
                        "ばらつき_平均": 0.11
                    }
                ]
            }
        },
        {
            "type": "Feature",
            "geometry": {
                "type": "Point",
                "coordinates": [
                    135.03166667,
                    34.69833333
                ]
            },
            "properties": {
                "都道府県": "兵庫県",
                "市区町村": "神戸市　西区",
                "撮影場所": "神戸市西区井吹台 西神南",
                "時系列データ": [
                    {
                        "調査時期": "2025_S",
                        "観測回数": 1,
                        "夜空の明るさ_平均": 17.93,
                        "ばらつき_平均": 0.09
                    },
                    {
                        "調査時期": "2024_W",
                        "観測回数": 4,
                        "夜空の明るさ_平均": 18.52,
                        "ばらつき_平均": 0.06
                    },
                    {
                        "調査時期": "2022_S",
                        "観測回数": 1,
                        "夜空の明るさ_平均": 18.29,
                        "ばらつき_平均": 0.05
                    }
                ]
            }
        },
        {
            "type": "Feature",
            "geometry": {
                "type": "Point",
                "coordinates": [
                    134.20472222,
                    35.35888889
                ]
            },
            "properties": {
                "都道府県": "鳥取県",
                "市区町村": "鳥取市",
                "撮影場所": "鳥取県鳥取市用瀬町鷹狩",
                "時系列データ": [
                    {
                        "調査時期": "2025_S",
                        "観測回数": 1,
                        "夜空の明るさ_平均": 20.91,
                        "ばらつき_平均": 0.09
                    },
                    {
                        "調査時期": "2023_W",
                        "観測回数": 1,
                        "夜空の明るさ_平均": 20.57,
                        "ばらつき_平均": 0.08
                    },
                    {
                        "調査時期": "2022_S",
                        "観測回数": 1,
                        "夜空の明るさ_平均": 20.93,
                        "ばらつき_平均": 0.04
                    }
                ]
            }
        },
        {
            "type": "Feature",
            "geometry": {
                "type": "Point",
                "coordinates": [
                    133.16,
                    35.50166667
                ]
            },
            "properties": {
                "都道府県": "島根県",
                "市区町村": "松江市",
                "撮影場所": "島根県松江市八束町　八束千本桜公園",
                "時系列データ": [
                    {
                        "調査時期": "2026_W",
                        "観測回数": 1,
                        "夜空の明るさ_平均": 20.35,
                        "ばらつき_平均": 0.05
                    },
                    {
                        "調査時期": "2024_W",
                        "観測回数": 1,
                        "夜空の明るさ_平均": 20.79,
                        "ばらつき_平均": 0.05
                    },
                    {
                        "調査時期": "2023_W",
                        "観測回数": 1,
                        "夜空の明るさ_平均": 20.18,
                        "ばらつき_平均": 0.04
                    },
                    {
                        "調査時期": "2023_S",
                        "観測回数": 2,
                        "夜空の明るさ_平均": 20.47,
                        "ばらつき_平均": 0.11
                    },
                    {
                        "調査時期": "2022_S",
                        "観測回数": 1,
                        "夜空の明るさ_平均": 20.93,
                        "ばらつき_平均": 0.13
                    }
                ]
            }
        },
        {
            "type": "Feature",
            "geometry": {
                "type": "Point",
                "coordinates": [
                    131.65583333,
                    34.47388889
                ]
            },
            "properties": {
                "都道府県": "山口県",
                "市区町村": "山口市",
                "撮影場所": "山口県山口市阿東嘉年",
                "時系列データ": [
                    {
                        "調査時期": "2026_W",
                        "観測回数": 2,
                        "夜空の明るさ_平均": 21.31,
                        "ばらつき_平均": 0.13
                    },
                    {
                        "調査時期": "2025_W",
                        "観測回数": 2,
                        "夜空の明るさ_平均": 21.14,
                        "ばらつき_平均": 0.1
                    },
                    {
                        "調査時期": "2024_W",
                        "観測回数": 2,
                        "夜空の明るさ_平均": 21.4,
                        "ばらつき_平均": 0.23
                    },
                    {
                        "調査時期": "2024_S",
                        "観測回数": 3,
                        "夜空の明るさ_平均": 21.25,
                        "ばらつき_平均": 0.19
                    },
                    {
                        "調査時期": "2023_W",
                        "観測回数": 2,
                        "夜空の明るさ_平均": 21.37,
                        "ばらつき_平均": 0.14
                    },
                    {
                        "調査時期": "2023_S",
                        "観測回数": 3,
                        "夜空の明るさ_平均": 21.28,
                        "ばらつき_平均": 0.11
                    },
                    {
                        "調査時期": "2022_S",
                        "観測回数": 1,
                        "夜空の明るさ_平均": 21.29,
                        "ばらつき_平均": 0.12
                    }
                ]
            }
        },
        {
            "type": "Feature",
            "geometry": {
                "type": "Point",
                "coordinates": [
                    133.24472222,
                    33.90972222
                ]
            },
            "properties": {
                "都道府県": "愛媛県",
                "市区町村": "新居浜市",
                "撮影場所": "愛媛県総合科学博物館 屋上（愛媛県新居浜市）",
                "時系列データ": [
                    {
                        "調査時期": "2024_W",
                        "観測回数": 1,
                        "夜空の明るさ_平均": 19.64,
                        "ばらつき_平均": 0.07
                    },
                    {
                        "調査時期": "2023_S",
                        "観測回数": 1,
                        "夜空の明るさ_平均": 19.58,
                        "ばらつき_平均": 0.06
                    },
                    {
                        "調査時期": "2022_W",
                        "観測回数": 1,
                        "夜空の明るさ_平均": 19.61,
                        "ばらつき_平均": 0.07
                    },
                    {
                        "調査時期": "2022_S",
                        "観測回数": 1,
                        "夜空の明るさ_平均": 19.82,
                        "ばらつき_平均": 0.06
                    }
                ]
            }
        },
        {
            "type": "Feature",
            "geometry": {
                "type": "Point",
                "coordinates": [
                    130.12222222,
                    32.45333333
                ]
            },
            "properties": {
                "都道府県": "熊本県",
                "市区町村": "天草市",
                "撮影場所": "熊本県天草市",
                "時系列データ": [
                    {
                        "調査時期": "2026_W",
                        "観測回数": 1,
                        "夜空の明るさ_平均": 21.15,
                        "ばらつき_平均": 0.12
                    },
                    {
                        "調査時期": "2025_W",
                        "観測回数": 1,
                        "夜空の明るさ_平均": 20.81,
                        "ばらつき_平均": 0.09
                    },
                    {
                        "調査時期": "2024_W",
                        "観測回数": 1,
                        "夜空の明るさ_平均": 21.07,
                        "ばらつき_平均": 0.1
                    },
                    {
                        "調査時期": "2024_S",
                        "観測回数": 1,
                        "夜空の明るさ_平均": 21.05,
                        "ばらつき_平均": 0.08
                    },
                    {
                        "調査時期": "2023_W",
                        "観測回数": 2,
                        "夜空の明るさ_平均": 20.92,
                        "ばらつき_平均": 0.1
                    },
                    {
                        "調査時期": "2023_S",
                        "観測回数": 1,
                        "夜空の明るさ_平均": 21.62,
                        "ばらつき_平均": 0.16
                    },
                    {
                        "調査時期": "2022_W",
                        "観測回数": 1,
                        "夜空の明るさ_平均": 21.15,
                        "ばらつき_平均": 0.09
                    },
                    {
                        "調査時期": "2022_S",
                        "観測回数": 1,
                        "夜空の明るさ_平均": 20.68,
                        "ばらつき_平均": 0.1
                    }
                ]
            }
        },
        {
            "type": "Feature",
            "geometry": {
                "type": "Point",
                "coordinates": [
                    131.24638889,
                    33.05027778
                ]
            },
            "properties": {
                "都道府県": "大分県",
                "市区町村": "竹田市",
                "撮影場所": "くじゅう花公園周辺",
                "時系列データ": [
                    {
                        "調査時期": "2022_S",
                        "観測回数": 1,
                        "夜空の明るさ_平均": 21.15,
                        "ばらつき_平均": 0.07
                    }
                ]
            }
        },
        {
            "type": "Feature",
            "geometry": {
                "type": "Point",
                "coordinates": [
                    131.27666667,
                    32.71722222
                ]
            },
            "properties": {
                "都道府県": "宮崎県",
                "市区町村": "高千穂町",
                "撮影場所": "宮崎県西臼杵郡高千穂町　国見ヶ丘",
                "時系列データ": [
                    {
                        "調査時期": "2023_W",
                        "観測回数": 1,
                        "夜空の明るさ_平均": 21.19,
                        "ばらつき_平均": 0.06
                    },
                    {
                        "調査時期": "2022_S",
                        "観測回数": 1,
                        "夜空の明るさ_平均": 21.39,
                        "ばらつき_平均": 0.16
                    }
                ]
            }
        },
        {
            "type": "Feature",
            "geometry": {
                "type": "Point",
                "coordinates": [
                    129.32666667,
                    28.17527778
                ]
            },
            "properties": {
                "都道府県": "鹿児島県",
                "市区町村": "瀬戸内町",
                "撮影場所": "鹿児島県大島郡瀬戸内町阿木名",
                "時系列データ": [
                    {
                        "調査時期": "2024_W",
                        "観測回数": 1,
                        "夜空の明るさ_平均": 21.57,
                        "ばらつき_平均": 0.13
                    },
                    {
                        "調査時期": "2024_S",
                        "観測回数": 1,
                        "夜空の明るさ_平均": 21.39,
                        "ばらつき_平均": 0.12
                    },
                    {
                        "調査時期": "2022_W",
                        "観測回数": 1,
                        "夜空の明るさ_平均": 21.5,
                        "ばらつき_平均": 0.07
                    },
                    {
                        "調査時期": "2022_S",
                        "観測回数": 1,
                        "夜空の明るさ_平均": 21.26,
                        "ばらつき_平均": 0.12
                    }
                ]
            }
        },
        {
            "type": "Feature",
            "geometry": {
                "type": "Point",
                "coordinates": [
                    129.37,
                    28.13083333
                ]
            },
            "properties": {
                "都道府県": "鹿児島県",
                "市区町村": "瀬戸内町",
                "撮影場所": "鹿児島県大島郡瀬戸内町ホノホシ海岸",
                "時系列データ": [
                    {
                        "調査時期": "2026_W",
                        "観測回数": 1,
                        "夜空の明るさ_平均": 21.74,
                        "ばらつき_平均": 0.08
                    },
                    {
                        "調査時期": "2025_W",
                        "観測回数": 1,
                        "夜空の明るさ_平均": 21.81,
                        "ばらつき_平均": 0.1
                    },
                    {
                        "調査時期": "2024_S",
                        "観測回数": 1,
                        "夜空の明るさ_平均": 21.44,
                        "ばらつき_平均": 0.07
                    },
                    {
                        "調査時期": "2023_S",
                        "観測回数": 1,
                        "夜空の明るさ_平均": 21.6,
                        "ばらつき_平均": 0.25
                    },
                    {
                        "調査時期": "2022_W",
                        "観測回数": 1,
                        "夜空の明るさ_平均": 21.41,
                        "ばらつき_平均": 0.13
                    }
                ]
            }
        },
        {
            "type": "Feature",
            "geometry": {
                "type": "Point",
                "coordinates": [
                    129.36361111,
                    28.12388889
                ]
            },
            "properties": {
                "都道府県": "鹿児島県",
                "市区町村": "瀬戸内町",
                "撮影場所": "鹿児島県大島郡瀬戸内町ヤドリ浜",
                "時系列データ": [
                    {
                        "調査時期": "2023_S",
                        "観測回数": 1,
                        "夜空の明るさ_平均": 21.63,
                        "ばらつき_平均": 0.17
                    },
                    {
                        "調査時期": "2022_W",
                        "観測回数": 1,
                        "夜空の明るさ_平均": 21.63,
                        "ばらつき_平均": 0.06
                    }
                ]
            }
        },
        {
            "type": "Feature",
            "geometry": {
                "type": "Point",
                "coordinates": [
                    129.33666667,
                    28.13138889
                ]
            },
            "properties": {
                "都道府県": "鹿児島県",
                "市区町村": "瀬戸内町",
                "撮影場所": "鹿児島県大島郡瀬戸内町マネン崎",
                "時系列データ": [
                    {
                        "調査時期": "2026_W",
                        "観測回数": 2,
                        "夜空の明るさ_平均": 21.51,
                        "ばらつき_平均": 0.08
                    },
                    {
                        "調査時期": "2025_W",
                        "観測回数": 1,
                        "夜空の明るさ_平均": 21.56,
                        "ばらつき_平均": 0.07
                    },
                    {
                        "調査時期": "2025_S",
                        "観測回数": 1,
                        "夜空の明るさ_平均": 21.93,
                        "ばらつき_平均": 0.13
                    },
                    {
                        "調査時期": "2024_S",
                        "観測回数": 1,
                        "夜空の明るさ_平均": 21.43,
                        "ばらつき_平均": 0.16
                    },
                    {
                        "調査時期": "2023_S",
                        "観測回数": 1,
                        "夜空の明るさ_平均": 21.65,
                        "ばらつき_平均": 0.21
                    },
                    {
                        "調査時期": "2022_W",
                        "観測回数": 1,
                        "夜空の明るさ_平均": 21.57,
                        "ばらつき_平均": 0.05
                    },
                    {
                        "調査時期": "2022_S",
                        "観測回数": 1,
                        "夜空の明るさ_平均": 20.94,
                        "ばらつき_平均": 0.08
                    }
                ]
            }
        },
        {
            "type": "Feature",
            "geometry": {
                "type": "Point",
                "coordinates": [
                    129.29611111,
                    28.14944444
                ]
            },
            "properties": {
                "都道府県": "鹿児島県",
                "市区町村": "瀬戸内町",
                "撮影場所": "鹿児島県大島郡瀬戸内町瀬戸崎",
                "時系列データ": [
                    {
                        "調査時期": "2026_W",
                        "観測回数": 1,
                        "夜空の明るさ_平均": 21.45,
                        "ばらつき_平均": 0.07
                    },
                    {
                        "調査時期": "2025_W",
                        "観測回数": 1,
                        "夜空の明るさ_平均": 21.5,
                        "ばらつき_平均": 0.08
                    },
                    {
                        "調査時期": "2025_S",
                        "観測回数": 1,
                        "夜空の明るさ_平均": 21.74,
                        "ばらつき_平均": 0.2
                    },
                    {
                        "調査時期": "2024_W",
                        "観測回数": 1,
                        "夜空の明るさ_平均": 21.44,
                        "ばらつき_平均": 0.06
                    },
                    {
                        "調査時期": "2022_W",
                        "観測回数": 1,
                        "夜空の明るさ_平均": 21.52,
                        "ばらつき_平均": 0.09
                    }
                ]
            }
        },
        {
            "type": "Feature",
            "geometry": {
                "type": "Point",
                "coordinates": [
                    129.31583333,
                    28.16888889
                ]
            },
            "properties": {
                "都道府県": "鹿児島県",
                "市区町村": "瀬戸内町",
                "撮影場所": "鹿児島県 瀬戸内町高知山",
                "時系列データ": [
                    {
                        "調査時期": "2026_W",
                        "観測回数": 1,
                        "夜空の明るさ_平均": 21.76,
                        "ばらつき_平均": 0.1
                    },
                    {
                        "調査時期": "2025_W",
                        "観測回数": 1,
                        "夜空の明るさ_平均": 21.65,
                        "ばらつき_平均": 0.07
                    },
                    {
                        "調査時期": "2025_S",
                        "観測回数": 1,
                        "夜空の明るさ_平均": 21.54,
                        "ばらつき_平均": 0.27
                    },
                    {
                        "調査時期": "2024_W",
                        "観測回数": 2,
                        "夜空の明るさ_平均": 21.64,
                        "ばらつき_平均": 0.1
                    },
                    {
                        "調査時期": "2024_S",
                        "観測回数": 1,
                        "夜空の明るさ_平均": 21.23,
                        "ばらつき_平均": 0.06
                    },
                    {
                        "調査時期": "2022_W",
                        "観測回数": 1,
                        "夜空の明るさ_平均": 21.52,
                        "ばらつき_平均": 0.09
                    },
                    {
                        "調査時期": "2022_S",
                        "観測回数": 1,
                        "夜空の明るさ_平均": 20.8,
                        "ばらつき_平均": 0.09
                    }
                ]
            }
        },
        {
            "type": "Feature",
            "geometry": {
                "type": "Point",
                "coordinates": [
                    129.3125,
                    28.175
                ]
            },
            "properties": {
                "都道府県": "鹿児島県",
                "市区町村": "瀬戸内町",
                "撮影場所": "鹿児島県瀬戸内町油井岳",
                "時系列データ": [
                    {
                        "調査時期": "2025_W",
                        "観測回数": 1,
                        "夜空の明るさ_平均": 21.71,
                        "ばらつき_平均": 0.1
                    },
                    {
                        "調査時期": "2024_W",
                        "観測回数": 1,
                        "夜空の明るさ_平均": 21.68,
                        "ばらつき_平均": 0.09
                    },
                    {
                        "調査時期": "2024_S",
                        "観測回数": 1,
                        "夜空の明るさ_平均": 21.42,
                        "ばらつき_平均": 0.07
                    },
                    {
                        "調査時期": "2023_S",
                        "観測回数": 1,
                        "夜空の明るさ_平均": 21.74,
                        "ばらつき_平均": 0.08
                    },
                    {
                        "調査時期": "2022_S",
                        "観測回数": 1,
                        "夜空の明るさ_平均": 20.99,
                        "ばらつき_平均": 0.13
                    }
                ]
            }
        },
        {
            "type": "Feature",
            "geometry": {
                "type": "Point",
                "coordinates": [
                    129.31111111,
                    28.14805556
                ]
            },
            "properties": {
                "都道府県": "鹿児島県",
                "市区町村": "瀬戸内町",
                "撮影場所": "鹿児島県大島郡瀬戸内町春日公園",
                "時系列データ": [
                    {
                        "調査時期": "2025_W",
                        "観測回数": 1,
                        "夜空の明るさ_平均": 20.27,
                        "ばらつき_平均": 0.16
                    },
                    {
                        "調査時期": "2025_S",
                        "観測回数": 1,
                        "夜空の明るさ_平均": 20.43,
                        "ばらつき_平均": 0.33
                    },
                    {
                        "調査時期": "2024_S",
                        "観測回数": 1,
                        "夜空の明るさ_平均": 20.22,
                        "ばらつき_平均": 0.3
                    },
                    {
                        "調査時期": "2022_W",
                        "観測回数": 1,
                        "夜空の明るさ_平均": 20.35,
                        "ばらつき_平均": 0.08
                    },
                    {
                        "調査時期": "2022_S",
                        "観測回数": 1,
                        "夜空の明るさ_平均": 19.09,
                        "ばらつき_平均": 0.26
                    }
                ]
            }
        },
        {
            "type": "Feature",
            "geometry": {
                "type": "Point",
                "coordinates": [
                    129.64,
                    28.41777778
                ]
            },
            "properties": {
                "都道府県": "鹿児島県",
                "市区町村": "龍郷町",
                "撮影場所": "鹿児島県大島郡龍郷町赤尾木",
                "時系列データ": [
                    {
                        "調査時期": "2025_W",
                        "観測回数": 1,
                        "夜空の明るさ_平均": 20.49,
                        "ばらつき_平均": 0.14
                    },
                    {
                        "調査時期": "2025_S",
                        "観測回数": 1,
                        "夜空の明るさ_平均": 21.63,
                        "ばらつき_平均": 0.16
                    },
                    {
                        "調査時期": "2024_W",
                        "観測回数": 1,
                        "夜空の明るさ_平均": 21.63,
                        "ばらつき_平均": 0.09
                    },
                    {
                        "調査時期": "2024_S",
                        "観測回数": 1,
                        "夜空の明るさ_平均": 21.6,
                        "ばらつき_平均": 0.13
                    },
                    {
                        "調査時期": "2023_W",
                        "観測回数": 1,
                        "夜空の明るさ_平均": 20.94,
                        "ばらつき_平均": 0.28
                    },
                    {
                        "調査時期": "2023_S",
                        "観測回数": 1,
                        "夜空の明るさ_平均": 21.04,
                        "ばらつき_平均": 0.09
                    },
                    {
                        "調査時期": "2022_W",
                        "観測回数": 1,
                        "夜空の明るさ_平均": 21.63,
                        "ばらつき_平均": 0.08
                    },
                    {
                        "調査時期": "2022_S",
                        "観測回数": 2,
                        "夜空の明るさ_平均": 21.55,
                        "ばらつき_平均": 0.08
                    }
                ]
            }
        },
        {
            "type": "Feature",
            "geometry": {
                "type": "Point",
                "coordinates": [
                    144.4025,
                    43.52444444
                ]
            },
            "properties": {
                "都道府県": "北海道",
                "市区町村": "弟子屈町",
                "撮影場所": "北海道川上郡弟子屈町",
                "時系列データ": [
                    {
                        "調査時期": "2022_W",
                        "観測回数": 1,
                        "夜空の明るさ_平均": 21.3,
                        "ばらつき_平均": 0.09
                    }
                ]
            }
        },
        {
            "type": "Feature",
            "geometry": {
                "type": "Point",
                "coordinates": [
                    140.8966667,
                    40.42666667
                ]
            },
            "properties": {
                "都道府県": "青森県",
                "市区町村": "十和田市",
                "撮影場所": "十和田湖付近",
                "時系列データ": [
                    {
                        "調査時期": "2022_W",
                        "観測回数": 1,
                        "夜空の明るさ_平均": 19.22,
                        "ばらつき_平均": 0.1
                    }
                ]
            }
        },
        {
            "type": "Feature",
            "geometry": {
                "type": "Point",
                "coordinates": [
                    141.4488889,
                    38.65833333
                ]
            },
            "properties": {
                "都道府県": "宮城県",
                "市区町村": "南三陸町",
                "撮影場所": "南三陸ホテル観洋屋上",
                "時系列データ": [
                    {
                        "調査時期": "2026_W",
                        "観測回数": 1,
                        "夜空の明るさ_平均": 20.66,
                        "ばらつき_平均": 0.06
                    },
                    {
                        "調査時期": "2022_W",
                        "観測回数": 1,
                        "夜空の明るさ_平均": 20.3,
                        "ばらつき_平均": 0.03
                    }
                ]
            }
        },
        {
            "type": "Feature",
            "geometry": {
                "type": "Point",
                "coordinates": [
                    139.8463889,
                    36.78305556
                ]
            },
            "properties": {
                "都道府県": "栃木県",
                "市区町村": "塩谷町",
                "撮影場所": "星ふる学校「くまの木」",
                "時系列データ": [
                    {
                        "調査時期": "2022_W",
                        "観測回数": 1,
                        "夜空の明るさ_平均": 20.21,
                        "ばらつき_平均": 0.08
                    }
                ]
            }
        },
        {
            "type": "Feature",
            "geometry": {
                "type": "Point",
                "coordinates": [
                    139.0966667,
                    36.3075
                ]
            },
            "properties": {
                "都道府県": "群馬県",
                "市区町村": "玉村町",
                "撮影場所": "群馬県佐波郡玉村町道の駅玉村宿",
                "時系列データ": [
                    {
                        "調査時期": "2024_W",
                        "観測回数": 1,
                        "夜空の明るさ_平均": 18.46,
                        "ばらつき_平均": 0.15
                    },
                    {
                        "調査時期": "2022_W",
                        "観測回数": 1,
                        "夜空の明るさ_平均": 18.1,
                        "ばらつき_平均": 0.15
                    }
                ]
            }
        },
        {
            "type": "Feature",
            "geometry": {
                "type": "Point",
                "coordinates": [
                    136.3077778,
                    35.85583333
                ]
            },
            "properties": {
                "都道府県": "福井県",
                "市区町村": "池田町",
                "撮影場所": "福井県今立郡池田町新保ファミリースキー場",
                "時系列データ": [
                    {
                        "調査時期": "2022_W",
                        "観測回数": 1,
                        "夜空の明るさ_平均": 20.64,
                        "ばらつき_平均": 0.07
                    }
                ]
            }
        },
        {
            "type": "Feature",
            "geometry": {
                "type": "Point",
                "coordinates": [
                    136.5822222,
                    36.02166667
                ]
            },
            "properties": {
                "都道府県": "福井県",
                "市区町村": "大野市",
                "撮影場所": "福井県自然保護センター観察棟",
                "時系列データ": [
                    {
                        "調査時期": "2022_W",
                        "観測回数": 1,
                        "夜空の明るさ_平均": 20.58,
                        "ばらつき_平均": 0.06
                    }
                ]
            }
        },
        {
            "type": "Feature",
            "geometry": {
                "type": "Point",
                "coordinates": [
                    138.2997222,
                    35.78805556
                ]
            },
            "properties": {
                "都道府県": "山梨県",
                "市区町村": "北杜市",
                "撮影場所": "北杜市白州町横手",
                "時系列データ": [
                    {
                        "調査時期": "2022_W",
                        "観測回数": 1,
                        "夜空の明るさ_平均": 19.82,
                        "ばらつき_平均": 0.1
                    }
                ]
            }
        },
        {
            "type": "Feature",
            "geometry": {
                "type": "Point",
                "coordinates": [
                    137.9436111,
                    35.88472222
                ]
            },
            "properties": {
                "都道府県": "長野県",
                "市区町村": "南箕輪村",
                "撮影場所": "上伊那郡南箕輪村 大芝公園",
                "時系列データ": [
                    {
                        "調査時期": "2022_W",
                        "観測回数": 1,
                        "夜空の明るさ_平均": 19.84,
                        "ばらつき_平均": 0.12
                    }
                ]
            }
        },
        {
            "type": "Feature",
            "geometry": {
                "type": "Point",
                "coordinates": [
                    137.9691667,
                    36.05166667
                ]
            },
            "properties": {
                "都道府県": "長野県",
                "市区町村": "塩尻市",
                "撮影場所": "北小野地区センター",
                "時系列データ": [
                    {
                        "調査時期": "2025_W",
                        "観測回数": 1,
                        "夜空の明るさ_平均": 20.28,
                        "ばらつき_平均": 0.06
                    },
                    {
                        "調査時期": "2023_S",
                        "観測回数": 1,
                        "夜空の明るさ_平均": 20.58,
                        "ばらつき_平均": 0.05
                    },
                    {
                        "調査時期": "2022_W",
                        "観測回数": 1,
                        "夜空の明るさ_平均": 20.19,
                        "ばらつき_平均": 0.05
                    }
                ]
            }
        },
        {
            "type": "Feature",
            "geometry": {
                "type": "Point",
                "coordinates": [
                    137.9183333,
                    36.16638889
                ]
            },
            "properties": {
                "都道府県": "長野県",
                "市区町村": "松本市",
                "撮影場所": "西南公園",
                "時系列データ": [
                    {
                        "調査時期": "2022_W",
                        "観測回数": 1,
                        "夜空の明るさ_平均": 19.07,
                        "ばらつき_平均": 0.08
                    }
                ]
            }
        },
        {
            "type": "Feature",
            "geometry": {
                "type": "Point",
                "coordinates": [
                    137.9463889,
                    36.16444444
                ]
            },
            "properties": {
                "都道府県": "長野県",
                "市区町村": "塩尻市",
                "撮影場所": "長者原公園",
                "時系列データ": [
                    {
                        "調査時期": "2025_S",
                        "観測回数": 1,
                        "夜空の明るさ_平均": 18.58,
                        "ばらつき_平均": 0.11
                    },
                    {
                        "調査時期": "2022_W",
                        "観測回数": 1,
                        "夜空の明るさ_平均": 18.89,
                        "ばらつき_平均": 0.14
                    }
                ]
            }
        },
        {
            "type": "Feature",
            "geometry": {
                "type": "Point",
                "coordinates": [
                    137.9386111,
                    35.81333333
                ]
            },
            "properties": {
                "都道府県": "長野県",
                "市区町村": "伊那市",
                "撮影場所": "伊那市 西春近北小学校グランド",
                "時系列データ": [
                    {
                        "調査時期": "2022_W",
                        "観測回数": 1,
                        "夜空の明るさ_平均": 18.97,
                        "ばらつき_平均": 0.13
                    }
                ]
            }
        },
        {
            "type": "Feature",
            "geometry": {
                "type": "Point",
                "coordinates": [
                    137.9536111,
                    36.11444444
                ]
            },
            "properties": {
                "都道府県": "長野県",
                "市区町村": "塩尻市",
                "撮影場所": "塩尻市役所北側駐車場",
                "時系列データ": [
                    {
                        "調査時期": "2022_W",
                        "観測回数": 1,
                        "夜空の明るさ_平均": 18.94,
                        "ばらつき_平均": 0.05
                    }
                ]
            }
        },
        {
            "type": "Feature",
            "geometry": {
                "type": "Point",
                "coordinates": [
                    137.9080556,
                    35.72
                ]
            },
            "properties": {
                "都道府県": "長野県",
                "市区町村": "駒ヶ根市",
                "撮影場所": "日本電産長野技術研究開発センター周辺",
                "時系列データ": [
                    {
                        "調査時期": "2022_W",
                        "観測回数": 1,
                        "夜空の明るさ_平均": 19.35,
                        "ばらつき_平均": 0.32
                    }
                ]
            }
        },
        {
            "type": "Feature",
            "geometry": {
                "type": "Point",
                "coordinates": [
                    137.5747222,
                    35.96583333
                ]
            },
            "properties": {
                "都道府県": "長野県",
                "市区町村": "木曽町",
                "撮影場所": "開田高原水芭蕉園",
                "時系列データ": [
                    {
                        "調査時期": "2026_W",
                        "観測回数": 2,
                        "夜空の明るさ_平均": 21.45,
                        "ばらつき_平均": 0.09
                    },
                    {
                        "調査時期": "2025_W",
                        "観測回数": 1,
                        "夜空の明るさ_平均": 21.42,
                        "ばらつき_平均": 0.1
                    },
                    {
                        "調査時期": "2023_W",
                        "観測回数": 1,
                        "夜空の明るさ_平均": 21.38,
                        "ばらつき_平均": 0.13
                    },
                    {
                        "調査時期": "2022_W",
                        "観測回数": 1,
                        "夜空の明るさ_平均": 21.41,
                        "ばらつき_平均": 0.14
                    }
                ]
            }
        },
        {
            "type": "Feature",
            "geometry": {
                "type": "Point",
                "coordinates": [
                    137.6055556,
                    35.59972222
                ]
            },
            "properties": {
                "都道府県": "長野県",
                "市区町村": "南木曽町",
                "撮影場所": "天白公園駐車場",
                "時系列データ": [
                    {
                        "調査時期": "2026_W",
                        "観測回数": 1,
                        "夜空の明るさ_平均": 20.23,
                        "ばらつき_平均": 0.08
                    },
                    {
                        "調査時期": "2022_W",
                        "観測回数": 1,
                        "夜空の明るさ_平均": 20.7,
                        "ばらつき_平均": 0.11
                    }
                ]
            }
        },
        {
            "type": "Feature",
            "geometry": {
                "type": "Point",
                "coordinates": [
                    138.4888889,
                    36.15222222
                ]
            },
            "properties": {
                "都道府県": "長野県",
                "市区町村": "佐久穂町",
                "撮影場所": "うすだスタードーム",
                "時系列データ": [
                    {
                        "調査時期": "2022_W",
                        "観測回数": 1,
                        "夜空の明るさ_平均": 20.32,
                        "ばらつき_平均": 0.06
                    }
                ]
            }
        },
        {
            "type": "Feature",
            "geometry": {
                "type": "Point",
                "coordinates": [
                    138.4822222,
                    36.19166667
                ]
            },
            "properties": {
                "都道府県": "長野県",
                "市区町村": "佐久市",
                "撮影場所": "うすだスタードーム",
                "時系列データ": [
                    {
                        "調査時期": "2022_W",
                        "観測回数": 1,
                        "夜空の明るさ_平均": 20.09,
                        "ばらつき_平均": 0.07
                    }
                ]
            }
        },
        {
            "type": "Feature",
            "geometry": {
                "type": "Point",
                "coordinates": [
                    138.4863889,
                    36.19805556
                ]
            },
            "properties": {
                "都道府県": "長野県",
                "市区町村": "佐久市",
                "撮影場所": "うすだスタードーム",
                "時系列データ": [
                    {
                        "調査時期": "2022_W",
                        "観測回数": 1,
                        "夜空の明るさ_平均": 20.03,
                        "ばらつき_平均": 0.05
                    }
                ]
            }
        },
        {
            "type": "Feature",
            "geometry": {
                "type": "Point",
                "coordinates": [
                    137.5075,
                    35.79611111
                ]
            },
            "properties": {
                "都道府県": "長野県",
                "市区町村": "王滝村",
                "撮影場所": "王滝村氷ケ瀬",
                "時系列データ": [
                    {
                        "調査時期": "2022_W",
                        "観測回数": 1,
                        "夜空の明るさ_平均": 21.15,
                        "ばらつき_平均": 0.06
                    }
                ]
            }
        },
        {
            "type": "Feature",
            "geometry": {
                "type": "Point",
                "coordinates": [
                    137.6597222,
                    35.22305556
                ]
            },
            "properties": {
                "都道府県": "愛知県",
                "市区町村": "豊根村",
                "撮影場所": "茶臼山高原(愛知県北設楽郡豊根村)",
                "時系列データ": [
                    {
                        "調査時期": "2022_W",
                        "観測回数": 1,
                        "夜空の明るさ_平均": 20.79,
                        "ばらつき_平均": 0.31
                    }
                ]
            }
        },
        {
            "type": "Feature",
            "geometry": {
                "type": "Point",
                "coordinates": [
                    135.6397222,
                    34.81027778
                ]
            },
            "properties": {
                "都道府県": "大阪府",
                "市区町村": "枚方市",
                "撮影場所": "枚方市 ひらパー",
                "時系列データ": [
                    {
                        "調査時期": "2022_W",
                        "観測回数": 1,
                        "夜空の明るさ_平均": 17.51,
                        "ばらつき_平均": 0.08
                    }
                ]
            }
        },
        {
            "type": "Feature",
            "geometry": {
                "type": "Point",
                "coordinates": [
                    135.1163889,
                    34.68361111
                ]
            },
            "properties": {
                "都道府県": "兵庫県",
                "市区町村": "神戸市　須磨区",
                "撮影場所": "神戸市長田区鹿松町",
                "時系列データ": [
                    {
                        "調査時期": "2022_W",
                        "観測回数": 1,
                        "夜空の明るさ_平均": 18.1,
                        "ばらつき_平均": 0.11
                    }
                ]
            }
        },
        {
            "type": "Feature",
            "geometry": {
                "type": "Point",
                "coordinates": [
                    133.005,
                    33.47722222
                ]
            },
            "properties": {
                "都道府県": "高知県",
                "市区町村": "津野町",
                "撮影場所": "高知県高岡郡津野町芳生野乙 星ふるヴィレッジTENGU",
                "時系列データ": [
                    {
                        "調査時期": "2022_W",
                        "観測回数": 1,
                        "夜空の明るさ_平均": 21.59,
                        "ばらつき_平均": 0.13
                    }
                ]
            }
        },
        {
            "type": "Feature",
            "geometry": {
                "type": "Point",
                "coordinates": [
                    133.0058333,
                    33.47722222
                ]
            },
            "properties": {
                "都道府県": "高知県",
                "市区町村": "津野町",
                "撮影場所": "高知県高岡郡津野町芳生野乙 星ふるヴィレッジTENGU",
                "時系列データ": [
                    {
                        "調査時期": "2022_W",
                        "観測回数": 2,
                        "夜空の明るさ_平均": 21.49,
                        "ばらつき_平均": 0.16
                    }
                ]
            }
        },
        {
            "type": "Feature",
            "geometry": {
                "type": "Point",
                "coordinates": [
                    133.0202778,
                    33.39777778
                ]
            },
            "properties": {
                "都道府県": "高知県",
                "市区町村": "津野町",
                "撮影場所": "高知県高岡郡津野町芳生野甲",
                "時系列データ": [
                    {
                        "調査時期": "2022_W",
                        "観測回数": 1,
                        "夜空の明るさ_平均": 21.43,
                        "ばらつき_平均": 0.1
                    }
                ]
            }
        },
        {
            "type": "Feature",
            "geometry": {
                "type": "Point",
                "coordinates": [
                    133.0208333,
                    33.39777778
                ]
            },
            "properties": {
                "都道府県": "高知県",
                "市区町村": "津野町",
                "撮影場所": "高知県高岡郡津野町芳生野甲",
                "時系列データ": [
                    {
                        "調査時期": "2022_W",
                        "観測回数": 4,
                        "夜空の明るさ_平均": 21.23,
                        "ばらつき_平均": 0.15
                    }
                ]
            }
        },
        {
            "type": "Feature",
            "geometry": {
                "type": "Point",
                "coordinates": [
                    133.2416667,
                    33.535
                ]
            },
            "properties": {
                "都道府県": "高知県",
                "市区町村": "越知町",
                "撮影場所": "高知県越知町立横倉山自然の森博物館",
                "時系列データ": [
                    {
                        "調査時期": "2022_W",
                        "観測回数": 1,
                        "夜空の明るさ_平均": 20.89,
                        "ばらつき_平均": 0.07
                    }
                ]
            }
        },
        {
            "type": "Feature",
            "geometry": {
                "type": "Point",
                "coordinates": [
                    131.2430556,
                    33.04944444
                ]
            },
            "properties": {
                "都道府県": "大分県",
                "市区町村": "竹田市",
                "撮影場所": "くじゅう花公園周辺",
                "時系列データ": [
                    {
                        "調査時期": "2022_W",
                        "観測回数": 1,
                        "夜空の明るさ_平均": 21.01,
                        "ばらつき_平均": 0.14
                    }
                ]
            }
        },
        {
            "type": "Feature",
            "geometry": {
                "type": "Point",
                "coordinates": [
                    129.3138889,
                    28.17333333
                ]
            },
            "properties": {
                "都道府県": "鹿児島県",
                "市区町村": "瀬戸内町",
                "撮影場所": "鹿児島県瀬戸内町油井岳",
                "時系列データ": [
                    {
                        "調査時期": "2022_W",
                        "観測回数": 1,
                        "夜空の明るさ_平均": 21.68,
                        "ばらつき_平均": 0.1
                    }
                ]
            }
        },
        {
            "type": "Feature",
            "geometry": {
                "type": "Point",
                "coordinates": [
                    140.22888889,
                    37.04444444
                ]
            },
            "properties": {
                "都道府県": "福島県",
                "市区町村": "白河市",
                "撮影場所": "白河関の森公園駐車場",
                "時系列データ": [
                    {
                        "調査時期": "2023_S",
                        "観測回数": 1,
                        "夜空の明るさ_平均": 19.52,
                        "ばらつき_平均": 0.26
                    }
                ]
            }
        },
        {
            "type": "Feature",
            "geometry": {
                "type": "Point",
                "coordinates": [
                    139.80027778,
                    35.81555556
                ]
            },
            "properties": {
                "都道府県": "埼玉県",
                "市区町村": "草加市",
                "撮影場所": "東武スカイツリーライン谷塚駅前",
                "時系列データ": [
                    {
                        "調査時期": "2023_S",
                        "観測回数": 1,
                        "夜空の明るさ_平均": 17.37,
                        "ばらつき_平均": 0.06
                    }
                ]
            }
        },
        {
            "type": "Feature",
            "geometry": {
                "type": "Point",
                "coordinates": [
                    139.53777778,
                    35.67444444
                ]
            },
            "properties": {
                "都道府県": "東京都",
                "市区町村": "三鷹市",
                "撮影場所": "三鷹市大沢",
                "時系列データ": [
                    {
                        "調査時期": "2026_W",
                        "観測回数": 1,
                        "夜空の明るさ_平均": 17.38,
                        "ばらつき_平均": 0.08
                    },
                    {
                        "調査時期": "2025_W",
                        "観測回数": 1,
                        "夜空の明るさ_平均": 17.21,
                        "ばらつき_平均": 0.1
                    },
                    {
                        "調査時期": "2025_S",
                        "観測回数": 1,
                        "夜空の明るさ_平均": 17.25,
                        "ばらつき_平均": 0.12
                    },
                    {
                        "調査時期": "2024_W",
                        "観測回数": 1,
                        "夜空の明るさ_平均": 17.47,
                        "ばらつき_平均": 0.08
                    },
                    {
                        "調査時期": "2024_S",
                        "観測回数": 1,
                        "夜空の明るさ_平均": 17.18,
                        "ばらつき_平均": 0.12
                    },
                    {
                        "調査時期": "2023_S",
                        "観測回数": 1,
                        "夜空の明るさ_平均": 17.65,
                        "ばらつき_平均": 0.05
                    }
                ]
            }
        },
        {
            "type": "Feature",
            "geometry": {
                "type": "Point",
                "coordinates": [
                    139.51583333,
                    35.71583333
                ]
            },
            "properties": {
                "都道府県": "東京都",
                "市区町村": "小金井市",
                "撮影場所": "都立小金井公園　いこいの広場",
                "時系列データ": [
                    {
                        "調査時期": "2023_S",
                        "観測回数": 1,
                        "夜空の明るさ_平均": 17.62,
                        "ばらつき_平均": 0.09
                    }
                ]
            }
        },
        {
            "type": "Feature",
            "geometry": {
                "type": "Point",
                "coordinates": [
                    139.04333333,
                    35.78944444
                ]
            },
            "properties": {
                "都道府県": "東京都",
                "市区町村": "奥多摩町",
                "撮影場所": "西多摩郡奥多摩町 奥多摩湖大麦代園地駐車場",
                "時系列データ": [
                    {
                        "調査時期": "2024_W",
                        "観測回数": 1,
                        "夜空の明るさ_平均": 19.99,
                        "ばらつき_平均": 0.08
                    },
                    {
                        "調査時期": "2024_S",
                        "観測回数": 1,
                        "夜空の明るさ_平均": 20.41,
                        "ばらつき_平均": 0.27
                    },
                    {
                        "調査時期": "2023_S",
                        "観測回数": 1,
                        "夜空の明るさ_平均": 19.85,
                        "ばらつき_平均": 0.1
                    }
                ]
            }
        },
        {
            "type": "Feature",
            "geometry": {
                "type": "Point",
                "coordinates": [
                    136.47833333,
                    36.01916667
                ]
            },
            "properties": {
                "都道府県": "福井県",
                "市区町村": "大野市",
                "撮影場所": "大矢戸天文台",
                "時系列データ": [
                    {
                        "調査時期": "2023_S",
                        "観測回数": 1,
                        "夜空の明るさ_平均": 20.79,
                        "ばらつき_平均": 0.06
                    }
                ]
            }
        },
        {
            "type": "Feature",
            "geometry": {
                "type": "Point",
                "coordinates": [
                    137.61916667,
                    36.22888889
                ]
            },
            "properties": {
                "都道府県": "長野県",
                "市区町村": "松本市",
                "撮影場所": "松本市安曇上高地　大正池",
                "時系列データ": [
                    {
                        "調査時期": "2023_S",
                        "観測回数": 1,
                        "夜空の明るさ_平均": 21.72,
                        "ばらつき_平均": 0.18
                    }
                ]
            }
        },
        {
            "type": "Feature",
            "geometry": {
                "type": "Point",
                "coordinates": [
                    137.91055556,
                    35.72194444
                ]
            },
            "properties": {
                "都道府県": "長野県",
                "市区町村": "駒ヶ根市",
                "撮影場所": "日本電産長野技術研究開発センター周辺",
                "時系列データ": [
                    {
                        "調査時期": "2023_S",
                        "観測回数": 1,
                        "夜空の明るさ_平均": 20.41,
                        "ばらつき_平均": 0.15
                    }
                ]
            }
        },
        {
            "type": "Feature",
            "geometry": {
                "type": "Point",
                "coordinates": [
                    137.92055556,
                    35.71333333
                ]
            },
            "properties": {
                "都道府県": "長野県",
                "市区町村": "駒ヶ根市",
                "撮影場所": "長野県駒ヶ根工業高等学校周辺",
                "時系列データ": [
                    {
                        "調査時期": "2023_S",
                        "観測回数": 1,
                        "夜空の明るさ_平均": 20.45,
                        "ばらつき_平均": 0.13
                    }
                ]
            }
        },
        {
            "type": "Feature",
            "geometry": {
                "type": "Point",
                "coordinates": [
                    137.92194444,
                    36.15638889
                ]
            },
            "properties": {
                "都道府県": "長野県",
                "市区町村": "塩尻市",
                "撮影場所": "信州スカイパーク",
                "時系列データ": [
                    {
                        "調査時期": "2024_S",
                        "観測回数": 1,
                        "夜空の明るさ_平均": 19.68,
                        "ばらつき_平均": 0.15
                    },
                    {
                        "調査時期": "2023_S",
                        "観測回数": 1,
                        "夜空の明るさ_平均": 19.83,
                        "ばらつき_平均": 0.06
                    }
                ]
            }
        },
        {
            "type": "Feature",
            "geometry": {
                "type": "Point",
                "coordinates": [
                    137.685,
                    35.81027778
                ]
            },
            "properties": {
                "都道府県": "長野県",
                "市区町村": "上松町",
                "撮影場所": "木曽の桟",
                "時系列データ": [
                    {
                        "調査時期": "2023_W",
                        "観測回数": 1,
                        "夜空の明るさ_平均": 20.97,
                        "ばらつき_平均": 0.03
                    },
                    {
                        "調査時期": "2023_S",
                        "観測回数": 1,
                        "夜空の明るさ_平均": 20.73,
                        "ばらつき_平均": 0.18
                    }
                ]
            }
        },
        {
            "type": "Feature",
            "geometry": {
                "type": "Point",
                "coordinates": [
                    137.86305556,
                    36.12777778
                ]
            },
            "properties": {
                "都道府県": "長野県",
                "市区町村": "朝日村",
                "撮影場所": "朝日小学校付近",
                "時系列データ": [
                    {
                        "調査時期": "2026_W",
                        "観測回数": 1,
                        "夜空の明るさ_平均": 20.06,
                        "ばらつき_平均": 0.07
                    },
                    {
                        "調査時期": "2025_S",
                        "観測回数": 1,
                        "夜空の明るさ_平均": 20.11,
                        "ばらつき_平均": 0.09
                    },
                    {
                        "調査時期": "2024_S",
                        "観測回数": 1,
                        "夜空の明るさ_平均": 20.59,
                        "ばらつき_平均": 0.07
                    },
                    {
                        "調査時期": "2023_S",
                        "観測回数": 1,
                        "夜空の明るさ_平均": 19.48,
                        "ばらつき_平均": 0.13
                    }
                ]
            }
        },
        {
            "type": "Feature",
            "geometry": {
                "type": "Point",
                "coordinates": [
                    135.64027778,
                    34.80944444
                ]
            },
            "properties": {
                "都道府県": "大阪府",
                "市区町村": "枚方市",
                "撮影場所": "枚方市 ひらパー",
                "時系列データ": [
                    {
                        "調査時期": "2023_S",
                        "観測回数": 2,
                        "夜空の明るさ_平均": 17.62,
                        "ばらつき_平均": 0.1
                    }
                ]
            }
        },
        {
            "type": "Feature",
            "geometry": {
                "type": "Point",
                "coordinates": [
                    134.71694444,
                    34.21611111
                ]
            },
            "properties": {
                "都道府県": "兵庫県",
                "市区町村": "南あわじ市",
                "撮影場所": "兵庫県南あわじ市阿万塩屋町「吹上浜（ふきあげはま）」",
                "時系列データ": [
                    {
                        "調査時期": "2023_S",
                        "観測回数": 1,
                        "夜空の明るさ_平均": 19.39,
                        "ばらつき_平均": 0.11
                    }
                ]
            }
        },
        {
            "type": "Feature",
            "geometry": {
                "type": "Point",
                "coordinates": [
                    134.71777778,
                    34.21583333
                ]
            },
            "properties": {
                "都道府県": "兵庫県",
                "市区町村": "南あわじ市",
                "撮影場所": "兵庫県南あわじ市阿万塩屋町「吹上浜（ふきあげはま）」",
                "時系列データ": [
                    {
                        "調査時期": "2023_S",
                        "観測回数": 1,
                        "夜空の明るさ_平均": 19.36,
                        "ばらつき_平均": 0.09
                    }
                ]
            }
        },
        {
            "type": "Feature",
            "geometry": {
                "type": "Point",
                "coordinates": [
                    134.71916667,
                    34.215
                ]
            },
            "properties": {
                "都道府県": "兵庫県",
                "市区町村": "南あわじ市",
                "撮影場所": "兵庫県南あわじ市阿万塩屋町「吹上浜（ふきあげはま）」",
                "時系列データ": [
                    {
                        "調査時期": "2023_S",
                        "観測回数": 1,
                        "夜空の明るさ_平均": 20.46,
                        "ばらつき_平均": 0.14
                    }
                ]
            }
        },
        {
            "type": "Feature",
            "geometry": {
                "type": "Point",
                "coordinates": [
                    135.40666667,
                    34.14444444
                ]
            },
            "properties": {
                "都道府県": "和歌山県",
                "市区町村": "紀美野町",
                "撮影場所": "和歌山県海草郡紀美野町　みさと天文台",
                "時系列データ": [
                    {
                        "調査時期": "2026_W",
                        "観測回数": 1,
                        "夜空の明るさ_平均": 20.75,
                        "ばらつき_平均": 0.07
                    },
                    {
                        "調査時期": "2025_W",
                        "観測回数": 1,
                        "夜空の明るさ_平均": 19.87,
                        "ばらつき_平均": 0.1
                    },
                    {
                        "調査時期": "2025_S",
                        "観測回数": 2,
                        "夜空の明るさ_平均": 20.64,
                        "ばらつき_平均": 0.07
                    },
                    {
                        "調査時期": "2024_W",
                        "観測回数": 1,
                        "夜空の明るさ_平均": 20.67,
                        "ばらつき_平均": 0.11
                    },
                    {
                        "調査時期": "2024_S",
                        "観測回数": 2,
                        "夜空の明るさ_平均": 20.48,
                        "ばらつき_平均": 0.12
                    },
                    {
                        "調査時期": "2023_S",
                        "観測回数": 2,
                        "夜空の明るさ_平均": 20.65,
                        "ばらつき_平均": 0.07
                    }
                ]
            }
        },
        {
            "type": "Feature",
            "geometry": {
                "type": "Point",
                "coordinates": [
                    134.00083333,
                    34.89277778
                ]
            },
            "properties": {
                "都道府県": "岡山県",
                "市区町村": "久米南町",
                "撮影場所": "竜天天文台公園",
                "時系列データ": [
                    {
                        "調査時期": "2025_W",
                        "観測回数": 2,
                        "夜空の明るさ_平均": 19.27,
                        "ばらつき_平均": 0.11
                    },
                    {
                        "調査時期": "2023_S",
                        "観測回数": 1,
                        "夜空の明るさ_平均": 20.84,
                        "ばらつき_平均": 0.09
                    }
                ]
            }
        },
        {
            "type": "Feature",
            "geometry": {
                "type": "Point",
                "coordinates": [
                    131.84611111,
                    34.04805556
                ]
            },
            "properties": {
                "都道府県": "山口県",
                "市区町村": "周南市",
                "撮影場所": "山口県周南市（周南公立大学敷地内）",
                "時系列データ": [
                    {
                        "調査時期": "2023_S",
                        "観測回数": 1,
                        "夜空の明るさ_平均": 17.74,
                        "ばらつき_平均": 0.11
                    }
                ]
            }
        },
        {
            "type": "Feature",
            "geometry": {
                "type": "Point",
                "coordinates": [
                    134.415,
                    33.95472222
                ]
            },
            "properties": {
                "都道府県": "徳島県",
                "市区町村": "佐那河内村",
                "撮影場所": "徳島県名東郡佐那河内村上字大川原",
                "時系列データ": [
                    {
                        "調査時期": "2023_S",
                        "観測回数": 1,
                        "夜空の明るさ_平均": 20.92,
                        "ばらつき_平均": 0.09
                    }
                ]
            }
        },
        {
            "type": "Feature",
            "geometry": {
                "type": "Point",
                "coordinates": [
                    133.00388889,
                    33.47694444
                ]
            },
            "properties": {
                "都道府県": "高知県",
                "市区町村": "津野町",
                "撮影場所": "高知県高岡郡津野町芳生野乙 星ふるヴィレッジTENGU",
                "時系列データ": [
                    {
                        "調査時期": "2023_S",
                        "観測回数": 1,
                        "夜空の明るさ_平均": 21.43,
                        "ばらつき_平均": 0.08
                    }
                ]
            }
        },
        {
            "type": "Feature",
            "geometry": {
                "type": "Point",
                "coordinates": [
                    131.06972222,
                    31.88027778
                ]
            },
            "properties": {
                "都道府県": "宮崎県",
                "市区町村": "都城市",
                "撮影場所": "宮崎県都城市高崎町",
                "時系列データ": [
                    {
                        "調査時期": "2025_W",
                        "観測回数": 1,
                        "夜空の明るさ_平均": 20.03,
                        "ばらつき_平均": 0.1
                    },
                    {
                        "調査時期": "2025_S",
                        "観測回数": 1,
                        "夜空の明るさ_平均": 20.0,
                        "ばらつき_平均": 0.11
                    },
                    {
                        "調査時期": "2024_S",
                        "観測回数": 1,
                        "夜空の明るさ_平均": 19.85,
                        "ばらつき_平均": 0.09
                    },
                    {
                        "調査時期": "2023_S",
                        "観測回数": 1,
                        "夜空の明るさ_平均": 20.99,
                        "ばらつき_平均": 0.1
                    }
                ]
            }
        },
        {
            "type": "Feature",
            "geometry": {
                "type": "Point",
                "coordinates": [
                    127.92805556,
                    26.69222222
                ]
            },
            "properties": {
                "都道府県": "沖縄県",
                "市区町村": "今帰仁村",
                "撮影場所": "沖縄県国頭郡今帰仁村今泊　今帰仁城跡内　",
                "時系列データ": [
                    {
                        "調査時期": "2023_S",
                        "観測回数": 1,
                        "夜空の明るさ_平均": 19.98,
                        "ばらつき_平均": 0.16
                    }
                ]
            }
        },
        {
            "type": "Feature",
            "geometry": {
                "type": "Point",
                "coordinates": [
                    127.94944444,
                    26.6975
                ]
            },
            "properties": {
                "都道府県": "沖縄県",
                "市区町村": "今帰仁村",
                "撮影場所": "沖縄県国頭郡今帰仁村字与那嶺",
                "時系列データ": [
                    {
                        "調査時期": "2023_W",
                        "観測回数": 1,
                        "夜空の明るさ_平均": 20.2,
                        "ばらつき_平均": 0.06
                    },
                    {
                        "調査時期": "2023_S",
                        "観測回数": 1,
                        "夜空の明るさ_平均": 20.82,
                        "ばらつき_平均": 0.15
                    }
                ]
            }
        },
        {
            "type": "Feature",
            "geometry": {
                "type": "Point",
                "coordinates": [
                    140.8975,
                    40.42527778
                ]
            },
            "properties": {
                "都道府県": "青森県",
                "市区町村": "十和田市",
                "撮影場所": "十和田湖付近",
                "時系列データ": [
                    {
                        "調査時期": "2023_W",
                        "観測回数": 1,
                        "夜空の明るさ_平均": 18.72,
                        "ばらつき_平均": 0.12
                    }
                ]
            }
        },
        {
            "type": "Feature",
            "geometry": {
                "type": "Point",
                "coordinates": [
                    140.0575,
                    38.30777778
                ]
            },
            "properties": {
                "都道府県": "山形県",
                "市区町村": "朝日町",
                "撮影場所": "山形県朝日町　Asahi自然観",
                "時系列データ": [
                    {
                        "調査時期": "2023_W",
                        "観測回数": 2,
                        "夜空の明るさ_平均": 20.5,
                        "ばらつき_平均": 0.08
                    }
                ]
            }
        },
        {
            "type": "Feature",
            "geometry": {
                "type": "Point",
                "coordinates": [
                    140.0572222,
                    38.30805556
                ]
            },
            "properties": {
                "都道府県": "山形県",
                "市区町村": "朝日町",
                "撮影場所": "山形県朝日町　Asahi自然観",
                "時系列データ": [
                    {
                        "調査時期": "2025_W",
                        "観測回数": 3,
                        "夜空の明るさ_平均": 20.94,
                        "ばらつき_平均": 0.09
                    },
                    {
                        "調査時期": "2024_W",
                        "観測回数": 1,
                        "夜空の明るさ_平均": 21.22,
                        "ばらつき_平均": 0.09
                    },
                    {
                        "調査時期": "2023_W",
                        "観測回数": 1,
                        "夜空の明るさ_平均": 20.53,
                        "ばらつき_平均": 0.08
                    }
                ]
            }
        },
        {
            "type": "Feature",
            "geometry": {
                "type": "Point",
                "coordinates": [
                    140.0575,
                    38.3075
                ]
            },
            "properties": {
                "都道府県": "山形県",
                "市区町村": "朝日町",
                "撮影場所": "山形県朝日町　Asahi自然観",
                "時系列データ": [
                    {
                        "調査時期": "2023_W",
                        "観測回数": 1,
                        "夜空の明るさ_平均": 20.52,
                        "ばらつき_平均": 0.09
                    }
                ]
            }
        },
        {
            "type": "Feature",
            "geometry": {
                "type": "Point",
                "coordinates": [
                    139.3730556,
                    35.53722222
                ]
            },
            "properties": {
                "都道府県": "神奈川県",
                "市区町村": "相模原市　南区",
                "撮影場所": "相模原市南区下溝",
                "時系列データ": [
                    {
                        "調査時期": "2023_W",
                        "観測回数": 1,
                        "夜空の明るさ_平均": 17.97,
                        "ばらつき_平均": 0.07
                    }
                ]
            }
        },
        {
            "type": "Feature",
            "geometry": {
                "type": "Point",
                "coordinates": [
                    137.9108333,
                    35.71944444
                ]
            },
            "properties": {
                "都道府県": "長野県",
                "市区町村": "駒ヶ根市",
                "撮影場所": "日本電産長野技術研究開発センター周辺",
                "時系列データ": [
                    {
                        "調査時期": "2023_W",
                        "観測回数": 1,
                        "夜空の明るさ_平均": 20.36,
                        "ばらつき_平均": 0.09
                    }
                ]
            }
        },
        {
            "type": "Feature",
            "geometry": {
                "type": "Point",
                "coordinates": [
                    137.6702778,
                    35.5125
                ]
            },
            "properties": {
                "都道府県": "長野県",
                "市区町村": "阿智村",
                "撮影場所": "下伊那郡阿智村清内路 流星観測場所",
                "時系列データ": [
                    {
                        "調査時期": "2023_W",
                        "観測回数": 2,
                        "夜空の明るさ_平均": 20.66,
                        "ばらつき_平均": 0.05
                    }
                ]
            }
        },
        {
            "type": "Feature",
            "geometry": {
                "type": "Point",
                "coordinates": [
                    137.7833333,
                    35.93138889
                ]
            },
            "properties": {
                "都道府県": "長野県",
                "市区町村": "木祖村",
                "撮影場所": "木祖村郷土館脇",
                "時系列データ": [
                    {
                        "調査時期": "2026_W",
                        "観測回数": 1,
                        "夜空の明るさ_平均": 20.34,
                        "ばらつき_平均": 0.1
                    },
                    {
                        "調査時期": "2025_W",
                        "観測回数": 1,
                        "夜空の明るさ_平均": 20.41,
                        "ばらつき_平均": 0.09
                    },
                    {
                        "調査時期": "2024_W",
                        "観測回数": 2,
                        "夜空の明るさ_平均": 20.55,
                        "ばらつき_平均": 0.08
                    },
                    {
                        "調査時期": "2024_S",
                        "観測回数": 1,
                        "夜空の明るさ_平均": 20.24,
                        "ばらつき_平均": 0.12
                    },
                    {
                        "調査時期": "2023_W",
                        "観測回数": 1,
                        "夜空の明るさ_平均": 20.42,
                        "ばらつき_平均": 0.06
                    }
                ]
            }
        },
        {
            "type": "Feature",
            "geometry": {
                "type": "Point",
                "coordinates": [
                    137.7411111,
                    35.86527778
                ]
            },
            "properties": {
                "都道府県": "長野県",
                "市区町村": "木曽町",
                "撮影場所": "道の駅日義木曽駒高原",
                "時系列データ": [
                    {
                        "調査時期": "2023_W",
                        "観測回数": 1,
                        "夜空の明るさ_平均": 20.49,
                        "ばらつき_平均": 0.08
                    }
                ]
            }
        },
        {
            "type": "Feature",
            "geometry": {
                "type": "Point",
                "coordinates": [
                    137.7558333,
                    35.83
                ]
            },
            "properties": {
                "都道府県": "長野県",
                "市区町村": "木曽町",
                "撮影場所": "キビオ峠",
                "時系列データ": [
                    {
                        "調査時期": "2023_W",
                        "観測回数": 1,
                        "夜空の明るさ_平均": 20.95,
                        "ばらつき_平均": 0.03
                    }
                ]
            }
        },
        {
            "type": "Feature",
            "geometry": {
                "type": "Point",
                "coordinates": [
                    137.0586111,
                    35.39666667
                ]
            },
            "properties": {
                "都道府県": "岐阜県",
                "市区町村": "可児市",
                "撮影場所": "可児市 天体ドーム横",
                "時系列データ": [
                    {
                        "調査時期": "2026_W",
                        "観測回数": 1,
                        "夜空の明るさ_平均": 18.32,
                        "ばらつき_平均": 0.1
                    },
                    {
                        "調査時期": "2024_W",
                        "観測回数": 1,
                        "夜空の明るさ_平均": 18.82,
                        "ばらつき_平均": 0.1
                    },
                    {
                        "調査時期": "2024_S",
                        "観測回数": 1,
                        "夜空の明るさ_平均": 18.23,
                        "ばらつき_平均": 0.16
                    },
                    {
                        "調査時期": "2023_W",
                        "観測回数": 1,
                        "夜空の明るさ_平均": 18.89,
                        "ばらつき_平均": 0.08
                    }
                ]
            }
        },
        {
            "type": "Feature",
            "geometry": {
                "type": "Point",
                "coordinates": [
                    135.0361111,
                    34.69833333
                ]
            },
            "properties": {
                "都道府県": "兵庫県",
                "市区町村": "神戸市　西区",
                "撮影場所": "神戸市西区井吹台 西神南",
                "時系列データ": [
                    {
                        "調査時期": "2023_W",
                        "観測回数": 2,
                        "夜空の明るさ_平均": 17.83,
                        "ばらつき_平均": 0.09
                    }
                ]
            }
        },
        {
            "type": "Feature",
            "geometry": {
                "type": "Point",
                "coordinates": [
                    131.0983333,
                    32.74083333
                ]
            },
            "properties": {
                "都道府県": "熊本県",
                "市区町村": "山都町",
                "撮影場所": "清和高原天文台",
                "時系列データ": [
                    {
                        "調査時期": "2023_W",
                        "観測回数": 1,
                        "夜空の明るさ_平均": 21.14,
                        "ばらつき_平均": 0.08
                    }
                ]
            }
        },
        {
            "type": "Feature",
            "geometry": {
                "type": "Point",
                "coordinates": [
                    127.9297222,
                    26.69166667
                ]
            },
            "properties": {
                "都道府県": "沖縄県",
                "市区町村": "今帰仁村",
                "撮影場所": "沖縄県国頭郡今帰仁村今泊　今帰仁城跡内　",
                "時系列データ": [
                    {
                        "調査時期": "2023_W",
                        "観測回数": 1,
                        "夜空の明るさ_平均": 19.32,
                        "ばらつき_平均": 0.13
                    }
                ]
            }
        },
        {
            "type": "Feature",
            "geometry": {
                "type": "Point",
                "coordinates": [
                    140.05166667,
                    38.30805556
                ]
            },
            "properties": {
                "都道府県": "山形県",
                "市区町村": "朝日町",
                "撮影場所": "山形県朝日町　Asahi自然観",
                "時系列データ": [
                    {
                        "調査時期": "2024_S",
                        "観測回数": 1,
                        "夜空の明るさ_平均": 21.05,
                        "ばらつき_平均": 0.13
                    }
                ]
            }
        },
        {
            "type": "Feature",
            "geometry": {
                "type": "Point",
                "coordinates": [
                    139.13916667,
                    34.20444444
                ]
            },
            "properties": {
                "都道府県": "東京都",
                "市区町村": "神津島村",
                "撮影場所": "神津島村 よたね広場",
                "時系列データ": [
                    {
                        "調査時期": "2025_S",
                        "観測回数": 1,
                        "夜空の明るさ_平均": 21.12,
                        "ばらつき_平均": 0.1
                    },
                    {
                        "調査時期": "2024_S",
                        "観測回数": 1,
                        "夜空の明るさ_平均": 21.07,
                        "ばらつき_平均": 0.18
                    }
                ]
            }
        },
        {
            "type": "Feature",
            "geometry": {
                "type": "Point",
                "coordinates": [
                    139.3725,
                    35.5375
                ]
            },
            "properties": {
                "都道府県": "神奈川県",
                "市区町村": "相模原市　中央区",
                "撮影場所": "相模原市南区下溝",
                "時系列データ": [
                    {
                        "調査時期": "2024_S",
                        "観測回数": 1,
                        "夜空の明るさ_平均": 17.72,
                        "ばらつき_平均": 0.09
                    }
                ]
            }
        },
        {
            "type": "Feature",
            "geometry": {
                "type": "Point",
                "coordinates": [
                    139.22944444,
                    35.50361111
                ]
            },
            "properties": {
                "都道府県": "神奈川県",
                "市区町村": "清川村",
                "撮影場所": "神奈川県清川村内",
                "時系列データ": [
                    {
                        "調査時期": "2024_S",
                        "観測回数": 1,
                        "夜空の明るさ_平均": 19.47,
                        "ばらつき_平均": 0.13
                    }
                ]
            }
        },
        {
            "type": "Feature",
            "geometry": {
                "type": "Point",
                "coordinates": [
                    137.10333333,
                    36.65944444
                ]
            },
            "properties": {
                "都道府県": "富山県",
                "市区町村": "富山市",
                "撮影場所": "富山県富山市三熊　古洞ダム付近",
                "時系列データ": [
                    {
                        "調査時期": "2024_S",
                        "観測回数": 1,
                        "夜空の明るさ_平均": 19.43,
                        "ばらつき_平均": 0.08
                    }
                ]
            }
        },
        {
            "type": "Feature",
            "geometry": {
                "type": "Point",
                "coordinates": [
                    137.64277778,
                    36.12027778
                ]
            },
            "properties": {
                "都道府県": "長野県",
                "市区町村": "松本市",
                "撮影場所": "乗鞍高原・いがや",
                "時系列データ": [
                    {
                        "調査時期": "2026_W",
                        "観測回数": 1,
                        "夜空の明るさ_平均": 21.19,
                        "ばらつき_平均": 0.08
                    },
                    {
                        "調査時期": "2025_W",
                        "観測回数": 1,
                        "夜空の明るさ_平均": 21.36,
                        "ばらつき_平均": 0.11
                    },
                    {
                        "調査時期": "2024_S",
                        "観測回数": 1,
                        "夜空の明るさ_平均": 20.7,
                        "ばらつき_平均": 0.1
                    }
                ]
            }
        },
        {
            "type": "Feature",
            "geometry": {
                "type": "Point",
                "coordinates": [
                    137.91194444,
                    35.72166667
                ]
            },
            "properties": {
                "都道府県": "長野県",
                "市区町村": "駒ヶ根市",
                "撮影場所": "日本電産長野技術研究開発センター周辺",
                "時系列データ": [
                    {
                        "調査時期": "2024_S",
                        "観測回数": 1,
                        "夜空の明るさ_平均": 21.15,
                        "ばらつき_平均": 0.42
                    }
                ]
            }
        },
        {
            "type": "Feature",
            "geometry": {
                "type": "Point",
                "coordinates": [
                    137.89805556,
                    35.73083333
                ]
            },
            "properties": {
                "都道府県": "長野県",
                "市区町村": "駒ヶ根市",
                "撮影場所": "駒ヶ根高原家族旅行村アルプスの丘周辺",
                "時系列データ": [
                    {
                        "調査時期": "2025_W",
                        "観測回数": 1,
                        "夜空の明るさ_平均": 20.37,
                        "ばらつき_平均": 0.11
                    },
                    {
                        "調査時期": "2024_S",
                        "観測回数": 1,
                        "夜空の明るさ_平均": 19.65,
                        "ばらつき_平均": 0.13
                    }
                ]
            }
        },
        {
            "type": "Feature",
            "geometry": {
                "type": "Point",
                "coordinates": [
                    137.91166667,
                    35.72138889
                ]
            },
            "properties": {
                "都道府県": "長野県",
                "市区町村": "駒ヶ根市",
                "撮影場所": "日本電産長野技術研究開発センター周辺",
                "時系列データ": [
                    {
                        "調査時期": "2024_S",
                        "観測回数": 1,
                        "夜空の明るさ_平均": 19.68,
                        "ばらつき_平均": 0.15
                    }
                ]
            }
        },
        {
            "type": "Feature",
            "geometry": {
                "type": "Point",
                "coordinates": [
                    137.94444444,
                    36.15305556
                ]
            },
            "properties": {
                "都道府県": "長野県",
                "市区町村": "塩尻市",
                "撮影場所": "広丘小学校校庭",
                "時系列データ": [
                    {
                        "調査時期": "2025_W",
                        "観測回数": 1,
                        "夜空の明るさ_平均": 18.75,
                        "ばらつき_平均": 0.07
                    },
                    {
                        "調査時期": "2025_S",
                        "観測回数": 1,
                        "夜空の明るさ_平均": 18.79,
                        "ばらつき_平均": 0.05
                    },
                    {
                        "調査時期": "2024_S",
                        "観測回数": 1,
                        "夜空の明るさ_平均": 19.2,
                        "ばらつき_平均": 0.09
                    }
                ]
            }
        },
        {
            "type": "Feature",
            "geometry": {
                "type": "Point",
                "coordinates": [
                    137.96916667,
                    36.05138889
                ]
            },
            "properties": {
                "都道府県": "長野県",
                "市区町村": "塩尻市",
                "撮影場所": "北小野地区センター",
                "時系列データ": [
                    {
                        "調査時期": "2026_W",
                        "観測回数": 1,
                        "夜空の明るさ_平均": 20.15,
                        "ばらつき_平均": 0.08
                    },
                    {
                        "調査時期": "2025_S",
                        "観測回数": 1,
                        "夜空の明るさ_平均": 19.71,
                        "ばらつき_平均": 0.15
                    },
                    {
                        "調査時期": "2024_W",
                        "観測回数": 1,
                        "夜空の明るさ_平均": 20.27,
                        "ばらつき_平均": 0.07
                    },
                    {
                        "調査時期": "2024_S",
                        "観測回数": 1,
                        "夜空の明るさ_平均": 19.89,
                        "ばらつき_平均": 0.07
                    }
                ]
            }
        },
        {
            "type": "Feature",
            "geometry": {
                "type": "Point",
                "coordinates": [
                    138.00333333,
                    36.07138889
                ]
            },
            "properties": {
                "都道府県": "長野県",
                "市区町村": "塩尻市",
                "撮影場所": "いこいの森公園",
                "時系列データ": [
                    {
                        "調査時期": "2025_W",
                        "観測回数": 1,
                        "夜空の明るさ_平均": 20.22,
                        "ばらつき_平均": 0.04
                    },
                    {
                        "調査時期": "2024_S",
                        "観測回数": 1,
                        "夜空の明るさ_平均": 20.07,
                        "ばらつき_平均": 0.03
                    }
                ]
            }
        },
        {
            "type": "Feature",
            "geometry": {
                "type": "Point",
                "coordinates": [
                    135.1325,
                    34.68361111
                ]
            },
            "properties": {
                "都道府県": "兵庫県",
                "市区町村": "神戸市　長田区",
                "撮影場所": "神戸市長田区鹿松町",
                "時系列データ": [
                    {
                        "調査時期": "2025_W",
                        "観測回数": 1,
                        "夜空の明るさ_平均": 17.15,
                        "ばらつき_平均": 0.2
                    },
                    {
                        "調査時期": "2024_W",
                        "観測回数": 3,
                        "夜空の明るさ_平均": 18.1,
                        "ばらつき_平均": 0.11
                    },
                    {
                        "調査時期": "2024_S",
                        "観測回数": 2,
                        "夜空の明るさ_平均": 17.67,
                        "ばらつき_平均": 0.09
                    }
                ]
            }
        },
        {
            "type": "Feature",
            "geometry": {
                "type": "Point",
                "coordinates": [
                    135.03277778,
                    34.69722222
                ]
            },
            "properties": {
                "都道府県": "兵庫県",
                "市区町村": "神戸市　西区",
                "撮影場所": "神戸市西区井吹台 西神南",
                "時系列データ": [
                    {
                        "調査時期": "2024_S",
                        "観測回数": 1,
                        "夜空の明るさ_平均": 19.36,
                        "ばらつき_平均": 0.25
                    }
                ]
            }
        },
        {
            "type": "Feature",
            "geometry": {
                "type": "Point",
                "coordinates": [
                    135.0325,
                    34.69694444
                ]
            },
            "properties": {
                "都道府県": "兵庫県",
                "市区町村": "神戸市　西区",
                "撮影場所": "神戸市西区井吹台 西神南",
                "時系列データ": [
                    {
                        "調査時期": "2025_W",
                        "観測回数": 1,
                        "夜空の明るさ_平均": 18.22,
                        "ばらつき_平均": 0.11
                    },
                    {
                        "調査時期": "2024_S",
                        "観測回数": 1,
                        "夜空の明るさ_平均": 17.61,
                        "ばらつき_平均": 0.07
                    }
                ]
            }
        },
        {
            "type": "Feature",
            "geometry": {
                "type": "Point",
                "coordinates": [
                    135.02305556,
                    34.57333333
                ]
            },
            "properties": {
                "都道府県": "兵庫県",
                "市区町村": "淡路市",
                "撮影場所": "淡路市久留麻 淡路",
                "時系列データ": [
                    {
                        "調査時期": "2024_S",
                        "観測回数": 1,
                        "夜空の明るさ_平均": 14.82,
                        "ばらつき_平均": 0.16
                    }
                ]
            }
        },
        {
            "type": "Feature",
            "geometry": {
                "type": "Point",
                "coordinates": [
                    135.0225,
                    34.57416667
                ]
            },
            "properties": {
                "都道府県": "兵庫県",
                "市区町村": "淡路市",
                "撮影場所": "淡路市久留麻 淡路",
                "時系列データ": [
                    {
                        "調査時期": "2024_S",
                        "観測回数": 1,
                        "夜空の明るさ_平均": 19.03,
                        "ばらつき_平均": 0.17
                    }
                ]
            }
        },
        {
            "type": "Feature",
            "geometry": {
                "type": "Point",
                "coordinates": [
                    135.02194444,
                    34.56722222
                ]
            },
            "properties": {
                "都道府県": "兵庫県",
                "市区町村": "淡路市",
                "撮影場所": "淡路市久留麻 淡路",
                "時系列データ": [
                    {
                        "調査時期": "2024_S",
                        "観測回数": 1,
                        "夜空の明るさ_平均": 17.69,
                        "ばらつき_平均": 0.05
                    }
                ]
            }
        },
        {
            "type": "Feature",
            "geometry": {
                "type": "Point",
                "coordinates": [
                    133.15916667,
                    35.50305556
                ]
            },
            "properties": {
                "都道府県": "島根県",
                "市区町村": "松江市",
                "撮影場所": "島根県松江市八束町　八束千本桜公園",
                "時系列データ": [
                    {
                        "調査時期": "2025_S",
                        "観測回数": 1,
                        "夜空の明るさ_平均": 20.64,
                        "ばらつき_平均": 0.09
                    },
                    {
                        "調査時期": "2024_S",
                        "観測回数": 1,
                        "夜空の明るさ_平均": 20.5,
                        "ばらつき_平均": 0.06
                    }
                ]
            }
        },
        {
            "type": "Feature",
            "geometry": {
                "type": "Point",
                "coordinates": [
                    129.36333333,
                    28.12416667
                ]
            },
            "properties": {
                "都道府県": "鹿児島県",
                "市区町村": "瀬戸内町",
                "撮影場所": "鹿児島県大島郡瀬戸内町ヤドリ浜",
                "時系列データ": [
                    {
                        "調査時期": "2026_W",
                        "観測回数": 1,
                        "夜空の明るさ_平均": 21.56,
                        "ばらつき_平均": 0.1
                    },
                    {
                        "調査時期": "2025_W",
                        "観測回数": 1,
                        "夜空の明るさ_平均": 21.7,
                        "ばらつき_平均": 0.09
                    },
                    {
                        "調査時期": "2025_S",
                        "観測回数": 1,
                        "夜空の明るさ_平均": 21.97,
                        "ばらつき_平均": 0.16
                    },
                    {
                        "調査時期": "2024_S",
                        "観測回数": 1,
                        "夜空の明るさ_平均": 21.36,
                        "ばらつき_平均": 0.2
                    }
                ]
            }
        },
        {
            "type": "Feature",
            "geometry": {
                "type": "Point",
                "coordinates": [
                    127.94888889,
                    26.69722222
                ]
            },
            "properties": {
                "都道府県": "沖縄県",
                "市区町村": "今帰仁村",
                "撮影場所": "沖縄県国頭郡今帰仁村字与那嶺",
                "時系列データ": [
                    {
                        "調査時期": "2024_S",
                        "観測回数": 1,
                        "夜空の明るさ_平均": 20.73,
                        "ばらつき_平均": 0.13
                    }
                ]
            }
        },
        {
            "type": "Feature",
            "geometry": {
                "type": "Point",
                "coordinates": [
                    127.92694444,
                    26.69138889
                ]
            },
            "properties": {
                "都道府県": "沖縄県",
                "市区町村": "今帰仁村",
                "撮影場所": "沖縄県国頭郡今帰仁村今泊　今帰仁城跡内　",
                "時系列データ": [
                    {
                        "調査時期": "2024_W",
                        "観測回数": 1,
                        "夜空の明るさ_平均": 20.58,
                        "ばらつき_平均": 0.09
                    },
                    {
                        "調査時期": "2024_S",
                        "観測回数": 1,
                        "夜空の明るさ_平均": 20.74,
                        "ばらつき_平均": 0.08
                    }
                ]
            }
        },
        {
            "type": "Feature",
            "geometry": {
                "type": "Point",
                "coordinates": [
                    123.80444444,
                    24.06027778
                ]
            },
            "properties": {
                "都道府県": "沖縄県",
                "市区町村": "竹富町",
                "撮影場所": "波照間島星空観測タワー広場",
                "時系列データ": [
                    {
                        "調査時期": "2026_W",
                        "観測回数": 1,
                        "夜空の明るさ_平均": 21.37,
                        "ばらつき_平均": 0.12
                    },
                    {
                        "調査時期": "2025_W",
                        "観測回数": 1,
                        "夜空の明るさ_平均": 21.53,
                        "ばらつき_平均": 0.08
                    },
                    {
                        "調査時期": "2025_S",
                        "観測回数": 1,
                        "夜空の明るさ_平均": 21.41,
                        "ばらつき_平均": 0.3
                    },
                    {
                        "調査時期": "2024_W",
                        "観測回数": 1,
                        "夜空の明るさ_平均": 21.64,
                        "ばらつき_平均": 0.23
                    },
                    {
                        "調査時期": "2024_S",
                        "観測回数": 1,
                        "夜空の明るさ_平均": 21.4,
                        "ばらつき_平均": 0.15
                    }
                ]
            }
        },
        {
            "type": "Feature",
            "geometry": {
                "type": "Point",
                "coordinates": [
                    142.48194444,
                    44.37472222
                ]
            },
            "properties": {
                "都道府県": "北海道",
                "市区町村": "名寄市",
                "撮影場所": "なよろ市立天文台",
                "時系列データ": [
                    {
                        "調査時期": "2024_W",
                        "観測回数": 1,
                        "夜空の明るさ_平均": 19.61,
                        "ばらつき_平均": 0.07
                    }
                ]
            }
        },
        {
            "type": "Feature",
            "geometry": {
                "type": "Point",
                "coordinates": [
                    140.05638889,
                    38.30805556
                ]
            },
            "properties": {
                "都道府県": "山形県",
                "市区町村": "朝日町",
                "撮影場所": "山形県朝日町　Asahi自然観",
                "時系列データ": [
                    {
                        "調査時期": "2025_W",
                        "観測回数": 3,
                        "夜空の明るさ_平均": 20.83,
                        "ばらつき_平均": 0.1
                    },
                    {
                        "調査時期": "2024_W",
                        "観測回数": 3,
                        "夜空の明るさ_平均": 20.98,
                        "ばらつき_平均": 0.11
                    }
                ]
            }
        },
        {
            "type": "Feature",
            "geometry": {
                "type": "Point",
                "coordinates": [
                    135.64055556,
                    35.405
                ]
            },
            "properties": {
                "都道府県": "福井県",
                "市区町村": "おおい町",
                "撮影場所": "大飯郡おおい町名田庄中",
                "時系列データ": [
                    {
                        "調査時期": "2024_W",
                        "観測回数": 1,
                        "夜空の明るさ_平均": 20.81,
                        "ばらつき_平均": 0.08
                    }
                ]
            }
        },
        {
            "type": "Feature",
            "geometry": {
                "type": "Point",
                "coordinates": [
                    138.94083333,
                    35.76277778
                ]
            },
            "properties": {
                "都道府県": "山梨県",
                "市区町村": "小菅村",
                "撮影場所": "北都留郡小菅村 小菅村ヘリポート",
                "時系列データ": [
                    {
                        "調査時期": "2024_W",
                        "観測回数": 1,
                        "夜空の明るさ_平均": 20.44,
                        "ばらつき_平均": 0.05
                    }
                ]
            }
        },
        {
            "type": "Feature",
            "geometry": {
                "type": "Point",
                "coordinates": [
                    138.01694444,
                    36.06361111
                ]
            },
            "properties": {
                "都道府県": "長野県",
                "市区町村": "岡谷市",
                "撮影場所": "塩嶺王城パーク駐車場",
                "時系列データ": [
                    {
                        "調査時期": "2024_W",
                        "観測回数": 1,
                        "夜空の明るさ_平均": 19.49,
                        "ばらつき_平均": 0.15
                    }
                ]
            }
        },
        {
            "type": "Feature",
            "geometry": {
                "type": "Point",
                "coordinates": [
                    137.91,
                    35.72138889
                ]
            },
            "properties": {
                "都道府県": "長野県",
                "市区町村": "駒ヶ根市",
                "撮影場所": "日本電産長野技術研究開発センター周辺",
                "時系列データ": [
                    {
                        "調査時期": "2026_W",
                        "観測回数": 1,
                        "夜空の明るさ_平均": 19.95,
                        "ばらつき_平均": 0.19
                    },
                    {
                        "調査時期": "2025_S",
                        "観測回数": 1,
                        "夜空の明るさ_平均": 19.18,
                        "ばらつき_平均": 0.15
                    },
                    {
                        "調査時期": "2024_W",
                        "観測回数": 1,
                        "夜空の明るさ_平均": 20.43,
                        "ばらつき_平均": 0.1
                    }
                ]
            }
        },
        {
            "type": "Feature",
            "geometry": {
                "type": "Point",
                "coordinates": [
                    137.92638889,
                    35.71027778
                ]
            },
            "properties": {
                "都道府県": "長野県",
                "市区町村": "駒ヶ根市",
                "撮影場所": "長野県駒ヶ根工業高等学校周辺",
                "時系列データ": [
                    {
                        "調査時期": "2024_W",
                        "観測回数": 1,
                        "夜空の明るさ_平均": 20.38,
                        "ばらつき_平均": 0.09
                    }
                ]
            }
        },
        {
            "type": "Feature",
            "geometry": {
                "type": "Point",
                "coordinates": [
                    137.90055556,
                    36.06666667
                ]
            },
            "properties": {
                "都道府県": "長野県",
                "市区町村": "塩尻市",
                "撮影場所": "塩尻市本山",
                "時系列データ": [
                    {
                        "調査時期": "2024_W",
                        "観測回数": 1,
                        "夜空の明るさ_平均": 20.48,
                        "ばらつき_平均": 0.09
                    }
                ]
            }
        },
        {
            "type": "Feature",
            "geometry": {
                "type": "Point",
                "coordinates": [
                    137.94277778,
                    36.10416667
                ]
            },
            "properties": {
                "都道府県": "長野県",
                "市区町村": "塩尻市",
                "撮影場所": "平出遺跡公園",
                "時系列データ": [
                    {
                        "調査時期": "2026_W",
                        "観測回数": 1,
                        "夜空の明るさ_平均": 19.6,
                        "ばらつき_平均": 0.11
                    },
                    {
                        "調査時期": "2025_S",
                        "観測回数": 1,
                        "夜空の明るさ_平均": 19.52,
                        "ばらつき_平均": 0.08
                    },
                    {
                        "調査時期": "2024_W",
                        "観測回数": 1,
                        "夜空の明るさ_平均": 19.99,
                        "ばらつき_平均": 0.11
                    }
                ]
            }
        },
        {
            "type": "Feature",
            "geometry": {
                "type": "Point",
                "coordinates": [
                    138.01166667,
                    36.05916667
                ]
            },
            "properties": {
                "都道府県": "長野県",
                "市区町村": "塩尻市",
                "撮影場所": "塩嶺王城パーク駐車場",
                "時系列データ": [
                    {
                        "調査時期": "2024_W",
                        "観測回数": 1,
                        "夜空の明るさ_平均": 20.09,
                        "ばらつき_平均": 0.11
                    }
                ]
            }
        },
        {
            "type": "Feature",
            "geometry": {
                "type": "Point",
                "coordinates": [
                    138.46222222,
                    35.96166667
                ]
            },
            "properties": {
                "都道府県": "長野県",
                "市区町村": "南牧村",
                "撮影場所": "南佐久郡南牧村野辺山",
                "時系列データ": [
                    {
                        "調査時期": "2024_W",
                        "観測回数": 1,
                        "夜空の明るさ_平均": 20.76,
                        "ばらつき_平均": 0.05
                    }
                ]
            }
        },
        {
            "type": "Feature",
            "geometry": {
                "type": "Point",
                "coordinates": [
                    137.68722222,
                    35.80805556
                ]
            },
            "properties": {
                "都道府県": "長野県",
                "市区町村": "上松町",
                "撮影場所": "木曽の桟",
                "時系列データ": [
                    {
                        "調査時期": "2024_W",
                        "観測回数": 1,
                        "夜空の明るさ_平均": 20.95,
                        "ばらつき_平均": 0.08
                    }
                ]
            }
        },
        {
            "type": "Feature",
            "geometry": {
                "type": "Point",
                "coordinates": [
                    137.67166667,
                    35.68833333
                ]
            },
            "properties": {
                "都道府県": "長野県",
                "市区町村": "大桑村",
                "撮影場所": "大桑中学校",
                "時系列データ": [
                    {
                        "調査時期": "2024_W",
                        "観測回数": 1,
                        "夜空の明るさ_平均": 20.96,
                        "ばらつき_平均": 0.07
                    }
                ]
            }
        },
        {
            "type": "Feature",
            "geometry": {
                "type": "Point",
                "coordinates": [
                    135.77194444,
                    35.01166667
                ]
            },
            "properties": {
                "都道府県": "京都府",
                "市区町村": "京都市　左京区",
                "撮影場所": "京都市左京区 鴨川河川敷",
                "時系列データ": [
                    {
                        "調査時期": "2024_W",
                        "観測回数": 1,
                        "夜空の明るさ_平均": 17.06,
                        "ばらつき_平均": 0.07
                    }
                ]
            }
        },
        {
            "type": "Feature",
            "geometry": {
                "type": "Point",
                "coordinates": [
                    135.025,
                    34.5775
                ]
            },
            "properties": {
                "都道府県": "兵庫県",
                "市区町村": "淡路市",
                "撮影場所": "淡路市久留麻 淡路",
                "時系列データ": [
                    {
                        "調査時期": "2024_W",
                        "観測回数": 2,
                        "夜空の明るさ_平均": 18.13,
                        "ばらつき_平均": 0.11
                    }
                ]
            }
        },
        {
            "type": "Feature",
            "geometry": {
                "type": "Point",
                "coordinates": [
                    135.02472222,
                    34.57888889
                ]
            },
            "properties": {
                "都道府県": "兵庫県",
                "市区町村": "淡路市",
                "撮影場所": "淡路市久留麻 淡路",
                "時系列データ": [
                    {
                        "調査時期": "2024_W",
                        "観測回数": 1,
                        "夜空の明るさ_平均": 19.45,
                        "ばらつき_平均": 0.07
                    }
                ]
            }
        },
        {
            "type": "Feature",
            "geometry": {
                "type": "Point",
                "coordinates": [
                    135.40833333,
                    34.14472222
                ]
            },
            "properties": {
                "都道府県": "和歌山県",
                "市区町村": "紀美野町",
                "撮影場所": "和歌山県海草郡紀美野町　みさと天文台",
                "時系列データ": [
                    {
                        "調査時期": "2024_W",
                        "観測回数": 1,
                        "夜空の明るさ_平均": 20.42,
                        "ばらつき_平均": 0.02
                    }
                ]
            }
        },
        {
            "type": "Feature",
            "geometry": {
                "type": "Point",
                "coordinates": [
                    130.75972222,
                    33.2425
                ]
            },
            "properties": {
                "都道府県": "福岡県",
                "市区町村": "八女市",
                "撮影場所": "星のふるさと公園 星降る広場",
                "時系列データ": [
                    {
                        "調査時期": "2024_W",
                        "観測回数": 1,
                        "夜空の明るさ_平均": 20.72,
                        "ばらつき_平均": 0.06
                    }
                ]
            }
        },
        {
            "type": "Feature",
            "geometry": {
                "type": "Point",
                "coordinates": [
                    131.09861111,
                    32.74111111
                ]
            },
            "properties": {
                "都道府県": "熊本県",
                "市区町村": "山都町",
                "撮影場所": "清和高原天文台",
                "時系列データ": [
                    {
                        "調査時期": "2026_W",
                        "観測回数": 1,
                        "夜空の明るさ_平均": 21.22,
                        "ばらつき_平均": 0.11
                    },
                    {
                        "調査時期": "2025_S",
                        "観測回数": 1,
                        "夜空の明るさ_平均": 21.26,
                        "ばらつき_平均": 0.17
                    },
                    {
                        "調査時期": "2024_W",
                        "観測回数": 1,
                        "夜空の明るさ_平均": 21.26,
                        "ばらつき_平均": 0.1
                    }
                ]
            }
        },
        {
            "type": "Feature",
            "geometry": {
                "type": "Point",
                "coordinates": [
                    127.94805556,
                    26.69722222
                ]
            },
            "properties": {
                "都道府県": "沖縄県",
                "市区町村": "今帰仁村",
                "撮影場所": "沖縄県国頭郡今帰仁村字与那嶺",
                "時系列データ": [
                    {
                        "調査時期": "2025_W",
                        "観測回数": 1,
                        "夜空の明るさ_平均": 20.62,
                        "ばらつき_平均": 0.09
                    },
                    {
                        "調査時期": "2024_W",
                        "観測回数": 1,
                        "夜空の明るさ_平均": 20.6,
                        "ばらつき_平均": 0.1
                    }
                ]
            }
        },
        {
            "type": "Feature",
            "geometry": {
                "type": "Point",
                "coordinates": [
                    140.059,
                    38.304
                ]
            },
            "properties": {
                "都道府県": "山形県",
                "市区町村": "朝日町",
                "撮影場所": "山形県朝日町　Asahi自然観",
                "時系列データ": [
                    {
                        "調査時期": "2025_S",
                        "観測回数": 4,
                        "夜空の明るさ_平均": 21.12,
                        "ばらつき_平均": 0.08
                    }
                ]
            }
        },
        {
            "type": "Feature",
            "geometry": {
                "type": "Point",
                "coordinates": [
                    140.059,
                    38.305
                ]
            },
            "properties": {
                "都道府県": "山形県",
                "市区町村": "朝日町",
                "撮影場所": "山形県朝日町　Asahi自然観",
                "時系列データ": [
                    {
                        "調査時期": "2025_S",
                        "観測回数": 1,
                        "夜空の明るさ_平均": 21.18,
                        "ばらつき_平均": 0.06
                    }
                ]
            }
        },
        {
            "type": "Feature",
            "geometry": {
                "type": "Point",
                "coordinates": [
                    139.138,
                    34.239
                ]
            },
            "properties": {
                "都道府県": "東京都",
                "市区町村": "神津島村",
                "撮影場所": "神津島村 赤崎遊歩道",
                "時系列データ": [
                    {
                        "調査時期": "2025_S",
                        "観測回数": 1,
                        "夜空の明るさ_平均": 21.5,
                        "ばらつき_平均": 0.24
                    }
                ]
            }
        },
        {
            "type": "Feature",
            "geometry": {
                "type": "Point",
                "coordinates": [
                    137.718,
                    36.134
                ]
            },
            "properties": {
                "都道府県": "長野県",
                "市区町村": "松本市",
                "撮影場所": "奈川渡ダム駐車場",
                "時系列データ": [
                    {
                        "調査時期": "2026_W",
                        "観測回数": 1,
                        "夜空の明るさ_平均": 20.95,
                        "ばらつき_平均": 0.1
                    },
                    {
                        "調査時期": "2025_S",
                        "観測回数": 1,
                        "夜空の明るさ_平均": 20.17,
                        "ばらつき_平均": 0.29
                    }
                ]
            }
        },
        {
            "type": "Feature",
            "geometry": {
                "type": "Point",
                "coordinates": [
                    137.642,
                    36.121
                ]
            },
            "properties": {
                "都道府県": "長野県",
                "市区町村": "松本市",
                "撮影場所": "乗鞍高原・いがや",
                "時系列データ": [
                    {
                        "調査時期": "2025_S",
                        "観測回数": 1,
                        "夜空の明るさ_平均": 21.08,
                        "ばらつき_平均": 0.06
                    }
                ]
            }
        },
        {
            "type": "Feature",
            "geometry": {
                "type": "Point",
                "coordinates": [
                    137.891,
                    35.741
                ]
            },
            "properties": {
                "都道府県": "長野県",
                "市区町村": "駒ヶ根市",
                "撮影場所": "長野県駒ヶ根市赤穂駒ヶ池駐車場",
                "時系列データ": [
                    {
                        "調査時期": "2026_W",
                        "観測回数": 1,
                        "夜空の明るさ_平均": 19.96,
                        "ばらつき_平均": 0.13
                    },
                    {
                        "調査時期": "2025_W",
                        "観測回数": 1,
                        "夜空の明るさ_平均": 20.31,
                        "ばらつき_平均": 0.1
                    },
                    {
                        "調査時期": "2025_S",
                        "観測回数": 1,
                        "夜空の明るさ_平均": 19.68,
                        "ばらつき_平均": 0.14
                    }
                ]
            }
        },
        {
            "type": "Feature",
            "geometry": {
                "type": "Point",
                "coordinates": [
                    137.968,
                    36.101
                ]
            },
            "properties": {
                "都道府県": "長野県",
                "市区町村": "塩尻市",
                "撮影場所": "塩尻東地区センター",
                "時系列データ": [
                    {
                        "調査時期": "2025_S",
                        "観測回数": 1,
                        "夜空の明るさ_平均": 19.79,
                        "ばらつき_平均": 0.1
                    }
                ]
            }
        },
        {
            "type": "Feature",
            "geometry": {
                "type": "Point",
                "coordinates": [
                    137.939,
                    36.104
                ]
            },
            "properties": {
                "都道府県": "長野県",
                "市区町村": "塩尻市",
                "撮影場所": "平出遺跡公園",
                "時系列データ": [
                    {
                        "調査時期": "2025_S",
                        "観測回数": 1,
                        "夜空の明るさ_平均": 19.56,
                        "ばらつき_平均": 0.09
                    }
                ]
            }
        },
        {
            "type": "Feature",
            "geometry": {
                "type": "Point",
                "coordinates": [
                    137.783,
                    35.932
                ]
            },
            "properties": {
                "都道府県": "長野県",
                "市区町村": "木祖村",
                "撮影場所": "木祖村郷土館脇",
                "時系列データ": [
                    {
                        "調査時期": "2026_W",
                        "観測回数": 1,
                        "夜空の明るさ_平均": 20.78,
                        "ばらつき_平均": 0.08
                    },
                    {
                        "調査時期": "2025_W",
                        "観測回数": 1,
                        "夜空の明るさ_平均": 20.54,
                        "ばらつき_平均": 0.09
                    },
                    {
                        "調査時期": "2025_S",
                        "観測回数": 1,
                        "夜空の明るさ_平均": 20.13,
                        "ばらつき_平均": 0.11
                    }
                ]
            }
        },
        {
            "type": "Feature",
            "geometry": {
                "type": "Point",
                "coordinates": [
                    137.757,
                    35.831
                ]
            },
            "properties": {
                "都道府県": "長野県",
                "市区町村": "木曽町",
                "撮影場所": "キビオ峠",
                "時系列データ": [
                    {
                        "調査時期": "2026_W",
                        "観測回数": 1,
                        "夜空の明るさ_平均": 21.14,
                        "ばらつき_平均": 0.08
                    },
                    {
                        "調査時期": "2025_W",
                        "観測回数": 1,
                        "夜空の明るさ_平均": 21.12,
                        "ばらつき_平均": 0.1
                    },
                    {
                        "調査時期": "2025_S",
                        "観測回数": 1,
                        "夜空の明るさ_平均": 20.71,
                        "ばらつき_平均": 0.14
                    }
                ]
            }
        },
        {
            "type": "Feature",
            "geometry": {
                "type": "Point",
                "coordinates": [
                    134.989,
                    34.517
                ]
            },
            "properties": {
                "都道府県": "兵庫県",
                "市区町村": "淡路市",
                "撮影場所": "淡路市久留麻 淡路",
                "時系列データ": [
                    {
                        "調査時期": "2025_S",
                        "観測回数": 1,
                        "夜空の明るさ_平均": 15.83,
                        "ばらつき_平均": 0.1
                    }
                ]
            }
        },
        {
            "type": "Feature",
            "geometry": {
                "type": "Point",
                "coordinates": [
                    135.698,
                    33.593
                ]
            },
            "properties": {
                "都道府県": "和歌山県",
                "市区町村": "古座川町",
                "撮影場所": "和歌山県東牟婁郡古座川町佐田",
                "時系列データ": [
                    {
                        "調査時期": "2026_W",
                        "観測回数": 4,
                        "夜空の明るさ_平均": 21.3,
                        "ばらつき_平均": 0.06
                    },
                    {
                        "調査時期": "2025_S",
                        "観測回数": 3,
                        "夜空の明るさ_平均": 21.9,
                        "ばらつき_平均": 0.16
                    }
                ]
            }
        },
        {
            "type": "Feature",
            "geometry": {
                "type": "Point",
                "coordinates": [
                    134.212,
                    35.448
                ]
            },
            "properties": {
                "都道府県": "鳥取県",
                "市区町村": "鳥取市",
                "撮影場所": "鳥取市倉田 倉田スポーツ広場",
                "時系列データ": [
                    {
                        "調査時期": "2025_S",
                        "観測回数": 1,
                        "夜空の明るさ_平均": 20.18,
                        "ばらつき_平均": 0.13
                    }
                ]
            }
        },
        {
            "type": "Feature",
            "geometry": {
                "type": "Point",
                "coordinates": [
                    134.408,
                    33.953
                ]
            },
            "properties": {
                "都道府県": "徳島県",
                "市区町村": "上勝町",
                "撮影場所": "徳島県名東郡佐那河内村上字大川原",
                "時系列データ": [
                    {
                        "調査時期": "2025_S",
                        "観測回数": 1,
                        "夜空の明るさ_平均": 20.31,
                        "ばらつき_平均": 0.28
                    }
                ]
            }
        },
        {
            "type": "Feature",
            "geometry": {
                "type": "Point",
                "coordinates": [
                    134.055,
                    34.288
                ]
            },
            "properties": {
                "都道府県": "香川県",
                "市区町村": "高松市",
                "撮影場所": "香川県高松市多肥上町",
                "時系列データ": [
                    {
                        "調査時期": "2026_W",
                        "観測回数": 3,
                        "夜空の明るさ_平均": 17.81,
                        "ばらつき_平均": 0.22
                    },
                    {
                        "調査時期": "2025_W",
                        "観測回数": 1,
                        "夜空の明るさ_平均": 17.3,
                        "ばらつき_平均": 0.15
                    },
                    {
                        "調査時期": "2025_S",
                        "観測回数": 1,
                        "夜空の明るさ_平均": 18.25,
                        "ばらつき_平均": 0.24
                    }
                ]
            }
        },
        {
            "type": "Feature",
            "geometry": {
                "type": "Point",
                "coordinates": [
                    132.94,
                    33.677
                ]
            },
            "properties": {
                "都道府県": "愛媛県",
                "市区町村": "久万高原町",
                "撮影場所": "久万高原天体観測館",
                "時系列データ": [
                    {
                        "調査時期": "2025_S",
                        "観測回数": 1,
                        "夜空の明るさ_平均": 21.14,
                        "ばらつき_平均": 0.14
                    }
                ]
            }
        },
        {
            "type": "Feature",
            "geometry": {
                "type": "Point",
                "coordinates": [
                    133.823,
                    33.53
                ]
            },
            "properties": {
                "都道府県": "高知県",
                "市区町村": "芸西村",
                "撮影場所": "芸西天文台",
                "時系列データ": [
                    {
                        "調査時期": "2025_S",
                        "観測回数": 1,
                        "夜空の明るさ_平均": 21.12,
                        "ばらつき_平均": 0.13
                    }
                ]
            }
        },
        {
            "type": "Feature",
            "geometry": {
                "type": "Point",
                "coordinates": [
                    129.313,
                    28.175
                ]
            },
            "properties": {
                "都道府県": "鹿児島県",
                "市区町村": "瀬戸内町",
                "撮影場所": "鹿児島県瀬戸内町油井岳",
                "時系列データ": [
                    {
                        "調査時期": "2026_W",
                        "観測回数": 1,
                        "夜空の明るさ_平均": 21.75,
                        "ばらつき_平均": 0.15
                    },
                    {
                        "調査時期": "2025_S",
                        "観測回数": 1,
                        "夜空の明るさ_平均": 21.99,
                        "ばらつき_平均": 0.1
                    }
                ]
            }
        },
        {
            "type": "Feature",
            "geometry": {
                "type": "Point",
                "coordinates": [
                    129.369,
                    28.13
                ]
            },
            "properties": {
                "都道府県": "鹿児島県",
                "市区町村": "瀬戸内町",
                "撮影場所": "鹿児島県大島郡瀬戸内町ホノホシ海岸",
                "時系列データ": [
                    {
                        "調査時期": "2025_S",
                        "観測回数": 1,
                        "夜空の明るさ_平均": 22.01,
                        "ばらつき_平均": 0.13
                    }
                ]
            }
        },
        {
            "type": "Feature",
            "geometry": {
                "type": "Point",
                "coordinates": [
                    128.122,
                    26.66
                ]
            },
            "properties": {
                "都道府県": "沖縄県",
                "市区町村": "大宜味村",
                "撮影場所": "沖縄県国頭郡今帰仁村字与那嶺",
                "時系列データ": [
                    {
                        "調査時期": "2025_S",
                        "観測回数": 1,
                        "夜空の明るさ_平均": 21.3,
                        "ばらつき_平均": 0.11
                    }
                ]
            }
        },
        {
            "type": "Feature",
            "geometry": {
                "type": "Point",
                "coordinates": [
                    128.148,
                    26.653
                ]
            },
            "properties": {
                "都道府県": "沖縄県",
                "市区町村": "大宜味村",
                "撮影場所": "沖縄県国頭郡今帰仁村字与那嶺",
                "時系列データ": [
                    {
                        "調査時期": "2025_S",
                        "観測回数": 1,
                        "夜空の明るさ_平均": 21.36,
                        "ばらつき_平均": 0.09
                    }
                ]
            }
        },
        {
            "type": "Feature",
            "geometry": {
                "type": "Point",
                "coordinates": [
                    127.949,
                    26.708
                ]
            },
            "properties": {
                "都道府県": "沖縄県",
                "市区町村": "今帰仁村",
                "撮影場所": "沖縄県国頭郡今帰仁村字与那嶺",
                "時系列データ": [
                    {
                        "調査時期": "2025_S",
                        "観測回数": 1,
                        "夜空の明るさ_平均": 20.77,
                        "ばらつき_平均": 0.11
                    }
                ]
            }
        },
        {
            "type": "Feature",
            "geometry": {
                "type": "Point",
                "coordinates": [
                    127.918,
                    26.658
                ]
            },
            "properties": {
                "都道府県": "沖縄県",
                "市区町村": "本部町",
                "撮影場所": "沖縄県国頭郡今帰仁村字与那嶺",
                "時系列データ": [
                    {
                        "調査時期": "2025_S",
                        "観測回数": 1,
                        "夜空の明るさ_平均": 20.69,
                        "ばらつき_平均": 0.11
                    }
                ]
            }
        },
        {
            "type": "Feature",
            "geometry": {
                "type": "Point",
                "coordinates": [
                    141.4491667,
                    38.65861111
                ]
            },
            "properties": {
                "都道府県": "宮城県",
                "市区町村": "南三陸町",
                "撮影場所": "南三陸ホテル観洋屋上",
                "時系列データ": [
                    {
                        "調査時期": "2025_W",
                        "観測回数": 1,
                        "夜空の明るさ_平均": 20.6,
                        "ばらつき_平均": 0.12
                    }
                ]
            }
        },
        {
            "type": "Feature",
            "geometry": {
                "type": "Point",
                "coordinates": [
                    136.5825,
                    36.02111111
                ]
            },
            "properties": {
                "都道府県": "福井県",
                "市区町村": "大野市",
                "撮影場所": "福井県自然保護センター観察棟",
                "時系列データ": [
                    {
                        "調査時期": "2026_W",
                        "観測回数": 3,
                        "夜空の明るさ_平均": 20.84,
                        "ばらつき_平均": 0.08
                    },
                    {
                        "調査時期": "2025_W",
                        "観測回数": 5,
                        "夜空の明るさ_平均": 20.85,
                        "ばらつき_平均": 0.09
                    }
                ]
            }
        },
        {
            "type": "Feature",
            "geometry": {
                "type": "Point",
                "coordinates": [
                    137.8933333,
                    35.74027778
                ]
            },
            "properties": {
                "都道府県": "長野県",
                "市区町村": "駒ヶ根市",
                "撮影場所": "長野県駒ヶ根市赤穂駒ヶ池駐車場",
                "時系列データ": [
                    {
                        "調査時期": "2025_W",
                        "観測回数": 1,
                        "夜空の明るさ_平均": 20.97,
                        "ばらつき_平均": 0.25
                    }
                ]
            }
        },
        {
            "type": "Feature",
            "geometry": {
                "type": "Point",
                "coordinates": [
                    137.8983333,
                    35.73
                ]
            },
            "properties": {
                "都道府県": "長野県",
                "市区町村": "駒ヶ根市",
                "撮影場所": "駒ヶ根高原家族旅行村アルプスの丘周辺",
                "時系列データ": [
                    {
                        "調査時期": "2025_W",
                        "観測回数": 1,
                        "夜空の明るさ_平均": 20.88,
                        "ばらつき_平均": 0.27
                    }
                ]
            }
        },
        {
            "type": "Feature",
            "geometry": {
                "type": "Point",
                "coordinates": [
                    137.9405556,
                    36.10388889
                ]
            },
            "properties": {
                "都道府県": "長野県",
                "市区町村": "塩尻市",
                "撮影場所": "平出遺跡公園",
                "時系列データ": [
                    {
                        "調査時期": "2025_W",
                        "観測回数": 1,
                        "夜空の明るさ_平均": 19.37,
                        "ばらつき_平均": 0.16
                    }
                ]
            }
        },
        {
            "type": "Feature",
            "geometry": {
                "type": "Point",
                "coordinates": [
                    138.1683333,
                    36.09805556
                ]
            },
            "properties": {
                "都道府県": "長野県",
                "市区町村": "諏訪市",
                "撮影場所": "長野県霧ヶ峰自然保護センター",
                "時系列データ": [
                    {
                        "調査時期": "2025_W",
                        "観測回数": 1,
                        "夜空の明るさ_平均": 20.62,
                        "ばらつき_平均": 0.1
                    }
                ]
            }
        },
        {
            "type": "Feature",
            "geometry": {
                "type": "Point",
                "coordinates": [
                    137.5505556,
                    35.59055556
                ]
            },
            "properties": {
                "都道府県": "長野県",
                "市区町村": "南木曽町",
                "撮影場所": "田立小学校",
                "時系列データ": [
                    {
                        "調査時期": "2025_W",
                        "観測回数": 1,
                        "夜空の明るさ_平均": 20.76,
                        "ばらつき_平均": 0.08
                    }
                ]
            }
        },
        {
            "type": "Feature",
            "geometry": {
                "type": "Point",
                "coordinates": [
                    135.0169444,
                    34.57388889
                ]
            },
            "properties": {
                "都道府県": "兵庫県",
                "市区町村": "淡路市",
                "撮影場所": "淡路市久留麻 淡路",
                "時系列データ": [
                    {
                        "調査時期": "2025_W",
                        "観測回数": 1,
                        "夜空の明るさ_平均": 18.68,
                        "ばらつき_平均": 0.14
                    }
                ]
            }
        },
        {
            "type": "Feature",
            "geometry": {
                "type": "Point",
                "coordinates": [
                    135.0327778,
                    34.69861111
                ]
            },
            "properties": {
                "都道府県": "兵庫県",
                "市区町村": "神戸市　西区",
                "撮影場所": "神戸市西区井吹台 西神南",
                "時系列データ": [
                    {
                        "調査時期": "2025_W",
                        "観測回数": 1,
                        "夜空の明るさ_平均": 18.13,
                        "ばらつき_平均": 0.16
                    }
                ]
            }
        },
        {
            "type": "Feature",
            "geometry": {
                "type": "Point",
                "coordinates": [
                    135.0147222,
                    34.56861111
                ]
            },
            "properties": {
                "都道府県": "兵庫県",
                "市区町村": "淡路市",
                "撮影場所": "淡路市久留麻 淡路",
                "時系列データ": [
                    {
                        "調査時期": "2025_W",
                        "観測回数": 1,
                        "夜空の明るさ_平均": 18.39,
                        "ばらつき_平均": 0.19
                    }
                ]
            }
        },
        {
            "type": "Feature",
            "geometry": {
                "type": "Point",
                "coordinates": [
                    135.0327778,
                    34.69805556
                ]
            },
            "properties": {
                "都道府県": "兵庫県",
                "市区町村": "神戸市　西区",
                "撮影場所": "神戸市西区井吹台 西神南",
                "時系列データ": [
                    {
                        "調査時期": "2025_W",
                        "観測回数": 1,
                        "夜空の明るさ_平均": 18.88,
                        "ばらつき_平均": 0.13
                    }
                ]
            }
        },
        {
            "type": "Feature",
            "geometry": {
                "type": "Point",
                "coordinates": [
                    135.0025,
                    34.54972222
                ]
            },
            "properties": {
                "都道府県": "兵庫県",
                "市区町村": "淡路市",
                "撮影場所": "淡路市久留麻 淡路",
                "時系列データ": [
                    {
                        "調査時期": "2025_W",
                        "観測回数": 1,
                        "夜空の明るさ_平均": 18.89,
                        "ばらつき_平均": 0.07
                    }
                ]
            }
        },
        {
            "type": "Feature",
            "geometry": {
                "type": "Point",
                "coordinates": [
                    135.1836111,
                    34.24527778
                ]
            },
            "properties": {
                "都道府県": "和歌山県",
                "市区町村": "和歌山市",
                "撮影場所": "和歌山県和歌山市中之島",
                "時系列データ": [
                    {
                        "調査時期": "2025_W",
                        "観測回数": 1,
                        "夜空の明るさ_平均": 18.36,
                        "ばらつき_平均": 0.15
                    }
                ]
            }
        },
        {
            "type": "Feature",
            "geometry": {
                "type": "Point",
                "coordinates": [
                    134.4086111,
                    33.95305556
                ]
            },
            "properties": {
                "都道府県": "徳島県",
                "市区町村": "上勝町",
                "撮影場所": "徳島県名東郡佐那河内村上字大川原",
                "時系列データ": [
                    {
                        "調査時期": "2025_W",
                        "観測回数": 1,
                        "夜空の明るさ_平均": 20.85,
                        "ばらつき_平均": 0.1
                    }
                ]
            }
        },
        {
            "type": "Feature",
            "geometry": {
                "type": "Point",
                "coordinates": [
                    132.9405556,
                    33.67666667
                ]
            },
            "properties": {
                "都道府県": "愛媛県",
                "市区町村": "久万高原町",
                "撮影場所": "久万高原天体観測館",
                "時系列データ": [
                    {
                        "調査時期": "2025_W",
                        "観測回数": 1,
                        "夜空の明るさ_平均": 21.07,
                        "ばらつき_平均": 0.11
                    }
                ]
            }
        },
        {
            "type": "Feature",
            "geometry": {
                "type": "Point",
                "coordinates": [
                    131.0983333,
                    32.7375
                ]
            },
            "properties": {
                "都道府県": "熊本県",
                "市区町村": "山都町",
                "撮影場所": "清和高原天文台",
                "時系列データ": [
                    {
                        "調査時期": "2025_W",
                        "観測回数": 1,
                        "夜空の明るさ_平均": 21.61,
                        "ばらつき_平均": 0.1
                    }
                ]
            }
        },
        {
            "type": "Feature",
            "geometry": {
                "type": "Point",
                "coordinates": [
                    131.2508333,
                    33.05083333
                ]
            },
            "properties": {
                "都道府県": "大分県",
                "市区町村": "竹田市",
                "撮影場所": "くじゅう花公園周辺",
                "時系列データ": [
                    {
                        "調査時期": "2025_W",
                        "観測回数": 1,
                        "夜空の明るさ_平均": 21.44,
                        "ばらつき_平均": 0.07
                    }
                ]
            }
        },
        {
            "type": "Feature",
            "geometry": {
                "type": "Point",
                "coordinates": [
                    131.2497222,
                    33.05
                ]
            },
            "properties": {
                "都道府県": "大分県",
                "市区町村": "竹田市",
                "撮影場所": "くじゅう花公園周辺",
                "時系列データ": [
                    {
                        "調査時期": "2025_W",
                        "観測回数": 1,
                        "夜空の明るさ_平均": 21.31,
                        "ばらつき_平均": 0.07
                    }
                ]
            }
        },
        {
            "type": "Feature",
            "geometry": {
                "type": "Point",
                "coordinates": [
                    135.641,
                    35.406
                ]
            },
            "properties": {
                "都道府県": "福井県",
                "市区町村": "おおい町",
                "撮影場所": "大飯郡おおい町名田庄中",
                "時系列データ": [
                    {
                        "調査時期": "2026_W",
                        "観測回数": 1,
                        "夜空の明るさ_平均": 20.78,
                        "ばらつき_平均": 0.14
                    }
                ]
            }
        },
        {
            "type": "Feature",
            "geometry": {
                "type": "Point",
                "coordinates": [
                    138.017,
                    36.063
                ]
            },
            "properties": {
                "都道府県": "長野県",
                "市区町村": "岡谷市",
                "撮影場所": "塩嶺王城パーク駐車場",
                "時系列データ": [
                    {
                        "調査時期": "2026_W",
                        "観測回数": 1,
                        "夜空の明るさ_平均": 19.86,
                        "ばらつき_平均": 0.06
                    }
                ]
            }
        },
        {
            "type": "Feature",
            "geometry": {
                "type": "Point",
                "coordinates": [
                    137.909,
                    35.721
                ]
            },
            "properties": {
                "都道府県": "長野県",
                "市区町村": "駒ヶ根市",
                "撮影場所": "日本電産長野技術研究開発センター周辺",
                "時系列データ": [
                    {
                        "調査時期": "2026_W",
                        "観測回数": 1,
                        "夜空の明るさ_平均": 19.96,
                        "ばらつき_平均": 0.17
                    }
                ]
            }
        },
        {
            "type": "Feature",
            "geometry": {
                "type": "Point",
                "coordinates": [
                    137.926,
                    35.711
                ]
            },
            "properties": {
                "都道府県": "長野県",
                "市区町村": "駒ヶ根市",
                "撮影場所": "長野県駒ヶ根工業高等学校周辺",
                "時系列データ": [
                    {
                        "調査時期": "2026_W",
                        "観測回数": 2,
                        "夜空の明るさ_平均": 20.04,
                        "ばらつき_平均": 0.11
                    }
                ]
            }
        },
        {
            "type": "Feature",
            "geometry": {
                "type": "Point",
                "coordinates": [
                    137.892,
                    35.741
                ]
            },
            "properties": {
                "都道府県": "長野県",
                "市区町村": "駒ヶ根市",
                "撮影場所": "長野県駒ヶ根市赤穂駒ヶ池駐車場",
                "時系列データ": [
                    {
                        "調査時期": "2026_W",
                        "観測回数": 1,
                        "夜空の明るさ_平均": 19.97,
                        "ばらつき_平均": 0.13
                    }
                ]
            }
        },
        {
            "type": "Feature",
            "geometry": {
                "type": "Point",
                "coordinates": [
                    137.851,
                    36.503
                ]
            },
            "properties": {
                "都道府県": "長野県",
                "市区町村": "大町市",
                "撮影場所": "大町市大町 大町市役所",
                "時系列データ": [
                    {
                        "調査時期": "2026_W",
                        "観測回数": 1,
                        "夜空の明るさ_平均": 19.8,
                        "ばらつき_平均": 0.11
                    }
                ]
            }
        },
        {
            "type": "Feature",
            "geometry": {
                "type": "Point",
                "coordinates": [
                    137.944,
                    36.104
                ]
            },
            "properties": {
                "都道府県": "長野県",
                "市区町村": "塩尻市",
                "撮影場所": "堅石公民館",
                "時系列データ": [
                    {
                        "調査時期": "2026_W",
                        "観測回数": 1,
                        "夜空の明るさ_平均": 19.49,
                        "ばらつき_平均": 0.07
                    }
                ]
            }
        },
        {
            "type": "Feature",
            "geometry": {
                "type": "Point",
                "coordinates": [
                    137.603,
                    35.207
                ]
            },
            "properties": {
                "都道府県": "長野県",
                "市区町村": "根羽村",
                "撮影場所": "道の駅つぐ高原グリーンパーク",
                "時系列データ": [
                    {
                        "調査時期": "2026_W",
                        "観測回数": 1,
                        "夜空の明るさ_平均": 20.49,
                        "ばらつき_平均": 0.08
                    }
                ]
            }
        },
        {
            "type": "Feature",
            "geometry": {
                "type": "Point",
                "coordinates": [
                    137.55,
                    35.59
                ]
            },
            "properties": {
                "都道府県": "長野県",
                "市区町村": "南木曽町",
                "撮影場所": "田立小学校",
                "時系列データ": [
                    {
                        "調査時期": "2026_W",
                        "観測回数": 1,
                        "夜空の明るさ_平均": 20.66,
                        "ばらつき_平均": 0.09
                    }
                ]
            }
        },
        {
            "type": "Feature",
            "geometry": {
                "type": "Point",
                "coordinates": [
                    137.573,
                    35.093
                ]
            },
            "properties": {
                "都道府県": "愛知県",
                "市区町村": "設楽町",
                "撮影場所": "奥三河総合センター",
                "時系列データ": [
                    {
                        "調査時期": "2026_W",
                        "観測回数": 1,
                        "夜空の明るさ_平均": 20.17,
                        "ばらつき_平均": 0.07
                    }
                ]
            }
        },
        {
            "type": "Feature",
            "geometry": {
                "type": "Point",
                "coordinates": [
                    134.207,
                    35.358
                ]
            },
            "properties": {
                "都道府県": "鳥取県",
                "市区町村": "鳥取市",
                "撮影場所": "鳥取県鳥取市用瀬町鷹狩",
                "時系列データ": [
                    {
                        "調査時期": "2026_W",
                        "観測回数": 1,
                        "夜空の明るさ_平均": 20.56,
                        "ばらつき_平均": 0.09
                    }
                ]
            }
        },
        {
            "type": "Feature",
            "geometry": {
                "type": "Point",
                "coordinates": [
                    132.738,
                    34.448
                ]
            },
            "properties": {
                "都道府県": "広島県",
                "市区町村": "東広島市",
                "撮影場所": "憩いの森公園",
                "時系列データ": [
                    {
                        "調査時期": "2026_W",
                        "観測回数": 1,
                        "夜空の明るさ_平均": 18.76,
                        "ばらつき_平均": 0.19
                    }
                ]
            }
        },
        {
            "type": "Feature",
            "geometry": {
                "type": "Point",
                "coordinates": [
                    129.337,
                    28.168
                ]
            },
            "properties": {
                "都道府県": "鹿児島県",
                "市区町村": "瀬戸内町",
                "撮影場所": "鹿児島県大島郡瀬戸内町阿木名",
                "時系列データ": [
                    {
                        "調査時期": "2026_W",
                        "観測回数": 1,
                        "夜空の明るさ_平均": 21.54,
                        "ばらつき_平均": 0.08
                    }
                ]
            }
        }
    ]
}