{
    "type": "FeatureCollection",
    "features": [
        {
            "type": "Feature",
            "geometry": {
                "type": "Point",
                "coordinates": [
                    142.48277778,
                    44.37388889
                ]
            },
            "properties": {
                "調査時期": "2022_S",
                "都道府県": "北海道",
                "市区町村": "名寄市",
                "撮影場所": "なよろ市立天文台",
                "撮影日時": "2022-08-21T21:40:00+09:00",
                "緯度": "44.37388889",
                "経度": "142.48277778",
                "夜空の明るさ": "21.22",
                "ばらつき": "0.07",
                "周辺状況": "住宅地域",
                "備考": "",
                "継続観察登録地点": "○"
            }
        },
        {
            "type": "Feature",
            "geometry": {
                "type": "Point",
                "coordinates": [
                    142.48277778,
                    44.37416667
                ]
            },
            "properties": {
                "調査時期": "2022_S",
                "都道府県": "北海道",
                "市区町村": "名寄市",
                "撮影場所": "なよろ市立天文台",
                "撮影日時": "2022-08-24T21:40:00+09:00",
                "緯度": "44.37416667",
                "経度": "142.48277778",
                "夜空の明るさ": "21.49",
                "ばらつき": "0.14",
                "周辺状況": "住宅地域",
                "備考": "",
                "継続観察登録地点": "○"
            }
        },
        {
            "type": "Feature",
            "geometry": {
                "type": "Point",
                "coordinates": [
                    142.48277778,
                    44.37388889
                ]
            },
            "properties": {
                "調査時期": "2022_S",
                "都道府県": "北海道",
                "市区町村": "名寄市",
                "撮影場所": "なよろ市立天文台",
                "撮影日時": "2022-08-26T20:37:00+09:00",
                "緯度": "44.37388889",
                "経度": "142.48277778",
                "夜空の明るさ": "21.04",
                "ばらつき": "0.08",
                "周辺状況": "住宅地域",
                "備考": "",
                "継続観察登録地点": "○"
            }
        },
        {
            "type": "Feature",
            "geometry": {
                "type": "Point",
                "coordinates": [
                    142.48277778,
                    44.37388889
                ]
            },
            "properties": {
                "調査時期": "2022_S",
                "都道府県": "北海道",
                "市区町村": "名寄市",
                "撮影場所": "なよろ市立天文台",
                "撮影日時": "2022-08-21T21:52:00+09:00",
                "緯度": "44.37388889",
                "経度": "142.48277778",
                "夜空の明るさ": "21.13",
                "ばらつき": "0.08",
                "周辺状況": "住宅地域",
                "備考": "",
                "継続観察登録地点": "○"
            }
        },
        {
            "type": "Feature",
            "geometry": {
                "type": "Point",
                "coordinates": [
                    141.10361111,
                    42.46027778
                ]
            },
            "properties": {
                "調査時期": "2022_S",
                "都道府県": "北海道",
                "市区町村": "登別市",
                "撮影場所": "",
                "撮影日時": "2022-08-28T20:55:00+09:00",
                "緯度": "42.46027778",
                "経度": "141.10361111",
                "夜空の明るさ": "21.16",
                "ばらつき": "0.09",
                "周辺状況": "",
                "備考": "",
                "継続観察登録地点": ""
            }
        },
        {
            "type": "Feature",
            "geometry": {
                "type": "Point",
                "coordinates": [
                    141.02527778,
                    42.62416667
                ]
            },
            "properties": {
                "調査時期": "2022_S",
                "都道府県": "北海道",
                "市区町村": "伊達市",
                "撮影場所": "北湯沢温泉",
                "撮影日時": "2022-08-21T21:54:00+09:00",
                "緯度": "42.62416667",
                "経度": "141.02527778",
                "夜空の明るさ": "21.09",
                "ばらつき": "0.00",
                "周辺状況": "森林山間地",
                "備考": "",
                "継続観察登録地点": "○"
            }
        },
        {
            "type": "Feature",
            "geometry": {
                "type": "Point",
                "coordinates": [
                    141.02527778,
                    42.62388889
                ]
            },
            "properties": {
                "調査時期": "2022_S",
                "都道府県": "北海道",
                "市区町村": "伊達市",
                "撮影場所": "北湯沢温泉",
                "撮影日時": "2022-08-24T21:32:00+09:00",
                "緯度": "42.62388889",
                "経度": "141.02527778",
                "夜空の明るさ": "21.03",
                "ばらつき": "0.14",
                "周辺状況": "森林山間地",
                "備考": "",
                "継続観察登録地点": "○"
            }
        },
        {
            "type": "Feature",
            "geometry": {
                "type": "Point",
                "coordinates": [
                    141.02527778,
                    42.62388889
                ]
            },
            "properties": {
                "調査時期": "2022_S",
                "都道府県": "北海道",
                "市区町村": "伊達市",
                "撮影場所": "北湯沢温泉",
                "撮影日時": "2022-08-26T20:50:00+09:00",
                "緯度": "42.62388889",
                "経度": "141.02527778",
                "夜空の明るさ": "21.02",
                "ばらつき": "0.13",
                "周辺状況": "森林山間地",
                "備考": "",
                "継続観察登録地点": "○"
            }
        },
        {
            "type": "Feature",
            "geometry": {
                "type": "Point",
                "coordinates": [
                    141.06055556,
                    42.635
                ]
            },
            "properties": {
                "調査時期": "2022_S",
                "都道府県": "北海道",
                "市区町村": "伊達市",
                "撮影場所": "",
                "撮影日時": "2022-08-28T21:51:00+09:00",
                "緯度": "42.63500000",
                "経度": "141.06055556",
                "夜空の明るさ": "21.58",
                "ばらつき": "0.14",
                "周辺状況": "",
                "備考": "",
                "継続観察登録地点": ""
            }
        },
        {
            "type": "Feature",
            "geometry": {
                "type": "Point",
                "coordinates": [
                    140.90888889,
                    42.57138889
                ]
            },
            "properties": {
                "調査時期": "2022_S",
                "都道府県": "北海道",
                "市区町村": "壮瞥町",
                "撮影場所": "壮瞥町森と木の里センター周辺",
                "撮影日時": "2022-08-24T20:53:00+09:00",
                "緯度": "42.57138889",
                "経度": "140.90888889",
                "夜空の明るさ": "21.08",
                "ばらつき": "0.02",
                "周辺状況": "森林山間地",
                "備考": "",
                "継続観察登録地点": "○"
            }
        },
        {
            "type": "Feature",
            "geometry": {
                "type": "Point",
                "coordinates": [
                    143.76611111,
                    43.45638889
                ]
            },
            "properties": {
                "調査時期": "2022_S",
                "都道府県": "北海道",
                "市区町村": "陸別町",
                "撮影場所": "りくべつ宇宙地球科学館（銀河の森天文台）",
                "撮影日時": "2022-08-20T21:46:00+09:00",
                "緯度": "43.45638889",
                "経度": "143.76611111",
                "夜空の明るさ": "21.73",
                "ばらつき": "0.19",
                "周辺状況": "森林山間地",
                "備考": "",
                "継続観察登録地点": "○"
            }
        },
        {
            "type": "Feature",
            "geometry": {
                "type": "Point",
                "coordinates": [
                    143.76611111,
                    43.45638889
                ]
            },
            "properties": {
                "調査時期": "2022_S",
                "都道府県": "北海道",
                "市区町村": "陸別町",
                "撮影場所": "りくべつ宇宙地球科学館（銀河の森天文台）",
                "撮影日時": "2022-08-21T20:19:00+09:00",
                "緯度": "43.45638889",
                "経度": "143.76611111",
                "夜空の明るさ": "",
                "ばらつき": "",
                "周辺状況": "森林山間地",
                "備考": "測定不可（設定エラー）",
                "継続観察登録地点": "○"
            }
        },
        {
            "type": "Feature",
            "geometry": {
                "type": "Point",
                "coordinates": [
                    143.76611111,
                    43.45611111
                ]
            },
            "properties": {
                "調査時期": "2022_S",
                "都道府県": "北海道",
                "市区町村": "陸別町",
                "撮影場所": "りくべつ宇宙地球科学館（銀河の森天文台）",
                "撮影日時": "2022-08-21T21:45:00+09:00",
                "緯度": "43.45611111",
                "経度": "143.76611111",
                "夜空の明るさ": "21.81",
                "ばらつき": "0.12",
                "周辺状況": "森林山間地",
                "備考": "",
                "継続観察登録地点": "○"
            }
        },
        {
            "type": "Feature",
            "geometry": {
                "type": "Point",
                "coordinates": [
                    143.76611111,
                    43.45638889
                ]
            },
            "properties": {
                "調査時期": "2022_S",
                "都道府県": "北海道",
                "市区町村": "陸別町",
                "撮影場所": "りくべつ宇宙地球科学館（銀河の森天文台）",
                "撮影日時": "2022-08-24T20:40:00+09:00",
                "緯度": "43.45638889",
                "経度": "143.76611111",
                "夜空の明るさ": "21.92",
                "ばらつき": "0.14",
                "周辺状況": "森林山間地",
                "備考": "",
                "継続観察登録地点": "○"
            }
        },
        {
            "type": "Feature",
            "geometry": {
                "type": "Point",
                "coordinates": [
                    143.76611111,
                    43.45638889
                ]
            },
            "properties": {
                "調査時期": "2022_S",
                "都道府県": "北海道",
                "市区町村": "陸別町",
                "撮影場所": "りくべつ宇宙地球科学館（銀河の森天文台）",
                "撮影日時": "2022-08-24T21:38:00+09:00",
                "緯度": "43.45638889",
                "経度": "143.76611111",
                "夜空の明るさ": "21.86",
                "ばらつき": "0.08",
                "周辺状況": "森林山間地",
                "備考": "",
                "継続観察登録地点": "○"
            }
        },
        {
            "type": "Feature",
            "geometry": {
                "type": "Point",
                "coordinates": [
                    143.76611111,
                    43.45638889
                ]
            },
            "properties": {
                "調査時期": "2022_S",
                "都道府県": "北海道",
                "市区町村": "陸別町",
                "撮影場所": "りくべつ宇宙地球科学館（銀河の森天文台）",
                "撮影日時": "2022-08-28T21:42:00+09:00",
                "緯度": "43.45638889",
                "経度": "143.76611111",
                "夜空の明るさ": "21.82",
                "ばらつき": "0.06",
                "周辺状況": "森林山間地",
                "備考": "",
                "継続観察登録地点": "○"
            }
        },
        {
            "type": "Feature",
            "geometry": {
                "type": "Point",
                "coordinates": [
                    144.40222222,
                    43.52416667
                ]
            },
            "properties": {
                "調査時期": "2022_S",
                "都道府県": "北海道",
                "市区町村": "弟子屈町",
                "撮影場所": "北海道川上郡弟子屈町",
                "撮影日時": "2022-08-24T20:23:00+09:00",
                "緯度": "43.52416667",
                "経度": "144.40222222",
                "夜空の明るさ": "21.64",
                "ばらつき": "0.06",
                "周辺状況": "農業地域",
                "備考": "",
                "継続観察登録地点": "○"
            }
        },
        {
            "type": "Feature",
            "geometry": {
                "type": "Point",
                "coordinates": [
                    141.49888889,
                    40.37944444
                ]
            },
            "properties": {
                "調査時期": "2022_S",
                "都道府県": "青森県",
                "市区町村": "八戸市",
                "撮影場所": "",
                "撮影日時": "2022-08-21T20:03:00+09:00",
                "緯度": "40.37944444",
                "経度": "141.49888889",
                "夜空の明るさ": "21.02",
                "ばらつき": "0.10",
                "周辺状況": "",
                "備考": "",
                "継続観察登録地点": ""
            }
        },
        {
            "type": "Feature",
            "geometry": {
                "type": "Point",
                "coordinates": [
                    141.53305556,
                    40.49444444
                ]
            },
            "properties": {
                "調査時期": "2022_S",
                "都道府県": "青森県",
                "市区町村": "八戸市",
                "撮影場所": "",
                "撮影日時": "2022-08-21T21:26:00+09:00",
                "緯度": "40.49444444",
                "経度": "141.53305556",
                "夜空の明るさ": "19.43",
                "ばらつき": "0.06",
                "周辺状況": "",
                "備考": "",
                "継続観察登録地点": ""
            }
        },
        {
            "type": "Feature",
            "geometry": {
                "type": "Point",
                "coordinates": [
                    141.54027778,
                    40.50527778
                ]
            },
            "properties": {
                "調査時期": "2022_S",
                "都道府県": "青森県",
                "市区町村": "八戸市",
                "撮影場所": "八戸市 湊高台二丁目",
                "撮影日時": "2022-08-24T21:35:00+09:00",
                "緯度": "40.50527778",
                "経度": "141.54027778",
                "夜空の明るさ": "19.30",
                "ばらつき": "0.05",
                "周辺状況": "住宅地域",
                "備考": "",
                "継続観察登録地点": "○"
            }
        },
        {
            "type": "Feature",
            "geometry": {
                "type": "Point",
                "coordinates": [
                    141.79,
                    40.18611111
                ]
            },
            "properties": {
                "調査時期": "2022_S",
                "都道府県": "岩手県",
                "市区町村": "久慈市",
                "撮影場所": "久慈市長内町",
                "撮影日時": "2022-08-22T20:45:00+09:00",
                "緯度": "40.18611111",
                "経度": "141.79000000",
                "夜空の明るさ": "20.31",
                "ばらつき": "0.02",
                "周辺状況": "住宅地域",
                "備考": "",
                "継続観察登録地点": "○"
            }
        },
        {
            "type": "Feature",
            "geometry": {
                "type": "Point",
                "coordinates": [
                    141.68916667,
                    39.01166667
                ]
            },
            "properties": {
                "調査時期": "2022_S",
                "都道府県": "岩手県",
                "市区町村": "陸前高田市",
                "撮影場所": "",
                "撮影日時": "2022-08-19T21:43:00+09:00",
                "緯度": "39.01166667",
                "経度": "141.68916667",
                "夜空の明るさ": "18.17",
                "ばらつき": "0.17",
                "周辺状況": "",
                "備考": "参考値（薄雲）",
                "継続観察登録地点": ""
            }
        },
        {
            "type": "Feature",
            "geometry": {
                "type": "Point",
                "coordinates": [
                    141.68916667,
                    39.01166667
                ]
            },
            "properties": {
                "調査時期": "2022_S",
                "都道府県": "岩手県",
                "市区町村": "陸前高田市",
                "撮影場所": "",
                "撮影日時": "2022-08-19T21:15:00+09:00",
                "緯度": "39.01166667",
                "経度": "141.68916667",
                "夜空の明るさ": "0.00",
                "ばらつき": "0.00",
                "周辺状況": "",
                "備考": "測定不可（設定エラー）",
                "継続観察登録地点": ""
            }
        },
        {
            "type": "Feature",
            "geometry": {
                "type": "Point",
                "coordinates": [
                    141.68916667,
                    39.01166667
                ]
            },
            "properties": {
                "調査時期": "2022_S",
                "都道府県": "岩手県",
                "市区町村": "陸前高田市",
                "撮影場所": "",
                "撮影日時": "2022-08-21T20:22:00+09:00",
                "緯度": "39.01166667",
                "経度": "141.68916667",
                "夜空の明るさ": "20.86",
                "ばらつき": "0.06",
                "周辺状況": "",
                "備考": "",
                "継続観察登録地点": ""
            }
        },
        {
            "type": "Feature",
            "geometry": {
                "type": "Point",
                "coordinates": [
                    141.12027778,
                    40.08527778
                ]
            },
            "properties": {
                "調査時期": "2022_S",
                "都道府県": "岩手県",
                "市区町村": "八幡平市",
                "撮影場所": "八幡平市 七時雨エリア",
                "撮影日時": "2022-08-21T20:16:00+09:00",
                "緯度": "40.08527778",
                "経度": "141.12027778",
                "夜空の明るさ": "21.71",
                "ばらつき": "0.04",
                "周辺状況": "森林山間地",
                "備考": "",
                "継続観察登録地点": "○"
            }
        },
        {
            "type": "Feature",
            "geometry": {
                "type": "Point",
                "coordinates": [
                    141.12944444,
                    40.08777778
                ]
            },
            "properties": {
                "調査時期": "2022_S",
                "都道府県": "岩手県",
                "市区町村": "八幡平市",
                "撮影場所": "八幡平市 七時雨エリア",
                "撮影日時": "2022-08-21T20:16:00+09:00",
                "緯度": "40.08777778",
                "経度": "141.12944444",
                "夜空の明るさ": "21.71",
                "ばらつき": "0.04",
                "周辺状況": "森林山間地",
                "備考": "",
                "継続観察登録地点": "○"
            }
        },
        {
            "type": "Feature",
            "geometry": {
                "type": "Point",
                "coordinates": [
                    141.12944444,
                    40.08777778
                ]
            },
            "properties": {
                "調査時期": "2022_S",
                "都道府県": "岩手県",
                "市区町村": "八幡平市",
                "撮影場所": "八幡平市 七時雨エリア",
                "撮影日時": "2022-08-21T20:16:00+09:00",
                "緯度": "40.08777778",
                "経度": "141.12944444",
                "夜空の明るさ": "21.71",
                "ばらつき": "0.04",
                "周辺状況": "森林山間地",
                "備考": "",
                "継続観察登録地点": "○"
            }
        },
        {
            "type": "Feature",
            "geometry": {
                "type": "Point",
                "coordinates": [
                    141.12944444,
                    40.08777778
                ]
            },
            "properties": {
                "調査時期": "2022_S",
                "都道府県": "岩手県",
                "市区町村": "八幡平市",
                "撮影場所": "八幡平市 七時雨エリア",
                "撮影日時": "2022-08-21T20:13:00+09:00",
                "緯度": "40.08777778",
                "経度": "141.12944444",
                "夜空の明るさ": "21.59",
                "ばらつき": "0.15",
                "周辺状況": "森林山間地",
                "備考": "",
                "継続観察登録地点": "○"
            }
        },
        {
            "type": "Feature",
            "geometry": {
                "type": "Point",
                "coordinates": [
                    141.12944444,
                    40.0875
                ]
            },
            "properties": {
                "調査時期": "2022_S",
                "都道府県": "岩手県",
                "市区町村": "八幡平市",
                "撮影場所": "八幡平市 七時雨エリア",
                "撮影日時": "2022-08-21T20:13:00+09:00",
                "緯度": "40.08750000",
                "経度": "141.12944444",
                "夜空の明るさ": "21.59",
                "ばらつき": "0.15",
                "周辺状況": "森林山間地",
                "備考": "",
                "継続観察登録地点": "○"
            }
        },
        {
            "type": "Feature",
            "geometry": {
                "type": "Point",
                "coordinates": [
                    141.12972222,
                    40.08666667
                ]
            },
            "properties": {
                "調査時期": "2022_S",
                "都道府県": "岩手県",
                "市区町村": "八幡平市",
                "撮影場所": "八幡平市 七時雨エリア",
                "撮影日時": "2022-08-21T20:13:00+09:00",
                "緯度": "40.08666667",
                "経度": "141.12972222",
                "夜空の明るさ": "21.59",
                "ばらつき": "0.15",
                "周辺状況": "森林山間地",
                "備考": "",
                "継続観察登録地点": "○"
            }
        },
        {
            "type": "Feature",
            "geometry": {
                "type": "Point",
                "coordinates": [
                    141.12972222,
                    40.08666667
                ]
            },
            "properties": {
                "調査時期": "2022_S",
                "都道府県": "岩手県",
                "市区町村": "八幡平市",
                "撮影場所": "八幡平市 七時雨エリア",
                "撮影日時": "2022-08-21T20:12:00+09:00",
                "緯度": "40.08666667",
                "経度": "141.12972222",
                "夜空の明るさ": "21.52",
                "ばらつき": "0.16",
                "周辺状況": "森林山間地",
                "備考": "",
                "継続観察登録地点": "○"
            }
        },
        {
            "type": "Feature",
            "geometry": {
                "type": "Point",
                "coordinates": [
                    141.12916667,
                    40.08694444
                ]
            },
            "properties": {
                "調査時期": "2022_S",
                "都道府県": "岩手県",
                "市区町村": "八幡平市",
                "撮影場所": "八幡平市 七時雨エリア",
                "撮影日時": "2022-08-21T20:12:00+09:00",
                "緯度": "40.08694444",
                "経度": "141.12916667",
                "夜空の明るさ": "21.52",
                "ばらつき": "0.16",
                "周辺状況": "森林山間地",
                "備考": "",
                "継続観察登録地点": "○"
            }
        },
        {
            "type": "Feature",
            "geometry": {
                "type": "Point",
                "coordinates": [
                    141.12888889,
                    40.0875
                ]
            },
            "properties": {
                "調査時期": "2022_S",
                "都道府県": "岩手県",
                "市区町村": "八幡平市",
                "撮影場所": "八幡平市 七時雨エリア",
                "撮影日時": "2022-08-21T20:12:00+09:00",
                "緯度": "40.08750000",
                "経度": "141.12888889",
                "夜空の明るさ": "21.52",
                "ばらつき": "0.16",
                "周辺状況": "森林山間地",
                "備考": "",
                "継続観察登録地点": "○"
            }
        },
        {
            "type": "Feature",
            "geometry": {
                "type": "Point",
                "coordinates": [
                    140.89805556,
                    38.26555556
                ]
            },
            "properties": {
                "調査時期": "2022_S",
                "都道府県": "宮城県",
                "市区町村": "仙台市　宮城野区",
                "撮影場所": "",
                "撮影日時": "2022-08-28T20:29:00+09:00",
                "緯度": "38.26555556",
                "経度": "140.89805556",
                "夜空の明るさ": "18.21",
                "ばらつき": "0.07",
                "周辺状況": "",
                "備考": "",
                "継続観察登録地点": ""
            }
        },
        {
            "type": "Feature",
            "geometry": {
                "type": "Point",
                "coordinates": [
                    140.93916667,
                    38.25277778
                ]
            },
            "properties": {
                "調査時期": "2022_S",
                "都道府県": "宮城県",
                "市区町村": "仙台市　若林区",
                "撮影場所": "",
                "撮影日時": "2022-08-28T20:48:00+09:00",
                "緯度": "38.25277778",
                "経度": "140.93916667",
                "夜空の明るさ": "18.22",
                "ばらつき": "0.12",
                "周辺状況": "",
                "備考": "",
                "継続観察登録地点": ""
            }
        },
        {
            "type": "Feature",
            "geometry": {
                "type": "Point",
                "coordinates": [
                    140.99861111,
                    38.24666667
                ]
            },
            "properties": {
                "調査時期": "2022_S",
                "都道府県": "宮城県",
                "市区町村": "仙台市　宮城野区",
                "撮影場所": "",
                "撮影日時": "2022-08-28T21:04:00+09:00",
                "緯度": "38.24666667",
                "経度": "140.99861111",
                "夜空の明るさ": "19.21",
                "ばらつき": "0.20",
                "周辺状況": "",
                "備考": "",
                "継続観察登録地点": ""
            }
        },
        {
            "type": "Feature",
            "geometry": {
                "type": "Point",
                "coordinates": [
                    140.96583333,
                    38.20138889
                ]
            },
            "properties": {
                "調査時期": "2022_S",
                "都道府県": "宮城県",
                "市区町村": "仙台市　若林区",
                "撮影場所": "",
                "撮影日時": "2022-08-28T21:20:00+09:00",
                "緯度": "38.20138889",
                "経度": "140.96583333",
                "夜空の明るさ": "19.65",
                "ばらつき": "0.16",
                "周辺状況": "",
                "備考": "",
                "継続観察登録地点": ""
            }
        },
        {
            "type": "Feature",
            "geometry": {
                "type": "Point",
                "coordinates": [
                    140.75527778,
                    38.25666667
                ]
            },
            "properties": {
                "調査時期": "2022_S",
                "都道府県": "宮城県",
                "市区町村": "仙台市　青葉区",
                "撮影場所": "",
                "撮影日時": "2022-08-28T21:01:00+09:00",
                "緯度": "38.25666667",
                "経度": "140.75527778",
                "夜空の明るさ": "19.71",
                "ばらつき": "0.10",
                "周辺状況": "",
                "備考": "",
                "継続観察登録地点": ""
            }
        },
        {
            "type": "Feature",
            "geometry": {
                "type": "Point",
                "coordinates": [
                    140.75583333,
                    38.07555556
                ]
            },
            "properties": {
                "調査時期": "2022_S",
                "都道府県": "宮城県",
                "市区町村": "柴田町",
                "撮影場所": "柴田郡柴田町本船迫",
                "撮影日時": "2022-08-18T20:12:00+09:00",
                "緯度": "38.07555556",
                "経度": "140.75583333",
                "夜空の明るさ": "19.69",
                "ばらつき": "0.03",
                "周辺状況": "自然公園等",
                "備考": "",
                "継続観察登録地点": "○"
            }
        },
        {
            "type": "Feature",
            "geometry": {
                "type": "Point",
                "coordinates": [
                    140.05138889,
                    38.30805556
                ]
            },
            "properties": {
                "調査時期": "2022_S",
                "都道府県": "山形県",
                "市区町村": "朝日町",
                "撮影場所": "山形県朝日町　Asahi自然観",
                "撮影日時": "2022-08-19T20:25:00+09:00",
                "緯度": "38.30805556",
                "経度": "140.05138889",
                "夜空の明るさ": "20.72",
                "ばらつき": "0.00",
                "周辺状況": "その他",
                "備考": "",
                "継続観察登録地点": "○"
            }
        },
        {
            "type": "Feature",
            "geometry": {
                "type": "Point",
                "coordinates": [
                    140.05138889,
                    38.30805556
                ]
            },
            "properties": {
                "調査時期": "2022_S",
                "都道府県": "山形県",
                "市区町村": "朝日町",
                "撮影場所": "山形県朝日町　Asahi自然観",
                "撮影日時": "2022-08-19T20:30:00+09:00",
                "緯度": "38.30805556",
                "経度": "140.05138889",
                "夜空の明るさ": "20.99",
                "ばらつき": "0.00",
                "周辺状況": "その他",
                "備考": "",
                "継続観察登録地点": "○"
            }
        },
        {
            "type": "Feature",
            "geometry": {
                "type": "Point",
                "coordinates": [
                    140.05138889,
                    38.30805556
                ]
            },
            "properties": {
                "調査時期": "2022_S",
                "都道府県": "山形県",
                "市区町村": "朝日町",
                "撮影場所": "山形県朝日町　Asahi自然観",
                "撮影日時": "2022-08-21T20:18:00+09:00",
                "緯度": "38.30805556",
                "経度": "140.05138889",
                "夜空の明るさ": "21.20",
                "ばらつき": "0.11",
                "周辺状況": "その他",
                "備考": "",
                "継続観察登録地点": "○"
            }
        },
        {
            "type": "Feature",
            "geometry": {
                "type": "Point",
                "coordinates": [
                    140.05138889,
                    38.30805556
                ]
            },
            "properties": {
                "調査時期": "2022_S",
                "都道府県": "山形県",
                "市区町村": "朝日町",
                "撮影場所": "山形県朝日町　Asahi自然観",
                "撮影日時": "2022-08-21T20:24:00+09:00",
                "緯度": "38.30805556",
                "経度": "140.05138889",
                "夜空の明るさ": "20.61",
                "ばらつき": "0.12",
                "周辺状況": "その他",
                "備考": "",
                "継続観察登録地点": "○"
            }
        },
        {
            "type": "Feature",
            "geometry": {
                "type": "Point",
                "coordinates": [
                    140.92416667,
                    37.0075
                ]
            },
            "properties": {
                "調査時期": "2022_S",
                "都道府県": "福島県",
                "市区町村": "いわき市",
                "撮影場所": "いわき市中央台鹿島",
                "撮影日時": "2022-08-18T21:54:00+09:00",
                "緯度": "37.00750000",
                "経度": "140.92416667",
                "夜空の明るさ": "19.65",
                "ばらつき": "0.06",
                "周辺状況": "住宅地域",
                "備考": "",
                "継続観察登録地点": "○"
            }
        },
        {
            "type": "Feature",
            "geometry": {
                "type": "Point",
                "coordinates": [
                    140.92416667,
                    37.0075
                ]
            },
            "properties": {
                "調査時期": "2022_S",
                "都道府県": "福島県",
                "市区町村": "いわき市",
                "撮影場所": "いわき市中央台鹿島",
                "撮影日時": "2022-08-19T21:46:00+09:00",
                "緯度": "37.00750000",
                "経度": "140.92416667",
                "夜空の明るさ": "19.17",
                "ばらつき": "0.08",
                "周辺状況": "住宅地域",
                "備考": "",
                "継続観察登録地点": "○"
            }
        },
        {
            "type": "Feature",
            "geometry": {
                "type": "Point",
                "coordinates": [
                    140.22861111,
                    37.04472222
                ]
            },
            "properties": {
                "調査時期": "2022_S",
                "都道府県": "福島県",
                "市区町村": "白河市",
                "撮影場所": "白河関の森公園駐車場",
                "撮影日時": "2022-08-28T19:46:00+09:00",
                "緯度": "37.04472222",
                "経度": "140.22861111",
                "夜空の明るさ": "20.81",
                "ばらつき": "0.10",
                "周辺状況": "農業地域",
                "備考": "",
                "継続観察登録地点": "○"
            }
        },
        {
            "type": "Feature",
            "geometry": {
                "type": "Point",
                "coordinates": [
                    140.67611111,
                    37.34166667
                ]
            },
            "properties": {
                "調査時期": "2022_S",
                "都道府県": "福島県",
                "市区町村": "田村市",
                "撮影場所": "星の村天文台",
                "撮影日時": "2022-08-28T20:38:00+09:00",
                "緯度": "37.34166667",
                "経度": "140.67611111",
                "夜空の明るさ": "21.09",
                "ばらつき": "0.12",
                "周辺状況": "自然公園等",
                "備考": "",
                "継続観察登録地点": "○"
            }
        },
        {
            "type": "Feature",
            "geometry": {
                "type": "Point",
                "coordinates": [
                    140.99305556,
                    37.21555556
                ]
            },
            "properties": {
                "調査時期": "2022_S",
                "都道府県": "福島県",
                "市区町村": "広野町",
                "撮影場所": "双葉郡広野町",
                "撮影日時": "2022-08-19T20:50:00+09:00",
                "緯度": "37.21555556",
                "経度": "140.99305556",
                "夜空の明るさ": "19.85",
                "ばらつき": "0.16",
                "周辺状況": "住宅地域",
                "備考": "",
                "継続観察登録地点": "○"
            }
        },
        {
            "type": "Feature",
            "geometry": {
                "type": "Point",
                "coordinates": [
                    140.95111111,
                    37.19166667
                ]
            },
            "properties": {
                "調査時期": "2022_S",
                "都道府県": "福島県",
                "市区町村": "広野町",
                "撮影場所": "SUZUKI天体観測所",
                "撮影日時": "2022-08-19T20:10:00+09:00",
                "緯度": "37.19166667",
                "経度": "140.95111111",
                "夜空の明るさ": "20.84",
                "ばらつき": "0.11",
                "周辺状況": "森林山間地",
                "備考": "",
                "継続観察登録地点": "○"
            }
        },
        {
            "type": "Feature",
            "geometry": {
                "type": "Point",
                "coordinates": [
                    140.11805556,
                    36.08333333
                ]
            },
            "properties": {
                "調査時期": "2022_S",
                "都道府県": "茨城県",
                "市区町村": "つくば市",
                "撮影場所": "つくば市吾妻",
                "撮影日時": "2022-08-23T21:46:00+09:00",
                "緯度": "36.08333333",
                "経度": "140.11805556",
                "夜空の明るさ": "18.12",
                "ばらつき": "0.09",
                "周辺状況": "住宅地域",
                "備考": "",
                "継続観察登録地点": "○"
            }
        },
        {
            "type": "Feature",
            "geometry": {
                "type": "Point",
                "coordinates": [
                    140.11805556,
                    36.08333333
                ]
            },
            "properties": {
                "調査時期": "2022_S",
                "都道府県": "茨城県",
                "市区町村": "つくば市",
                "撮影場所": "つくば市吾妻",
                "撮影日時": "2022-08-23T21:47:00+09:00",
                "緯度": "36.08333333",
                "経度": "140.11805556",
                "夜空の明るさ": "18.17",
                "ばらつき": "0.08",
                "周辺状況": "住宅地域",
                "備考": "",
                "継続観察登録地点": "○"
            }
        },
        {
            "type": "Feature",
            "geometry": {
                "type": "Point",
                "coordinates": [
                    140.35472222,
                    36.43805556
                ]
            },
            "properties": {
                "調査時期": "2022_S",
                "都道府県": "茨城県",
                "市区町村": "城里町",
                "撮影場所": "",
                "撮影日時": "2022-08-27T21:03:00+09:00",
                "緯度": "36.43805556",
                "経度": "140.35472222",
                "夜空の明るさ": "19.48",
                "ばらつき": "0.05",
                "周辺状況": "",
                "備考": "",
                "継続観察登録地点": ""
            }
        },
        {
            "type": "Feature",
            "geometry": {
                "type": "Point",
                "coordinates": [
                    139.87805556,
                    36.55861111
                ]
            },
            "properties": {
                "調査時期": "2022_S",
                "都道府県": "栃木県",
                "市区町村": "宇都宮市",
                "撮影場所": "",
                "撮影日時": "2022-08-31T21:15:00+09:00",
                "緯度": "36.55861111",
                "経度": "139.87805556",
                "夜空の明るさ": "17.69",
                "ばらつき": "0.21",
                "周辺状況": "",
                "備考": "",
                "継続観察登録地点": ""
            }
        },
        {
            "type": "Feature",
            "geometry": {
                "type": "Point",
                "coordinates": [
                    139.57722222,
                    36.29694444
                ]
            },
            "properties": {
                "調査時期": "2022_S",
                "都道府県": "栃木県",
                "市区町村": "佐野市",
                "撮影場所": "佐野市 赤城神社",
                "撮影日時": "2022-08-18T21:58:00+09:00",
                "緯度": "36.29694444",
                "経度": "139.57722222",
                "夜空の明るさ": "19.20",
                "ばらつき": "0.14",
                "周辺状況": "住宅地域",
                "備考": "",
                "継続観察登録地点": "○"
            }
        },
        {
            "type": "Feature",
            "geometry": {
                "type": "Point",
                "coordinates": [
                    139.60944444,
                    36.35416667
                ]
            },
            "properties": {
                "調査時期": "2022_S",
                "都道府県": "栃木県",
                "市区町村": "佐野市",
                "撮影場所": "佐野市 梅林公園",
                "撮影日時": "2022-08-21T20:46:00+09:00",
                "緯度": "36.35416667",
                "経度": "139.60944444",
                "夜空の明るさ": "19.39",
                "ばらつき": "0.06",
                "周辺状況": "農業地域",
                "備考": "",
                "継続観察登録地点": "○"
            }
        },
        {
            "type": "Feature",
            "geometry": {
                "type": "Point",
                "coordinates": [
                    139.46916667,
                    36.56416667
                ]
            },
            "properties": {
                "調査時期": "2022_S",
                "都道府県": "栃木県",
                "市区町村": "佐野市",
                "撮影場所": "作原自然環境保全地域",
                "撮影日時": "2022-08-18T20:17:00+09:00",
                "緯度": "36.56416667",
                "経度": "139.46916667",
                "夜空の明るさ": "20.78",
                "ばらつき": "0.03",
                "周辺状況": "自然公園等",
                "備考": "",
                "継続観察登録地点": "○"
            }
        },
        {
            "type": "Feature",
            "geometry": {
                "type": "Point",
                "coordinates": [
                    140.05083333,
                    36.80027778
                ]
            },
            "properties": {
                "調査時期": "2022_S",
                "都道府県": "栃木県",
                "市区町村": "大田原市",
                "撮影場所": "",
                "撮影日時": "2022-08-18T21:02:00+09:00",
                "緯度": "36.80027778",
                "経度": "140.05083333",
                "夜空の明るさ": "20.53",
                "ばらつき": "0.16",
                "周辺状況": "",
                "備考": "",
                "継続観察登録地点": ""
            }
        },
        {
            "type": "Feature",
            "geometry": {
                "type": "Point",
                "coordinates": [
                    139.84666667,
                    36.8
                ]
            },
            "properties": {
                "調査時期": "2022_S",
                "都道府県": "栃木県",
                "市区町村": "塩谷町",
                "撮影場所": "星ふる学校「くまの木」",
                "撮影日時": "2022-08-18T20:06:00+09:00",
                "緯度": "36.80000000",
                "経度": "139.84666667",
                "夜空の明るさ": "20.59",
                "ばらつき": "0.07",
                "周辺状況": "農業地域",
                "備考": "",
                "継続観察登録地点": "○"
            }
        },
        {
            "type": "Feature",
            "geometry": {
                "type": "Point",
                "coordinates": [
                    138.95611111,
                    36.62416667
                ]
            },
            "properties": {
                "調査時期": "2022_S",
                "都道府県": "群馬県",
                "市区町村": "高山村",
                "撮影場所": "",
                "撮影日時": "2022-08-18T21:25:00+09:00",
                "緯度": "36.62416667",
                "経度": "138.95611111",
                "夜空の明るさ": "20.93",
                "ばらつき": "0.11",
                "周辺状況": "",
                "備考": "",
                "継続観察登録地点": ""
            }
        },
        {
            "type": "Feature",
            "geometry": {
                "type": "Point",
                "coordinates": [
                    138.97416667,
                    36.59694444
                ]
            },
            "properties": {
                "調査時期": "2022_S",
                "都道府県": "群馬県",
                "市区町村": "高山村",
                "撮影場所": "群馬県吾妻郡高山村ぐんま天文台",
                "撮影日時": "2022-08-18T20:54:00+09:00",
                "緯度": "36.59694444",
                "経度": "138.97416667",
                "夜空の明るさ": "20.61",
                "ばらつき": "0.10",
                "周辺状況": "森林山間地",
                "備考": "",
                "継続観察登録地点": "○"
            }
        },
        {
            "type": "Feature",
            "geometry": {
                "type": "Point",
                "coordinates": [
                    139.09638889,
                    36.30777778
                ]
            },
            "properties": {
                "調査時期": "2022_S",
                "都道府県": "群馬県",
                "市区町村": "玉村町",
                "撮影場所": "群馬県佐波郡玉村町道の駅玉村宿",
                "撮影日時": "2022-08-19T20:09:00+09:00",
                "緯度": "36.30777778",
                "経度": "139.09638889",
                "夜空の明るさ": "17.57",
                "ばらつき": "0.27",
                "周辺状況": "農業地域",
                "備考": "参考値（薄雲）",
                "継続観察登録地点": "○"
            }
        },
        {
            "type": "Feature",
            "geometry": {
                "type": "Point",
                "coordinates": [
                    139.73222222,
                    35.89611111
                ]
            },
            "properties": {
                "調査時期": "2022_S",
                "都道府県": "埼玉県",
                "市区町村": "さいたま市　緑区",
                "撮影場所": "浦和美園４丁目公園",
                "撮影日時": "2022-08-31T21:29:00+09:00",
                "緯度": "35.89611111",
                "経度": "139.73222222",
                "夜空の明るさ": "17.67",
                "ばらつき": "0.22",
                "周辺状況": "住宅地域",
                "備考": "参考値（薄雲）",
                "継続観察登録地点": "○"
            }
        },
        {
            "type": "Feature",
            "geometry": {
                "type": "Point",
                "coordinates": [
                    139.80027778,
                    35.81694444
                ]
            },
            "properties": {
                "調査時期": "2022_S",
                "都道府県": "埼玉県",
                "市区町村": "草加市",
                "撮影場所": "東武スカイツリーライン谷塚駅前",
                "撮影日時": "2022-08-18T20:18:00+09:00",
                "緯度": "35.81694444",
                "経度": "139.80027778",
                "夜空の明るさ": "17.47",
                "ばらつき": "0.15",
                "周辺状況": "商業地域",
                "備考": "",
                "継続観察登録地点": "○"
            }
        },
        {
            "type": "Feature",
            "geometry": {
                "type": "Point",
                "coordinates": [
                    139.80166667,
                    35.86611111
                ]
            },
            "properties": {
                "調査時期": "2022_S",
                "都道府県": "埼玉県",
                "市区町村": "越谷市",
                "撮影場所": "越天蒲生観測所",
                "撮影日時": "2022-08-19T21:05:00+09:00",
                "緯度": "35.86611111",
                "経度": "139.80166667",
                "夜空の明るさ": "17.45",
                "ばらつき": "0.19",
                "周辺状況": "住宅地域",
                "備考": "",
                "継続観察登録地点": "○"
            }
        },
        {
            "type": "Feature",
            "geometry": {
                "type": "Point",
                "coordinates": [
                    139.82638889,
                    35.92944444
                ]
            },
            "properties": {
                "調査時期": "2022_S",
                "都道府県": "埼玉県",
                "市区町村": "松伏町",
                "撮影場所": "",
                "撮影日時": "2022-08-27T20:06:00+09:00",
                "緯度": "35.92944444",
                "経度": "139.82638889",
                "夜空の明るさ": "17.37",
                "ばらつき": "0.17",
                "周辺状況": "",
                "備考": "",
                "継続観察登録地点": ""
            }
        },
        {
            "type": "Feature",
            "geometry": {
                "type": "Point",
                "coordinates": [
                    139.99666667,
                    35.13916667
                ]
            },
            "properties": {
                "調査時期": "2022_S",
                "都道府県": "千葉県",
                "市区町村": "鴨川市",
                "撮影場所": "鴨川市内",
                "撮影日時": "2022-08-23T21:45:00+09:00",
                "緯度": "35.13916667",
                "経度": "139.99666667",
                "夜空の明るさ": "20.29",
                "ばらつき": "0.04",
                "周辺状況": "農業地域",
                "備考": "",
                "継続観察登録地点": "○"
            }
        },
        {
            "type": "Feature",
            "geometry": {
                "type": "Point",
                "coordinates": [
                    139.99666667,
                    35.13916667
                ]
            },
            "properties": {
                "調査時期": "2022_S",
                "都道府県": "千葉県",
                "市区町村": "鴨川市",
                "撮影場所": "鴨川市内",
                "撮影日時": "2022-08-27T21:30:00+09:00",
                "緯度": "35.13916667",
                "経度": "139.99666667",
                "夜空の明るさ": "19.72",
                "ばらつき": "0.09",
                "周辺状況": "農業地域",
                "備考": "",
                "継続観察登録地点": "○"
            }
        },
        {
            "type": "Feature",
            "geometry": {
                "type": "Point",
                "coordinates": [
                    139.99083333,
                    35.77805556
                ]
            },
            "properties": {
                "調査時期": "2022_S",
                "都道府県": "千葉県",
                "市区町村": "鎌ケ谷市",
                "撮影場所": "鎌ケ谷市内",
                "撮影日時": "2022-08-31T20:47:00+09:00",
                "緯度": "35.77805556",
                "経度": "139.99083333",
                "夜空の明るさ": "17.67",
                "ばらつき": "0.02",
                "周辺状況": "住宅地域",
                "備考": "",
                "継続観察登録地点": "○"
            }
        },
        {
            "type": "Feature",
            "geometry": {
                "type": "Point",
                "coordinates": [
                    139.75055556,
                    35.72305556
                ]
            },
            "properties": {
                "調査時期": "2022_S",
                "都道府県": "東京都",
                "市区町村": "文京区",
                "撮影場所": "東洋大学白山キャンパス１号館屋上",
                "撮影日時": "2022-08-31T19:57:00+09:00",
                "緯度": "35.72305556",
                "経度": "139.75055556",
                "夜空の明るさ": "16.88",
                "ばらつき": "0.11",
                "周辺状況": "商業地域",
                "備考": "参考値（薄雲）",
                "継続観察登録地点": "○"
            }
        },
        {
            "type": "Feature",
            "geometry": {
                "type": "Point",
                "coordinates": [
                    139.67111111,
                    35.70444444
                ]
            },
            "properties": {
                "調査時期": "2022_S",
                "都道府県": "東京都",
                "市区町村": "中野区",
                "撮影場所": "なかのZERO",
                "撮影日時": "2022-08-18T20:26:00+09:00",
                "緯度": "35.70444444",
                "経度": "139.67111111",
                "夜空の明るさ": "17.00",
                "ばらつき": "0.10",
                "周辺状況": "商業地域",
                "備考": "",
                "継続観察登録地点": "○"
            }
        },
        {
            "type": "Feature",
            "geometry": {
                "type": "Point",
                "coordinates": [
                    139.39055556,
                    35.69638889
                ]
            },
            "properties": {
                "調査時期": "2022_S",
                "都道府県": "東京都",
                "市区町村": "立川市",
                "撮影場所": "立川市 お庭天文台",
                "撮影日時": "2022-08-18T21:19:00+09:00",
                "緯度": "35.69638889",
                "経度": "139.39055556",
                "夜空の明るさ": "17.91",
                "ばらつき": "0.12",
                "周辺状況": "住宅地域",
                "備考": "",
                "継続観察登録地点": "○"
            }
        },
        {
            "type": "Feature",
            "geometry": {
                "type": "Point",
                "coordinates": [
                    139.53777778,
                    35.67611111
                ]
            },
            "properties": {
                "調査時期": "2022_S",
                "都道府県": "東京都",
                "市区町村": "三鷹市",
                "撮影場所": "三鷹市大沢",
                "撮影日時": "2022-08-23T21:35:00+09:00",
                "緯度": "35.67611111",
                "経度": "139.53777778",
                "夜空の明るさ": "17.58",
                "ばらつき": "0.01",
                "周辺状況": "住宅地域",
                "備考": "",
                "継続観察登録地点": "○"
            }
        },
        {
            "type": "Feature",
            "geometry": {
                "type": "Point",
                "coordinates": [
                    139.51666667,
                    35.71611111
                ]
            },
            "properties": {
                "調査時期": "2022_S",
                "都道府県": "東京都",
                "市区町村": "小金井市",
                "撮影場所": "都立小金井公園　いこいの広場",
                "撮影日時": "2022-08-31T20:51:00+09:00",
                "緯度": "35.71611111",
                "経度": "139.51666667",
                "夜空の明るさ": "17.53",
                "ばらつき": "0.13",
                "周辺状況": "自然公園等",
                "備考": "",
                "継続観察登録地点": "○"
            }
        },
        {
            "type": "Feature",
            "geometry": {
                "type": "Point",
                "coordinates": [
                    139.30055556,
                    35.77194444
                ]
            },
            "properties": {
                "調査時期": "2022_S",
                "都道府県": "東京都",
                "市区町村": "羽村市",
                "撮影場所": "羽村市",
                "撮影日時": "2022-08-31T20:58:00+09:00",
                "緯度": "35.77194444",
                "経度": "139.30055556",
                "夜空の明るさ": "18.36",
                "ばらつき": "0.09",
                "周辺状況": "住宅地域",
                "備考": "参考値（薄雲）",
                "継続観察登録地点": "○"
            }
        },
        {
            "type": "Feature",
            "geometry": {
                "type": "Point",
                "coordinates": [
                    139.04333333,
                    35.78972222
                ]
            },
            "properties": {
                "調査時期": "2022_S",
                "都道府県": "東京都",
                "市区町村": "奥多摩町",
                "撮影場所": "西多摩郡奥多摩町 奥多摩湖大麦代園地駐車場",
                "撮影日時": "2022-08-23T20:22:00+09:00",
                "緯度": "35.78972222",
                "経度": "139.04333333",
                "夜空の明るさ": "19.93",
                "ばらつき": "0.09",
                "周辺状況": "森林山間地",
                "備考": "参考値（薄雲）",
                "継続観察登録地点": "○"
            }
        },
        {
            "type": "Feature",
            "geometry": {
                "type": "Point",
                "coordinates": [
                    139.12666667,
                    34.19861111
                ]
            },
            "properties": {
                "調査時期": "2022_S",
                "都道府県": "東京都",
                "市区町村": "神津島村",
                "撮影場所": "神津島村 ヘリポート",
                "撮影日時": "2022-08-18T21:30:00+09:00",
                "緯度": "34.19861111",
                "経度": "139.12666667",
                "夜空の明るさ": "21.77",
                "ばらつき": "0.16",
                "周辺状況": "農業地域",
                "備考": "",
                "継続観察登録地点": "○"
            }
        },
        {
            "type": "Feature",
            "geometry": {
                "type": "Point",
                "coordinates": [
                    139.14416667,
                    34.19194444
                ]
            },
            "properties": {
                "調査時期": "2022_S",
                "都道府県": "東京都",
                "市区町村": "神津島村",
                "撮影場所": "神津島村 三浦湾展望台",
                "撮影日時": "2022-08-31T20:41:00+09:00",
                "緯度": "34.19194444",
                "経度": "139.14416667",
                "夜空の明るさ": "21.46",
                "ばらつき": "0.03",
                "周辺状況": "その他",
                "備考": "",
                "継続観察登録地点": "○"
            }
        },
        {
            "type": "Feature",
            "geometry": {
                "type": "Point",
                "coordinates": [
                    139.1375,
                    34.23944444
                ]
            },
            "properties": {
                "調査時期": "2022_S",
                "都道府県": "東京都",
                "市区町村": "神津島村",
                "撮影場所": "神津島村 赤崎遊歩道",
                "撮影日時": "2022-08-31T21:12:00+09:00",
                "緯度": "34.23944444",
                "経度": "139.13750000",
                "夜空の明るさ": "21.81",
                "ばらつき": "0.26",
                "周辺状況": "その他",
                "備考": "",
                "継続観察登録地点": "○"
            }
        },
        {
            "type": "Feature",
            "geometry": {
                "type": "Point",
                "coordinates": [
                    139.13944444,
                    34.20472222
                ]
            },
            "properties": {
                "調査時期": "2022_S",
                "都道府県": "東京都",
                "市区町村": "神津島村",
                "撮影場所": "神津島村 よたね広場",
                "撮影日時": "2022-08-31T20:08:00+09:00",
                "緯度": "34.20472222",
                "経度": "139.13944444",
                "夜空の明るさ": "21.40",
                "ばらつき": "0.12",
                "周辺状況": "住宅地域",
                "備考": "",
                "継続観察登録地点": "○"
            }
        },
        {
            "type": "Feature",
            "geometry": {
                "type": "Point",
                "coordinates": [
                    139.64111111,
                    35.57611111
                ]
            },
            "properties": {
                "調査時期": "2022_S",
                "都道府県": "神奈川県",
                "市区町村": "川崎市　中原区",
                "撮影場所": "",
                "撮影日時": "2022-08-23T21:56:00+09:00",
                "緯度": "35.57611111",
                "経度": "139.64111111",
                "夜空の明るさ": "17.25",
                "ばらつき": "0.07",
                "周辺状況": "",
                "備考": "",
                "継続観察登録地点": ""
            }
        },
        {
            "type": "Feature",
            "geometry": {
                "type": "Point",
                "coordinates": [
                    139.66805556,
                    35.57444444
                ]
            },
            "properties": {
                "調査時期": "2022_S",
                "都道府県": "神奈川県",
                "市区町村": "川崎市　中原区",
                "撮影場所": "",
                "撮影日時": "2022-08-31T19:35:00+09:00",
                "緯度": "35.57444444",
                "経度": "139.66805556",
                "夜空の明るさ": "16.91",
                "ばらつき": "0.10",
                "周辺状況": "",
                "備考": "参考値（薄雲）",
                "継続観察登録地点": ""
            }
        },
        {
            "type": "Feature",
            "geometry": {
                "type": "Point",
                "coordinates": [
                    139.56083333,
                    35.60833333
                ]
            },
            "properties": {
                "調査時期": "2022_S",
                "都道府県": "神奈川県",
                "市区町村": "川崎市　多摩区",
                "撮影場所": "",
                "撮影日時": "2022-08-18T21:24:00+09:00",
                "緯度": "35.60833333",
                "経度": "139.56083333",
                "夜空の明るさ": "17.84",
                "ばらつき": "0.14",
                "周辺状況": "",
                "備考": "",
                "継続観察登録地点": ""
            }
        },
        {
            "type": "Feature",
            "geometry": {
                "type": "Point",
                "coordinates": [
                    139.50444444,
                    35.60833333
                ]
            },
            "properties": {
                "調査時期": "2022_S",
                "都道府県": "神奈川県",
                "市区町村": "川崎市　麻生区",
                "撮影場所": "",
                "撮影日時": "2022-08-19T21:08:00+09:00",
                "緯度": "35.60833333",
                "経度": "139.50444444",
                "夜空の明るさ": "17.75",
                "ばらつき": "0.10",
                "周辺状況": "",
                "備考": "",
                "継続観察登録地点": ""
            }
        },
        {
            "type": "Feature",
            "geometry": {
                "type": "Point",
                "coordinates": [
                    139.51722222,
                    35.58444444
                ]
            },
            "properties": {
                "調査時期": "2022_S",
                "都道府県": "神奈川県",
                "市区町村": "川崎市　麻生区",
                "撮影場所": "",
                "撮影日時": "2022-08-19T21:27:00+09:00",
                "緯度": "35.58444444",
                "経度": "139.51722222",
                "夜空の明るさ": "17.83",
                "ばらつき": "0.10",
                "周辺状況": "",
                "備考": "",
                "継続観察登録地点": ""
            }
        },
        {
            "type": "Feature",
            "geometry": {
                "type": "Point",
                "coordinates": [
                    139.58555556,
                    35.60166667
                ]
            },
            "properties": {
                "調査時期": "2022_S",
                "都道府県": "神奈川県",
                "市区町村": "川崎市　宮前区",
                "撮影場所": "",
                "撮影日時": "2022-08-19T21:53:00+09:00",
                "緯度": "35.60166667",
                "経度": "139.58555556",
                "夜空の明るさ": "17.49",
                "ばらつき": "0.12",
                "周辺状況": "",
                "備考": "",
                "継続観察登録地点": ""
            }
        },
        {
            "type": "Feature",
            "geometry": {
                "type": "Point",
                "coordinates": [
                    139.57472222,
                    35.57166667
                ]
            },
            "properties": {
                "調査時期": "2022_S",
                "都道府県": "神奈川県",
                "市区町村": "川崎市　宮前区",
                "撮影場所": "",
                "撮影日時": "2022-08-23T21:26:00+09:00",
                "緯度": "35.57166667",
                "経度": "139.57472222",
                "夜空の明るさ": "17.63",
                "ばらつき": "0.09",
                "周辺状況": "",
                "備考": "",
                "継続観察登録地点": ""
            }
        },
        {
            "type": "Feature",
            "geometry": {
                "type": "Point",
                "coordinates": [
                    139.59444444,
                    35.56694444
                ]
            },
            "properties": {
                "調査時期": "2022_S",
                "都道府県": "神奈川県",
                "市区町村": "川崎市　宮前区",
                "撮影場所": "",
                "撮影日時": "2022-08-23T21:38:00+09:00",
                "緯度": "35.56694444",
                "経度": "139.59444444",
                "夜空の明るさ": "17.65",
                "ばらつき": "0.06",
                "周辺状況": "",
                "備考": "",
                "継続観察登録地点": ""
            }
        },
        {
            "type": "Feature",
            "geometry": {
                "type": "Point",
                "coordinates": [
                    139.63444444,
                    35.56916667
                ]
            },
            "properties": {
                "調査時期": "2022_S",
                "都道府県": "神奈川県",
                "市区町村": "川崎市　高津区",
                "撮影場所": "",
                "撮影日時": "2022-08-23T21:56:00+09:00",
                "緯度": "35.56916667",
                "経度": "139.63444444",
                "夜空の明るさ": "17.47",
                "ばらつき": "0.16",
                "周辺状況": "",
                "備考": "参考値（薄雲）",
                "継続観察登録地点": ""
            }
        },
        {
            "type": "Feature",
            "geometry": {
                "type": "Point",
                "coordinates": [
                    139.68888889,
                    35.53611111
                ]
            },
            "properties": {
                "調査時期": "2022_S",
                "都道府県": "神奈川県",
                "市区町村": "川崎市　幸区",
                "撮影場所": "",
                "撮影日時": "2022-08-31T21:25:00+09:00",
                "緯度": "35.53611111",
                "経度": "139.68888889",
                "夜空の明るさ": "17.47",
                "ばらつき": "0.14",
                "周辺状況": "",
                "備考": "参考値（薄雲）",
                "継続観察登録地点": ""
            }
        },
        {
            "type": "Feature",
            "geometry": {
                "type": "Point",
                "coordinates": [
                    139.37388889,
                    35.53805556
                ]
            },
            "properties": {
                "調査時期": "2022_S",
                "都道府県": "神奈川県",
                "市区町村": "相模原市　南区",
                "撮影場所": "相模原市南区下溝",
                "撮影日時": "2022-08-18T20:08:00+09:00",
                "緯度": "35.53805556",
                "経度": "139.37388889",
                "夜空の明るさ": "18.02",
                "ばらつき": "0.03",
                "周辺状況": "農業地域",
                "備考": "",
                "継続観察登録地点": "○"
            }
        },
        {
            "type": "Feature",
            "geometry": {
                "type": "Point",
                "coordinates": [
                    139.32055556,
                    35.36888889
                ]
            },
            "properties": {
                "調査時期": "2022_S",
                "都道府県": "神奈川県",
                "市区町村": "平塚市",
                "撮影場所": "平塚市岡崎",
                "撮影日時": "2022-08-18T20:59:00+09:00",
                "緯度": "35.36888889",
                "経度": "139.32055556",
                "夜空の明るさ": "18.65",
                "ばらつき": "0.13",
                "周辺状況": "農業地域",
                "備考": "",
                "継続観察登録地点": "○"
            }
        },
        {
            "type": "Feature",
            "geometry": {
                "type": "Point",
                "coordinates": [
                    139.46944444,
                    35.3975
                ]
            },
            "properties": {
                "調査時期": "2022_S",
                "都道府県": "神奈川県",
                "市区町村": "藤沢市",
                "撮影場所": "藤沢市内",
                "撮影日時": "2022-08-18T20:27:00+09:00",
                "緯度": "35.39750000",
                "経度": "139.46944444",
                "夜空の明るさ": "17.78",
                "ばらつき": "0.11",
                "周辺状況": "商業地域",
                "備考": "",
                "継続観察登録地点": "○"
            }
        },
        {
            "type": "Feature",
            "geometry": {
                "type": "Point",
                "coordinates": [
                    139.21361111,
                    35.46222222
                ]
            },
            "properties": {
                "調査時期": "2022_S",
                "都道府県": "神奈川県",
                "市区町村": "清川村",
                "撮影場所": "神奈川県清川村内",
                "撮影日時": "2022-08-31T21:37:00+09:00",
                "緯度": "35.46222222",
                "経度": "139.21361111",
                "夜空の明るさ": "19.64",
                "ばらつき": "0.00",
                "周辺状況": "森林山間地",
                "備考": "",
                "継続観察登録地点": "○"
            }
        },
        {
            "type": "Feature",
            "geometry": {
                "type": "Point",
                "coordinates": [
                    138.80277778,
                    37.75194444
                ]
            },
            "properties": {
                "調査時期": "2022_S",
                "都道府県": "新潟県",
                "市区町村": "新潟市　西蒲区",
                "撮影場所": "",
                "撮影日時": "2022-08-19T20:13:00+09:00",
                "緯度": "37.75194444",
                "経度": "138.80277778",
                "夜空の明るさ": "18.43",
                "ばらつき": "0.15",
                "周辺状況": "",
                "備考": "",
                "継続観察登録地点": ""
            }
        },
        {
            "type": "Feature",
            "geometry": {
                "type": "Point",
                "coordinates": [
                    138.98111111,
                    37.89555556
                ]
            },
            "properties": {
                "調査時期": "2022_S",
                "都道府県": "新潟県",
                "市区町村": "新潟市　西区",
                "撮影場所": "",
                "撮影日時": "2022-08-19T20:13:00+09:00",
                "緯度": "37.89555556",
                "経度": "138.98111111",
                "夜空の明るさ": "18.43",
                "ばらつき": "0.15",
                "周辺状況": "",
                "備考": "",
                "継続観察登録地点": ""
            }
        },
        {
            "type": "Feature",
            "geometry": {
                "type": "Point",
                "coordinates": [
                    138.92611111,
                    37.87
                ]
            },
            "properties": {
                "調査時期": "2022_S",
                "都道府県": "新潟県",
                "市区町村": "新潟市　西区",
                "撮影場所": "",
                "撮影日時": "2022-08-19T20:24:00+09:00",
                "緯度": "37.87000000",
                "経度": "138.92611111",
                "夜空の明るさ": "17.79",
                "ばらつき": "0.31",
                "周辺状況": "",
                "備考": "",
                "継続観察登録地点": ""
            }
        },
        {
            "type": "Feature",
            "geometry": {
                "type": "Point",
                "coordinates": [
                    138.80194444,
                    37.75305556
                ]
            },
            "properties": {
                "調査時期": "2022_S",
                "都道府県": "新潟県",
                "市区町村": "新潟市　西蒲区",
                "撮影場所": "",
                "撮影日時": "2022-08-19T20:50:00+09:00",
                "緯度": "37.75305556",
                "経度": "138.80194444",
                "夜空の明るさ": "19.63",
                "ばらつき": "0.17",
                "周辺状況": "",
                "備考": "",
                "継続観察登録地点": ""
            }
        },
        {
            "type": "Feature",
            "geometry": {
                "type": "Point",
                "coordinates": [
                    138.76194444,
                    37.62777778
                ]
            },
            "properties": {
                "調査時期": "2022_S",
                "都道府県": "新潟県",
                "市区町村": "長岡市",
                "撮影場所": "",
                "撮影日時": "2022-08-19T21:30:00+09:00",
                "緯度": "37.62777778",
                "経度": "138.76194444",
                "夜空の明るさ": "20.33",
                "ばらつき": "0.10",
                "周辺状況": "",
                "備考": "",
                "継続観察登録地点": ""
            }
        },
        {
            "type": "Feature",
            "geometry": {
                "type": "Point",
                "coordinates": [
                    137.42527778,
                    36.90138889
                ]
            },
            "properties": {
                "調査時期": "2022_S",
                "都道府県": "富山県",
                "市区町村": "黒部市",
                "撮影場所": "富山県黒部市黒部市吉田科学館",
                "撮影日時": "2022-08-28T21:27:00+09:00",
                "緯度": "36.90138889",
                "経度": "137.42527778",
                "夜空の明るさ": "20.06",
                "ばらつき": "0.09",
                "周辺状況": "住宅地域",
                "備考": "",
                "継続観察登録地点": "○"
            }
        },
        {
            "type": "Feature",
            "geometry": {
                "type": "Point",
                "coordinates": [
                    136.66694444,
                    36.59694444
                ]
            },
            "properties": {
                "調査時期": "2022_S",
                "都道府県": "石川県",
                "市区町村": "金沢市",
                "撮影場所": "",
                "撮影日時": "2022-08-26T21:51:00+09:00",
                "緯度": "36.59694444",
                "経度": "136.66694444",
                "夜空の明るさ": "18.05",
                "ばらつき": "0.05",
                "周辺状況": "",
                "備考": "",
                "継続観察登録地点": ""
            }
        },
        {
            "type": "Feature",
            "geometry": {
                "type": "Point",
                "coordinates": [
                    136.70472222,
                    36.71861111
                ]
            },
            "properties": {
                "調査時期": "2022_S",
                "都道府県": "石川県",
                "市区町村": "かほく市",
                "撮影場所": "",
                "撮影日時": "2022-08-18T21:03:00+09:00",
                "緯度": "36.71861111",
                "経度": "136.70472222",
                "夜空の明るさ": "19.29",
                "ばらつき": "0.11",
                "周辺状況": "",
                "備考": "",
                "継続観察登録地点": ""
            }
        },
        {
            "type": "Feature",
            "geometry": {
                "type": "Point",
                "coordinates": [
                    137.13694444,
                    37.335
                ]
            },
            "properties": {
                "調査時期": "2022_S",
                "都道府県": "石川県",
                "市区町村": "能登町",
                "撮影場所": "石川県柳田星の観察館「満天星」 ",
                "撮影日時": "2022-08-18T20:31:00+09:00",
                "緯度": "37.33500000",
                "経度": "137.13694444",
                "夜空の明るさ": "21.98",
                "ばらつき": "0.07",
                "周辺状況": "自然公園等",
                "備考": "",
                "継続観察登録地点": "○"
            }
        },
        {
            "type": "Feature",
            "geometry": {
                "type": "Point",
                "coordinates": [
                    137.13694444,
                    37.335
                ]
            },
            "properties": {
                "調査時期": "2022_S",
                "都道府県": "石川県",
                "市区町村": "能登町",
                "撮影場所": "石川県柳田星の観察館「満天星」 ",
                "撮影日時": "2022-08-18T21:01:00+09:00",
                "緯度": "37.33500000",
                "経度": "137.13694444",
                "夜空の明るさ": "21.91",
                "ばらつき": "0.38",
                "周辺状況": "自然公園等",
                "備考": "",
                "継続観察登録地点": "○"
            }
        },
        {
            "type": "Feature",
            "geometry": {
                "type": "Point",
                "coordinates": [
                    137.13694444,
                    37.335
                ]
            },
            "properties": {
                "調査時期": "2022_S",
                "都道府県": "石川県",
                "市区町村": "能登町",
                "撮影場所": "石川県柳田星の観察館「満天星」 ",
                "撮影日時": "2022-08-18T21:33:00+09:00",
                "緯度": "37.33500000",
                "経度": "137.13694444",
                "夜空の明るさ": "21.58",
                "ばらつき": "0.44",
                "周辺状況": "自然公園等",
                "備考": "",
                "継続観察登録地点": "○"
            }
        },
        {
            "type": "Feature",
            "geometry": {
                "type": "Point",
                "coordinates": [
                    137.13694444,
                    37.335
                ]
            },
            "properties": {
                "調査時期": "2022_S",
                "都道府県": "石川県",
                "市区町村": "能登町",
                "撮影場所": "石川県柳田星の観察館「満天星」 ",
                "撮影日時": "2022-08-21T21:47:00+09:00",
                "緯度": "37.33500000",
                "経度": "137.13694444",
                "夜空の明るさ": "21.28",
                "ばらつき": "0.00",
                "周辺状況": "自然公園等",
                "備考": "",
                "継続観察登録地点": "○"
            }
        },
        {
            "type": "Feature",
            "geometry": {
                "type": "Point",
                "coordinates": [
                    137.13694444,
                    37.335
                ]
            },
            "properties": {
                "調査時期": "2022_S",
                "都道府県": "石川県",
                "市区町村": "能登町",
                "撮影場所": "石川県柳田星の観察館「満天星」 ",
                "撮影日時": "2022-08-26T20:30:00+09:00",
                "緯度": "37.33500000",
                "経度": "137.13694444",
                "夜空の明るさ": "21.43",
                "ばらつき": "0.19",
                "周辺状況": "自然公園等",
                "備考": "",
                "継続観察登録地点": "○"
            }
        },
        {
            "type": "Feature",
            "geometry": {
                "type": "Point",
                "coordinates": [
                    137.13694444,
                    37.335
                ]
            },
            "properties": {
                "調査時期": "2022_S",
                "都道府県": "石川県",
                "市区町村": "能登町",
                "撮影場所": "石川県柳田星の観察館「満天星」 ",
                "撮影日時": "2022-08-26T21:03:00+09:00",
                "緯度": "37.33500000",
                "経度": "137.13694444",
                "夜空の明るさ": "21.07",
                "ばらつき": "0.09",
                "周辺状況": "自然公園等",
                "備考": "",
                "継続観察登録地点": "○"
            }
        },
        {
            "type": "Feature",
            "geometry": {
                "type": "Point",
                "coordinates": [
                    137.13694444,
                    37.335
                ]
            },
            "properties": {
                "調査時期": "2022_S",
                "都道府県": "石川県",
                "市区町村": "能登町",
                "撮影場所": "石川県柳田星の観察館「満天星」 ",
                "撮影日時": "2022-08-26T21:52:00+09:00",
                "緯度": "37.33500000",
                "経度": "137.13694444",
                "夜空の明るさ": "21.24",
                "ばらつき": "0.02",
                "周辺状況": "自然公園等",
                "備考": "",
                "継続観察登録地点": "○"
            }
        },
        {
            "type": "Feature",
            "geometry": {
                "type": "Point",
                "coordinates": [
                    136.58222222,
                    36.02111111
                ]
            },
            "properties": {
                "調査時期": "2022_S",
                "都道府県": "福井県",
                "市区町村": "大野市",
                "撮影場所": "福井県自然保護センター観察棟",
                "撮影日時": "2022-08-28T21:17:00+09:00",
                "緯度": "36.02111111",
                "経度": "136.58222222",
                "夜空の明るさ": "21.10",
                "ばらつき": "0.03",
                "周辺状況": "自然公園等",
                "備考": "",
                "継続観察登録地点": "○"
            }
        },
        {
            "type": "Feature",
            "geometry": {
                "type": "Point",
                "coordinates": [
                    136.58222222,
                    36.02111111
                ]
            },
            "properties": {
                "調査時期": "2022_S",
                "都道府県": "福井県",
                "市区町村": "大野市",
                "撮影場所": "福井県自然保護センター観察棟",
                "撮影日時": "2022-08-28T21:29:00+09:00",
                "緯度": "36.02111111",
                "経度": "136.58222222",
                "夜空の明るさ": "20.98",
                "ばらつき": "0.07",
                "周辺状況": "自然公園等",
                "備考": "",
                "継続観察登録地点": "○"
            }
        },
        {
            "type": "Feature",
            "geometry": {
                "type": "Point",
                "coordinates": [
                    136.58222222,
                    36.02111111
                ]
            },
            "properties": {
                "調査時期": "2022_S",
                "都道府県": "福井県",
                "市区町村": "大野市",
                "撮影場所": "福井県自然保護センター観察棟",
                "撮影日時": "2022-08-31T20:56:00+09:00",
                "緯度": "36.02111111",
                "経度": "136.58222222",
                "夜空の明るさ": "19.55",
                "ばらつき": "0.18",
                "周辺状況": "自然公園等",
                "備考": "",
                "継続観察登録地点": "○"
            }
        },
        {
            "type": "Feature",
            "geometry": {
                "type": "Point",
                "coordinates": [
                    136.58222222,
                    36.02111111
                ]
            },
            "properties": {
                "調査時期": "2022_S",
                "都道府県": "福井県",
                "市区町村": "大野市",
                "撮影場所": "福井県自然保護センター観察棟",
                "撮影日時": "2022-08-31T21:22:00+09:00",
                "緯度": "36.02111111",
                "経度": "136.58222222",
                "夜空の明るさ": "20.52",
                "ばらつき": "0.19",
                "周辺状況": "自然公園等",
                "備考": "",
                "継続観察登録地点": "○"
            }
        },
        {
            "type": "Feature",
            "geometry": {
                "type": "Point",
                "coordinates": [
                    136.58222222,
                    36.02111111
                ]
            },
            "properties": {
                "調査時期": "2022_S",
                "都道府県": "福井県",
                "市区町村": "大野市",
                "撮影場所": "福井県自然保護センター観察棟",
                "撮影日時": "2022-08-28T21:58:00+09:00",
                "緯度": "36.02111111",
                "経度": "136.58222222",
                "夜空の明るさ": "20.98",
                "ばらつき": "0.09",
                "周辺状況": "自然公園等",
                "備考": "",
                "継続観察登録地点": "○"
            }
        },
        {
            "type": "Feature",
            "geometry": {
                "type": "Point",
                "coordinates": [
                    136.57583333,
                    36.01305556
                ]
            },
            "properties": {
                "調査時期": "2022_S",
                "都道府県": "福井県",
                "市区町村": "大野市",
                "撮影場所": "",
                "撮影日時": "2022-08-22T20:45:00+09:00",
                "緯度": "36.01305556",
                "経度": "136.57583333",
                "夜空の明るさ": "20.69",
                "ばらつき": "0.20",
                "周辺状況": "",
                "備考": "",
                "継続観察登録地点": ""
            }
        },
        {
            "type": "Feature",
            "geometry": {
                "type": "Point",
                "coordinates": [
                    136.57583333,
                    36.01305556
                ]
            },
            "properties": {
                "調査時期": "2022_S",
                "都道府県": "福井県",
                "市区町村": "大野市",
                "撮影場所": "",
                "撮影日時": "2022-08-22T21:45:00+09:00",
                "緯度": "36.01305556",
                "経度": "136.57583333",
                "夜空の明るさ": "20.33",
                "ばらつき": "0.09",
                "周辺状況": "",
                "備考": "",
                "継続観察登録地点": ""
            }
        },
        {
            "type": "Feature",
            "geometry": {
                "type": "Point",
                "coordinates": [
                    136.57583333,
                    36.01305556
                ]
            },
            "properties": {
                "調査時期": "2022_S",
                "都道府県": "福井県",
                "市区町村": "大野市",
                "撮影場所": "",
                "撮影日時": "2022-08-31T21:30:00+09:00",
                "緯度": "36.01305556",
                "経度": "136.57583333",
                "夜空の明るさ": "20.74",
                "ばらつき": "0.00",
                "周辺状況": "",
                "備考": "",
                "継続観察登録地点": ""
            }
        },
        {
            "type": "Feature",
            "geometry": {
                "type": "Point",
                "coordinates": [
                    136.48722222,
                    35.97972222
                ]
            },
            "properties": {
                "調査時期": "2022_S",
                "都道府県": "福井県",
                "市区町村": "大野市",
                "撮影場所": "",
                "撮影日時": "2022-08-22T21:31:00+09:00",
                "緯度": "35.97972222",
                "経度": "136.48722222",
                "夜空の明るさ": "19.46",
                "ばらつき": "0.20",
                "周辺状況": "",
                "備考": "",
                "継続観察登録地点": ""
            }
        },
        {
            "type": "Feature",
            "geometry": {
                "type": "Point",
                "coordinates": [
                    136.48722222,
                    35.97972222
                ]
            },
            "properties": {
                "調査時期": "2022_S",
                "都道府県": "福井県",
                "市区町村": "大野市",
                "撮影場所": "",
                "撮影日時": "2022-08-26T21:46:00+09:00",
                "緯度": "35.97972222",
                "経度": "136.48722222",
                "夜空の明るさ": "19.91",
                "ばらつき": "0.18",
                "周辺状況": "",
                "備考": "",
                "継続観察登録地点": ""
            }
        },
        {
            "type": "Feature",
            "geometry": {
                "type": "Point",
                "coordinates": [
                    136.48722222,
                    35.97972222
                ]
            },
            "properties": {
                "調査時期": "2022_S",
                "都道府県": "福井県",
                "市区町村": "大野市",
                "撮影場所": "",
                "撮影日時": "2022-08-28T21:31:00+09:00",
                "緯度": "35.97972222",
                "経度": "136.48722222",
                "夜空の明るさ": "20.16",
                "ばらつき": "0.10",
                "周辺状況": "",
                "備考": "",
                "継続観察登録地点": ""
            }
        },
        {
            "type": "Feature",
            "geometry": {
                "type": "Point",
                "coordinates": [
                    136.48722222,
                    35.97972222
                ]
            },
            "properties": {
                "調査時期": "2022_S",
                "都道府県": "福井県",
                "市区町村": "大野市",
                "撮影場所": "",
                "撮影日時": "2022-08-28T22:16:00+09:00",
                "緯度": "35.97972222",
                "経度": "136.48722222",
                "夜空の明るさ": "20.23",
                "ばらつき": "0.00",
                "周辺状況": "",
                "備考": "",
                "継続観察登録地点": ""
            }
        },
        {
            "type": "Feature",
            "geometry": {
                "type": "Point",
                "coordinates": [
                    136.48722222,
                    35.97972222
                ]
            },
            "properties": {
                "調査時期": "2022_S",
                "都道府県": "福井県",
                "市区町村": "大野市",
                "撮影場所": "",
                "撮影日時": "2022-08-29T21:46:00+09:00",
                "緯度": "35.97972222",
                "経度": "136.48722222",
                "夜空の明るさ": "19.80",
                "ばらつき": "0.00",
                "周辺状況": "",
                "備考": "",
                "継続観察登録地点": ""
            }
        },
        {
            "type": "Feature",
            "geometry": {
                "type": "Point",
                "coordinates": [
                    135.68194444,
                    35.41333333
                ]
            },
            "properties": {
                "調査時期": "2022_S",
                "都道府県": "福井県",
                "市区町村": "おおい町",
                "撮影場所": "大飯郡おおい町名田庄三重",
                "撮影日時": "2022-08-28T20:27:00+09:00",
                "緯度": "35.41333333",
                "経度": "135.68194444",
                "夜空の明るさ": "21.24",
                "ばらつき": "0.27",
                "周辺状況": "農業地域",
                "備考": "",
                "継続観察登録地点": "○"
            }
        },
        {
            "type": "Feature",
            "geometry": {
                "type": "Point",
                "coordinates": [
                    135.64027778,
                    35.40527778
                ]
            },
            "properties": {
                "調査時期": "2022_S",
                "都道府県": "福井県",
                "市区町村": "おおい町",
                "撮影場所": "大飯郡おおい町名田庄中",
                "撮影日時": "2022-08-28T20:47:00+09:00",
                "緯度": "35.40527778",
                "経度": "135.64027778",
                "夜空の明るさ": "21.20",
                "ばらつき": "0.52",
                "周辺状況": "農業地域",
                "備考": "参考値（薄雲）",
                "継続観察登録地点": "○"
            }
        },
        {
            "type": "Feature",
            "geometry": {
                "type": "Point",
                "coordinates": [
                    135.57055556,
                    35.39638889
                ]
            },
            "properties": {
                "調査時期": "2022_S",
                "都道府県": "福井県",
                "市区町村": "おおい町",
                "撮影場所": "大飯郡おおい町名田庄納田終",
                "撮影日時": "2022-08-28T21:10:00+09:00",
                "緯度": "35.39638889",
                "経度": "135.57055556",
                "夜空の明るさ": "20.62",
                "ばらつき": "0.48",
                "周辺状況": "森林山間地",
                "備考": "参考値（薄雲）",
                "継続観察登録地点": "○"
            }
        },
        {
            "type": "Feature",
            "geometry": {
                "type": "Point",
                "coordinates": [
                    138.76777778,
                    35.4575
                ]
            },
            "properties": {
                "調査時期": "2022_S",
                "都道府県": "山梨県",
                "市区町村": "富士吉田市",
                "撮影場所": "富士北麓公園駐車場",
                "撮影日時": "2022-08-31T19:58:00+09:00",
                "緯度": "35.45750000",
                "経度": "138.76777778",
                "夜空の明るさ": "",
                "ばらつき": "",
                "周辺状況": "自然公園等",
                "備考": "測定不可（設定エラー）",
                "継続観察登録地点": "○"
            }
        },
        {
            "type": "Feature",
            "geometry": {
                "type": "Point",
                "coordinates": [
                    138.80444444,
                    35.45611111
                ]
            },
            "properties": {
                "調査時期": "2022_S",
                "都道府県": "山梨県",
                "市区町村": "富士吉田市",
                "撮影場所": "富士散策公園",
                "撮影日時": "2022-08-31T20:14:00+09:00",
                "緯度": "35.45611111",
                "経度": "138.80444444",
                "夜空の明るさ": "19.47",
                "ばらつき": "0.08",
                "周辺状況": "自然公園等",
                "備考": "",
                "継続観察登録地点": "○"
            }
        },
        {
            "type": "Feature",
            "geometry": {
                "type": "Point",
                "coordinates": [
                    138.81805556,
                    35.48444444
                ]
            },
            "properties": {
                "調査時期": "2022_S",
                "都道府県": "山梨県",
                "市区町村": "富士吉田市",
                "撮影場所": "富士吉田市大明見地内",
                "撮影日時": "2022-08-31T20:31:00+09:00",
                "緯度": "35.48444444",
                "経度": "138.81805556",
                "夜空の明るさ": "19.41",
                "ばらつき": "0.10",
                "周辺状況": "住宅地域",
                "備考": "",
                "継続観察登録地点": "○"
            }
        },
        {
            "type": "Feature",
            "geometry": {
                "type": "Point",
                "coordinates": [
                    138.44666667,
                    35.9025
                ]
            },
            "properties": {
                "調査時期": "2022_S",
                "都道府県": "山梨県",
                "市区町村": "北杜市",
                "撮影場所": "",
                "撮影日時": "2022-08-28T20:26:00+09:00",
                "緯度": "35.90250000",
                "経度": "138.44666667",
                "夜空の明るさ": "21.22",
                "ばらつき": "0.19",
                "周辺状況": "",
                "備考": "",
                "継続観察登録地点": ""
            }
        },
        {
            "type": "Feature",
            "geometry": {
                "type": "Point",
                "coordinates": [
                    138.44666667,
                    35.9025
                ]
            },
            "properties": {
                "調査時期": "2022_S",
                "都道府県": "山梨県",
                "市区町村": "北杜市",
                "撮影場所": "",
                "撮影日時": "2022-08-28T20:28:00+09:00",
                "緯度": "35.90250000",
                "経度": "138.44666667",
                "夜空の明るさ": "21.31",
                "ばらつき": "0.19",
                "周辺状況": "",
                "備考": "",
                "継続観察登録地点": ""
            }
        },
        {
            "type": "Feature",
            "geometry": {
                "type": "Point",
                "coordinates": [
                    138.31666667,
                    35.78833333
                ]
            },
            "properties": {
                "調査時期": "2022_S",
                "都道府県": "山梨県",
                "市区町村": "北杜市",
                "撮影場所": "北杜市白州町横手",
                "撮影日時": "2022-08-18T21:02:00+09:00",
                "緯度": "35.78833333",
                "経度": "138.31666667",
                "夜空の明るさ": "20.02",
                "ばらつき": "0.17",
                "周辺状況": "農業地域",
                "備考": "",
                "継続観察登録地点": "○"
            }
        },
        {
            "type": "Feature",
            "geometry": {
                "type": "Point",
                "coordinates": [
                    138.94027778,
                    35.76361111
                ]
            },
            "properties": {
                "調査時期": "2022_S",
                "都道府県": "山梨県",
                "市区町村": "小菅村",
                "撮影場所": "北都留郡小菅村 小菅村ヘリポート",
                "撮影日時": "2022-08-23T21:50:00+09:00",
                "緯度": "35.76361111",
                "経度": "138.94027778",
                "夜空の明るさ": "",
                "ばらつき": "",
                "周辺状況": "森林山間地",
                "備考": "測定不可（雲量大）",
                "継続観察登録地点": "○"
            }
        },
        {
            "type": "Feature",
            "geometry": {
                "type": "Point",
                "coordinates": [
                    138.97805556,
                    35.78555556
                ]
            },
            "properties": {
                "調査時期": "2022_S",
                "都道府県": "山梨県",
                "市区町村": "丹波山村",
                "撮影場所": "北都留郡丹波山村",
                "撮影日時": "2022-08-23T21:15:00+09:00",
                "緯度": "35.78555556",
                "経度": "138.97805556",
                "夜空の明るさ": "20.34",
                "ばらつき": "0.16",
                "周辺状況": "森林山間地",
                "備考": "参考値（薄雲）",
                "継続観察登録地点": "○"
            }
        },
        {
            "type": "Feature",
            "geometry": {
                "type": "Point",
                "coordinates": [
                    138.04027778,
                    36.71972222
                ]
            },
            "properties": {
                "調査時期": "2022_S",
                "都道府県": "長野県",
                "市区町村": "長野市",
                "撮影場所": "鬼無里　大望峠",
                "撮影日時": "2022-08-18T20:00:00+09:00",
                "緯度": "36.71972222",
                "経度": "138.04027778",
                "夜空の明るさ": "21.20",
                "ばらつき": "0.09",
                "周辺状況": "森林山間地",
                "備考": "",
                "継続観察登録地点": "○"
            }
        },
        {
            "type": "Feature",
            "geometry": {
                "type": "Point",
                "coordinates": [
                    138.015,
                    36.69083333
                ]
            },
            "properties": {
                "調査時期": "2022_S",
                "都道府県": "長野県",
                "市区町村": "長野市",
                "撮影場所": "鬼無里　文道　ふるさとの館跡駐車場",
                "撮影日時": "2022-08-18T20:36:00+09:00",
                "緯度": "36.69083333",
                "経度": "138.01500000",
                "夜空の明るさ": "21.36",
                "ばらつき": "0.01",
                "周辺状況": "森林山間地",
                "備考": "",
                "継続観察登録地点": "○"
            }
        },
        {
            "type": "Feature",
            "geometry": {
                "type": "Point",
                "coordinates": [
                    138.00222222,
                    36.68277778
                ]
            },
            "properties": {
                "調査時期": "2022_S",
                "都道府県": "長野県",
                "市区町村": "長野市",
                "撮影場所": "旧鬼無里中学校跡地駐車場",
                "撮影日時": "2022-08-18T21:02:00+09:00",
                "緯度": "36.68277778",
                "経度": "138.00222222",
                "夜空の明るさ": "21.22",
                "ばらつき": "0.21",
                "周辺状況": "その他",
                "備考": "",
                "継続観察登録地点": "○"
            }
        },
        {
            "type": "Feature",
            "geometry": {
                "type": "Point",
                "coordinates": [
                    138.00361111,
                    36.67972222
                ]
            },
            "properties": {
                "調査時期": "2022_S",
                "都道府県": "長野県",
                "市区町村": "長野市",
                "撮影場所": "鬼無里小中学校横グランド",
                "撮影日時": "2022-08-18T21:14:00+09:00",
                "緯度": "36.67972222",
                "経度": "138.00361111",
                "夜空の明るさ": "21.19",
                "ばらつき": "0.15",
                "周辺状況": "その他",
                "備考": "",
                "継続観察登録地点": "○"
            }
        },
        {
            "type": "Feature",
            "geometry": {
                "type": "Point",
                "coordinates": [
                    137.99111111,
                    36.67861111
                ]
            },
            "properties": {
                "調査時期": "2022_S",
                "都道府県": "長野県",
                "市区町村": "長野市",
                "撮影場所": "鬼無里　松原",
                "撮影日時": "2022-08-18T21:26:00+09:00",
                "緯度": "36.67861111",
                "経度": "137.99111111",
                "夜空の明るさ": "21.09",
                "ばらつき": "0.03",
                "周辺状況": "その他",
                "備考": "",
                "継続観察登録地点": "○"
            }
        },
        {
            "type": "Feature",
            "geometry": {
                "type": "Point",
                "coordinates": [
                    137.96611111,
                    36.68805556
                ]
            },
            "properties": {
                "調査時期": "2022_S",
                "都道府県": "長野県",
                "市区町村": "長野市",
                "撮影場所": "鬼無里東京　加茂神社参道",
                "撮影日時": "2022-08-18T21:39:00+09:00",
                "緯度": "36.68805556",
                "経度": "137.96611111",
                "夜空の明るさ": "21.18",
                "ばらつき": "0.05",
                "周辺状況": "その他",
                "備考": "",
                "継続観察登録地点": "○"
            }
        },
        {
            "type": "Feature",
            "geometry": {
                "type": "Point",
                "coordinates": [
                    137.9275,
                    36.66777778
                ]
            },
            "properties": {
                "調査時期": "2022_S",
                "都道府県": "長野県",
                "市区町村": "長野市",
                "撮影場所": "鬼無里日影　押切",
                "撮影日時": "2022-08-18T22:05:00+09:00",
                "緯度": "36.66777778",
                "経度": "137.92750000",
                "夜空の明るさ": "21.40",
                "ばらつき": "0.00",
                "周辺状況": "その他",
                "備考": "",
                "継続観察登録地点": "○"
            }
        },
        {
            "type": "Feature",
            "geometry": {
                "type": "Point",
                "coordinates": [
                    138.17833333,
                    36.63527778
                ]
            },
            "properties": {
                "調査時期": "2022_S",
                "都道府県": "長野県",
                "市区町村": "長野市",
                "撮影場所": "",
                "撮影日時": "2022-08-19T20:27:00+09:00",
                "緯度": "36.63527778",
                "経度": "138.17833333",
                "夜空の明るさ": "18.75",
                "ばらつき": "0.09",
                "周辺状況": "",
                "備考": "",
                "継続観察登録地点": ""
            }
        },
        {
            "type": "Feature",
            "geometry": {
                "type": "Point",
                "coordinates": [
                    138.04027778,
                    36.71972222
                ]
            },
            "properties": {
                "調査時期": "2022_S",
                "都道府県": "長野県",
                "市区町村": "長野市",
                "撮影場所": "鬼無里　大望峠",
                "撮影日時": "2022-08-18T20:00:00+09:00",
                "緯度": "36.71972222",
                "経度": "138.04027778",
                "夜空の明るさ": "21.20",
                "ばらつき": "0.09",
                "周辺状況": "森林山間地",
                "備考": "",
                "継続観察登録地点": "○"
            }
        },
        {
            "type": "Feature",
            "geometry": {
                "type": "Point",
                "coordinates": [
                    137.83416667,
                    36.23861111
                ]
            },
            "properties": {
                "調査時期": "2022_S",
                "都道府県": "長野県",
                "市区町村": "松本市",
                "撮影場所": "",
                "撮影日時": "2022-08-18T20:25:00+09:00",
                "緯度": "36.23861111",
                "経度": "137.83416667",
                "夜空の明るさ": "20.54",
                "ばらつき": "0.15",
                "周辺状況": "",
                "備考": "",
                "継続観察登録地点": ""
            }
        },
        {
            "type": "Feature",
            "geometry": {
                "type": "Point",
                "coordinates": [
                    137.90388889,
                    36.21638889
                ]
            },
            "properties": {
                "調査時期": "2022_S",
                "都道府県": "長野県",
                "市区町村": "松本市",
                "撮影場所": "",
                "撮影日時": "2022-08-18T21:57:00+09:00",
                "緯度": "36.21638889",
                "経度": "137.90388889",
                "夜空の明るさ": "19.88",
                "ばらつき": "0.11",
                "周辺状況": "",
                "備考": "",
                "継続観察登録地点": ""
            }
        },
        {
            "type": "Feature",
            "geometry": {
                "type": "Point",
                "coordinates": [
                    138.00722222,
                    36.23027778
                ]
            },
            "properties": {
                "調査時期": "2022_S",
                "都道府県": "長野県",
                "市区町村": "松本市",
                "撮影場所": "",
                "撮影日時": "2022-08-19T20:11:00+09:00",
                "緯度": "36.23027778",
                "経度": "138.00722222",
                "夜空の明るさ": "19.63",
                "ばらつき": "0.14",
                "周辺状況": "",
                "備考": "",
                "継続観察登録地点": ""
            }
        },
        {
            "type": "Feature",
            "geometry": {
                "type": "Point",
                "coordinates": [
                    138.00138889,
                    36.23277778
                ]
            },
            "properties": {
                "調査時期": "2022_S",
                "都道府県": "長野県",
                "市区町村": "松本市",
                "撮影場所": "",
                "撮影日時": "2022-08-19T20:24:00+09:00",
                "緯度": "36.23277778",
                "経度": "138.00138889",
                "夜空の明るさ": "19.61",
                "ばらつき": "0.03",
                "周辺状況": "",
                "備考": "",
                "継続観察登録地点": ""
            }
        },
        {
            "type": "Feature",
            "geometry": {
                "type": "Point",
                "coordinates": [
                    137.98444444,
                    36.23138889
                ]
            },
            "properties": {
                "調査時期": "2022_S",
                "都道府県": "長野県",
                "市区町村": "松本市",
                "撮影場所": "",
                "撮影日時": "2022-08-19T20:36:00+09:00",
                "緯度": "36.23138889",
                "経度": "137.98444444",
                "夜空の明るさ": "18.65",
                "ばらつき": "0.20",
                "周辺状況": "",
                "備考": "参考値（薄雲）",
                "継続観察登録地点": ""
            }
        },
        {
            "type": "Feature",
            "geometry": {
                "type": "Point",
                "coordinates": [
                    138.00222222,
                    36.19555556
                ]
            },
            "properties": {
                "調査時期": "2022_S",
                "都道府県": "長野県",
                "市区町村": "松本市",
                "撮影場所": "",
                "撮影日時": "2022-08-19T20:56:00+09:00",
                "緯度": "36.19555556",
                "経度": "138.00222222",
                "夜空の明るさ": "19.30",
                "ばらつき": "0.27",
                "周辺状況": "",
                "備考": "参考値（薄雲）",
                "継続観察登録地点": ""
            }
        },
        {
            "type": "Feature",
            "geometry": {
                "type": "Point",
                "coordinates": [
                    137.61861111,
                    36.2275
                ]
            },
            "properties": {
                "調査時期": "2022_S",
                "都道府県": "長野県",
                "市区町村": "松本市",
                "撮影場所": "松本市安曇上高地　大正池",
                "撮影日時": "2022-08-28T22:16:00+09:00",
                "緯度": "36.22750000",
                "経度": "137.61861111",
                "夜空の明るさ": "",
                "ばらつき": "",
                "周辺状況": "自然公園等",
                "備考": "測定不可（方向エラー）",
                "継続観察登録地点": "○"
            }
        },
        {
            "type": "Feature",
            "geometry": {
                "type": "Point",
                "coordinates": [
                    137.7025,
                    36.04583333
                ]
            },
            "properties": {
                "調査時期": "2022_S",
                "都道府県": "長野県",
                "市区町村": "松本市",
                "撮影場所": "奈川高原",
                "撮影日時": "2022-08-22T21:14:00+09:00",
                "緯度": "36.04583333",
                "経度": "137.70250000",
                "夜空の明るさ": "20.89",
                "ばらつき": "0.30",
                "周辺状況": "自然公園等",
                "備考": "参考値（薄雲）",
                "継続観察登録地点": "○"
            }
        },
        {
            "type": "Feature",
            "geometry": {
                "type": "Point",
                "coordinates": [
                    137.71805556,
                    36.13111111
                ]
            },
            "properties": {
                "調査時期": "2022_S",
                "都道府県": "長野県",
                "市区町村": "松本市",
                "撮影場所": "奈川渡ダム駐車場",
                "撮影日時": "2022-08-26T22:29:00+09:00",
                "緯度": "36.13111111",
                "経度": "137.71805556",
                "夜空の明るさ": "21.31",
                "ばらつき": "0.10",
                "周辺状況": "森林山間地",
                "備考": "",
                "継続観察登録地点": "○"
            }
        },
        {
            "type": "Feature",
            "geometry": {
                "type": "Point",
                "coordinates": [
                    137.99805556,
                    36.31722222
                ]
            },
            "properties": {
                "調査時期": "2022_S",
                "都道府県": "長野県",
                "市区町村": "松本市",
                "撮影場所": "",
                "撮影日時": "2022-08-28T20:24:00+09:00",
                "緯度": "36.31722222",
                "経度": "137.99805556",
                "夜空の明るさ": "20.71",
                "ばらつき": "0.07",
                "周辺状況": "",
                "備考": "",
                "継続観察登録地点": ""
            }
        },
        {
            "type": "Feature",
            "geometry": {
                "type": "Point",
                "coordinates": [
                    137.99666667,
                    36.35805556
                ]
            },
            "properties": {
                "調査時期": "2022_S",
                "都道府県": "長野県",
                "市区町村": "松本市",
                "撮影場所": "",
                "撮影日時": "2022-08-28T20:37:00+09:00",
                "緯度": "36.35805556",
                "経度": "137.99666667",
                "夜空の明るさ": "20.85",
                "ばらつき": "0.12",
                "周辺状況": "",
                "備考": "",
                "継続観察登録地点": ""
            }
        },
        {
            "type": "Feature",
            "geometry": {
                "type": "Point",
                "coordinates": [
                    137.85944444,
                    36.18027778
                ]
            },
            "properties": {
                "調査時期": "2022_S",
                "都道府県": "長野県",
                "市区町村": "松本市",
                "撮影場所": "",
                "撮影日時": "2022-08-31T19:53:00+09:00",
                "緯度": "36.18027778",
                "経度": "137.85944444",
                "夜空の明るさ": "17.81",
                "ばらつき": "1.13",
                "周辺状況": "",
                "備考": "参考値（薄雲）",
                "継続観察登録地点": ""
            }
        },
        {
            "type": "Feature",
            "geometry": {
                "type": "Point",
                "coordinates": [
                    137.80388889,
                    36.18333333
                ]
            },
            "properties": {
                "調査時期": "2022_S",
                "都道府県": "長野県",
                "市区町村": "松本市",
                "撮影場所": "",
                "撮影日時": "2022-08-31T20:10:00+09:00",
                "緯度": "36.18333333",
                "経度": "137.80388889",
                "夜空の明るさ": "18.91",
                "ばらつき": "0.37",
                "周辺状況": "",
                "備考": "参考値（薄雲）",
                "継続観察登録地点": ""
            }
        },
        {
            "type": "Feature",
            "geometry": {
                "type": "Point",
                "coordinates": [
                    137.74916667,
                    36.15305556
                ]
            },
            "properties": {
                "調査時期": "2022_S",
                "都道府県": "長野県",
                "市区町村": "松本市",
                "撮影場所": "",
                "撮影日時": "2022-08-31T20:24:00+09:00",
                "緯度": "36.15305556",
                "経度": "137.74916667",
                "夜空の明るさ": "19.31",
                "ばらつき": "0.60",
                "周辺状況": "",
                "備考": "参考値（薄雲）",
                "継続観察登録地点": ""
            }
        },
        {
            "type": "Feature",
            "geometry": {
                "type": "Point",
                "coordinates": [
                    137.71805556,
                    36.13111111
                ]
            },
            "properties": {
                "調査時期": "2022_S",
                "都道府県": "長野県",
                "市区町村": "松本市",
                "撮影場所": "奈川渡ダム駐車場",
                "撮影日時": "2022-08-31T20:41:00+09:00",
                "緯度": "36.13111111",
                "経度": "137.71805556",
                "夜空の明るさ": "18.18",
                "ばらつき": "0.85",
                "周辺状況": "森林山間地",
                "備考": "参考値（薄雲）",
                "継続観察登録地点": "○"
            }
        },
        {
            "type": "Feature",
            "geometry": {
                "type": "Point",
                "coordinates": [
                    137.64222222,
                    36.12027778
                ]
            },
            "properties": {
                "調査時期": "2022_S",
                "都道府県": "長野県",
                "市区町村": "松本市",
                "撮影場所": "乗鞍高原・いがや",
                "撮影日時": "2022-08-31T21:09:00+09:00",
                "緯度": "36.12027778",
                "経度": "137.64222222",
                "夜空の明るさ": "20.86",
                "ばらつき": "0.67",
                "周辺状況": "自然公園等",
                "備考": "参考値（薄雲）",
                "継続観察登録地点": "○"
            }
        },
        {
            "type": "Feature",
            "geometry": {
                "type": "Point",
                "coordinates": [
                    138.21861111,
                    36.35111111
                ]
            },
            "properties": {
                "調査時期": "2022_S",
                "都道府県": "長野県",
                "市区町村": "上田市",
                "撮影場所": "古安曽観測所前",
                "撮影日時": "2022-08-19T20:03:00+09:00",
                "緯度": "36.35111111",
                "経度": "138.21861111",
                "夜空の明るさ": "20.02",
                "ばらつき": "0.17",
                "周辺状況": "農業地域",
                "備考": "",
                "継続観察登録地点": "○"
            }
        },
        {
            "type": "Feature",
            "geometry": {
                "type": "Point",
                "coordinates": [
                    138.21861111,
                    36.35111111
                ]
            },
            "properties": {
                "調査時期": "2022_S",
                "都道府県": "長野県",
                "市区町村": "上田市",
                "撮影場所": "古安曽観測所前",
                "撮影日時": "2022-08-19T20:56:00+09:00",
                "緯度": "36.35111111",
                "経度": "138.21861111",
                "夜空の明るさ": "20.05",
                "ばらつき": "0.08",
                "周辺状況": "農業地域",
                "備考": "",
                "継続観察登録地点": "○"
            }
        },
        {
            "type": "Feature",
            "geometry": {
                "type": "Point",
                "coordinates": [
                    138.22833333,
                    36.40333333
                ]
            },
            "properties": {
                "調査時期": "2022_S",
                "都道府県": "長野県",
                "市区町村": "上田市",
                "撮影場所": "上田千曲高校周辺",
                "撮影日時": "2022-08-28T22:27:00+09:00",
                "緯度": "36.40333333",
                "経度": "138.22833333",
                "夜空の明るさ": "19.47",
                "ばらつき": "0.10",
                "周辺状況": "住宅地域",
                "備考": "",
                "継続観察登録地点": "○"
            }
        },
        {
            "type": "Feature",
            "geometry": {
                "type": "Point",
                "coordinates": [
                    138.16861111,
                    36.09805556
                ]
            },
            "properties": {
                "調査時期": "2022_S",
                "都道府県": "長野県",
                "市区町村": "諏訪市",
                "撮影場所": "霧ヶ峰高原",
                "撮影日時": "2022-08-18T20:55:00+09:00",
                "緯度": "36.09805556",
                "経度": "138.16861111",
                "夜空の明るさ": "21.20",
                "ばらつき": "0.11",
                "周辺状況": "自然公園等",
                "備考": "",
                "継続観察登録地点": "○"
            }
        },
        {
            "type": "Feature",
            "geometry": {
                "type": "Point",
                "coordinates": [
                    138.18777778,
                    36.10388889
                ]
            },
            "properties": {
                "調査時期": "2022_S",
                "都道府県": "長野県",
                "市区町村": "諏訪市",
                "撮影場所": "諏訪市四賀霧ヶ峰車山肩",
                "撮影日時": "2022-08-18T21:08:00+09:00",
                "緯度": "36.10388889",
                "経度": "138.18777778",
                "夜空の明るさ": "21.28",
                "ばらつき": "0.12",
                "周辺状況": "自然公園等",
                "備考": "",
                "継続観察登録地点": "○"
            }
        },
        {
            "type": "Feature",
            "geometry": {
                "type": "Point",
                "coordinates": [
                    138.16861111,
                    36.09805556
                ]
            },
            "properties": {
                "調査時期": "2022_S",
                "都道府県": "長野県",
                "市区町村": "諏訪市",
                "撮影場所": "霧ヶ峰高原",
                "撮影日時": "2022-08-18T20:49:00+09:00",
                "緯度": "36.09805556",
                "経度": "138.16861111",
                "夜空の明るさ": "21.17",
                "ばらつき": "0.12",
                "周辺状況": "自然公園等",
                "備考": "",
                "継続観察登録地点": "○"
            }
        },
        {
            "type": "Feature",
            "geometry": {
                "type": "Point",
                "coordinates": [
                    138.18777778,
                    36.10388889
                ]
            },
            "properties": {
                "調査時期": "2022_S",
                "都道府県": "長野県",
                "市区町村": "諏訪市",
                "撮影場所": "諏訪市四賀霧ヶ峰車山肩",
                "撮影日時": "2022-08-18T21:02:00+09:00",
                "緯度": "36.10388889",
                "経度": "138.18777778",
                "夜空の明るさ": "21.19",
                "ばらつき": "0.17",
                "周辺状況": "自然公園等",
                "備考": "",
                "継続観察登録地点": "○"
            }
        },
        {
            "type": "Feature",
            "geometry": {
                "type": "Point",
                "coordinates": [
                    138.11,
                    36.04444444
                ]
            },
            "properties": {
                "調査時期": "2022_S",
                "都道府県": "長野県",
                "市区町村": "諏訪市",
                "撮影場所": "",
                "撮影日時": "2022-08-26T21:41:00+09:00",
                "緯度": "36.04444444",
                "経度": "138.11000000",
                "夜空の明るさ": "18.51",
                "ばらつき": "0.16",
                "周辺状況": "",
                "備考": "",
                "継続観察登録地点": ""
            }
        },
        {
            "type": "Feature",
            "geometry": {
                "type": "Point",
                "coordinates": [
                    138.05333333,
                    35.83666667
                ]
            },
            "properties": {
                "調査時期": "2022_S",
                "都道府県": "長野県",
                "市区町村": "伊那市",
                "撮影場所": "",
                "撮影日時": "2022-08-18T21:03:00+09:00",
                "緯度": "35.83666667",
                "経度": "138.05333333",
                "夜空の明るさ": "19.93",
                "ばらつき": "0.12",
                "周辺状況": "",
                "備考": "",
                "継続観察登録地点": ""
            }
        },
        {
            "type": "Feature",
            "geometry": {
                "type": "Point",
                "coordinates": [
                    138.08222222,
                    35.79194444
                ]
            },
            "properties": {
                "調査時期": "2022_S",
                "都道府県": "長野県",
                "市区町村": "伊那市",
                "撮影場所": "",
                "撮影日時": "2022-08-18T21:18:00+09:00",
                "緯度": "35.79194444",
                "経度": "138.08222222",
                "夜空の明るさ": "21.04",
                "ばらつき": "0.09",
                "周辺状況": "",
                "備考": "",
                "継続観察登録地点": ""
            }
        },
        {
            "type": "Feature",
            "geometry": {
                "type": "Point",
                "coordinates": [
                    138.07583333,
                    35.76805556
                ]
            },
            "properties": {
                "調査時期": "2022_S",
                "都道府県": "長野県",
                "市区町村": "伊那市",
                "撮影場所": "",
                "撮影日時": "2022-08-18T21:29:00+09:00",
                "緯度": "35.76805556",
                "経度": "138.07583333",
                "夜空の明るさ": "21.11",
                "ばらつき": "0.03",
                "周辺状況": "",
                "備考": "",
                "継続観察登録地点": ""
            }
        },
        {
            "type": "Feature",
            "geometry": {
                "type": "Point",
                "coordinates": [
                    138.06694444,
                    35.69972222
                ]
            },
            "properties": {
                "調査時期": "2022_S",
                "都道府県": "長野県",
                "市区町村": "伊那市",
                "撮影場所": "",
                "撮影日時": "2022-08-18T21:51:00+09:00",
                "緯度": "35.69972222",
                "経度": "138.06694444",
                "夜空の明るさ": "21.31",
                "ばらつき": "0.17",
                "周辺状況": "",
                "備考": "",
                "継続観察登録地点": ""
            }
        },
        {
            "type": "Feature",
            "geometry": {
                "type": "Point",
                "coordinates": [
                    137.945,
                    35.83944444
                ]
            },
            "properties": {
                "調査時期": "2022_S",
                "都道府県": "長野県",
                "市区町村": "伊那市",
                "撮影場所": "長野県伊那文化会館",
                "撮影日時": "2022-08-28T20:19:00+09:00",
                "緯度": "35.83944444",
                "経度": "137.94500000",
                "夜空の明るさ": "19.22",
                "ばらつき": "0.10",
                "周辺状況": "住宅地域",
                "備考": "参考値（薄雲）",
                "継続観察登録地点": "○"
            }
        },
        {
            "type": "Feature",
            "geometry": {
                "type": "Point",
                "coordinates": [
                    137.92666667,
                    35.70944444
                ]
            },
            "properties": {
                "調査時期": "2022_S",
                "都道府県": "長野県",
                "市区町村": "駒ヶ根市",
                "撮影場所": "",
                "撮影日時": "2022-08-27T21:21:00+09:00",
                "緯度": "35.70944444",
                "経度": "137.92666667",
                "夜空の明るさ": "19.67",
                "ばらつき": "0.07",
                "周辺状況": "",
                "備考": "参考値（薄雲）",
                "継続観察登録地点": ""
            }
        },
        {
            "type": "Feature",
            "geometry": {
                "type": "Point",
                "coordinates": [
                    137.89444444,
                    35.74611111
                ]
            },
            "properties": {
                "調査時期": "2022_S",
                "都道府県": "長野県",
                "市区町村": "駒ヶ根市",
                "撮影場所": "",
                "撮影日時": "2022-08-27T21:51:00+09:00",
                "緯度": "35.74611111",
                "経度": "137.89444444",
                "夜空の明るさ": "18.84",
                "ばらつき": "0.00",
                "周辺状況": "",
                "備考": "参考値（薄雲）",
                "継続観察登録地点": ""
            }
        },
        {
            "type": "Feature",
            "geometry": {
                "type": "Point",
                "coordinates": [
                    138.29444444,
                    36.83666667
                ]
            },
            "properties": {
                "調査時期": "2022_S",
                "都道府県": "長野県",
                "市区町村": "中野市",
                "撮影場所": "",
                "撮影日時": "2022-08-28T20:53:00+09:00",
                "緯度": "36.83666667",
                "経度": "138.29444444",
                "夜空の明るさ": "21.23",
                "ばらつき": "0.14",
                "周辺状況": "",
                "備考": "",
                "継続観察登録地点": ""
            }
        },
        {
            "type": "Feature",
            "geometry": {
                "type": "Point",
                "coordinates": [
                    137.87694444,
                    36.44527778
                ]
            },
            "properties": {
                "調査時期": "2022_S",
                "都道府県": "長野県",
                "市区町村": "大町市",
                "撮影場所": "大町市社 大町観測所",
                "撮影日時": "2022-08-19T20:51:00+09:00",
                "緯度": "36.44527778",
                "経度": "137.87694444",
                "夜空の明るさ": "20.68",
                "ばらつき": "0.17",
                "周辺状況": "農業地域",
                "備考": "",
                "継続観察登録地点": "○"
            }
        },
        {
            "type": "Feature",
            "geometry": {
                "type": "Point",
                "coordinates": [
                    137.85138889,
                    36.50222222
                ]
            },
            "properties": {
                "調査時期": "2022_S",
                "都道府県": "長野県",
                "市区町村": "大町市",
                "撮影場所": "大町市大町 大町市役所",
                "撮影日時": "2022-08-19T20:28:00+09:00",
                "緯度": "36.50222222",
                "経度": "137.85138889",
                "夜空の明るさ": "19.94",
                "ばらつき": "0.21",
                "周辺状況": "住宅地域",
                "備考": "",
                "継続観察登録地点": "○"
            }
        },
        {
            "type": "Feature",
            "geometry": {
                "type": "Point",
                "coordinates": [
                    138.44527778,
                    36.98777778
                ]
            },
            "properties": {
                "調査時期": "2022_S",
                "都道府県": "長野県",
                "市区町村": "飯山市",
                "撮影場所": "",
                "撮影日時": "2022-08-19T20:29:00+09:00",
                "緯度": "36.98777778",
                "経度": "138.44527778",
                "夜空の明るさ": "21.15",
                "ばらつき": "0.15",
                "周辺状況": "",
                "備考": "",
                "継続観察登録地点": ""
            }
        },
        {
            "type": "Feature",
            "geometry": {
                "type": "Point",
                "coordinates": [
                    138.17916667,
                    36.00638889
                ]
            },
            "properties": {
                "調査時期": "2022_S",
                "都道府県": "長野県",
                "市区町村": "茅野市",
                "撮影場所": "",
                "撮影日時": "2022-08-19T21:59:00+09:00",
                "緯度": "36.00638889",
                "経度": "138.17916667",
                "夜空の明るさ": "19.19",
                "ばらつき": "0.07",
                "周辺状況": "",
                "備考": "",
                "継続観察登録地点": ""
            }
        },
        {
            "type": "Feature",
            "geometry": {
                "type": "Point",
                "coordinates": [
                    138.23055556,
                    36.01305556
                ]
            },
            "properties": {
                "調査時期": "2022_S",
                "都道府県": "長野県",
                "市区町村": "茅野市",
                "撮影場所": "",
                "撮影日時": "2022-08-31T21:44:00+09:00",
                "緯度": "36.01305556",
                "経度": "138.23055556",
                "夜空の明るさ": "",
                "ばらつき": "",
                "周辺状況": "",
                "備考": "測定不可（雲量大）",
                "継続観察登録地点": ""
            }
        },
        {
            "type": "Feature",
            "geometry": {
                "type": "Point",
                "coordinates": [
                    137.99611111,
                    36.14944444
                ]
            },
            "properties": {
                "調査時期": "2022_S",
                "都道府県": "長野県",
                "市区町村": "塩尻市",
                "撮影場所": "",
                "撮影日時": "2022-08-19T21:10:00+09:00",
                "緯度": "36.14944444",
                "経度": "137.99611111",
                "夜空の明るさ": "19.39",
                "ばらつき": "0.24",
                "周辺状況": "",
                "備考": "参考値（薄雲）",
                "継続観察登録地点": ""
            }
        },
        {
            "type": "Feature",
            "geometry": {
                "type": "Point",
                "coordinates": [
                    137.9375,
                    36.13888889
                ]
            },
            "properties": {
                "調査時期": "2022_S",
                "都道府県": "長野県",
                "市区町村": "塩尻市",
                "撮影場所": "堅石公民館",
                "撮影日時": "2022-08-19T21:27:00+09:00",
                "緯度": "36.13888889",
                "経度": "137.93750000",
                "夜空の明るさ": "18.58",
                "ばらつき": "0.06",
                "周辺状況": "農業地域",
                "備考": "参考値（薄雲）",
                "継続観察登録地点": "○"
            }
        },
        {
            "type": "Feature",
            "geometry": {
                "type": "Point",
                "coordinates": [
                    137.975,
                    36.10111111
                ]
            },
            "properties": {
                "調査時期": "2022_S",
                "都道府県": "長野県",
                "市区町村": "塩尻市",
                "撮影場所": "塩尻東地区センター",
                "撮影日時": "2022-08-19T21:17:00+09:00",
                "緯度": "36.10111111",
                "経度": "137.97500000",
                "夜空の明るさ": "18.72",
                "ばらつき": "0.20",
                "周辺状況": "農業地域",
                "備考": "",
                "継続観察登録地点": "○"
            }
        },
        {
            "type": "Feature",
            "geometry": {
                "type": "Point",
                "coordinates": [
                    137.92194444,
                    36.15388889
                ]
            },
            "properties": {
                "調査時期": "2022_S",
                "都道府県": "長野県",
                "市区町村": "塩尻市",
                "撮影場所": "信州スカイパーク",
                "撮影日時": "2022-08-22T20:43:00+09:00",
                "緯度": "36.15388889",
                "経度": "137.92194444",
                "夜空の明るさ": "19.02",
                "ばらつき": "0.17",
                "周辺状況": "自然公園等",
                "備考": "",
                "継続観察登録地点": "○"
            }
        },
        {
            "type": "Feature",
            "geometry": {
                "type": "Point",
                "coordinates": [
                    137.90972222,
                    36.13055556
                ]
            },
            "properties": {
                "調査時期": "2022_S",
                "都道府県": "長野県",
                "市区町村": "塩尻市",
                "撮影場所": "",
                "撮影日時": "2022-08-22T21:10:00+09:00",
                "緯度": "36.13055556",
                "経度": "137.90972222",
                "夜空の明るさ": "19.69",
                "ばらつき": "0.16",
                "周辺状況": "",
                "備考": "",
                "継続観察登録地点": ""
            }
        },
        {
            "type": "Feature",
            "geometry": {
                "type": "Point",
                "coordinates": [
                    137.95666667,
                    36.16305556
                ]
            },
            "properties": {
                "調査時期": "2022_S",
                "都道府県": "長野県",
                "市区町村": "塩尻市",
                "撮影場所": "",
                "撮影日時": "2022-08-19T20:15:00+09:00",
                "緯度": "36.16305556",
                "経度": "137.95666667",
                "夜空の明るさ": "19.06",
                "ばらつき": "0.15",
                "周辺状況": "",
                "備考": "",
                "継続観察登録地点": ""
            }
        },
        {
            "type": "Feature",
            "geometry": {
                "type": "Point",
                "coordinates": [
                    137.97972222,
                    36.14388889
                ]
            },
            "properties": {
                "調査時期": "2022_S",
                "都道府県": "長野県",
                "市区町村": "塩尻市",
                "撮影場所": "片丘小学校東",
                "撮影日時": "2022-08-19T20:48:00+09:00",
                "緯度": "36.14388889",
                "経度": "137.97972222",
                "夜空の明るさ": "19.21",
                "ばらつき": "0.31",
                "周辺状況": "農業地域",
                "備考": "参考値（薄雲）",
                "継続観察登録地点": "○"
            }
        },
        {
            "type": "Feature",
            "geometry": {
                "type": "Point",
                "coordinates": [
                    137.9,
                    36.06472222
                ]
            },
            "properties": {
                "調査時期": "2022_S",
                "都道府県": "長野県",
                "市区町村": "塩尻市",
                "撮影場所": "塩尻市本山",
                "撮影日時": "2022-08-22T20:04:00+09:00",
                "緯度": "36.06472222",
                "経度": "137.90000000",
                "夜空の明るさ": "20.68",
                "ばらつき": "0.07",
                "周辺状況": "農業地域",
                "備考": "",
                "継続観察登録地点": "○"
            }
        },
        {
            "type": "Feature",
            "geometry": {
                "type": "Point",
                "coordinates": [
                    137.85916667,
                    36.01277778
                ]
            },
            "properties": {
                "調査時期": "2022_S",
                "都道府県": "長野県",
                "市区町村": "塩尻市",
                "撮影場所": "",
                "撮影日時": "2022-08-22T20:16:00+09:00",
                "緯度": "36.01277778",
                "経度": "137.85916667",
                "夜空の明るさ": "21.02",
                "ばらつき": "0.00",
                "周辺状況": "",
                "備考": "",
                "継続観察登録地点": ""
            }
        },
        {
            "type": "Feature",
            "geometry": {
                "type": "Point",
                "coordinates": [
                    137.84277778,
                    35.98638889
                ]
            },
            "properties": {
                "調査時期": "2022_S",
                "都道府県": "長野県",
                "市区町村": "塩尻市",
                "撮影場所": "",
                "撮影日時": "2022-08-26T20:17:00+09:00",
                "緯度": "35.98638889",
                "経度": "137.84277778",
                "夜空の明るさ": "16.87",
                "ばらつき": "0.43",
                "周辺状況": "",
                "備考": "参考値（薄雲）",
                "継続観察登録地点": ""
            }
        },
        {
            "type": "Feature",
            "geometry": {
                "type": "Point",
                "coordinates": [
                    138.40416667,
                    36.25805556
                ]
            },
            "properties": {
                "調査時期": "2022_S",
                "都道府県": "長野県",
                "市区町村": "佐久市",
                "撮影場所": "",
                "撮影日時": "2022-08-19T20:12:00+09:00",
                "緯度": "36.25805556",
                "経度": "138.40416667",
                "夜空の明るさ": "20.33",
                "ばらつき": "0.05",
                "周辺状況": "",
                "備考": "",
                "継続観察登録地点": ""
            }
        },
        {
            "type": "Feature",
            "geometry": {
                "type": "Point",
                "coordinates": [
                    138.11055556,
                    36.52805556
                ]
            },
            "properties": {
                "調査時期": "2022_S",
                "都道府県": "長野県",
                "市区町村": "千曲市",
                "撮影場所": "千曲市 中央公園",
                "撮影日時": "2022-08-18T21:49:00+09:00",
                "緯度": "36.52805556",
                "経度": "138.11055556",
                "夜空の明るさ": "20.06",
                "ばらつき": "0.10",
                "周辺状況": "住宅地域",
                "備考": "",
                "継続観察登録地点": "○"
            }
        },
        {
            "type": "Feature",
            "geometry": {
                "type": "Point",
                "coordinates": [
                    138.13666667,
                    36.53416667
                ]
            },
            "properties": {
                "調査時期": "2022_S",
                "都道府県": "長野県",
                "市区町村": "千曲市",
                "撮影場所": "",
                "撮影日時": "2022-08-18T22:09:00+09:00",
                "緯度": "36.53416667",
                "経度": "138.13666667",
                "夜空の明るさ": "20.07",
                "ばらつき": "0.10",
                "周辺状況": "",
                "備考": "",
                "継続観察登録地点": ""
            }
        },
        {
            "type": "Feature",
            "geometry": {
                "type": "Point",
                "coordinates": [
                    138.33944444,
                    36.36083333
                ]
            },
            "properties": {
                "調査時期": "2022_S",
                "都道府県": "長野県",
                "市区町村": "東御市",
                "撮影場所": "",
                "撮影日時": "2022-08-18T21:16:00+09:00",
                "緯度": "36.36083333",
                "経度": "138.33944444",
                "夜空の明るさ": "20.27",
                "ばらつき": "0.05",
                "周辺状況": "",
                "備考": "",
                "継続観察登録地点": ""
            }
        },
        {
            "type": "Feature",
            "geometry": {
                "type": "Point",
                "coordinates": [
                    137.9525,
                    36.34361111
                ]
            },
            "properties": {
                "調査時期": "2022_S",
                "都道府県": "長野県",
                "市区町村": "安曇野市",
                "撮影場所": "",
                "撮影日時": "2022-08-28T20:51:00+09:00",
                "緯度": "36.34361111",
                "経度": "137.95250000",
                "夜空の明るさ": "20.65",
                "ばらつき": "0.09",
                "周辺状況": "",
                "備考": "",
                "継続観察登録地点": ""
            }
        },
        {
            "type": "Feature",
            "geometry": {
                "type": "Point",
                "coordinates": [
                    137.91583333,
                    36.33916667
                ]
            },
            "properties": {
                "調査時期": "2022_S",
                "都道府県": "長野県",
                "市区町村": "安曇野市",
                "撮影場所": "",
                "撮影日時": "2022-08-28T21:09:00+09:00",
                "緯度": "36.33916667",
                "経度": "137.91583333",
                "夜空の明るさ": "",
                "ばらつき": "",
                "周辺状況": "",
                "備考": "測定不可（雲量大）",
                "継続観察登録地点": ""
            }
        },
        {
            "type": "Feature",
            "geometry": {
                "type": "Point",
                "coordinates": [
                    138.46333333,
                    35.96138889
                ]
            },
            "properties": {
                "調査時期": "2022_S",
                "都道府県": "長野県",
                "市区町村": "南牧村",
                "撮影場所": "南佐久郡南牧村野辺山",
                "撮影日時": "2022-08-19T20:35:00+09:00",
                "緯度": "35.96138889",
                "経度": "138.46333333",
                "夜空の明るさ": "21.16",
                "ばらつき": "0.14",
                "周辺状況": "住宅地域",
                "備考": "",
                "継続観察登録地点": "○"
            }
        },
        {
            "type": "Feature",
            "geometry": {
                "type": "Point",
                "coordinates": [
                    138.47277778,
                    35.94138889
                ]
            },
            "properties": {
                "調査時期": "2022_S",
                "都道府県": "長野県",
                "市区町村": "南牧村",
                "撮影場所": "国立天文台野辺山宇宙電波観測所内",
                "撮影日時": "2022-08-19T20:14:00+09:00",
                "緯度": "35.94138889",
                "経度": "138.47277778",
                "夜空の明るさ": "21.05",
                "ばらつき": "0.04",
                "周辺状況": "農業地域",
                "備考": "",
                "継続観察登録地点": "○"
            }
        },
        {
            "type": "Feature",
            "geometry": {
                "type": "Point",
                "coordinates": [
                    138.51666667,
                    36.06138889
                ]
            },
            "properties": {
                "調査時期": "2022_S",
                "都道府県": "長野県",
                "市区町村": "北相木村",
                "撮影場所": "南佐久郡北相木村栃原",
                "撮影日時": "2022-08-18T20:45:00+09:00",
                "緯度": "36.06138889",
                "経度": "138.51666667",
                "夜空の明るさ": "21.08",
                "ばらつき": "0.15",
                "周辺状況": "森林山間地",
                "備考": "",
                "継続観察登録地点": "○"
            }
        },
        {
            "type": "Feature",
            "geometry": {
                "type": "Point",
                "coordinates": [
                    138.15972222,
                    36.12055556
                ]
            },
            "properties": {
                "調査時期": "2022_S",
                "都道府県": "長野県",
                "市区町村": "下諏訪町",
                "撮影場所": "諏訪郡下諏訪町八島湿原",
                "撮影日時": "2022-08-19T20:39:00+09:00",
                "緯度": "36.12055556",
                "経度": "138.15972222",
                "夜空の明るさ": "21.11",
                "ばらつき": "0.06",
                "周辺状況": "自然公園等",
                "備考": "",
                "継続観察登録地点": "○"
            }
        },
        {
            "type": "Feature",
            "geometry": {
                "type": "Point",
                "coordinates": [
                    138.15972222,
                    36.12055556
                ]
            },
            "properties": {
                "調査時期": "2022_S",
                "都道府県": "長野県",
                "市区町村": "下諏訪町",
                "撮影場所": "諏訪郡下諏訪町八島湿原",
                "撮影日時": "2022-08-19T20:38:00+09:00",
                "緯度": "36.12055556",
                "経度": "138.15972222",
                "夜空の明るさ": "21.08",
                "ばらつき": "0.09",
                "周辺状況": "自然公園等",
                "備考": "",
                "継続観察登録地点": "○"
            }
        },
        {
            "type": "Feature",
            "geometry": {
                "type": "Point",
                "coordinates": [
                    138.07861111,
                    36.05916667
                ]
            },
            "properties": {
                "調査時期": "2022_S",
                "都道府県": "長野県",
                "市区町村": "下諏訪町",
                "撮影場所": "下諏訪町赤砂崎公園",
                "撮影日時": "2022-08-26T20:48:00+09:00",
                "緯度": "36.05916667",
                "経度": "138.07861111",
                "夜空の明るさ": "18.88",
                "ばらつき": "0.10",
                "周辺状況": "自然公園等",
                "備考": "",
                "継続観察登録地点": "○"
            }
        },
        {
            "type": "Feature",
            "geometry": {
                "type": "Point",
                "coordinates": [
                    138.17083333,
                    35.90277778
                ]
            },
            "properties": {
                "調査時期": "2022_S",
                "都道府県": "長野県",
                "市区町村": "富士見町",
                "撮影場所": "マナスル山荘天文館コテージ広場",
                "撮影日時": "2022-08-18T21:45:00+09:00",
                "緯度": "35.90277778",
                "経度": "138.17083333",
                "夜空の明るさ": "21.01",
                "ばらつき": "0.15",
                "周辺状況": "森林山間地",
                "備考": "",
                "継続観察登録地点": "○"
            }
        },
        {
            "type": "Feature",
            "geometry": {
                "type": "Point",
                "coordinates": [
                    138.28055556,
                    35.91861111
                ]
            },
            "properties": {
                "調査時期": "2022_S",
                "都道府県": "長野県",
                "市区町村": "富士見町",
                "撮影場所": "",
                "撮影日時": "2022-08-19T21:06:00+09:00",
                "緯度": "35.91861111",
                "経度": "138.28055556",
                "夜空の明るさ": "20.47",
                "ばらつき": "0.13",
                "周辺状況": "",
                "備考": "",
                "継続観察登録地点": ""
            }
        },
        {
            "type": "Feature",
            "geometry": {
                "type": "Point",
                "coordinates": [
                    138.26305556,
                    35.97361111
                ]
            },
            "properties": {
                "調査時期": "2022_S",
                "都道府県": "長野県",
                "市区町村": "原村",
                "撮影場所": "",
                "撮影日時": "2022-08-31T21:01:00+09:00",
                "緯度": "35.97361111",
                "経度": "138.26305556",
                "夜空の明るさ": "20.12",
                "ばらつき": "0.07",
                "周辺状況": "",
                "備考": "",
                "継続観察登録地点": ""
            }
        },
        {
            "type": "Feature",
            "geometry": {
                "type": "Point",
                "coordinates": [
                    137.995,
                    35.96861111
                ]
            },
            "properties": {
                "調査時期": "2022_S",
                "都道府県": "長野県",
                "市区町村": "辰野町",
                "撮影場所": "",
                "撮影日時": "2022-08-18T20:19:00+09:00",
                "緯度": "35.96861111",
                "経度": "137.99500000",
                "夜空の明るさ": "20.31",
                "ばらつき": "0.05",
                "周辺状況": "",
                "備考": "",
                "継続観察登録地点": ""
            }
        },
        {
            "type": "Feature",
            "geometry": {
                "type": "Point",
                "coordinates": [
                    137.99861111,
                    35.91
                ]
            },
            "properties": {
                "調査時期": "2022_S",
                "都道府県": "長野県",
                "市区町村": "箕輪町",
                "撮影場所": "",
                "撮影日時": "2022-08-18T20:35:00+09:00",
                "緯度": "35.91000000",
                "経度": "137.99861111",
                "夜空の明るさ": "18.84",
                "ばらつき": "0.08",
                "周辺状況": "",
                "備考": "",
                "継続観察登録地点": ""
            }
        },
        {
            "type": "Feature",
            "geometry": {
                "type": "Point",
                "coordinates": [
                    137.98777778,
                    35.89916667
                ]
            },
            "properties": {
                "調査時期": "2022_S",
                "都道府県": "長野県",
                "市区町村": "箕輪町",
                "撮影場所": "JR木ノ下駅周辺",
                "撮影日時": "2022-08-19T20:13:00+09:00",
                "緯度": "35.89916667",
                "経度": "137.98777778",
                "夜空の明るさ": "19.54",
                "ばらつき": "0.12",
                "周辺状況": "住宅地域",
                "備考": "",
                "継続観察登録地点": "○"
            }
        },
        {
            "type": "Feature",
            "geometry": {
                "type": "Point",
                "coordinates": [
                    137.94333333,
                    35.88527778
                ]
            },
            "properties": {
                "調査時期": "2022_S",
                "都道府県": "長野県",
                "市区町村": "南箕輪村",
                "撮影場所": "上伊那郡南箕輪村 大芝公園",
                "撮影日時": "2022-08-28T20:40:00+09:00",
                "緯度": "35.88527778",
                "経度": "137.94333333",
                "夜空の明るさ": "19.50",
                "ばらつき": "0.66",
                "周辺状況": "自然公園等",
                "備考": "参考値（薄雲）",
                "継続観察登録地点": "○"
            }
        },
        {
            "type": "Feature",
            "geometry": {
                "type": "Point",
                "coordinates": [
                    137.74472222,
                    35.25777778
                ]
            },
            "properties": {
                "調査時期": "2022_S",
                "都道府県": "長野県",
                "市区町村": "阿南町",
                "撮影場所": "",
                "撮影日時": "2022-08-26T22:04:00+09:00",
                "緯度": "35.25777778",
                "経度": "137.74472222",
                "夜空の明るさ": "20.12",
                "ばらつき": "0.00",
                "周辺状況": "",
                "備考": "",
                "継続観察登録地点": ""
            }
        },
        {
            "type": "Feature",
            "geometry": {
                "type": "Point",
                "coordinates": [
                    137.69333333,
                    35.78333333
                ]
            },
            "properties": {
                "調査時期": "2022_S",
                "都道府県": "長野県",
                "市区町村": "上松町",
                "撮影場所": "上松駅前",
                "撮影日時": "2022-08-28T21:29:00+09:00",
                "緯度": "35.78333333",
                "経度": "137.69333333",
                "夜空の明るさ": "20.13",
                "ばらつき": "0.04",
                "周辺状況": "商業地域",
                "備考": "参考値（薄雲）",
                "継続観察登録地点": "○"
            }
        },
        {
            "type": "Feature",
            "geometry": {
                "type": "Point",
                "coordinates": [
                    137.68555556,
                    35.80972222
                ]
            },
            "properties": {
                "調査時期": "2022_S",
                "都道府県": "長野県",
                "市区町村": "上松町",
                "撮影場所": "木曽の桟",
                "撮影日時": "2022-08-28T21:21:00+09:00",
                "緯度": "35.80972222",
                "経度": "137.68555556",
                "夜空の明るさ": "20.95",
                "ばらつき": "0.10",
                "周辺状況": "森林山間地",
                "備考": "参考値（薄雲）",
                "継続観察登録地点": "○"
            }
        },
        {
            "type": "Feature",
            "geometry": {
                "type": "Point",
                "coordinates": [
                    137.62388889,
                    35.79666667
                ]
            },
            "properties": {
                "調査時期": "2022_S",
                "都道府県": "長野県",
                "市区町村": "王滝村",
                "撮影場所": "東京大学木曽観測所",
                "撮影日時": "2022-08-26T21:22:00+09:00",
                "緯度": "35.79666667",
                "経度": "137.62388889",
                "夜空の明るさ": "20.73",
                "ばらつき": "0.02",
                "周辺状況": "森林山間地",
                "備考": "",
                "継続観察登録地点": "○"
            }
        },
        {
            "type": "Feature",
            "geometry": {
                "type": "Point",
                "coordinates": [
                    137.57416667,
                    35.96611111
                ]
            },
            "properties": {
                "調査時期": "2022_S",
                "都道府県": "長野県",
                "市区町村": "木曽町",
                "撮影場所": "開田高原水芭蕉園",
                "撮影日時": "2022-08-18T21:08:00+09:00",
                "緯度": "35.96611111",
                "経度": "137.57416667",
                "夜空の明るさ": "21.46",
                "ばらつき": "0.06",
                "周辺状況": "自然公園等",
                "備考": "",
                "継続観察登録地点": "○"
            }
        },
        {
            "type": "Feature",
            "geometry": {
                "type": "Point",
                "coordinates": [
                    137.58611111,
                    35.89611111
                ]
            },
            "properties": {
                "調査時期": "2022_S",
                "都道府県": "長野県",
                "市区町村": "木曽町",
                "撮影場所": "木曽町三岳倉本",
                "撮影日時": "2022-08-18T20:30:00+09:00",
                "緯度": "35.89611111",
                "経度": "137.58611111",
                "夜空の明るさ": "21.64",
                "ばらつき": "0.13",
                "周辺状況": "森林山間地",
                "備考": "",
                "継続観察登録地点": "○"
            }
        },
        {
            "type": "Feature",
            "geometry": {
                "type": "Point",
                "coordinates": [
                    137.62944444,
                    35.9325
                ]
            },
            "properties": {
                "調査時期": "2022_S",
                "都道府県": "長野県",
                "市区町村": "木曽町",
                "撮影場所": "木曽馬の里",
                "撮影日時": "2022-08-26T21:24:00+09:00",
                "緯度": "35.93250000",
                "経度": "137.62944444",
                "夜空の明るさ": "21.11",
                "ばらつき": "0.06",
                "周辺状況": "その他",
                "備考": "",
                "継続観察登録地点": "○"
            }
        },
        {
            "type": "Feature",
            "geometry": {
                "type": "Point",
                "coordinates": [
                    137.74027778,
                    35.86611111
                ]
            },
            "properties": {
                "調査時期": "2022_S",
                "都道府県": "長野県",
                "市区町村": "木曽町",
                "撮影場所": "",
                "撮影日時": "2022-08-27T21:10:00+09:00",
                "緯度": "35.86611111",
                "経度": "137.74027778",
                "夜空の明るさ": "20.19",
                "ばらつき": "0.06",
                "周辺状況": "",
                "備考": "",
                "継続観察登録地点": ""
            }
        },
        {
            "type": "Feature",
            "geometry": {
                "type": "Point",
                "coordinates": [
                    137.55611111,
                    35.91861111
                ]
            },
            "properties": {
                "調査時期": "2022_S",
                "都道府県": "長野県",
                "市区町村": "木曽町",
                "撮影場所": "開田高原保健休養地テニスコート",
                "撮影日時": "2022-08-28T21:51:00+09:00",
                "緯度": "35.91861111",
                "経度": "137.55611111",
                "夜空の明るさ": "21.21",
                "ばらつき": "0.00",
                "周辺状況": "森林山間地",
                "備考": "",
                "継続観察登録地点": "○"
            }
        },
        {
            "type": "Feature",
            "geometry": {
                "type": "Point",
                "coordinates": [
                    137.87861111,
                    36.16972222
                ]
            },
            "properties": {
                "調査時期": "2022_S",
                "都道府県": "長野県",
                "市区町村": "山形村",
                "撮影場所": "山形村 ミラ フード館 ",
                "撮影日時": "2022-08-22T20:56:00+09:00",
                "緯度": "36.16972222",
                "経度": "137.87861111",
                "夜空の明るさ": "19.90",
                "ばらつき": "0.10",
                "周辺状況": "農業地域",
                "備考": "",
                "継続観察登録地点": "○"
            }
        },
        {
            "type": "Feature",
            "geometry": {
                "type": "Point",
                "coordinates": [
                    137.86305556,
                    36.1275
                ]
            },
            "properties": {
                "調査時期": "2022_S",
                "都道府県": "長野県",
                "市区町村": "朝日村",
                "撮影場所": "朝日小学校付近",
                "撮影日時": "2022-08-22T21:28:00+09:00",
                "緯度": "36.12750000",
                "経度": "137.86305556",
                "夜空の明るさ": "20.42",
                "ばらつき": "0.02",
                "周辺状況": "住宅地域",
                "備考": "",
                "継続観察登録地点": "○"
            }
        },
        {
            "type": "Feature",
            "geometry": {
                "type": "Point",
                "coordinates": [
                    137.98694444,
                    36.65972222
                ]
            },
            "properties": {
                "調査時期": "2022_S",
                "都道府県": "長野県",
                "市区町村": "小川村",
                "撮影場所": "小川天文台",
                "撮影日時": "2022-08-19T20:21:00+09:00",
                "緯度": "36.65972222",
                "経度": "137.98694444",
                "夜空の明るさ": "21.18",
                "ばらつき": "0.08",
                "周辺状況": "森林山間地",
                "備考": "",
                "継続観察登録地点": "○"
            }
        },
        {
            "type": "Feature",
            "geometry": {
                "type": "Point",
                "coordinates": [
                    136.4575,
                    35.57583333
                ]
            },
            "properties": {
                "調査時期": "2022_S",
                "都道府県": "岐阜県",
                "市区町村": "揖斐川町",
                "撮影場所": "揖斐川町西横山",
                "撮影日時": "2022-08-18T21:21:00+09:00",
                "緯度": "35.57583333",
                "経度": "136.45750000",
                "夜空の明るさ": "20.78",
                "ばらつき": "0.14",
                "周辺状況": "森林山間地",
                "備考": "",
                "継続観察登録地点": "○"
            }
        },
        {
            "type": "Feature",
            "geometry": {
                "type": "Point",
                "coordinates": [
                    138.85083333,
                    34.97527778
                ]
            },
            "properties": {
                "調査時期": "2022_S",
                "都道府県": "静岡県",
                "市区町村": "伊豆市",
                "撮影場所": "",
                "撮影日時": "2022-08-19T21:09:00+09:00",
                "緯度": "34.97527778",
                "経度": "138.85083333",
                "夜空の明るさ": "20.44",
                "ばらつき": "0.07",
                "周辺状況": "",
                "備考": "",
                "継続観察登録地点": ""
            }
        },
        {
            "type": "Feature",
            "geometry": {
                "type": "Point",
                "coordinates": [
                    138.83472222,
                    34.93611111
                ]
            },
            "properties": {
                "調査時期": "2022_S",
                "都道府県": "静岡県",
                "市区町村": "伊豆市",
                "撮影場所": "",
                "撮影日時": "2022-08-26T20:12:00+09:00",
                "緯度": "34.93611111",
                "経度": "138.83472222",
                "夜空の明るさ": "19.83",
                "ばらつき": "0.25",
                "周辺状況": "",
                "備考": "",
                "継続観察登録地点": ""
            }
        },
        {
            "type": "Feature",
            "geometry": {
                "type": "Point",
                "coordinates": [
                    139.03666667,
                    35.10361111
                ]
            },
            "properties": {
                "調査時期": "2022_S",
                "都道府県": "静岡県",
                "市区町村": "函南町",
                "撮影場所": "",
                "撮影日時": "2022-08-27T20:24:00+09:00",
                "緯度": "35.10361111",
                "経度": "139.03666667",
                "夜空の明るさ": "19.42",
                "ばらつき": "0.25",
                "周辺状況": "",
                "備考": "",
                "継続観察登録地点": ""
            }
        },
        {
            "type": "Feature",
            "geometry": {
                "type": "Point",
                "coordinates": [
                    138.89333333,
                    35.10138889
                ]
            },
            "properties": {
                "調査時期": "2022_S",
                "都道府県": "静岡県",
                "市区町村": "清水町",
                "撮影場所": "",
                "撮影日時": "2022-08-18T21:47:00+09:00",
                "緯度": "35.10138889",
                "経度": "138.89333333",
                "夜空の明るさ": "18.68",
                "ばらつき": "0.09",
                "周辺状況": "",
                "備考": "",
                "継続観察登録地点": ""
            }
        },
        {
            "type": "Feature",
            "geometry": {
                "type": "Point",
                "coordinates": [
                    136.89944444,
                    35.165
                ]
            },
            "properties": {
                "調査時期": "2022_S",
                "都道府県": "愛知県",
                "市区町村": "名古屋市　中区",
                "撮影場所": "名古屋市科学館",
                "撮影日時": "2022-08-28T20:49:00+09:00",
                "緯度": "35.16500000",
                "経度": "136.89944444",
                "夜空の明るさ": "16.71",
                "ばらつき": "0.15",
                "周辺状況": "商業地域",
                "備考": "",
                "継続観察登録地点": "○"
            }
        },
        {
            "type": "Feature",
            "geometry": {
                "type": "Point",
                "coordinates": [
                    137.43916667,
                    34.66777778
                ]
            },
            "properties": {
                "調査時期": "2022_S",
                "都道府県": "愛知県",
                "市区町村": "豊橋市",
                "撮影場所": "",
                "撮影日時": "2022-08-18T20:34:00+09:00",
                "緯度": "34.66777778",
                "経度": "137.43916667",
                "夜空の明るさ": "19.59",
                "ばらつき": "0.09",
                "周辺状況": "",
                "備考": "",
                "継続観察登録地点": ""
            }
        },
        {
            "type": "Feature",
            "geometry": {
                "type": "Point",
                "coordinates": [
                    137.47833333,
                    35.16916667
                ]
            },
            "properties": {
                "調査時期": "2022_S",
                "都道府県": "愛知県",
                "市区町村": "設楽町",
                "撮影場所": "",
                "撮影日時": "2022-08-26T20:10:00+09:00",
                "緯度": "35.16916667",
                "経度": "137.47833333",
                "夜空の明るさ": "18.54",
                "ばらつき": "0.01",
                "周辺状況": "",
                "備考": "",
                "継続観察登録地点": ""
            }
        },
        {
            "type": "Feature",
            "geometry": {
                "type": "Point",
                "coordinates": [
                    137.57444444,
                    35.09388889
                ]
            },
            "properties": {
                "調査時期": "2022_S",
                "都道府県": "愛知県",
                "市区町村": "設楽町",
                "撮影場所": "奥三河総合センター",
                "撮影日時": "2022-08-26T20:40:00+09:00",
                "緯度": "35.09388889",
                "経度": "137.57444444",
                "夜空の明るさ": "18.86",
                "ばらつき": "0.38",
                "周辺状況": "住宅地域",
                "備考": "参考値（薄雲）",
                "継続観察登録地点": "○"
            }
        },
        {
            "type": "Feature",
            "geometry": {
                "type": "Point",
                "coordinates": [
                    137.60861111,
                    35.19555556
                ]
            },
            "properties": {
                "調査時期": "2022_S",
                "都道府県": "愛知県",
                "市区町村": "設楽町",
                "撮影場所": "道の駅つぐ高原グリーンパーク",
                "撮影日時": "2022-08-26T21:16:00+09:00",
                "緯度": "35.19555556",
                "経度": "137.60861111",
                "夜空の明るさ": "19.67",
                "ばらつき": "0.03",
                "周辺状況": "自然公園等",
                "備考": "",
                "継続観察登録地点": "○"
            }
        },
        {
            "type": "Feature",
            "geometry": {
                "type": "Point",
                "coordinates": [
                    137.7225,
                    35.12027778
                ]
            },
            "properties": {
                "調査時期": "2022_S",
                "都道府県": "愛知県",
                "市区町村": "東栄町",
                "撮影場所": "",
                "撮影日時": "2022-08-19T20:08:00+09:00",
                "緯度": "35.12027778",
                "経度": "137.72250000",
                "夜空の明るさ": "20.75",
                "ばらつき": "0.04",
                "周辺状況": "",
                "備考": "",
                "継続観察登録地点": ""
            }
        },
        {
            "type": "Feature",
            "geometry": {
                "type": "Point",
                "coordinates": [
                    137.71583333,
                    35.08083333
                ]
            },
            "properties": {
                "調査時期": "2022_S",
                "都道府県": "愛知県",
                "市区町村": "東栄町",
                "撮影場所": "",
                "撮影日時": "2022-08-19T21:54:00+09:00",
                "緯度": "35.08083333",
                "経度": "137.71583333",
                "夜空の明るさ": "20.49",
                "ばらつき": "0.12",
                "周辺状況": "",
                "備考": "",
                "継続観察登録地点": ""
            }
        },
        {
            "type": "Feature",
            "geometry": {
                "type": "Point",
                "coordinates": [
                    137.65944444,
                    35.22194444
                ]
            },
            "properties": {
                "調査時期": "2022_S",
                "都道府県": "愛知県",
                "市区町村": "豊根村",
                "撮影場所": "茶臼山高原(愛知県北設楽郡豊根村)",
                "撮影日時": "2022-08-26T21:35:00+09:00",
                "緯度": "35.22194444",
                "経度": "137.65944444",
                "夜空の明るさ": "19.43",
                "ばらつき": "0.21",
                "周辺状況": "自然公園等",
                "備考": "",
                "継続観察登録地点": "○"
            }
        },
        {
            "type": "Feature",
            "geometry": {
                "type": "Point",
                "coordinates": [
                    136.21472222,
                    34.06194444
                ]
            },
            "properties": {
                "調査時期": "2022_S",
                "都道府県": "三重県",
                "市区町村": "尾鷲市",
                "撮影場所": "",
                "撮影日時": "2022-08-28T21:39:00+09:00",
                "緯度": "34.06194444",
                "経度": "136.21472222",
                "夜空の明るさ": "20.83",
                "ばらつき": "0.09",
                "周辺状況": "",
                "備考": "",
                "継続観察登録地点": ""
            }
        },
        {
            "type": "Feature",
            "geometry": {
                "type": "Point",
                "coordinates": [
                    136.36,
                    34.88194444
                ]
            },
            "properties": {
                "調査時期": "2022_S",
                "都道府県": "三重県",
                "市区町村": "亀山市",
                "撮影場所": "鈴鹿峠自然の家",
                "撮影日時": "2022-08-28T21:52:00+09:00",
                "緯度": "34.88194444",
                "経度": "136.36000000",
                "夜空の明るさ": "19.77",
                "ばらつき": "0.00",
                "周辺状況": "森林山間地",
                "備考": "",
                "継続観察登録地点": "○"
            }
        },
        {
            "type": "Feature",
            "geometry": {
                "type": "Point",
                "coordinates": [
                    136.36,
                    34.88222222
                ]
            },
            "properties": {
                "調査時期": "2022_S",
                "都道府県": "三重県",
                "市区町村": "亀山市",
                "撮影場所": "鈴鹿峠自然の家",
                "撮影日時": "2022-08-28T21:54:00+09:00",
                "緯度": "34.88222222",
                "経度": "136.36000000",
                "夜空の明るさ": "19.77",
                "ばらつき": "0.00",
                "周辺状況": "森林山間地",
                "備考": "",
                "継続観察登録地点": "○"
            }
        },
        {
            "type": "Feature",
            "geometry": {
                "type": "Point",
                "coordinates": [
                    135.74611111,
                    34.99972222
                ]
            },
            "properties": {
                "調査時期": "2022_S",
                "都道府県": "京都府",
                "市区町村": "京都市　中京区",
                "撮影場所": "上京区主税町",
                "撮影日時": "2022-08-31T21:54:00+09:00",
                "緯度": "34.99972222",
                "経度": "135.74611111",
                "夜空の明るさ": "17.30",
                "ばらつき": "0.00",
                "周辺状況": "商業地域",
                "備考": "参考値（薄雲）",
                "継続観察登録地点": "○"
            }
        },
        {
            "type": "Feature",
            "geometry": {
                "type": "Point",
                "coordinates": [
                    135.90416667,
                    34.78833333
                ]
            },
            "properties": {
                "調査時期": "2022_S",
                "都道府県": "京都府",
                "市区町村": "和束町",
                "撮影場所": "相楽郡和束町杣田",
                "撮影日時": "2022-08-28T20:25:00+09:00",
                "緯度": "34.78833333",
                "経度": "135.90416667",
                "夜空の明るさ": "19.61",
                "ばらつき": "0.07",
                "周辺状況": "農業地域",
                "備考": "",
                "継続観察登録地点": "○"
            }
        },
        {
            "type": "Feature",
            "geometry": {
                "type": "Point",
                "coordinates": [
                    135.13333333,
                    34.68361111
                ]
            },
            "properties": {
                "調査時期": "2022_S",
                "都道府県": "兵庫県",
                "市区町村": "神戸市　長田区",
                "撮影場所": "神戸市長田区鹿松町",
                "撮影日時": "2022-08-28T20:09:00+09:00",
                "緯度": "34.68361111",
                "経度": "135.13333333",
                "夜空の明るさ": "18.26",
                "ばらつき": "0.14",
                "周辺状況": "住宅地域",
                "備考": "",
                "継続観察登録地点": "○"
            }
        },
        {
            "type": "Feature",
            "geometry": {
                "type": "Point",
                "coordinates": [
                    135.05527778,
                    34.655
                ]
            },
            "properties": {
                "調査時期": "2022_S",
                "都道府県": "兵庫県",
                "市区町村": "神戸市　垂水区",
                "撮影場所": "兵庫県立舞子高等学校屋上",
                "撮影日時": "2022-08-25T19:41:00+09:00",
                "緯度": "34.65500000",
                "経度": "135.05527778",
                "夜空の明るさ": "16.78",
                "ばらつき": "0.03",
                "周辺状況": "住宅地域",
                "備考": "参考値（薄雲）",
                "継続観察登録地点": "○"
            }
        },
        {
            "type": "Feature",
            "geometry": {
                "type": "Point",
                "coordinates": [
                    135.05527778,
                    34.65527778
                ]
            },
            "properties": {
                "調査時期": "2022_S",
                "都道府県": "兵庫県",
                "市区町村": "神戸市　垂水区",
                "撮影場所": "兵庫県立舞子高等学校屋上",
                "撮影日時": "2022-08-26T19:25:00+09:00",
                "緯度": "34.65527778",
                "経度": "135.05527778",
                "夜空の明るさ": "",
                "ばらつき": "",
                "周辺状況": "住宅地域",
                "備考": "測定不可（雲量大）",
                "継続観察登録地点": "○"
            }
        },
        {
            "type": "Feature",
            "geometry": {
                "type": "Point",
                "coordinates": [
                    135.05527778,
                    34.65527778
                ]
            },
            "properties": {
                "調査時期": "2022_S",
                "都道府県": "兵庫県",
                "市区町村": "神戸市　垂水区",
                "撮影場所": "兵庫県立舞子高等学校屋上",
                "撮影日時": "2022-08-27T19:20:00+09:00",
                "緯度": "34.65527778",
                "経度": "135.05527778",
                "夜空の明るさ": "17.12",
                "ばらつき": "0.09",
                "周辺状況": "住宅地域",
                "備考": "",
                "継続観察登録地点": "○"
            }
        },
        {
            "type": "Feature",
            "geometry": {
                "type": "Point",
                "coordinates": [
                    135.05527778,
                    34.65527778
                ]
            },
            "properties": {
                "調査時期": "2022_S",
                "都道府県": "兵庫県",
                "市区町村": "神戸市　垂水区",
                "撮影場所": "兵庫県立舞子高等学校屋上",
                "撮影日時": "2022-08-28T19:18:00+09:00",
                "緯度": "34.65527778",
                "経度": "135.05527778",
                "夜空の明るさ": "17.63",
                "ばらつき": "0.11",
                "周辺状況": "住宅地域",
                "備考": "",
                "継続観察登録地点": "○"
            }
        },
        {
            "type": "Feature",
            "geometry": {
                "type": "Point",
                "coordinates": [
                    135.05527778,
                    34.65527778
                ]
            },
            "properties": {
                "調査時期": "2022_S",
                "都道府県": "兵庫県",
                "市区町村": "神戸市　垂水区",
                "撮影場所": "兵庫県立舞子高等学校屋上",
                "撮影日時": "2022-08-29T19:26:00+09:00",
                "緯度": "34.65527778",
                "経度": "135.05527778",
                "夜空の明るさ": "17.67",
                "ばらつき": "0.20",
                "周辺状況": "住宅地域",
                "備考": "参考値（薄雲）",
                "継続観察登録地点": "○"
            }
        },
        {
            "type": "Feature",
            "geometry": {
                "type": "Point",
                "coordinates": [
                    135.05527778,
                    34.65527778
                ]
            },
            "properties": {
                "調査時期": "2022_S",
                "都道府県": "兵庫県",
                "市区町村": "神戸市　垂水区",
                "撮影場所": "兵庫県立舞子高等学校屋上",
                "撮影日時": "2022-08-31T19:45:00+09:00",
                "緯度": "34.65527778",
                "経度": "135.05527778",
                "夜空の明るさ": "18.07",
                "ばらつき": "0.08",
                "周辺状況": "住宅地域",
                "備考": "",
                "継続観察登録地点": "○"
            }
        },
        {
            "type": "Feature",
            "geometry": {
                "type": "Point",
                "coordinates": [
                    135.03138889,
                    34.69833333
                ]
            },
            "properties": {
                "調査時期": "2022_S",
                "都道府県": "兵庫県",
                "市区町村": "神戸市　西区",
                "撮影場所": "神戸市西区井吹台 西神南",
                "撮影日時": "2022-08-25T20:13:00+09:00",
                "緯度": "34.69833333",
                "経度": "135.03138889",
                "夜空の明るさ": "",
                "ばらつき": "",
                "周辺状況": "住宅地域",
                "備考": "測定不可（雲量大）",
                "継続観察登録地点": "○"
            }
        },
        {
            "type": "Feature",
            "geometry": {
                "type": "Point",
                "coordinates": [
                    135.03166667,
                    34.69861111
                ]
            },
            "properties": {
                "調査時期": "2022_S",
                "都道府県": "兵庫県",
                "市区町村": "神戸市　西区",
                "撮影場所": "神戸市西区井吹台 西神南",
                "撮影日時": "2022-08-26T19:46:00+09:00",
                "緯度": "34.69861111",
                "経度": "135.03166667",
                "夜空の明るさ": "",
                "ばらつき": "",
                "周辺状況": "住宅地域",
                "備考": "測定不可（雲量大）",
                "継続観察登録地点": "○"
            }
        },
        {
            "type": "Feature",
            "geometry": {
                "type": "Point",
                "coordinates": [
                    135.03138889,
                    34.69833333
                ]
            },
            "properties": {
                "調査時期": "2022_S",
                "都道府県": "兵庫県",
                "市区町村": "神戸市　西区",
                "撮影場所": "神戸市西区井吹台 西神南",
                "撮影日時": "2022-08-27T19:54:00+09:00",
                "緯度": "34.69833333",
                "経度": "135.03138889",
                "夜空の明るさ": "17.35",
                "ばらつき": "0.11",
                "周辺状況": "住宅地域",
                "備考": "",
                "継続観察登録地点": "○"
            }
        },
        {
            "type": "Feature",
            "geometry": {
                "type": "Point",
                "coordinates": [
                    135.03166667,
                    34.69833333
                ]
            },
            "properties": {
                "調査時期": "2022_S",
                "都道府県": "兵庫県",
                "市区町村": "神戸市　西区",
                "撮影場所": "神戸市西区井吹台 西神南",
                "撮影日時": "2022-08-28T20:23:00+09:00",
                "緯度": "34.69833333",
                "経度": "135.03166667",
                "夜空の明るさ": "18.29",
                "ばらつき": "0.05",
                "周辺状況": "住宅地域",
                "備考": "",
                "継続観察登録地点": "○"
            }
        },
        {
            "type": "Feature",
            "geometry": {
                "type": "Point",
                "coordinates": [
                    135.03166667,
                    34.69833333
                ]
            },
            "properties": {
                "調査時期": "2022_S",
                "都道府県": "兵庫県",
                "市区町村": "神戸市　西区",
                "撮影場所": "神戸市西区井吹台 西神南",
                "撮影日時": "2022-08-29T20:00:00+09:00",
                "緯度": "34.69833333",
                "経度": "135.03166667",
                "夜空の明るさ": "17.45",
                "ばらつき": "0.07",
                "周辺状況": "住宅地域",
                "備考": "参考値（薄雲）",
                "継続観察登録地点": "○"
            }
        },
        {
            "type": "Feature",
            "geometry": {
                "type": "Point",
                "coordinates": [
                    135.03138889,
                    34.69833333
                ]
            },
            "properties": {
                "調査時期": "2022_S",
                "都道府県": "兵庫県",
                "市区町村": "神戸市　西区",
                "撮影場所": "神戸市西区井吹台 西神南",
                "撮影日時": "2022-08-31T21:20:00+09:00",
                "緯度": "34.69833333",
                "経度": "135.03138889",
                "夜空の明るさ": "18.13",
                "ばらつき": "0.11",
                "周辺状況": "住宅地域",
                "備考": "",
                "継続観察登録地点": "○"
            }
        },
        {
            "type": "Feature",
            "geometry": {
                "type": "Point",
                "coordinates": [
                    135.02333333,
                    34.575
                ]
            },
            "properties": {
                "調査時期": "2022_S",
                "都道府県": "兵庫県",
                "市区町村": "淡路市",
                "撮影場所": "淡路市久留麻 淡路",
                "撮影日時": "2022-08-27T22:34:00+09:00",
                "緯度": "34.57500000",
                "経度": "135.02333333",
                "夜空の明るさ": "",
                "ばらつき": "",
                "周辺状況": "その他",
                "備考": "測定不可（雲量大）",
                "継続観察登録地点": "○"
            }
        },
        {
            "type": "Feature",
            "geometry": {
                "type": "Point",
                "coordinates": [
                    135.87,
                    34.24305556
                ]
            },
            "properties": {
                "調査時期": "2022_S",
                "都道府県": "奈良県",
                "市区町村": "天川村",
                "撮影場所": "",
                "撮影日時": "2022-07-30T21:48:00+09:00",
                "緯度": "34.24305556",
                "経度": "135.87000000",
                "夜空の明るさ": "20.61",
                "ばらつき": "0.15",
                "周辺状況": "",
                "備考": "観察時間外",
                "継続観察登録地点": ""
            }
        },
        {
            "type": "Feature",
            "geometry": {
                "type": "Point",
                "coordinates": [
                    135.18333333,
                    34.24527778
                ]
            },
            "properties": {
                "調査時期": "2022_S",
                "都道府県": "和歌山県",
                "市区町村": "和歌山市",
                "撮影場所": "和歌山県和歌山市中之島",
                "撮影日時": "2022-08-18T21:38:00+09:00",
                "緯度": "34.24527778",
                "経度": "135.18333333",
                "夜空の明るさ": "18.24",
                "ばらつき": "0.10",
                "周辺状況": "住宅地域",
                "備考": "",
                "継続観察登録地点": "○"
            }
        },
        {
            "type": "Feature",
            "geometry": {
                "type": "Point",
                "coordinates": [
                    135.40638889,
                    34.14416667
                ]
            },
            "properties": {
                "調査時期": "2022_S",
                "都道府県": "和歌山県",
                "市区町村": "紀美野町",
                "撮影場所": "和歌山県海草郡紀美野町　みさと天文台",
                "撮影日時": "2022-08-31T20:12:00+09:00",
                "緯度": "34.14416667",
                "経度": "135.40638889",
                "夜空の明るさ": "20.58",
                "ばらつき": "0.06",
                "周辺状況": "森林山間地",
                "備考": "",
                "継続観察登録地点": "○"
            }
        },
        {
            "type": "Feature",
            "geometry": {
                "type": "Point",
                "coordinates": [
                    135.40638889,
                    34.14416667
                ]
            },
            "properties": {
                "調査時期": "2022_S",
                "都道府県": "和歌山県",
                "市区町村": "紀美野町",
                "撮影場所": "和歌山県海草郡紀美野町　みさと天文台",
                "撮影日時": "2022-08-31T19:56:00+09:00",
                "緯度": "34.14416667",
                "経度": "135.40638889",
                "夜空の明るさ": "",
                "ばらつき": "",
                "周辺状況": "森林山間地",
                "備考": "測定不可（方向エラー）",
                "継続観察登録地点": "○"
            }
        },
        {
            "type": "Feature",
            "geometry": {
                "type": "Point",
                "coordinates": [
                    135.6975,
                    33.59333333
                ]
            },
            "properties": {
                "調査時期": "2022_S",
                "都道府県": "和歌山県",
                "市区町村": "古座川町",
                "撮影場所": "和歌山県東牟婁郡古座川町佐田",
                "撮影日時": "2022-08-22T21:15:00+09:00",
                "緯度": "33.59333333",
                "経度": "135.69750000",
                "夜空の明るさ": "19.75",
                "ばらつき": "0.42",
                "周辺状況": "森林山間地",
                "備考": "参考値（薄雲）",
                "継続観察登録地点": "○"
            }
        },
        {
            "type": "Feature",
            "geometry": {
                "type": "Point",
                "coordinates": [
                    135.6975,
                    33.59333333
                ]
            },
            "properties": {
                "調査時期": "2022_S",
                "都道府県": "和歌山県",
                "市区町村": "古座川町",
                "撮影場所": "和歌山県東牟婁郡古座川町佐田",
                "撮影日時": "2022-08-22T21:23:00+09:00",
                "緯度": "33.59333333",
                "経度": "135.69750000",
                "夜空の明るさ": "19.54",
                "ばらつき": "0.15",
                "周辺状況": "森林山間地",
                "備考": "参考値（薄雲）",
                "継続観察登録地点": "○"
            }
        },
        {
            "type": "Feature",
            "geometry": {
                "type": "Point",
                "coordinates": [
                    135.6975,
                    33.59333333
                ]
            },
            "properties": {
                "調査時期": "2022_S",
                "都道府県": "和歌山県",
                "市区町村": "古座川町",
                "撮影場所": "和歌山県東牟婁郡古座川町佐田",
                "撮影日時": "2022-08-28T21:25:00+09:00",
                "緯度": "33.59333333",
                "経度": "135.69750000",
                "夜空の明るさ": "21.38",
                "ばらつき": "0.20",
                "周辺状況": "森林山間地",
                "備考": "",
                "継続観察登録地点": "○"
            }
        },
        {
            "type": "Feature",
            "geometry": {
                "type": "Point",
                "coordinates": [
                    135.6975,
                    33.59333333
                ]
            },
            "properties": {
                "調査時期": "2022_S",
                "都道府県": "和歌山県",
                "市区町村": "古座川町",
                "撮影場所": "和歌山県東牟婁郡古座川町佐田",
                "撮影日時": "2022-08-28T21:31:00+09:00",
                "緯度": "33.59333333",
                "経度": "135.69750000",
                "夜空の明るさ": "21.40",
                "ばらつき": "0.17",
                "周辺状況": "森林山間地",
                "備考": "",
                "継続観察登録地点": "○"
            }
        },
        {
            "type": "Feature",
            "geometry": {
                "type": "Point",
                "coordinates": [
                    134.105,
                    35.33083333
                ]
            },
            "properties": {
                "調査時期": "2022_S",
                "都道府県": "鳥取県",
                "市区町村": "鳥取市",
                "撮影場所": "",
                "撮影日時": "2022-08-18T20:53:00+09:00",
                "緯度": "35.33083333",
                "経度": "134.10500000",
                "夜空の明るさ": "21.25",
                "ばらつき": "0.11",
                "周辺状況": "",
                "備考": "",
                "継続観察登録地点": ""
            }
        },
        {
            "type": "Feature",
            "geometry": {
                "type": "Point",
                "coordinates": [
                    134.11944444,
                    35.34194444
                ]
            },
            "properties": {
                "調査時期": "2022_S",
                "都道府県": "鳥取県",
                "市区町村": "鳥取市",
                "撮影場所": "さじアストロパーク園地",
                "撮影日時": "2022-08-18T22:01:00+09:00",
                "緯度": "35.34194444",
                "経度": "134.11944444",
                "夜空の明るさ": "21.21",
                "ばらつき": "0.11",
                "周辺状況": "森林山間地",
                "備考": "",
                "継続観察登録地点": "○"
            }
        },
        {
            "type": "Feature",
            "geometry": {
                "type": "Point",
                "coordinates": [
                    134.05916667,
                    35.33027778
                ]
            },
            "properties": {
                "調査時期": "2022_S",
                "都道府県": "鳥取県",
                "市区町村": "鳥取市",
                "撮影場所": "",
                "撮影日時": "2022-08-18T21:34:00+09:00",
                "緯度": "35.33027778",
                "経度": "134.05916667",
                "夜空の明るさ": "21.10",
                "ばらつき": "0.06",
                "周辺状況": "",
                "備考": "",
                "継続観察登録地点": ""
            }
        },
        {
            "type": "Feature",
            "geometry": {
                "type": "Point",
                "coordinates": [
                    134.04333333,
                    35.32861111
                ]
            },
            "properties": {
                "調査時期": "2022_S",
                "都道府県": "鳥取県",
                "市区町村": "鳥取市",
                "撮影場所": "",
                "撮影日時": "2022-08-21T22:08:00+09:00",
                "緯度": "35.32861111",
                "経度": "134.04333333",
                "夜空の明るさ": "20.36",
                "ばらつき": "0.48",
                "周辺状況": "",
                "備考": "",
                "継続観察登録地点": ""
            }
        },
        {
            "type": "Feature",
            "geometry": {
                "type": "Point",
                "coordinates": [
                    134.16,
                    35.3425
                ]
            },
            "properties": {
                "調査時期": "2022_S",
                "都道府県": "鳥取県",
                "市区町村": "鳥取市",
                "撮影場所": "",
                "撮影日時": "2022-08-18T21:14:00+09:00",
                "緯度": "35.34250000",
                "経度": "134.16000000",
                "夜空の明るさ": "20.97",
                "ばらつき": "0.19",
                "周辺状況": "",
                "備考": "",
                "継続観察登録地点": ""
            }
        },
        {
            "type": "Feature",
            "geometry": {
                "type": "Point",
                "coordinates": [
                    134.20472222,
                    35.35888889
                ]
            },
            "properties": {
                "調査時期": "2022_S",
                "都道府県": "鳥取県",
                "市区町村": "鳥取市",
                "撮影場所": "鳥取県鳥取市用瀬町鷹狩",
                "撮影日時": "2022-08-18T20:42:00+09:00",
                "緯度": "35.35888889",
                "経度": "134.20472222",
                "夜空の明るさ": "20.93",
                "ばらつき": "0.04",
                "周辺状況": "農業地域",
                "備考": "",
                "継続観察登録地点": "○"
            }
        },
        {
            "type": "Feature",
            "geometry": {
                "type": "Point",
                "coordinates": [
                    134.20027778,
                    35.39361111
                ]
            },
            "properties": {
                "調査時期": "2022_S",
                "都道府県": "鳥取県",
                "市区町村": "鳥取市",
                "撮影場所": "鳥取市河原町曳田 桜広場駐車場",
                "撮影日時": "2022-08-18T21:14:00+09:00",
                "緯度": "35.39361111",
                "経度": "134.20027778",
                "夜空の明るさ": "20.44",
                "ばらつき": "0.10",
                "周辺状況": "住宅地域",
                "備考": "",
                "継続観察登録地点": "○"
            }
        },
        {
            "type": "Feature",
            "geometry": {
                "type": "Point",
                "coordinates": [
                    134.21166667,
                    35.4475
                ]
            },
            "properties": {
                "調査時期": "2022_S",
                "都道府県": "鳥取県",
                "市区町村": "鳥取市",
                "撮影場所": "鳥取市倉田 倉田スポーツ広場",
                "撮影日時": "2022-08-18T21:31:00+09:00",
                "緯度": "35.44750000",
                "経度": "134.21166667",
                "夜空の明るさ": "20.29",
                "ばらつき": "0.10",
                "周辺状況": "その他",
                "備考": "",
                "継続観察登録地点": "○"
            }
        },
        {
            "type": "Feature",
            "geometry": {
                "type": "Point",
                "coordinates": [
                    134.21944444,
                    35.49444444
                ]
            },
            "properties": {
                "調査時期": "2022_S",
                "都道府県": "鳥取県",
                "市区町村": "鳥取市",
                "撮影場所": "鳥取市幸町 幸町棒鼻公園",
                "撮影日時": "2022-08-18T21:49:00+09:00",
                "緯度": "35.49444444",
                "経度": "134.21944444",
                "夜空の明るさ": "18.65",
                "ばらつき": "0.11",
                "周辺状況": "住宅地域",
                "備考": "",
                "継続観察登録地点": "○"
            }
        },
        {
            "type": "Feature",
            "geometry": {
                "type": "Point",
                "coordinates": [
                    134.15527778,
                    35.49777778
                ]
            },
            "properties": {
                "調査時期": "2022_S",
                "都道府県": "鳥取県",
                "市区町村": "鳥取市",
                "撮影場所": "",
                "撮影日時": "2022-08-18T22:11:00+09:00",
                "緯度": "35.49777778",
                "経度": "134.15527778",
                "夜空の明るさ": "20.31",
                "ばらつき": "0.05",
                "周辺状況": "",
                "備考": "",
                "継続観察登録地点": ""
            }
        },
        {
            "type": "Feature",
            "geometry": {
                "type": "Point",
                "coordinates": [
                    134.17555556,
                    35.35694444
                ]
            },
            "properties": {
                "調査時期": "2022_S",
                "都道府県": "鳥取県",
                "市区町村": "鳥取市",
                "撮影場所": "",
                "撮影日時": "2022-08-18T20:26:00+09:00",
                "緯度": "35.35694444",
                "経度": "134.17555556",
                "夜空の明るさ": "21.25",
                "ばらつき": "0.19",
                "周辺状況": "",
                "備考": "",
                "継続観察登録地点": ""
            }
        },
        {
            "type": "Feature",
            "geometry": {
                "type": "Point",
                "coordinates": [
                    134.23666667,
                    35.50722222
                ]
            },
            "properties": {
                "調査時期": "2022_S",
                "都道府県": "鳥取県",
                "市区町村": "鳥取市",
                "撮影場所": "",
                "撮影日時": "2022-08-28T21:25:00+09:00",
                "緯度": "35.50722222",
                "経度": "134.23666667",
                "夜空の明るさ": "19.42",
                "ばらつき": "0.06",
                "周辺状況": "",
                "備考": "",
                "継続観察登録地点": ""
            }
        },
        {
            "type": "Feature",
            "geometry": {
                "type": "Point",
                "coordinates": [
                    134.23694444,
                    35.54472222
                ]
            },
            "properties": {
                "調査時期": "2022_S",
                "都道府県": "鳥取県",
                "市区町村": "鳥取市",
                "撮影場所": "鳥取砂丘駐車場",
                "撮影日時": "2022-08-28T20:59:00+09:00",
                "緯度": "35.54472222",
                "経度": "134.23694444",
                "夜空の明るさ": "20.43",
                "ばらつき": "0.09",
                "周辺状況": "自然公園等",
                "備考": "",
                "継続観察登録地点": "○"
            }
        },
        {
            "type": "Feature",
            "geometry": {
                "type": "Point",
                "coordinates": [
                    133.28444444,
                    35.445
                ]
            },
            "properties": {
                "調査時期": "2022_S",
                "都道府県": "鳥取県",
                "市区町村": "米子市",
                "撮影場所": "",
                "撮影日時": "2022-08-28T20:19:00+09:00",
                "緯度": "35.44500000",
                "経度": "133.28444444",
                "夜空の明るさ": "20.16",
                "ばらつき": "0.01",
                "周辺状況": "",
                "備考": "",
                "継続観察登録地点": ""
            }
        },
        {
            "type": "Feature",
            "geometry": {
                "type": "Point",
                "coordinates": [
                    133.295,
                    35.47666667
                ]
            },
            "properties": {
                "調査時期": "2022_S",
                "都道府県": "鳥取県",
                "市区町村": "米子市",
                "撮影場所": "",
                "撮影日時": "2022-08-28T21:38:00+09:00",
                "緯度": "35.47666667",
                "経度": "133.29500000",
                "夜空の明るさ": "20.28",
                "ばらつき": "0.11",
                "周辺状況": "",
                "備考": "",
                "継続観察登録地点": ""
            }
        },
        {
            "type": "Feature",
            "geometry": {
                "type": "Point",
                "coordinates": [
                    133.32277778,
                    35.46055556
                ]
            },
            "properties": {
                "調査時期": "2022_S",
                "都道府県": "鳥取県",
                "市区町村": "米子市",
                "撮影場所": "",
                "撮影日時": "2022-08-28T21:49:00+09:00",
                "緯度": "35.46055556",
                "経度": "133.32277778",
                "夜空の明るさ": "19.70",
                "ばらつき": "0.08",
                "周辺状況": "",
                "備考": "",
                "継続観察登録地点": ""
            }
        },
        {
            "type": "Feature",
            "geometry": {
                "type": "Point",
                "coordinates": [
                    133.33111111,
                    35.42833333
                ]
            },
            "properties": {
                "調査時期": "2022_S",
                "都道府県": "鳥取県",
                "市区町村": "米子市",
                "撮影場所": "",
                "撮影日時": "2022-08-28T22:04:00+09:00",
                "緯度": "35.42833333",
                "経度": "133.33111111",
                "夜空の明るさ": "19.23",
                "ばらつき": "0.00",
                "周辺状況": "",
                "備考": "",
                "継続観察登録地点": ""
            }
        },
        {
            "type": "Feature",
            "geometry": {
                "type": "Point",
                "coordinates": [
                    133.3325,
                    35.42083333
                ]
            },
            "properties": {
                "調査時期": "2022_S",
                "都道府県": "鳥取県",
                "市区町村": "米子市",
                "撮影場所": "",
                "撮影日時": "2022-08-28T22:10:00+09:00",
                "緯度": "35.42083333",
                "経度": "133.33250000",
                "夜空の明るさ": "19.37",
                "ばらつき": "0.00",
                "周辺状況": "",
                "備考": "",
                "継続観察登録地点": ""
            }
        },
        {
            "type": "Feature",
            "geometry": {
                "type": "Point",
                "coordinates": [
                    133.32138889,
                    35.42944444
                ]
            },
            "properties": {
                "調査時期": "2022_S",
                "都道府県": "鳥取県",
                "市区町村": "米子市",
                "撮影場所": "",
                "撮影日時": "2022-08-27T21:20:00+09:00",
                "緯度": "35.42944444",
                "経度": "133.32138889",
                "夜空の明るさ": "18.57",
                "ばらつき": "0.07",
                "周辺状況": "",
                "備考": "",
                "継続観察登録地点": ""
            }
        },
        {
            "type": "Feature",
            "geometry": {
                "type": "Point",
                "coordinates": [
                    133.76,
                    35.35611111
                ]
            },
            "properties": {
                "調査時期": "2022_S",
                "都道府県": "鳥取県",
                "市区町村": "倉吉市",
                "撮影場所": "倉吉市関金町関金宿",
                "撮影日時": "2022-08-28T21:12:00+09:00",
                "緯度": "35.35611111",
                "経度": "133.76000000",
                "夜空の明るさ": "21.25",
                "ばらつき": "0.07",
                "周辺状況": "農業地域",
                "備考": "",
                "継続観察登録地点": "○"
            }
        },
        {
            "type": "Feature",
            "geometry": {
                "type": "Point",
                "coordinates": [
                    133.24416667,
                    35.50111111
                ]
            },
            "properties": {
                "調査時期": "2022_S",
                "都道府県": "鳥取県",
                "市区町村": "境港市",
                "撮影場所": "",
                "撮影日時": "2022-08-28T20:49:00+09:00",
                "緯度": "35.50111111",
                "経度": "133.24416667",
                "夜空の明るさ": "19.41",
                "ばらつき": "0.10",
                "周辺状況": "",
                "備考": "",
                "継続観察登録地点": ""
            }
        },
        {
            "type": "Feature",
            "geometry": {
                "type": "Point",
                "coordinates": [
                    133.24222222,
                    35.54694444
                ]
            },
            "properties": {
                "調査時期": "2022_S",
                "都道府県": "鳥取県",
                "市区町村": "境港市",
                "撮影場所": "",
                "撮影日時": "2022-08-28T21:14:00+09:00",
                "緯度": "35.54694444",
                "経度": "133.24222222",
                "夜空の明るさ": "20.13",
                "ばらつき": "0.06",
                "周辺状況": "",
                "備考": "",
                "継続観察登録地点": ""
            }
        },
        {
            "type": "Feature",
            "geometry": {
                "type": "Point",
                "coordinates": [
                    134.40083333,
                    35.345
                ]
            },
            "properties": {
                "調査時期": "2022_S",
                "都道府県": "鳥取県",
                "市区町村": "若桜町",
                "撮影場所": "",
                "撮影日時": "2022-08-28T22:13:00+09:00",
                "緯度": "35.34500000",
                "経度": "134.40083333",
                "夜空の明るさ": "21.05",
                "ばらつき": "0.13",
                "周辺状況": "",
                "備考": "",
                "継続観察登録地点": ""
            }
        },
        {
            "type": "Feature",
            "geometry": {
                "type": "Point",
                "coordinates": [
                    134.29611111,
                    35.23138889
                ]
            },
            "properties": {
                "調査時期": "2022_S",
                "都道府県": "鳥取県",
                "市区町村": "智頭町",
                "撮影場所": "",
                "撮影日時": "2022-08-28T19:57:00+09:00",
                "緯度": "35.23138889",
                "経度": "134.29611111",
                "夜空の明るさ": "21.36",
                "ばらつき": "0.19",
                "周辺状況": "",
                "備考": "",
                "継続観察登録地点": ""
            }
        },
        {
            "type": "Feature",
            "geometry": {
                "type": "Point",
                "coordinates": [
                    134.27638889,
                    35.26444444
                ]
            },
            "properties": {
                "調査時期": "2022_S",
                "都道府県": "鳥取県",
                "市区町村": "智頭町",
                "撮影場所": "",
                "撮影日時": "2022-08-28T20:14:00+09:00",
                "緯度": "35.26444444",
                "経度": "134.27638889",
                "夜空の明るさ": "21.22",
                "ばらつき": "0.10",
                "周辺状況": "",
                "備考": "",
                "継続観察登録地点": ""
            }
        },
        {
            "type": "Feature",
            "geometry": {
                "type": "Point",
                "coordinates": [
                    134.23361111,
                    35.26611111
                ]
            },
            "properties": {
                "調査時期": "2022_S",
                "都道府県": "鳥取県",
                "市区町村": "智頭町",
                "撮影場所": "",
                "撮影日時": "2022-08-28T20:31:00+09:00",
                "緯度": "35.26611111",
                "経度": "134.23361111",
                "夜空の明るさ": "21.12",
                "ばらつき": "0.12",
                "周辺状況": "",
                "備考": "",
                "継続観察登録地点": ""
            }
        },
        {
            "type": "Feature",
            "geometry": {
                "type": "Point",
                "coordinates": [
                    134.22666667,
                    35.26416667
                ]
            },
            "properties": {
                "調査時期": "2022_S",
                "都道府県": "鳥取県",
                "市区町村": "智頭町",
                "撮影場所": "",
                "撮影日時": "2022-08-28T20:44:00+09:00",
                "緯度": "35.26416667",
                "経度": "134.22666667",
                "夜空の明るさ": "20.79",
                "ばらつき": "0.09",
                "周辺状況": "",
                "備考": "",
                "継続観察登録地点": ""
            }
        },
        {
            "type": "Feature",
            "geometry": {
                "type": "Point",
                "coordinates": [
                    134.22944444,
                    35.23944444
                ]
            },
            "properties": {
                "調査時期": "2022_S",
                "都道府県": "鳥取県",
                "市区町村": "智頭町",
                "撮影場所": "",
                "撮影日時": "2022-08-28T20:56:00+09:00",
                "緯度": "35.23944444",
                "経度": "134.22944444",
                "夜空の明るさ": "21.16",
                "ばらつき": "0.09",
                "周辺状況": "",
                "備考": "",
                "継続観察登録地点": ""
            }
        },
        {
            "type": "Feature",
            "geometry": {
                "type": "Point",
                "coordinates": [
                    134.20361111,
                    35.1925
                ]
            },
            "properties": {
                "調査時期": "2022_S",
                "都道府県": "鳥取県",
                "市区町村": "智頭町",
                "撮影場所": "",
                "撮影日時": "2022-08-28T21:13:00+09:00",
                "緯度": "35.19250000",
                "経度": "134.20361111",
                "夜空の明るさ": "21.18",
                "ばらつき": "0.06",
                "周辺状況": "",
                "備考": "",
                "継続観察登録地点": ""
            }
        },
        {
            "type": "Feature",
            "geometry": {
                "type": "Point",
                "coordinates": [
                    134.18944444,
                    35.25027778
                ]
            },
            "properties": {
                "調査時期": "2022_S",
                "都道府県": "鳥取県",
                "市区町村": "智頭町",
                "撮影場所": "",
                "撮影日時": "2022-08-28T21:40:00+09:00",
                "緯度": "35.25027778",
                "経度": "134.18944444",
                "夜空の明るさ": "21.16",
                "ばらつき": "0.15",
                "周辺状況": "",
                "備考": "",
                "継続観察登録地点": ""
            }
        },
        {
            "type": "Feature",
            "geometry": {
                "type": "Point",
                "coordinates": [
                    134.22611111,
                    35.29
                ]
            },
            "properties": {
                "調査時期": "2022_S",
                "都道府県": "鳥取県",
                "市区町村": "智頭町",
                "撮影場所": "",
                "撮影日時": "2022-08-28T21:57:00+09:00",
                "緯度": "35.29000000",
                "経度": "134.22611111",
                "夜空の明るさ": "21.18",
                "ばらつき": "0.05",
                "周辺状況": "",
                "備考": "",
                "継続観察登録地点": ""
            }
        },
        {
            "type": "Feature",
            "geometry": {
                "type": "Point",
                "coordinates": [
                    134.31555556,
                    35.36333333
                ]
            },
            "properties": {
                "調査時期": "2022_S",
                "都道府県": "鳥取県",
                "市区町村": "八頭町",
                "撮影場所": "",
                "撮影日時": "2022-08-28T22:40:00+09:00",
                "緯度": "35.36333333",
                "経度": "134.31555556",
                "夜空の明るさ": "20.85",
                "ばらつき": "0.06",
                "周辺状況": "",
                "備考": "",
                "継続観察登録地点": ""
            }
        },
        {
            "type": "Feature",
            "geometry": {
                "type": "Point",
                "coordinates": [
                    133.32388889,
                    35.30388889
                ]
            },
            "properties": {
                "調査時期": "2022_S",
                "都道府県": "鳥取県",
                "市区町村": "南部町",
                "撮影場所": "",
                "撮影日時": "2022-08-21T21:58:00+09:00",
                "緯度": "35.30388889",
                "経度": "133.32388889",
                "夜空の明るさ": "21.01",
                "ばらつき": "0.03",
                "周辺状況": "",
                "備考": "",
                "継続観察登録地点": ""
            }
        },
        {
            "type": "Feature",
            "geometry": {
                "type": "Point",
                "coordinates": [
                    133.3625,
                    35.37111111
                ]
            },
            "properties": {
                "調査時期": "2022_S",
                "都道府県": "鳥取県",
                "市区町村": "南部町",
                "撮影場所": "",
                "撮影日時": "2022-08-21T22:13:00+09:00",
                "緯度": "35.37111111",
                "経度": "133.36250000",
                "夜空の明るさ": "20.72",
                "ばらつき": "0.06",
                "周辺状況": "",
                "備考": "",
                "継続観察登録地点": ""
            }
        },
        {
            "type": "Feature",
            "geometry": {
                "type": "Point",
                "coordinates": [
                    133.46805556,
                    35.38055556
                ]
            },
            "properties": {
                "調査時期": "2022_S",
                "都道府県": "鳥取県",
                "市区町村": "伯耆町",
                "撮影場所": "",
                "撮影日時": "2022-08-21T20:29:00+09:00",
                "緯度": "35.38055556",
                "経度": "133.46805556",
                "夜空の明るさ": "21.00",
                "ばらつき": "0.11",
                "周辺状況": "",
                "備考": "",
                "継続観察登録地点": ""
            }
        },
        {
            "type": "Feature",
            "geometry": {
                "type": "Point",
                "coordinates": [
                    133.43527778,
                    35.39055556
                ]
            },
            "properties": {
                "調査時期": "2022_S",
                "都道府県": "鳥取県",
                "市区町村": "伯耆町",
                "撮影場所": "",
                "撮影日時": "2022-08-21T20:36:00+09:00",
                "緯度": "35.39055556",
                "経度": "133.43527778",
                "夜空の明るさ": "20.76",
                "ばらつき": "0.12",
                "周辺状況": "",
                "備考": "",
                "継続観察登録地点": ""
            }
        },
        {
            "type": "Feature",
            "geometry": {
                "type": "Point",
                "coordinates": [
                    133.16916667,
                    35.13611111
                ]
            },
            "properties": {
                "調査時期": "2022_S",
                "都道府県": "鳥取県",
                "市区町村": "日南町",
                "撮影場所": "日南町上萩山",
                "撮影日時": "2022-08-18T21:34:00+09:00",
                "緯度": "35.13611111",
                "経度": "133.16916667",
                "夜空の明るさ": "21.22",
                "ばらつき": "0.10",
                "周辺状況": "農業地域",
                "備考": "",
                "継続観察登録地点": "○"
            }
        },
        {
            "type": "Feature",
            "geometry": {
                "type": "Point",
                "coordinates": [
                    133.16944444,
                    35.13638889
                ]
            },
            "properties": {
                "調査時期": "2022_S",
                "都道府県": "鳥取県",
                "市区町村": "日南町",
                "撮影場所": "日南町上萩山",
                "撮影日時": "2022-08-28T21:16:00+09:00",
                "緯度": "35.13638889",
                "経度": "133.16944444",
                "夜空の明るさ": "21.28",
                "ばらつき": "0.06",
                "周辺状況": "農業地域",
                "備考": "",
                "継続観察登録地点": "○"
            }
        },
        {
            "type": "Feature",
            "geometry": {
                "type": "Point",
                "coordinates": [
                    133.48472222,
                    35.28277778
                ]
            },
            "properties": {
                "調査時期": "2022_S",
                "都道府県": "鳥取県",
                "市区町村": "江府町",
                "撮影場所": "",
                "撮影日時": "2022-08-21T21:03:00+09:00",
                "緯度": "35.28277778",
                "経度": "133.48472222",
                "夜空の明るさ": "20.92",
                "ばらつき": "0.09",
                "周辺状況": "",
                "備考": "",
                "継続観察登録地点": ""
            }
        },
        {
            "type": "Feature",
            "geometry": {
                "type": "Point",
                "coordinates": [
                    133.16666667,
                    35.50222222
                ]
            },
            "properties": {
                "調査時期": "2022_S",
                "都道府県": "島根県",
                "市区町村": "松江市",
                "撮影場所": "",
                "撮影日時": "2022-08-21T22:17:00+09:00",
                "緯度": "35.50222222",
                "経度": "133.16666667",
                "夜空の明るさ": "20.81",
                "ばらつき": "0.32",
                "周辺状況": "",
                "備考": "",
                "継続観察登録地点": ""
            }
        },
        {
            "type": "Feature",
            "geometry": {
                "type": "Point",
                "coordinates": [
                    133.16,
                    35.50166667
                ]
            },
            "properties": {
                "調査時期": "2022_S",
                "都道府県": "島根県",
                "市区町村": "松江市",
                "撮影場所": "島根県松江市八束町　八束千本桜公園",
                "撮影日時": "2022-08-28T21:48:00+09:00",
                "緯度": "35.50166667",
                "経度": "133.16000000",
                "夜空の明るさ": "20.93",
                "ばらつき": "0.13",
                "周辺状況": "農業地域",
                "備考": "",
                "継続観察登録地点": "○"
            }
        },
        {
            "type": "Feature",
            "geometry": {
                "type": "Point",
                "coordinates": [
                    132.07638889,
                    34.88694444
                ]
            },
            "properties": {
                "調査時期": "2022_S",
                "都道府県": "島根県",
                "市区町村": "浜田市",
                "撮影場所": "浜田市竹迫町 海の見える文化公園",
                "撮影日時": "2022-08-28T20:59:00+09:00",
                "緯度": "34.88694444",
                "経度": "132.07638889",
                "夜空の明るさ": "20.23",
                "ばらつき": "0.11",
                "周辺状況": "住宅地域",
                "備考": "",
                "継続観察登録地点": "○"
            }
        },
        {
            "type": "Feature",
            "geometry": {
                "type": "Point",
                "coordinates": [
                    131.94305556,
                    34.78916667
                ]
            },
            "properties": {
                "調査時期": "2022_S",
                "都道府県": "島根県",
                "市区町村": "浜田市",
                "撮影場所": "浜田市三隅町 三保公民館",
                "撮影日時": "2022-08-28T20:25:00+09:00",
                "緯度": "34.78916667",
                "経度": "131.94305556",
                "夜空の明るさ": "21.27",
                "ばらつき": "0.04",
                "周辺状況": "住宅地域",
                "備考": "",
                "継続観察登録地点": "○"
            }
        },
        {
            "type": "Feature",
            "geometry": {
                "type": "Point",
                "coordinates": [
                    133.85611111,
                    34.82444444
                ]
            },
            "properties": {
                "調査時期": "2022_S",
                "都道府県": "岡山県",
                "市区町村": "岡山市　北区",
                "撮影場所": "河原邸",
                "撮影日時": "2022-08-18T21:29:00+09:00",
                "緯度": "34.82444444",
                "経度": "133.85611111",
                "夜空の明るさ": "19.92",
                "ばらつき": "0.12",
                "周辺状況": "森林山間地",
                "備考": "",
                "継続観察登録地点": "○"
            }
        },
        {
            "type": "Feature",
            "geometry": {
                "type": "Point",
                "coordinates": [
                    133.76916667,
                    34.53583333
                ]
            },
            "properties": {
                "調査時期": "2022_S",
                "都道府県": "岡山県",
                "市区町村": "倉敷市",
                "撮影場所": "倉敷市 ライフパーク倉敷科学センター 屋上",
                "撮影日時": "2022-08-30T21:10:00+09:00",
                "緯度": "34.53583333",
                "経度": "133.76916667",
                "夜空の明るさ": "18.42",
                "ばらつき": "0.14",
                "周辺状況": "工業地域",
                "備考": "",
                "継続観察登録地点": "○"
            }
        },
        {
            "type": "Feature",
            "geometry": {
                "type": "Point",
                "coordinates": [
                    133.54527778,
                    34.67166667
                ]
            },
            "properties": {
                "調査時期": "2022_S",
                "都道府県": "岡山県",
                "市区町村": "井原市",
                "撮影場所": "井原市美星天文台",
                "撮影日時": "2022-08-28T21:36:00+09:00",
                "緯度": "34.67166667",
                "経度": "133.54527778",
                "夜空の明るさ": "20.70",
                "ばらつき": "0.09",
                "周辺状況": "森林山間地",
                "備考": "",
                "継続観察登録地点": "○"
            }
        },
        {
            "type": "Feature",
            "geometry": {
                "type": "Point",
                "coordinates": [
                    134.05666667,
                    34.9675
                ]
            },
            "properties": {
                "調査時期": "2022_S",
                "都道府県": "岡山県",
                "市区町村": "美咲町",
                "撮影場所": "",
                "撮影日時": "2022-08-28T21:37:00+09:00",
                "緯度": "34.96750000",
                "経度": "134.05666667",
                "夜空の明るさ": "20.93",
                "ばらつき": "0.04",
                "周辺状況": "",
                "備考": "",
                "継続観察登録地点": ""
            }
        },
        {
            "type": "Feature",
            "geometry": {
                "type": "Point",
                "coordinates": [
                    132.45361111,
                    34.39833333
                ]
            },
            "properties": {
                "調査時期": "2022_S",
                "都道府県": "広島県",
                "市区町村": "広島市　中区",
                "撮影場所": "",
                "撮影日時": "2022-08-28T21:00:00+09:00",
                "緯度": "34.39833333",
                "経度": "132.45361111",
                "夜空の明るさ": "16.71",
                "ばらつき": "0.19",
                "周辺状況": "",
                "備考": "",
                "継続観察登録地点": ""
            }
        },
        {
            "type": "Feature",
            "geometry": {
                "type": "Point",
                "coordinates": [
                    131.65583333,
                    34.47388889
                ]
            },
            "properties": {
                "調査時期": "2022_S",
                "都道府県": "山口県",
                "市区町村": "山口市",
                "撮影場所": "山口県山口市阿東嘉年",
                "撮影日時": "2022-08-28T20:55:00+09:00",
                "緯度": "34.47388889",
                "経度": "131.65583333",
                "夜空の明るさ": "21.29",
                "ばらつき": "0.12",
                "周辺状況": "農業地域",
                "備考": "",
                "継続観察登録地点": "○"
            }
        },
        {
            "type": "Feature",
            "geometry": {
                "type": "Point",
                "coordinates": [
                    134.5575,
                    34.06972222
                ]
            },
            "properties": {
                "調査時期": "2022_S",
                "都道府県": "徳島県",
                "市区町村": "徳島市",
                "撮影場所": "",
                "撮影日時": "2022-08-29T20:42:00+09:00",
                "緯度": "34.06972222",
                "経度": "134.55750000",
                "夜空の明るさ": "17.95",
                "ばらつき": "0.11",
                "周辺状況": "",
                "備考": "",
                "継続観察登録地点": ""
            }
        },
        {
            "type": "Feature",
            "geometry": {
                "type": "Point",
                "coordinates": [
                    134.60305556,
                    34.06305556
                ]
            },
            "properties": {
                "調査時期": "2022_S",
                "都道府県": "徳島県",
                "市区町村": "徳島市",
                "撮影場所": "",
                "撮影日時": "2022-08-29T21:04:00+09:00",
                "緯度": "34.06305556",
                "経度": "134.60305556",
                "夜空の明るさ": "19.05",
                "ばらつき": "0.17",
                "周辺状況": "",
                "備考": "",
                "継続観察登録地点": ""
            }
        },
        {
            "type": "Feature",
            "geometry": {
                "type": "Point",
                "coordinates": [
                    134.44861111,
                    34.0675
                ]
            },
            "properties": {
                "調査時期": "2022_S",
                "都道府県": "徳島県",
                "市区町村": "石井町",
                "撮影場所": "",
                "撮影日時": "2022-08-28T22:39:00+09:00",
                "緯度": "34.06750000",
                "経度": "134.44861111",
                "夜空の明るさ": "19.66",
                "ばらつき": "0.14",
                "周辺状況": "",
                "備考": "",
                "継続観察登録地点": ""
            }
        },
        {
            "type": "Feature",
            "geometry": {
                "type": "Point",
                "coordinates": [
                    133.07888889,
                    34.17083333
                ]
            },
            "properties": {
                "調査時期": "2022_S",
                "都道府県": "愛媛県",
                "市区町村": "今治市",
                "撮影場所": "愛媛県今治市宮窪町宮窪",
                "撮影日時": "2022-08-25T20:20:00+09:00",
                "緯度": "34.17083333",
                "経度": "133.07888889",
                "夜空の明るさ": "20.64",
                "ばらつき": "0.11",
                "周辺状況": "住宅地域",
                "備考": "",
                "継続観察登録地点": "○"
            }
        },
        {
            "type": "Feature",
            "geometry": {
                "type": "Point",
                "coordinates": [
                    132.41777778,
                    33.45861111
                ]
            },
            "properties": {
                "調査時期": "2022_S",
                "都道府県": "愛媛県",
                "市区町村": "八幡浜市",
                "撮影場所": "",
                "撮影日時": "2022-08-27T20:56:00+09:00",
                "緯度": "33.45861111",
                "経度": "132.41777778",
                "夜空の明るさ": "19.02",
                "ばらつき": "0.08",
                "周辺状況": "",
                "備考": "",
                "継続観察登録地点": ""
            }
        },
        {
            "type": "Feature",
            "geometry": {
                "type": "Point",
                "coordinates": [
                    133.24472222,
                    33.90972222
                ]
            },
            "properties": {
                "調査時期": "2022_S",
                "都道府県": "愛媛県",
                "市区町村": "新居浜市",
                "撮影場所": "愛媛県総合科学博物館 屋上（愛媛県新居浜市）",
                "撮影日時": "2022-08-28T22:07:00+09:00",
                "緯度": "33.90972222",
                "経度": "133.24472222",
                "夜空の明るさ": "19.82",
                "ばらつき": "0.06",
                "周辺状況": "その他",
                "備考": "",
                "継続観察登録地点": "○"
            }
        },
        {
            "type": "Feature",
            "geometry": {
                "type": "Point",
                "coordinates": [
                    132.93944444,
                    33.67638889
                ]
            },
            "properties": {
                "調査時期": "2022_S",
                "都道府県": "愛媛県",
                "市区町村": "久万高原町",
                "撮影場所": "久万高原天体観測館",
                "撮影日時": "2022-08-25T21:46:00+09:00",
                "緯度": "33.67638889",
                "経度": "132.93944444",
                "夜空の明るさ": "20.37",
                "ばらつき": "0.02",
                "周辺状況": "森林山間地 ",
                "備考": "",
                "継続観察登録地点": "○"
            }
        },
        {
            "type": "Feature",
            "geometry": {
                "type": "Point",
                "coordinates": [
                    132.93944444,
                    33.67638889
                ]
            },
            "properties": {
                "調査時期": "2022_S",
                "都道府県": "愛媛県",
                "市区町村": "久万高原町",
                "撮影場所": "久万高原天体観測館",
                "撮影日時": "2022-08-23T21:53:00+09:00",
                "緯度": "33.67638889",
                "経度": "132.93944444",
                "夜空の明るさ": "21.05",
                "ばらつき": "0.07",
                "周辺状況": "森林山間地 ",
                "備考": "",
                "継続観察登録地点": "○"
            }
        },
        {
            "type": "Feature",
            "geometry": {
                "type": "Point",
                "coordinates": [
                    133.52916667,
                    33.53611111
                ]
            },
            "properties": {
                "調査時期": "2022_S",
                "都道府県": "高知県",
                "市区町村": "高知市",
                "撮影場所": "土佐塾中学・高等学校",
                "撮影日時": "2022-08-26T21:05:00+09:00",
                "緯度": "33.53611111",
                "経度": "133.52916667",
                "夜空の明るさ": "19.01",
                "ばらつき": "0.09",
                "周辺状況": "その他",
                "備考": "",
                "継続観察登録地点": "○"
            }
        },
        {
            "type": "Feature",
            "geometry": {
                "type": "Point",
                "coordinates": [
                    132.79305556,
                    33.17388889
                ]
            },
            "properties": {
                "調査時期": "2022_S",
                "都道府県": "高知県",
                "市区町村": "四万十市",
                "撮影場所": "四万十天文台前",
                "撮影日時": "2022-08-19T21:25:00+09:00",
                "緯度": "33.17388889",
                "経度": "132.79305556",
                "夜空の明るさ": "20.64",
                "ばらつき": "0.12",
                "周辺状況": "森林山間地",
                "備考": "",
                "継続観察登録地点": "○"
            }
        },
        {
            "type": "Feature",
            "geometry": {
                "type": "Point",
                "coordinates": [
                    132.79305556,
                    33.17388889
                ]
            },
            "properties": {
                "調査時期": "2022_S",
                "都道府県": "高知県",
                "市区町村": "四万十市",
                "撮影場所": "四万十天文台前",
                "撮影日時": "2022-08-23T21:43:00+09:00",
                "緯度": "33.17388889",
                "経度": "132.79305556",
                "夜空の明るさ": "20.92",
                "ばらつき": "0.13",
                "周辺状況": "森林山間地",
                "備考": "",
                "継続観察登録地点": "○"
            }
        },
        {
            "type": "Feature",
            "geometry": {
                "type": "Point",
                "coordinates": [
                    132.79305556,
                    33.17388889
                ]
            },
            "properties": {
                "調査時期": "2022_S",
                "都道府県": "高知県",
                "市区町村": "四万十市",
                "撮影場所": "四万十天文台前",
                "撮影日時": "2022-08-25T21:28:00+09:00",
                "緯度": "33.17388889",
                "経度": "132.79305556",
                "夜空の明るさ": "21.28",
                "ばらつき": "0.08",
                "周辺状況": "森林山間地",
                "備考": "",
                "継続観察登録地点": "○"
            }
        },
        {
            "type": "Feature",
            "geometry": {
                "type": "Point",
                "coordinates": [
                    132.79305556,
                    33.17388889
                ]
            },
            "properties": {
                "調査時期": "2022_S",
                "都道府県": "高知県",
                "市区町村": "四万十市",
                "撮影場所": "四万十天文台前",
                "撮影日時": "2022-08-27T21:09:00+09:00",
                "緯度": "33.17388889",
                "経度": "132.79305556",
                "夜空の明るさ": "21.39",
                "ばらつき": "0.06",
                "周辺状況": "森林山間地",
                "備考": "",
                "継続観察登録地点": "○"
            }
        },
        {
            "type": "Feature",
            "geometry": {
                "type": "Point",
                "coordinates": [
                    132.79305556,
                    33.17388889
                ]
            },
            "properties": {
                "調査時期": "2022_S",
                "都道府県": "高知県",
                "市区町村": "四万十市",
                "撮影場所": "四万十天文台前",
                "撮影日時": "2022-08-27T21:09:00+09:00",
                "緯度": "33.17388889",
                "経度": "132.79305556",
                "夜空の明るさ": "21.39",
                "ばらつき": "0.06",
                "周辺状況": "森林山間地",
                "備考": "",
                "継続観察登録地点": "○"
            }
        },
        {
            "type": "Feature",
            "geometry": {
                "type": "Point",
                "coordinates": [
                    133.825,
                    33.53055556
                ]
            },
            "properties": {
                "調査時期": "2022_S",
                "都道府県": "高知県",
                "市区町村": "芸西村",
                "撮影場所": "芸西天文台",
                "撮影日時": "2022-08-25T22:18:00+09:00",
                "緯度": "33.53055556",
                "経度": "133.82500000",
                "夜空の明るさ": "20.92",
                "ばらつき": "0.00",
                "周辺状況": "森林山間地",
                "備考": "",
                "継続観察登録地点": "○"
            }
        },
        {
            "type": "Feature",
            "geometry": {
                "type": "Point",
                "coordinates": [
                    130.83972222,
                    33.89
                ]
            },
            "properties": {
                "調査時期": "2022_S",
                "都道府県": "福岡県",
                "市区町村": "北九州市　戸畑区",
                "撮影場所": "九州工業大学 戸畑キャンパス運動場",
                "撮影日時": "2022-08-27T22:00:00+09:00",
                "緯度": "33.89000000",
                "経度": "130.83972222",
                "夜空の明るさ": "18.07",
                "ばらつき": "0.01",
                "周辺状況": "住宅地域",
                "備考": "",
                "継続観察登録地点": "○"
            }
        },
        {
            "type": "Feature",
            "geometry": {
                "type": "Point",
                "coordinates": [
                    130.3725,
                    33.57916667
                ]
            },
            "properties": {
                "調査時期": "2022_S",
                "都道府県": "福岡県",
                "市区町村": "福岡市　城南区",
                "撮影場所": "福岡市中央区草香江",
                "撮影日時": "2022-08-30T20:50:00+09:00",
                "緯度": "33.57916667",
                "経度": "130.37250000",
                "夜空の明るさ": "16.95",
                "ばらつき": "0.12",
                "周辺状況": "住宅地域",
                "備考": "",
                "継続観察登録地点": "○"
            }
        },
        {
            "type": "Feature",
            "geometry": {
                "type": "Point",
                "coordinates": [
                    130.76,
                    33.24305556
                ]
            },
            "properties": {
                "調査時期": "2022_S",
                "都道府県": "福岡県",
                "市区町村": "八女市",
                "撮影場所": "星のふるさと公園 星降る広場",
                "撮影日時": "2022-09-15T20:31:00+09:00",
                "緯度": "33.24305556",
                "経度": "130.76000000",
                "夜空の明るさ": "20.51",
                "ばらつき": "0.04",
                "周辺状況": "森林山間地",
                "備考": "観察時間外",
                "継続観察登録地点": "○"
            }
        },
        {
            "type": "Feature",
            "geometry": {
                "type": "Point",
                "coordinates": [
                    130.45527778,
                    33.51388889
                ]
            },
            "properties": {
                "調査時期": "2022_S",
                "都道府県": "福岡県",
                "市区町村": "春日市",
                "撮影場所": "",
                "撮影日時": "2022-08-28T21:28:00+09:00",
                "緯度": "33.51388889",
                "経度": "130.45527778",
                "夜空の明るさ": "16.70",
                "ばらつき": "0.23",
                "周辺状況": "",
                "備考": "",
                "継続観察登録地点": ""
            }
        },
        {
            "type": "Feature",
            "geometry": {
                "type": "Point",
                "coordinates": [
                    130.54055556,
                    33.52416667
                ]
            },
            "properties": {
                "調査時期": "2022_S",
                "都道府県": "福岡県",
                "市区町村": "太宰府市",
                "撮影場所": "",
                "撮影日時": "2022-08-26T20:59:00+09:00",
                "緯度": "33.52416667",
                "経度": "130.54055556",
                "夜空の明るさ": "18.86",
                "ばらつき": "0.12",
                "周辺状況": "",
                "備考": "",
                "継続観察登録地点": ""
            }
        },
        {
            "type": "Feature",
            "geometry": {
                "type": "Point",
                "coordinates": [
                    130.54055556,
                    33.525
                ]
            },
            "properties": {
                "調査時期": "2022_S",
                "都道府県": "福岡県",
                "市区町村": "太宰府市",
                "撮影場所": "",
                "撮影日時": "2022-08-26T20:54:00+09:00",
                "緯度": "33.52500000",
                "経度": "130.54055556",
                "夜空の明るさ": "18.78",
                "ばらつき": "0.08",
                "周辺状況": "",
                "備考": "",
                "継続観察登録地点": ""
            }
        },
        {
            "type": "Feature",
            "geometry": {
                "type": "Point",
                "coordinates": [
                    129.665,
                    33.30777778
                ]
            },
            "properties": {
                "調査時期": "2022_S",
                "都道府県": "長崎県",
                "市区町村": "佐世保市",
                "撮影場所": "佐世保市江迎町奧川内 白岳自然公園",
                "撮影日時": "2022-08-28T21:39:00+09:00",
                "緯度": "33.30777778",
                "経度": "129.66500000",
                "夜空の明るさ": "20.63",
                "ばらつき": "0.02",
                "周辺状況": "自然公園等",
                "備考": "",
                "継続観察登録地点": "○"
            }
        },
        {
            "type": "Feature",
            "geometry": {
                "type": "Point",
                "coordinates": [
                    129.68,
                    33.17416667
                ]
            },
            "properties": {
                "調査時期": "2022_S",
                "都道府県": "長崎県",
                "市区町村": "佐世保市",
                "撮影場所": "佐世保市星和台町",
                "撮影日時": "2022-08-21T21:59:00+09:00",
                "緯度": "33.17416667",
                "経度": "129.68000000",
                "夜空の明るさ": "19.52",
                "ばらつき": "0.00",
                "周辺状況": "住宅地域",
                "備考": "",
                "継続観察登録地点": "○"
            }
        },
        {
            "type": "Feature",
            "geometry": {
                "type": "Point",
                "coordinates": [
                    130.74055556,
                    32.83027778
                ]
            },
            "properties": {
                "調査時期": "2022_S",
                "都道府県": "熊本県",
                "市区町村": "熊本市　北区",
                "撮影場所": "",
                "撮影日時": "2022-08-21T21:19:00+09:00",
                "緯度": "32.83027778",
                "経度": "130.74055556",
                "夜空の明るさ": "18.45",
                "ばらつき": "0.24",
                "周辺状況": "",
                "備考": "",
                "継続観察登録地点": ""
            }
        },
        {
            "type": "Feature",
            "geometry": {
                "type": "Point",
                "coordinates": [
                    130.12222222,
                    32.45333333
                ]
            },
            "properties": {
                "調査時期": "2022_S",
                "都道府県": "熊本県",
                "市区町村": "天草市",
                "撮影場所": "熊本県天草市",
                "撮影日時": "2022-08-22T21:01:00+09:00",
                "緯度": "32.45333333",
                "経度": "130.12222222",
                "夜空の明るさ": "20.68",
                "ばらつき": "0.10",
                "周辺状況": "森林山間地",
                "備考": "",
                "継続観察登録地点": "○"
            }
        },
        {
            "type": "Feature",
            "geometry": {
                "type": "Point",
                "coordinates": [
                    131.24638889,
                    33.05027778
                ]
            },
            "properties": {
                "調査時期": "2022_S",
                "都道府県": "大分県",
                "市区町村": "竹田市",
                "撮影場所": "くじゅう花公園周辺",
                "撮影日時": "2022-08-28T21:51:00+09:00",
                "緯度": "33.05027778",
                "経度": "131.24638889",
                "夜空の明るさ": "21.15",
                "ばらつき": "0.07",
                "周辺状況": "自然公園等",
                "備考": "",
                "継続観察登録地点": "○"
            }
        },
        {
            "type": "Feature",
            "geometry": {
                "type": "Point",
                "coordinates": [
                    131.27666667,
                    32.71722222
                ]
            },
            "properties": {
                "調査時期": "2022_S",
                "都道府県": "宮崎県",
                "市区町村": "高千穂町",
                "撮影場所": "宮崎県西臼杵郡高千穂町　国見ヶ丘",
                "撮影日時": "2022-08-25T21:03:00+09:00",
                "緯度": "32.71722222",
                "経度": "131.27666667",
                "夜空の明るさ": "21.39",
                "ばらつき": "0.16",
                "周辺状況": "森林山間地",
                "備考": "",
                "継続観察登録地点": "○"
            }
        },
        {
            "type": "Feature",
            "geometry": {
                "type": "Point",
                "coordinates": [
                    131.31833333,
                    32.70777778
                ]
            },
            "properties": {
                "調査時期": "2022_S",
                "都道府県": "宮崎県",
                "市区町村": "高千穂町",
                "撮影場所": "",
                "撮影日時": "2022-08-25T21:36:00+09:00",
                "緯度": "32.70777778",
                "経度": "131.31833333",
                "夜空の明るさ": "20.95",
                "ばらつき": "0.04",
                "周辺状況": "",
                "備考": "",
                "継続観察登録地点": ""
            }
        },
        {
            "type": "Feature",
            "geometry": {
                "type": "Point",
                "coordinates": [
                    129.53194444,
                    28.33611111
                ]
            },
            "properties": {
                "調査時期": "2022_S",
                "都道府県": "鹿児島県",
                "市区町村": "奄美市",
                "撮影場所": "",
                "撮影日時": "2022-08-23T21:32:00+09:00",
                "緯度": "28.33611111",
                "経度": "129.53194444",
                "夜空の明るさ": "18.53",
                "ばらつき": "0.41",
                "周辺状況": "",
                "備考": "参考値（薄雲）",
                "継続観察登録地点": ""
            }
        },
        {
            "type": "Feature",
            "geometry": {
                "type": "Point",
                "coordinates": [
                    129.45555556,
                    28.40472222
                ]
            },
            "properties": {
                "調査時期": "2022_S",
                "都道府県": "鹿児島県",
                "市区町村": "奄美市",
                "撮影場所": "",
                "撮影日時": "2022-08-25T20:43:00+09:00",
                "緯度": "28.40472222",
                "経度": "129.45555556",
                "夜空の明るさ": "21.26",
                "ばらつき": "0.16",
                "周辺状況": "",
                "備考": "",
                "継続観察登録地点": ""
            }
        },
        {
            "type": "Feature",
            "geometry": {
                "type": "Point",
                "coordinates": [
                    129.51388889,
                    28.40972222
                ]
            },
            "properties": {
                "調査時期": "2022_S",
                "都道府県": "鹿児島県",
                "市区町村": "奄美市",
                "撮影場所": "",
                "撮影日時": "2022-08-25T20:08:00+09:00",
                "緯度": "28.40972222",
                "経度": "129.51388889",
                "夜空の明るさ": "20.93",
                "ばらつき": "0.11",
                "周辺状況": "",
                "備考": "",
                "継続観察登録地点": ""
            }
        },
        {
            "type": "Feature",
            "geometry": {
                "type": "Point",
                "coordinates": [
                    129.49972222,
                    28.38194444
                ]
            },
            "properties": {
                "調査時期": "2022_S",
                "都道府県": "鹿児島県",
                "市区町村": "奄美市",
                "撮影場所": "",
                "撮影日時": "2022-08-25T21:31:00+09:00",
                "緯度": "28.38194444",
                "経度": "129.49972222",
                "夜空の明るさ": "21.31",
                "ばらつき": "0.09",
                "周辺状況": "",
                "備考": "",
                "継続観察登録地点": ""
            }
        },
        {
            "type": "Feature",
            "geometry": {
                "type": "Point",
                "coordinates": [
                    129.45722222,
                    28.4025
                ]
            },
            "properties": {
                "調査時期": "2022_S",
                "都道府県": "鹿児島県",
                "市区町村": "奄美市",
                "撮影場所": "",
                "撮影日時": "2022-08-26T20:15:00+09:00",
                "緯度": "28.40250000",
                "経度": "129.45722222",
                "夜空の明るさ": "20.45",
                "ばらつき": "0.22",
                "周辺状況": "",
                "備考": "",
                "継続観察登録地点": ""
            }
        },
        {
            "type": "Feature",
            "geometry": {
                "type": "Point",
                "coordinates": [
                    129.48861111,
                    28.39944444
                ]
            },
            "properties": {
                "調査時期": "2022_S",
                "都道府県": "鹿児島県",
                "市区町村": "奄美市",
                "撮影場所": "",
                "撮影日時": "2022-08-26T20:42:00+09:00",
                "緯度": "28.39944444",
                "経度": "129.48861111",
                "夜空の明るさ": "19.74",
                "ばらつき": "0.61",
                "周辺状況": "",
                "備考": "",
                "継続観察登録地点": ""
            }
        },
        {
            "type": "Feature",
            "geometry": {
                "type": "Point",
                "coordinates": [
                    129.49777778,
                    28.37777778
                ]
            },
            "properties": {
                "調査時期": "2022_S",
                "都道府県": "鹿児島県",
                "市区町村": "奄美市",
                "撮影場所": "",
                "撮影日時": "2022-08-26T21:17:00+09:00",
                "緯度": "28.37777778",
                "経度": "129.49777778",
                "夜空の明るさ": "19.21",
                "ばらつき": "0.12",
                "周辺状況": "",
                "備考": "",
                "継続観察登録地点": ""
            }
        },
        {
            "type": "Feature",
            "geometry": {
                "type": "Point",
                "coordinates": [
                    129.71611111,
                    28.47277778
                ]
            },
            "properties": {
                "調査時期": "2022_S",
                "都道府県": "鹿児島県",
                "市区町村": "奄美市",
                "撮影場所": "",
                "撮影日時": "2022-08-29T20:51:00+09:00",
                "緯度": "28.47277778",
                "経度": "129.71611111",
                "夜空の明るさ": "21.28",
                "ばらつき": "0.11",
                "周辺状況": "",
                "備考": "",
                "継続観察登録地点": ""
            }
        },
        {
            "type": "Feature",
            "geometry": {
                "type": "Point",
                "coordinates": [
                    129.68972222,
                    28.52861111
                ]
            },
            "properties": {
                "調査時期": "2022_S",
                "都道府県": "鹿児島県",
                "市区町村": "奄美市",
                "撮影場所": "",
                "撮影日時": "2022-08-29T21:15:00+09:00",
                "緯度": "28.52861111",
                "経度": "129.68972222",
                "夜空の明るさ": "21.81",
                "ばらつき": "0.15",
                "周辺状況": "",
                "備考": "",
                "継続観察登録地点": ""
            }
        },
        {
            "type": "Feature",
            "geometry": {
                "type": "Point",
                "coordinates": [
                    129.49611111,
                    28.39166667
                ]
            },
            "properties": {
                "調査時期": "2022_S",
                "都道府県": "鹿児島県",
                "市区町村": "奄美市",
                "撮影場所": "",
                "撮影日時": "2022-08-29T21:15:00+09:00",
                "緯度": "28.39166667",
                "経度": "129.49611111",
                "夜空の明るさ": "",
                "ばらつき": "",
                "周辺状況": "",
                "備考": "測定不可（設定エラー）",
                "継続観察登録地点": ""
            }
        },
        {
            "type": "Feature",
            "geometry": {
                "type": "Point",
                "coordinates": [
                    130.97916667,
                    30.55694444
                ]
            },
            "properties": {
                "調査時期": "2022_S",
                "都道府県": "鹿児島県",
                "市区町村": "中種子町",
                "撮影場所": "熊毛郡中種子町",
                "撮影日時": "2022-08-18T22:10:00+09:00",
                "緯度": "30.55694444",
                "経度": "130.97916667",
                "夜空の明るさ": "21.31",
                "ばらつき": "0.15",
                "周辺状況": "農業地域",
                "備考": "",
                "継続観察登録地点": "○"
            }
        },
        {
            "type": "Feature",
            "geometry": {
                "type": "Point",
                "coordinates": [
                    129.32666667,
                    28.17527778
                ]
            },
            "properties": {
                "調査時期": "2022_S",
                "都道府県": "鹿児島県",
                "市区町村": "瀬戸内町",
                "撮影場所": "鹿児島県大島郡瀬戸内町阿木名",
                "撮影日時": "2022-08-23T20:31:00+09:00",
                "緯度": "28.17527778",
                "経度": "129.32666667",
                "夜空の明るさ": "21.26",
                "ばらつき": "0.12",
                "周辺状況": "農業地域",
                "備考": "",
                "継続観察登録地点": "○"
            }
        },
        {
            "type": "Feature",
            "geometry": {
                "type": "Point",
                "coordinates": [
                    129.33666667,
                    28.16777778
                ]
            },
            "properties": {
                "調査時期": "2022_S",
                "都道府県": "鹿児島県",
                "市区町村": "瀬戸内町",
                "撮影場所": "",
                "撮影日時": "2022-08-23T20:37:00+09:00",
                "緯度": "28.16777778",
                "経度": "129.33666667",
                "夜空の明るさ": "20.44",
                "ばらつき": "0.27",
                "周辺状況": "",
                "備考": "参考値（薄雲）",
                "継続観察登録地点": ""
            }
        },
        {
            "type": "Feature",
            "geometry": {
                "type": "Point",
                "coordinates": [
                    129.37,
                    28.13083333
                ]
            },
            "properties": {
                "調査時期": "2022_S",
                "都道府県": "鹿児島県",
                "市区町村": "瀬戸内町",
                "撮影場所": "鹿児島県大島郡瀬戸内町ホノホシ海岸",
                "撮影日時": "2022-08-23T21:00:00+09:00",
                "緯度": "28.13083333",
                "経度": "129.37000000",
                "夜空の明るさ": "20.40",
                "ばらつき": "0.12",
                "周辺状況": "自然公園等",
                "備考": "参考値（薄雲）",
                "継続観察登録地点": "○"
            }
        },
        {
            "type": "Feature",
            "geometry": {
                "type": "Point",
                "coordinates": [
                    129.36361111,
                    28.12388889
                ]
            },
            "properties": {
                "調査時期": "2022_S",
                "都道府県": "鹿児島県",
                "市区町村": "瀬戸内町",
                "撮影場所": "鹿児島県大島郡瀬戸内町ヤドリ浜",
                "撮影日時": "2022-08-23T21:08:00+09:00",
                "緯度": "28.12388889",
                "経度": "129.36361111",
                "夜空の明るさ": "20.77",
                "ばらつき": "0.50",
                "周辺状況": "自然公園等",
                "備考": "参考値（薄雲）",
                "継続観察登録地点": "○"
            }
        },
        {
            "type": "Feature",
            "geometry": {
                "type": "Point",
                "coordinates": [
                    129.35944444,
                    28.13555556
                ]
            },
            "properties": {
                "調査時期": "2022_S",
                "都道府県": "鹿児島県",
                "市区町村": "瀬戸内町",
                "撮影場所": "",
                "撮影日時": "2022-08-23T21:18:00+09:00",
                "緯度": "28.13555556",
                "経度": "129.35944444",
                "夜空の明るさ": "21.17",
                "ばらつき": "0.15",
                "周辺状況": "",
                "備考": "",
                "継続観察登録地点": ""
            }
        },
        {
            "type": "Feature",
            "geometry": {
                "type": "Point",
                "coordinates": [
                    129.33666667,
                    28.13138889
                ]
            },
            "properties": {
                "調査時期": "2022_S",
                "都道府県": "鹿児島県",
                "市区町村": "瀬戸内町",
                "撮影場所": "鹿児島県大島郡瀬戸内町マネン崎",
                "撮影日時": "2022-08-23T21:30:00+09:00",
                "緯度": "28.13138889",
                "経度": "129.33666667",
                "夜空の明るさ": "20.71",
                "ばらつき": "0.22",
                "周辺状況": "自然公園等",
                "備考": "参考値（薄雲）",
                "継続観察登録地点": "○"
            }
        },
        {
            "type": "Feature",
            "geometry": {
                "type": "Point",
                "coordinates": [
                    129.29611111,
                    28.14944444
                ]
            },
            "properties": {
                "調査時期": "2022_S",
                "都道府県": "鹿児島県",
                "市区町村": "瀬戸内町",
                "撮影場所": "鹿児島県大島郡瀬戸内町瀬戸崎",
                "撮影日時": "2022-08-23T21:49:00+09:00",
                "緯度": "28.14944444",
                "経度": "129.29611111",
                "夜空の明るさ": "21.16",
                "ばらつき": "0.18",
                "周辺状況": "森林山間地",
                "備考": "参考値（薄雲）",
                "継続観察登録地点": "○"
            }
        },
        {
            "type": "Feature",
            "geometry": {
                "type": "Point",
                "coordinates": [
                    129.31583333,
                    28.16888889
                ]
            },
            "properties": {
                "調査時期": "2022_S",
                "都道府県": "鹿児島県",
                "市区町村": "瀬戸内町",
                "撮影場所": "鹿児島県 瀬戸内町高知山",
                "撮影日時": "2022-08-28T20:35:00+09:00",
                "緯度": "28.16888889",
                "経度": "129.31583333",
                "夜空の明るさ": "20.80",
                "ばらつき": "0.09",
                "周辺状況": "森林山間地",
                "備考": "",
                "継続観察登録地点": "○"
            }
        },
        {
            "type": "Feature",
            "geometry": {
                "type": "Point",
                "coordinates": [
                    129.3125,
                    28.175
                ]
            },
            "properties": {
                "調査時期": "2022_S",
                "都道府県": "鹿児島県",
                "市区町村": "瀬戸内町",
                "撮影場所": "鹿児島県瀬戸内町油井岳",
                "撮影日時": "2022-08-28T20:41:00+09:00",
                "緯度": "28.17500000",
                "経度": "129.31250000",
                "夜空の明るさ": "20.99",
                "ばらつき": "0.13",
                "周辺状況": "自然公園等",
                "備考": "",
                "継続観察登録地点": "○"
            }
        },
        {
            "type": "Feature",
            "geometry": {
                "type": "Point",
                "coordinates": [
                    129.29361111,
                    28.18083333
                ]
            },
            "properties": {
                "調査時期": "2022_S",
                "都道府県": "鹿児島県",
                "市区町村": "瀬戸内町",
                "撮影場所": "",
                "撮影日時": "2022-08-28T20:57:00+09:00",
                "緯度": "28.18083333",
                "経度": "129.29361111",
                "夜空の明るさ": "21.02",
                "ばらつき": "0.14",
                "周辺状況": "",
                "備考": "",
                "継続観察登録地点": ""
            }
        },
        {
            "type": "Feature",
            "geometry": {
                "type": "Point",
                "coordinates": [
                    129.29722222,
                    28.17027778
                ]
            },
            "properties": {
                "調査時期": "2022_S",
                "都道府県": "鹿児島県",
                "市区町村": "瀬戸内町",
                "撮影場所": "",
                "撮影日時": "2022-08-28T21:01:00+09:00",
                "緯度": "28.17027778",
                "経度": "129.29722222",
                "夜空の明るさ": "20.90",
                "ばらつき": "0.15",
                "周辺状況": "",
                "備考": "",
                "継続観察登録地点": ""
            }
        },
        {
            "type": "Feature",
            "geometry": {
                "type": "Point",
                "coordinates": [
                    129.29694444,
                    28.16083333
                ]
            },
            "properties": {
                "調査時期": "2022_S",
                "都道府県": "鹿児島県",
                "市区町村": "瀬戸内町",
                "撮影場所": "",
                "撮影日時": "2022-08-28T21:08:00+09:00",
                "緯度": "28.16083333",
                "経度": "129.29694444",
                "夜空の明るさ": "20.79",
                "ばらつき": "0.11",
                "周辺状況": "",
                "備考": "",
                "継続観察登録地点": ""
            }
        },
        {
            "type": "Feature",
            "geometry": {
                "type": "Point",
                "coordinates": [
                    129.29583333,
                    28.15722222
                ]
            },
            "properties": {
                "調査時期": "2022_S",
                "都道府県": "鹿児島県",
                "市区町村": "瀬戸内町",
                "撮影場所": "",
                "撮影日時": "2022-08-28T21:11:00+09:00",
                "緯度": "28.15722222",
                "経度": "129.29583333",
                "夜空の明るさ": "20.74",
                "ばらつき": "0.07",
                "周辺状況": "",
                "備考": "",
                "継続観察登録地点": ""
            }
        },
        {
            "type": "Feature",
            "geometry": {
                "type": "Point",
                "coordinates": [
                    129.31111111,
                    28.14805556
                ]
            },
            "properties": {
                "調査時期": "2022_S",
                "都道府県": "鹿児島県",
                "市区町村": "瀬戸内町",
                "撮影場所": "鹿児島県大島郡瀬戸内町春日公園",
                "撮影日時": "2022-08-28T21:17:00+09:00",
                "緯度": "28.14805556",
                "経度": "129.31111111",
                "夜空の明るさ": "19.09",
                "ばらつき": "0.26",
                "周辺状況": "商業地域",
                "備考": "",
                "継続観察登録地点": "○"
            }
        },
        {
            "type": "Feature",
            "geometry": {
                "type": "Point",
                "coordinates": [
                    129.32916667,
                    28.13527778
                ]
            },
            "properties": {
                "調査時期": "2022_S",
                "都道府県": "鹿児島県",
                "市区町村": "瀬戸内町",
                "撮影場所": "",
                "撮影日時": "2022-08-28T21:25:00+09:00",
                "緯度": "28.13527778",
                "経度": "129.32916667",
                "夜空の明るさ": "20.38",
                "ばらつき": "0.06",
                "周辺状況": "",
                "備考": "",
                "継続観察登録地点": ""
            }
        },
        {
            "type": "Feature",
            "geometry": {
                "type": "Point",
                "coordinates": [
                    129.33666667,
                    28.13138889
                ]
            },
            "properties": {
                "調査時期": "2022_S",
                "都道府県": "鹿児島県",
                "市区町村": "瀬戸内町",
                "撮影場所": "鹿児島県大島郡瀬戸内町マネン崎",
                "撮影日時": "2022-08-28T21:29:00+09:00",
                "緯度": "28.13138889",
                "経度": "129.33666667",
                "夜空の明るさ": "20.94",
                "ばらつき": "0.08",
                "周辺状況": "自然公園等",
                "備考": "",
                "継続観察登録地点": "○"
            }
        },
        {
            "type": "Feature",
            "geometry": {
                "type": "Point",
                "coordinates": [
                    129.34388889,
                    28.13861111
                ]
            },
            "properties": {
                "調査時期": "2022_S",
                "都道府県": "鹿児島県",
                "市区町村": "瀬戸内町",
                "撮影場所": "",
                "撮影日時": "2022-08-28T21:34:00+09:00",
                "緯度": "28.13861111",
                "経度": "129.34388889",
                "夜空の明るさ": "21.06",
                "ばらつき": "0.07",
                "周辺状況": "",
                "備考": "",
                "継続観察登録地点": ""
            }
        },
        {
            "type": "Feature",
            "geometry": {
                "type": "Point",
                "coordinates": [
                    129.35555556,
                    28.15111111
                ]
            },
            "properties": {
                "調査時期": "2022_S",
                "都道府県": "鹿児島県",
                "市区町村": "瀬戸内町",
                "撮影場所": "",
                "撮影日時": "2022-08-28T21:42:00+09:00",
                "緯度": "28.15111111",
                "経度": "129.35555556",
                "夜空の明るさ": "21.01",
                "ばらつき": "0.06",
                "周辺状況": "",
                "備考": "",
                "継続観察登録地点": ""
            }
        },
        {
            "type": "Feature",
            "geometry": {
                "type": "Point",
                "coordinates": [
                    129.34777778,
                    28.17583333
                ]
            },
            "properties": {
                "調査時期": "2022_S",
                "都道府県": "鹿児島県",
                "市区町村": "瀬戸内町",
                "撮影場所": "",
                "撮影日時": "2022-08-28T21:51:00+09:00",
                "緯度": "28.17583333",
                "経度": "129.34777778",
                "夜空の明るさ": "20.98",
                "ばらつき": "0.07",
                "周辺状況": "",
                "備考": "",
                "継続観察登録地点": ""
            }
        },
        {
            "type": "Feature",
            "geometry": {
                "type": "Point",
                "coordinates": [
                    129.61277778,
                    28.40638889
                ]
            },
            "properties": {
                "調査時期": "2022_S",
                "都道府県": "鹿児島県",
                "市区町村": "龍郷町",
                "撮影場所": "",
                "撮影日時": "2022-08-28T21:10:00+09:00",
                "緯度": "28.40638889",
                "経度": "129.61277778",
                "夜空の明るさ": "20.97",
                "ばらつき": "0.12",
                "周辺状況": "",
                "備考": "",
                "継続観察登録地点": ""
            }
        },
        {
            "type": "Feature",
            "geometry": {
                "type": "Point",
                "coordinates": [
                    129.5975,
                    28.42916667
                ]
            },
            "properties": {
                "調査時期": "2022_S",
                "都道府県": "鹿児島県",
                "市区町村": "龍郷町",
                "撮影場所": "",
                "撮影日時": "2022-08-28T21:46:00+09:00",
                "緯度": "28.42916667",
                "経度": "129.59750000",
                "夜空の明るさ": "20.99",
                "ばらつき": "0.07",
                "周辺状況": "",
                "備考": "",
                "継続観察登録地点": ""
            }
        },
        {
            "type": "Feature",
            "geometry": {
                "type": "Point",
                "coordinates": [
                    129.64,
                    28.41777778
                ]
            },
            "properties": {
                "調査時期": "2022_S",
                "都道府県": "鹿児島県",
                "市区町村": "龍郷町",
                "撮影場所": "鹿児島県大島郡龍郷町赤尾木",
                "撮影日時": "2022-08-29T22:02:00+09:00",
                "緯度": "28.41777778",
                "経度": "129.64000000",
                "夜空の明るさ": "21.52",
                "ばらつき": "0.04",
                "周辺状況": "その他",
                "備考": "",
                "継続観察登録地点": "○"
            }
        },
        {
            "type": "Feature",
            "geometry": {
                "type": "Point",
                "coordinates": [
                    129.64,
                    28.41777778
                ]
            },
            "properties": {
                "調査時期": "2022_S",
                "都道府県": "鹿児島県",
                "市区町村": "龍郷町",
                "撮影場所": "鹿児島県大島郡龍郷町赤尾木",
                "撮影日時": "2022-08-29T22:08:00+09:00",
                "緯度": "28.41777778",
                "経度": "129.64000000",
                "夜空の明るさ": "21.57",
                "ばらつき": "0.12",
                "周辺状況": "その他",
                "備考": "",
                "継続観察登録地点": "○"
            }
        },
        {
            "type": "Feature",
            "geometry": {
                "type": "Point",
                "coordinates": [
                    128.42833333,
                    27.04305556
                ]
            },
            "properties": {
                "調査時期": "2022_S",
                "都道府県": "鹿児島県",
                "市区町村": "与論町",
                "撮影場所": "与論町内",
                "撮影日時": "2022-08-19T22:15:00+09:00",
                "緯度": "27.04305556",
                "経度": "128.42833333",
                "夜空の明るさ": "21.33",
                "ばらつき": "0.01",
                "周辺状況": "農業地域",
                "備考": "",
                "継続観察登録地点": "○"
            }
        },
        {
            "type": "Feature",
            "geometry": {
                "type": "Point",
                "coordinates": [
                    128.42833333,
                    27.04305556
                ]
            },
            "properties": {
                "調査時期": "2022_S",
                "都道府県": "鹿児島県",
                "市区町村": "与論町",
                "撮影場所": "与論町内",
                "撮影日時": "2022-08-20T22:19:00+09:00",
                "緯度": "27.04305556",
                "経度": "128.42833333",
                "夜空の明るさ": "21.55",
                "ばらつき": "0.08",
                "周辺状況": "農業地域",
                "備考": "",
                "継続観察登録地点": "○"
            }
        },
        {
            "type": "Feature",
            "geometry": {
                "type": "Point",
                "coordinates": [
                    128.42833333,
                    27.04277778
                ]
            },
            "properties": {
                "調査時期": "2022_S",
                "都道府県": "鹿児島県",
                "市区町村": "与論町",
                "撮影場所": "与論町内",
                "撮影日時": "2022-08-23T22:21:00+09:00",
                "緯度": "27.04277778",
                "経度": "128.42833333",
                "夜空の明るさ": "20.89",
                "ばらつき": "0.06",
                "周辺状況": "農業地域",
                "備考": "",
                "継続観察登録地点": "○"
            }
        },
        {
            "type": "Feature",
            "geometry": {
                "type": "Point",
                "coordinates": [
                    128.42833333,
                    27.04305556
                ]
            },
            "properties": {
                "調査時期": "2022_S",
                "都道府県": "鹿児島県",
                "市区町村": "与論町",
                "撮影場所": "与論町内",
                "撮影日時": "2022-08-29T21:58:00+09:00",
                "緯度": "27.04305556",
                "経度": "128.42833333",
                "夜空の明るさ": "21.41",
                "ばらつき": "0.10",
                "周辺状況": "農業地域",
                "備考": "",
                "継続観察登録地点": "○"
            }
        },
        {
            "type": "Feature",
            "geometry": {
                "type": "Point",
                "coordinates": [
                    123.88027778,
                    24.27361111
                ]
            },
            "properties": {
                "調査時期": "2022_S",
                "都道府県": "沖縄県",
                "市区町村": "竹富町",
                "撮影場所": "",
                "撮影日時": "2022-08-26T21:02:00+09:00",
                "緯度": "24.27361111",
                "経度": "123.88027778",
                "夜空の明るさ": "21.85",
                "ばらつき": "0.16",
                "周辺状況": "",
                "備考": "",
                "継続観察登録地点": ""
            }
        },
        {
            "type": "Feature",
            "geometry": {
                "type": "Point",
                "coordinates": [
                    123.7975,
                    24.04972222
                ]
            },
            "properties": {
                "調査時期": "2022_S",
                "都道府県": "沖縄県",
                "市区町村": "竹富町",
                "撮影場所": "波照間島星空観測タワー広場",
                "撮影日時": "2022-08-20T21:15:00+09:00",
                "緯度": "24.04972222",
                "経度": "123.79750000",
                "夜空の明るさ": "21.87",
                "ばらつき": "0.21",
                "周辺状況": "その他",
                "備考": "",
                "継続観察登録地点": "○"
            }
        }
    ]
}