{
    "type": "FeatureCollection",
    "features": [
        {
            "type": "Feature",
            "geometry": {
                "type": "Point",
                "coordinates": [
                    143.7661242,
                    43.45618997
                ]
            },
            "properties": {
                "調査時期": "2020_W",
                "都道府県名": "北海道",
                "市町村名": "陸別町",
                "撮影場所": "りくべつ宇宙地球科学館（銀河の森天文台）",
                "撮影日時": "2019-01-17T19:32:00+09:00",
                "緯度": "43.45618997",
                "経度": "143.7661242",
                "夜空の明るさ": "21.18",
                "ばらつき": "0.14",
                "周辺状況": "森林山間地",
                "備考": "",
                "継続観察登録地点": ""
            }
        },
        {
            "type": "Feature",
            "geometry": {
                "type": "Point",
                "coordinates": [
                    143.7660921,
                    43.45650149
                ]
            },
            "properties": {
                "調査時期": "2020_W",
                "都道府県名": "北海道",
                "市町村名": "陸別町",
                "撮影場所": "りくべつ宇宙地球科学館（銀河の森天文台）",
                "撮影日時": "2019-01-17T19:31:00+09:00",
                "緯度": "43.45650149",
                "経度": "143.7660921",
                "夜空の明るさ": "21.21",
                "ばらつき": "0.2",
                "周辺状況": "森林山間地",
                "備考": "",
                "継続観察登録地点": "○"
            }
        },
        {
            "type": "Feature",
            "geometry": {
                "type": "Point",
                "coordinates": [
                    143.766143,
                    43.45650539
                ]
            },
            "properties": {
                "調査時期": "2020_W",
                "都道府県名": "北海道",
                "市町村名": "陸別町",
                "撮影場所": "りくべつ宇宙地球科学館（銀河の森天文台）",
                "撮影日時": "2019-01-18T19:23:00+09:00",
                "緯度": "43.45650539",
                "経度": "143.766143",
                "夜空の明るさ": "21.09",
                "ばらつき": "0.16",
                "周辺状況": "森林山間地",
                "備考": "",
                "継続観察登録地点": "○"
            }
        },
        {
            "type": "Feature",
            "geometry": {
                "type": "Point",
                "coordinates": [
                    144.3331625,
                    43.5550222
                ]
            },
            "properties": {
                "調査時期": "2020_W",
                "都道府県名": "北海道",
                "市町村名": "弟子屈町",
                "撮影場所": "",
                "撮影日時": "2020-01-19T19:14:00+09:00",
                "緯度": "43.5550222",
                "経度": "144.3331625",
                "夜空の明るさ": "21.36",
                "ばらつき": "0.15",
                "周辺状況": "",
                "備考": "",
                "継続観察登録地点": ""
            }
        },
        {
            "type": "Feature",
            "geometry": {
                "type": "Point",
                "coordinates": [
                    140.7893372,
                    41.77365879
                ]
            },
            "properties": {
                "調査時期": "2020_W",
                "都道府県名": "北海道",
                "市町村名": "函館市",
                "撮影場所": "",
                "撮影日時": "2020-01-18T20:52:00+09:00",
                "緯度": "41.77365879",
                "経度": "140.7893372",
                "夜空の明るさ": "18.3",
                "ばらつき": "0.13",
                "周辺状況": "",
                "備考": "観測時間外のため参考値",
                "継続観察登録地点": ""
            }
        },
        {
            "type": "Feature",
            "geometry": {
                "type": "Point",
                "coordinates": [
                    140.7572365,
                    41.78633706
                ]
            },
            "properties": {
                "調査時期": "2020_W",
                "都道府県名": "北海道",
                "市町村名": "函館市",
                "撮影場所": "",
                "撮影日時": "2020-01-20T20:27:00+09:00",
                "緯度": "41.78633706",
                "経度": "140.7572365",
                "夜空の明るさ": "18.28",
                "ばらつき": "0.08",
                "周辺状況": "",
                "備考": "観測時間外のため参考値",
                "継続観察登録地点": ""
            }
        },
        {
            "type": "Feature",
            "geometry": {
                "type": "Point",
                "coordinates": [
                    142.4153234,
                    42.38191971
                ]
            },
            "properties": {
                "調査時期": "2020_W",
                "都道府県名": "北海道",
                "市町村名": "新ひだか町",
                "撮影場所": "静内二十間道路",
                "撮影日時": "2020-01-23T20:13:00+09:00",
                "緯度": "42.38191971",
                "経度": "142.4153234",
                "夜空の明るさ": "21.15",
                "ばらつき": "0.18",
                "周辺状況": "農業地域",
                "備考": "観測時間外のため参考値",
                "継続観察登録地点": "○"
            }
        },
        {
            "type": "Feature",
            "geometry": {
                "type": "Point",
                "coordinates": [
                    142.4152975,
                    42.38196314
                ]
            },
            "properties": {
                "調査時期": "2020_W",
                "都道府県名": "北海道",
                "市町村名": "新ひだか町",
                "撮影場所": "静内二十間道路",
                "撮影日時": "2020-01-23T20:14:00+09:00",
                "緯度": "42.38196314",
                "経度": "142.4152975",
                "夜空の明るさ": "21.11",
                "ばらつき": "0.11",
                "周辺状況": "農業地域",
                "備考": "観測時間外のため参考値",
                "継続観察登録地点": "○"
            }
        },
        {
            "type": "Feature",
            "geometry": {
                "type": "Point",
                "coordinates": [
                    142.4153548,
                    42.38195704
                ]
            },
            "properties": {
                "調査時期": "2020_W",
                "都道府県名": "北海道",
                "市町村名": "新ひだか町",
                "撮影場所": "静内二十間道路",
                "撮影日時": "2020-01-23T20:16:00+09:00",
                "緯度": "42.38195704",
                "経度": "142.4153548",
                "夜空の明るさ": "21.15",
                "ばらつき": "0.08",
                "周辺状況": "農業地域",
                "備考": "観測時間外のため参考値",
                "継続観察登録地点": "○"
            }
        },
        {
            "type": "Feature",
            "geometry": {
                "type": "Point",
                "coordinates": [
                    141.0257059,
                    42.62436937
                ]
            },
            "properties": {
                "調査時期": "2020_W",
                "都道府県名": "北海道",
                "市町村名": "伊達市",
                "撮影場所": "北湯沢温泉",
                "撮影日時": "2020-01-23T18:29:00+09:00",
                "緯度": "42.62436937",
                "経度": "141.0257059",
                "夜空の明るさ": "20.14",
                "ばらつき": "0.16",
                "周辺状況": "森林山間地",
                "備考": "",
                "継続観察登録地点": "○"
            }
        },
        {
            "type": "Feature",
            "geometry": {
                "type": "Point",
                "coordinates": [
                    140.9091167,
                    42.57154308
                ]
            },
            "properties": {
                "調査時期": "2020_W",
                "都道府県名": "北海道",
                "市町村名": "壮瞥町",
                "撮影場所": "壮瞥町森と木の里センター周辺",
                "撮影日時": "2020-01-23T20:23:00+09:00",
                "緯度": "42.57154308",
                "経度": "140.9091167",
                "夜空の明るさ": "20.89",
                "ばらつき": "0.09",
                "周辺状況": "森林山間地",
                "備考": "観測時間外のため参考値",
                "継続観察登録地点": "○"
            }
        },
        {
            "type": "Feature",
            "geometry": {
                "type": "Point",
                "coordinates": [
                    144.40254,
                    43.52488838
                ]
            },
            "properties": {
                "調査時期": "2020_W",
                "都道府県名": "北海道",
                "市町村名": "弟子屈町",
                "撮影場所": "北海道川上郡弟子屈町",
                "撮影日時": "2020-01-19T19:03:00+09:00",
                "緯度": "43.52488838",
                "経度": "144.40254",
                "夜空の明るさ": "21.42",
                "ばらつき": "0.13",
                "周辺状況": "農業地域",
                "備考": "",
                "継続観察登録地点": "○"
            }
        },
        {
            "type": "Feature",
            "geometry": {
                "type": "Point",
                "coordinates": [
                    142.482985,
                    44.37415045
                ]
            },
            "properties": {
                "調査時期": "2020_W",
                "都道府県名": "北海道",
                "市町村名": "名寄市",
                "撮影場所": "なよろ市立天文台",
                "撮影日時": "2020-01-18T18:19:00+09:00",
                "緯度": "44.37415045",
                "経度": "142.482985",
                "夜空の明るさ": "19.71",
                "ばらつき": "0.15",
                "周辺状況": "住宅地域",
                "備考": "",
                "継続観察登録地点": "○"
            }
        },
        {
            "type": "Feature",
            "geometry": {
                "type": "Point",
                "coordinates": [
                    142.482985,
                    44.37412744
                ]
            },
            "properties": {
                "調査時期": "2020_W",
                "都道府県名": "北海道",
                "市町村名": "名寄市",
                "撮影場所": "なよろ市立天文台",
                "撮影日時": "2020-01-18T20:41:00+09:00",
                "緯度": "44.37412744",
                "経度": "142.482985",
                "夜空の明るさ": "19.12",
                "ばらつき": "0.11",
                "周辺状況": "住宅地域",
                "備考": "",
                "継続観察登録地点": "○"
            }
        },
        {
            "type": "Feature",
            "geometry": {
                "type": "Point",
                "coordinates": [
                    142.482985,
                    44.37410827
                ]
            },
            "properties": {
                "調査時期": "2020_W",
                "都道府県名": "北海道",
                "市町村名": "名寄市",
                "撮影場所": "なよろ市立天文台",
                "撮影日時": "2020-01-23T18:37:00+09:00",
                "緯度": "44.37410827",
                "経度": "142.482985",
                "夜空の明るさ": "19.67",
                "ばらつき": "0.19",
                "周辺状況": "住宅地域",
                "備考": "",
                "継続観察登録地点": "○"
            }
        },
        {
            "type": "Feature",
            "geometry": {
                "type": "Point",
                "coordinates": [
                    142.4829903,
                    44.37414661
                ]
            },
            "properties": {
                "調査時期": "2020_W",
                "都道府県名": "北海道",
                "市町村名": "名寄市",
                "撮影場所": "なよろ市立天文台",
                "撮影日時": "2020-01-15T18:32:00+09:00",
                "緯度": "44.37414661",
                "経度": "142.4829903",
                "夜空の明るさ": "19.71",
                "ばらつき": "0.15",
                "周辺状況": "住宅地域",
                "備考": "",
                "継続観察登録地点": "○"
            }
        },
        {
            "type": "Feature",
            "geometry": {
                "type": "Point",
                "coordinates": [
                    140.4843557,
                    40.56309741
                ]
            },
            "properties": {
                "調査時期": "2020_W",
                "都道府県名": "青森県",
                "市町村名": "弘前市",
                "撮影場所": "",
                "撮影日時": "2020-01-27T20:17:00+09:00",
                "緯度": "40.56309741",
                "経度": "140.4843557",
                "夜空の明るさ": "19.3",
                "ばらつき": "0.12",
                "周辺状況": "",
                "備考": "",
                "継続観察登録地点": ""
            }
        },
        {
            "type": "Feature",
            "geometry": {
                "type": "Point",
                "coordinates": [
                    141.5403306,
                    40.50537368
                ]
            },
            "properties": {
                "調査時期": "2020_W",
                "都道府県名": "青森県",
                "市町村名": "八戸市",
                "撮影場所": "八戸市 湊高台二丁目",
                "撮影日時": "2020-01-25T20:33:00+09:00",
                "緯度": "40.50537368",
                "経度": "141.5403306",
                "夜空の明るさ": "18.73",
                "ばらつき": "0.31",
                "周辺状況": "住宅地域",
                "備考": "",
                "継続観察登録地点": "○"
            }
        },
        {
            "type": "Feature",
            "geometry": {
                "type": "Point",
                "coordinates": [
                    140.9640607,
                    39.63191215
                ]
            },
            "properties": {
                "調査時期": "2020_W",
                "都道府県名": "岩手県",
                "市町村名": "雫石町",
                "撮影場所": "コテージむら管理センター 近辺",
                "撮影日時": "2020-01-24T19:52:00+09:00",
                "緯度": "39.63191215",
                "経度": "140.9640607",
                "夜空の明るさ": "20.88",
                "ばらつき": "0.13",
                "周辺状況": "農業地域",
                "備考": "",
                "継続観察登録地点": "○"
            }
        },
        {
            "type": "Feature",
            "geometry": {
                "type": "Point",
                "coordinates": [
                    141.6949841,
                    39.0135736
                ]
            },
            "properties": {
                "調査時期": "2020_W",
                "都道府県名": "岩手県",
                "市町村名": "陸前高田市",
                "撮影場所": "箱根山展望台",
                "撮影日時": "2020-01-21T19:36:00+09:00",
                "緯度": "39.0135736",
                "経度": "141.6949841",
                "夜空の明るさ": "20.88",
                "ばらつき": "0.08",
                "周辺状況": "自然公園等",
                "備考": "",
                "継続観察登録地点": "○"
            }
        },
        {
            "type": "Feature",
            "geometry": {
                "type": "Point",
                "coordinates": [
                    141.3981092,
                    39.18135822
                ]
            },
            "properties": {
                "調査時期": "2020_W",
                "都道府県名": "岩手県",
                "市町村名": "住田町",
                "撮影場所": "気仙群住田町 種山高原（遊林ランド種山）",
                "撮影日時": "2020-01-22T19:11:00+09:00",
                "緯度": "39.18135822",
                "経度": "141.3981092",
                "夜空の明るさ": "20.63",
                "ばらつき": "0.15",
                "周辺状況": "森林山間地",
                "備考": "",
                "継続観察登録地点": "○"
            }
        },
        {
            "type": "Feature",
            "geometry": {
                "type": "Point",
                "coordinates": [
                    141.7900443,
                    40.18627662
                ]
            },
            "properties": {
                "調査時期": "2020_W",
                "都道府県名": "岩手県",
                "市町村名": "久慈市",
                "撮影場所": "久慈市長内町",
                "撮影日時": "2020-01-17T18:50:00+09:00",
                "緯度": "40.18627662",
                "経度": "141.7900443",
                "夜空の明るさ": "19.13",
                "ばらつき": "0.32",
                "周辺状況": "住宅地域",
                "備考": "",
                "継続観察登録地点": "○"
            }
        },
        {
            "type": "Feature",
            "geometry": {
                "type": "Point",
                "coordinates": [
                    141.7213269,
                    39.06339736
                ]
            },
            "properties": {
                "調査時期": "2020_W",
                "都道府県名": "岩手県",
                "市町村名": "大船渡市",
                "撮影場所": "",
                "撮影日時": "2020-01-24T19:45:00+09:00",
                "緯度": "39.06339736",
                "経度": "141.7213269",
                "夜空の明るさ": "18.74",
                "ばらつき": "0.07",
                "周辺状況": "",
                "備考": "",
                "継続観察登録地点": ""
            }
        },
        {
            "type": "Feature",
            "geometry": {
                "type": "Point",
                "coordinates": [
                    141.802824,
                    39.11065943
                ]
            },
            "properties": {
                "調査時期": "2020_W",
                "都道府県名": "岩手県",
                "市町村名": "大船渡市",
                "撮影場所": "",
                "撮影日時": "2020-01-26T19:45:00+09:00",
                "緯度": "39.11065943",
                "経度": "141.802824",
                "夜空の明るさ": "20.29",
                "ばらつき": "0.37",
                "周辺状況": "",
                "備考": "",
                "継続観察登録地点": ""
            }
        },
        {
            "type": "Feature",
            "geometry": {
                "type": "Point",
                "coordinates": [
                    141.3146845,
                    40.27162257
                ]
            },
            "properties": {
                "調査時期": "2020_W",
                "都道府県名": "岩手県",
                "市町村名": "二戸市",
                "撮影場所": "二戸市福岡 古梅児童公園の近辺",
                "撮影日時": "2020-01-26T19:06:00+09:00",
                "緯度": "40.27162257",
                "経度": "141.3146845",
                "夜空の明るさ": "20.28",
                "ばらつき": "0.11",
                "周辺状況": "住宅地域",
                "備考": "",
                "継続観察登録地点": "○"
            }
        },
        {
            "type": "Feature",
            "geometry": {
                "type": "Point",
                "coordinates": [
                    140.8628127,
                    38.15666737
                ]
            },
            "properties": {
                "調査時期": "2020_W",
                "都道府県名": "宮城県",
                "市町村名": "名取市",
                "撮影場所": "",
                "撮影日時": "2020-01-19T18:47:00+09:00",
                "緯度": "38.15666737",
                "経度": "140.8628127",
                "夜空の明るさ": "18.4",
                "ばらつき": "0.1",
                "周辺状況": "",
                "備考": "",
                "継続観察登録地点": ""
            }
        },
        {
            "type": "Feature",
            "geometry": {
                "type": "Point",
                "coordinates": [
                    141.4499831,
                    38.6577067
                ]
            },
            "properties": {
                "調査時期": "2020_W",
                "都道府県名": "宮城県",
                "市町村名": "南三陸町",
                "撮影場所": "南三陸ホテル観洋屋上",
                "撮影日時": "2020-01-22T18:47:00+09:00",
                "緯度": "38.6577067",
                "経度": "141.4499831",
                "夜空の明るさ": "20",
                "ばらつき": "0.26",
                "周辺状況": "その他",
                "備考": "",
                "継続観察登録地点": "○"
            }
        },
        {
            "type": "Feature",
            "geometry": {
                "type": "Point",
                "coordinates": [
                    140.8539909,
                    38.20627391
                ]
            },
            "properties": {
                "調査時期": "2020_W",
                "都道府県名": "宮城県",
                "市町村名": "仙台市",
                "撮影場所": "",
                "撮影日時": "2020-01-26T18:24:00+09:00",
                "緯度": "38.20627391",
                "経度": "140.8539909",
                "夜空の明るさ": "18.47",
                "ばらつき": "0.23",
                "周辺状況": "",
                "備考": "",
                "継続観察登録地点": ""
            }
        },
        {
            "type": "Feature",
            "geometry": {
                "type": "Point",
                "coordinates": [
                    140.7560334,
                    38.07571711
                ]
            },
            "properties": {
                "調査時期": "2020_W",
                "都道府県名": "宮城県",
                "市町村名": "柴田町",
                "撮影場所": "柴田郡柴田町本船迫",
                "撮影日時": "2020-01-26T20:04:00+09:00",
                "緯度": "38.07571711",
                "経度": "140.7560334",
                "夜空の明るさ": "19.08",
                "ばらつき": "0.86",
                "周辺状況": "自然公園等",
                "備考": "",
                "継続観察登録地点": ""
            }
        },
        {
            "type": "Feature",
            "geometry": {
                "type": "Point",
                "coordinates": [
                    140.7552508,
                    38.2563808
                ]
            },
            "properties": {
                "調査時期": "2020_W",
                "都道府県名": "宮城県",
                "市町村名": "仙台市",
                "撮影場所": "",
                "撮影日時": "2020-01-26T19:25:00+09:00",
                "緯度": "38.2563808",
                "経度": "140.7552508",
                "夜空の明るさ": "19.43",
                "ばらつき": "0.18",
                "周辺状況": "",
                "備考": "",
                "継続観察登録地点": ""
            }
        },
        {
            "type": "Feature",
            "geometry": {
                "type": "Point",
                "coordinates": [
                    141.214284,
                    38.72218284
                ]
            },
            "properties": {
                "調査時期": "2020_W",
                "都道府県名": "宮城県",
                "市町村名": "登米市",
                "撮影場所": "ナイン・タウン駐車場観測地点",
                "撮影日時": "2020-01-26T18:17:00+09:00",
                "緯度": "38.72218284",
                "経度": "141.214284",
                "夜空の明るさ": "20.24",
                "ばらつき": "0.08",
                "周辺状況": "住宅地域",
                "備考": "",
                "継続観察登録地点": "○"
            }
        },
        {
            "type": "Feature",
            "geometry": {
                "type": "Point",
                "coordinates": [
                    141.2378713,
                    38.74148264
                ]
            },
            "properties": {
                "調査時期": "2020_W",
                "都道府県名": "宮城県",
                "市町村名": "登米市",
                "撮影場所": "ナイン・タウン旧中田沼観測地点",
                "撮影日時": "2020-01-26T18:38:00+09:00",
                "緯度": "38.74148264",
                "経度": "141.2378713",
                "夜空の明るさ": "20.65",
                "ばらつき": "0.07",
                "周辺状況": "農業地域",
                "備考": "",
                "継続観察登録地点": "○"
            }
        },
        {
            "type": "Feature",
            "geometry": {
                "type": "Point",
                "coordinates": [
                    141.3110098,
                    38.73724399
                ]
            },
            "properties": {
                "調査時期": "2020_W",
                "都道府県名": "宮城県",
                "市町村名": "登米市",
                "撮影場所": "ナイン・タウン米谷新中渡戸観測地点",
                "撮影日時": "2020-01-26T19:11:00+09:00",
                "緯度": "38.73724399",
                "経度": "141.3110098",
                "夜空の明るさ": "20.89",
                "ばらつき": "0.07",
                "周辺状況": "農業地域",
                "備考": "",
                "継続観察登録地点": "○"
            }
        },
        {
            "type": "Feature",
            "geometry": {
                "type": "Point",
                "coordinates": [
                    140.9514254,
                    37.19192499
                ]
            },
            "properties": {
                "調査時期": "2020_W",
                "都道府県名": "福島県",
                "市町村名": "広野町",
                "撮影場所": "SUZUKI天体観測所",
                "撮影日時": "2020-01-21T18:36:00+09:00",
                "緯度": "37.19192499",
                "経度": "140.9514254",
                "夜空の明るさ": "20.6",
                "ばらつき": "0.08",
                "周辺状況": "森林山間地",
                "備考": "",
                "継続観察登録地点": "○"
            }
        },
        {
            "type": "Feature",
            "geometry": {
                "type": "Point",
                "coordinates": [
                    140.9932378,
                    37.21583476
                ]
            },
            "properties": {
                "調査時期": "2020_W",
                "都道府県名": "福島県",
                "市町村名": "広野町",
                "撮影場所": "双葉郡広野町",
                "撮影日時": "2020-01-21T19:11:00+09:00",
                "緯度": "37.21583476",
                "経度": "140.9932378",
                "夜空の明るさ": "19.52",
                "ばらつき": "0.11",
                "周辺状況": "住宅地域",
                "備考": "",
                "継続観察登録地点": "○"
            }
        },
        {
            "type": "Feature",
            "geometry": {
                "type": "Point",
                "coordinates": [
                    140.9241548,
                    37.00765055
                ]
            },
            "properties": {
                "調査時期": "2020_W",
                "都道府県名": "福島県",
                "市町村名": "いわき市",
                "撮影場所": "いわき市中央台鹿島",
                "撮影日時": "2020-01-21T19:36:00+09:00",
                "緯度": "37.00765055",
                "経度": "140.9241548",
                "夜空の明るさ": "18.99",
                "ばらつき": "0.23",
                "周辺状況": "住宅地域",
                "備考": "",
                "継続観察登録地点": "○"
            }
        },
        {
            "type": "Feature",
            "geometry": {
                "type": "Point",
                "coordinates": [
                    140.2288877,
                    37.04486845
                ]
            },
            "properties": {
                "調査時期": "2020_W",
                "都道府県名": "福島県",
                "市町村名": "白河市",
                "撮影場所": "白河関の森公園駐車場",
                "撮影日時": "2020-01-21T20:06:00+09:00",
                "緯度": "37.04486845",
                "経度": "140.2288877",
                "夜空の明るさ": "20.04",
                "ばらつき": "0.09",
                "周辺状況": "農業地域",
                "備考": "",
                "継続観察登録地点": "○"
            }
        },
        {
            "type": "Feature",
            "geometry": {
                "type": "Point",
                "coordinates": [
                    140.4861923,
                    36.89121003
                ]
            },
            "properties": {
                "調査時期": "2020_W",
                "都道府県名": "福島県",
                "市町村名": "塙町",
                "撮影場所": "白河関の森公園駐車場",
                "撮影日時": "2020-01-21T18:49:00+09:00",
                "緯度": "36.89121003",
                "経度": "140.4861923",
                "夜空の明るさ": "20.07",
                "ばらつき": "0.08",
                "周辺状況": "農業地域",
                "備考": "",
                "継続観察登録地点": "○"
            }
        },
        {
            "type": "Feature",
            "geometry": {
                "type": "Point",
                "coordinates": [
                    140.9241816,
                    37.00765055
                ]
            },
            "properties": {
                "調査時期": "2020_W",
                "都道府県名": "福島県",
                "市町村名": "いわき市",
                "撮影場所": "いわき市中央台鹿島",
                "撮影日時": "2020-01-24T19:34:00+09:00",
                "緯度": "37.00765055",
                "経度": "140.9241816",
                "夜空の明るさ": "19.05",
                "ばらつき": "0.17",
                "周辺状況": "住宅地域",
                "備考": "",
                "継続観察登録地点": "○"
            }
        },
        {
            "type": "Feature",
            "geometry": {
                "type": "Point",
                "coordinates": [
                    140.8172071,
                    37.7243662
                ]
            },
            "properties": {
                "調査時期": "2020_W",
                "都道府県名": "福島県",
                "市町村名": "飯舘村",
                "撮影場所": "",
                "撮影日時": "2020-01-26T20:11:00+09:00",
                "緯度": "37.7243662",
                "経度": "140.8172071",
                "夜空の明るさ": "21.33",
                "ばらつき": "0.62",
                "周辺状況": "",
                "備考": "",
                "継続観察登録地点": ""
            }
        },
        {
            "type": "Feature",
            "geometry": {
                "type": "Point",
                "coordinates": [
                    140.6763455,
                    37.34181389
                ]
            },
            "properties": {
                "調査時期": "2020_W",
                "都道府県名": "福島県",
                "市町村名": "田村市",
                "撮影場所": "星の村天文台",
                "撮影日時": "2020-01-25T19:52:00+09:00",
                "緯度": "37.34181389",
                "経度": "140.6763455",
                "夜空の明るさ": "19.37",
                "ばらつき": "0.13",
                "周辺状況": "自然公園等",
                "備考": "",
                "継続観察登録地点": "○"
            }
        },
        {
            "type": "Feature",
            "geometry": {
                "type": "Point",
                "coordinates": [
                    140.1182449,
                    36.08367621
                ]
            },
            "properties": {
                "調査時期": "2020_W",
                "都道府県名": "茨城県",
                "市町村名": "つくば市",
                "撮影場所": "つくば市吾妻",
                "撮影日時": "2020-01-15T20:51:00+09:00",
                "緯度": "36.08367621",
                "経度": "140.1182449",
                "夜空の明るさ": "18.34",
                "ばらつき": "0.06",
                "周辺状況": "住宅地域",
                "備考": "観測時間外のため参考値",
                "継続観察登録地点": "○"
            }
        },
        {
            "type": "Feature",
            "geometry": {
                "type": "Point",
                "coordinates": [
                    139.8724821,
                    36.48907185
                ]
            },
            "properties": {
                "調査時期": "2020_W",
                "都道府県名": "栃木県",
                "市町村名": "宇都宮市",
                "撮影場所": "",
                "撮影日時": "2020-01-16T23:00:00+09:00",
                "緯度": "36.48907185",
                "経度": "139.8724821",
                "夜空の明るさ": "18.86",
                "ばらつき": "0.12",
                "周辺状況": "",
                "備考": "観測時間外のため参考値",
                "継続観察登録地点": ""
            }
        },
        {
            "type": "Feature",
            "geometry": {
                "type": "Point",
                "coordinates": [
                    139.8465277,
                    36.80008809
                ]
            },
            "properties": {
                "調査時期": "2020_W",
                "都道府県名": "栃木県",
                "市町村名": "塩谷町",
                "撮影場所": "星ふる学校「くまの木」",
                "撮影日時": "2020-01-18T20:48:00+09:00",
                "緯度": "36.80008809",
                "経度": "139.8465277",
                "夜空の明るさ": "20.83",
                "ばらつき": "0.09",
                "周辺状況": "農業地域",
                "備考": "観測時間外のため参考値",
                "継続観察登録地点": "○"
            }
        },
        {
            "type": "Feature",
            "geometry": {
                "type": "Point",
                "coordinates": [
                    139.60979,
                    36.35376167
                ]
            },
            "properties": {
                "調査時期": "2020_W",
                "都道府県名": "栃木県",
                "市町村名": "佐野市",
                "撮影場所": "佐野市 梅林公園",
                "撮影日時": "2020-01-21T19:41:00+09:00",
                "緯度": "36.35376167",
                "経度": "139.60979",
                "夜空の明るさ": "18.44",
                "ばらつき": "0.11",
                "周辺状況": "農業地域",
                "備考": "",
                "継続観察登録地点": "○"
            }
        },
        {
            "type": "Feature",
            "geometry": {
                "type": "Point",
                "coordinates": [
                    139.5773855,
                    36.29705155
                ]
            },
            "properties": {
                "調査時期": "2020_W",
                "都道府県名": "栃木県",
                "市町村名": "佐野市",
                "撮影場所": "佐野市 赤城神社",
                "撮影日時": "2020-01-21T19:08:00+09:00",
                "緯度": "36.29705155",
                "経度": "139.5773855",
                "夜空の明るさ": "17.65",
                "ばらつき": "0.09",
                "周辺状況": "住宅地域",
                "備考": "",
                "継続観察登録地点": "○"
            }
        },
        {
            "type": "Feature",
            "geometry": {
                "type": "Point",
                "coordinates": [
                    139.8533472,
                    36.50733023
                ]
            },
            "properties": {
                "調査時期": "2020_W",
                "都道府県名": "栃木県",
                "市町村名": "宇都宮市",
                "撮影場所": "",
                "撮影日時": "2020-01-21T19:36:00+09:00",
                "緯度": "36.50733023",
                "経度": "139.8533472",
                "夜空の明るさ": "18.26",
                "ばらつき": "0.13",
                "周辺状況": "",
                "備考": "",
                "継続観察登録地点": ""
            }
        },
        {
            "type": "Feature",
            "geometry": {
                "type": "Point",
                "coordinates": [
                    139.4692033,
                    36.564435
                ]
            },
            "properties": {
                "調査時期": "2020_W",
                "都道府県名": "栃木県",
                "市町村名": "佐野市",
                "撮影場所": "作原自然環境保全地域",
                "撮影日時": "2020-01-15T19:11:00+09:00",
                "緯度": "36.564435",
                "経度": "139.4692033",
                "夜空の明るさ": "20.42",
                "ばらつき": "0.12",
                "周辺状況": "自然公園等",
                "備考": "",
                "継続観察登録地点": "○"
            }
        },
        {
            "type": "Feature",
            "geometry": {
                "type": "Point",
                "coordinates": [
                    139.4692147,
                    36.56440279
                ]
            },
            "properties": {
                "調査時期": "2020_W",
                "都道府県名": "栃木県",
                "市町村名": "佐野市",
                "撮影場所": "作原自然環境保全地域",
                "撮影日時": "2020-01-15T19:12:00+09:00",
                "緯度": "36.56440279",
                "経度": "139.4692147",
                "夜空の明るさ": "20.41",
                "ばらつき": "0.11",
                "周辺状況": "自然公園等",
                "備考": "",
                "継続観察登録地点": "○"
            }
        },
        {
            "type": "Feature",
            "geometry": {
                "type": "Point",
                "coordinates": [
                    138.4589184,
                    36.50550994
                ]
            },
            "properties": {
                "調査時期": "2020_W",
                "都道府県名": "群馬県",
                "市町村名": "嬬恋村",
                "撮影場所": "",
                "撮影日時": "2020-01-21T19:52:00+09:00",
                "緯度": "36.50550994",
                "経度": "138.4589184",
                "夜空の明るさ": "20.92",
                "ばらつき": "0.11",
                "周辺状況": "",
                "備考": "",
                "継続観察登録地点": ""
            }
        },
        {
            "type": "Feature",
            "geometry": {
                "type": "Point",
                "coordinates": [
                    139.0968323,
                    36.30778689
                ]
            },
            "properties": {
                "調査時期": "2020_W",
                "都道府県名": "群馬県",
                "市町村名": "玉村町",
                "撮影場所": "",
                "撮影日時": "2020-01-19T23:01:00+09:00",
                "緯度": "36.30778689",
                "経度": "139.0968323",
                "夜空の明るさ": "18.78",
                "ばらつき": "0.19",
                "周辺状況": "",
                "備考": "観測時間外のため参考値",
                "継続観察登録地点": ""
            }
        },
        {
            "type": "Feature",
            "geometry": {
                "type": "Point",
                "coordinates": [
                    138.9742221,
                    36.59708893
                ]
            },
            "properties": {
                "調査時期": "2020_W",
                "都道府県名": "群馬県",
                "市町村名": "高山村",
                "撮影場所": "",
                "撮影日時": "2020-01-21T19:22:00+09:00",
                "緯度": "36.59708893",
                "経度": "138.9742221",
                "夜空の明るさ": "20.26",
                "ばらつき": "0.11",
                "周辺状況": "",
                "備考": "",
                "継続観察登録地点": ""
            }
        },
        {
            "type": "Feature",
            "geometry": {
                "type": "Point",
                "coordinates": [
                    138.9561257,
                    36.62260696
                ]
            },
            "properties": {
                "調査時期": "2020_W",
                "都道府県名": "群馬県",
                "市町村名": "高山村",
                "撮影場所": "",
                "撮影日時": "2020-01-21T19:41:00+09:00",
                "緯度": "36.62260696",
                "経度": "138.9561257",
                "夜空の明るさ": "19.67",
                "ばらつき": "0.11",
                "周辺状況": "",
                "備考": "",
                "継続観察登録地点": ""
            }
        },
        {
            "type": "Feature",
            "geometry": {
                "type": "Point",
                "coordinates": [
                    139.7535374,
                    36.02517739
                ]
            },
            "properties": {
                "調査時期": "2020_W",
                "都道府県名": "埼玉県",
                "市町村名": "杉戸町",
                "撮影場所": "",
                "撮影日時": "2020-01-20T01:50:00+09:00",
                "緯度": "36.02517739",
                "経度": "139.7535374",
                "夜空の明るさ": "19.12",
                "ばらつき": "0.16",
                "周辺状況": "",
                "備考": "観測時間外のため参考値",
                "継続観察登録地点": ""
            }
        },
        {
            "type": "Feature",
            "geometry": {
                "type": "Point",
                "coordinates": [
                    139.338916,
                    35.92127435
                ]
            },
            "properties": {
                "調査時期": "2020_W",
                "都道府県名": "埼玉県",
                "市町村名": "坂戸市",
                "撮影場所": "坂戸市内",
                "撮影日時": "2020-01-20T18:49:00+09:00",
                "緯度": "35.92127435",
                "経度": "139.338916",
                "夜空の明るさ": "18.26",
                "ばらつき": "0.08",
                "周辺状況": "農業地域",
                "備考": "",
                "継続観察登録地点": "○"
            }
        },
        {
            "type": "Feature",
            "geometry": {
                "type": "Point",
                "coordinates": [
                    139.8262516,
                    35.92941502
                ]
            },
            "properties": {
                "調査時期": "2020_W",
                "都道府県名": "埼玉県",
                "市町村名": "松伏町",
                "撮影場所": "",
                "撮影日時": "2020-01-21T19:51:00+09:00",
                "緯度": "35.92941502",
                "経度": "139.8262516",
                "夜空の明るさ": "17.96",
                "ばらつき": "0.16",
                "周辺状況": "",
                "備考": "",
                "継続観察登録地点": ""
            }
        },
        {
            "type": "Feature",
            "geometry": {
                "type": "Point",
                "coordinates": [
                    139.802565,
                    35.81370108
                ]
            },
            "properties": {
                "調査時期": "2020_W",
                "都道府県名": "埼玉県",
                "市町村名": "草加市",
                "撮影場所": "東武スカイツリーライン谷塚駅前",
                "撮影日時": "2020-01-21T20:08:00+09:00",
                "緯度": "35.81370108",
                "経度": "139.802565",
                "夜空の明るさ": "17.05",
                "ばらつき": "0.12",
                "周辺状況": "商業地域",
                "備考": "",
                "継続観察登録地点": "○"
            }
        },
        {
            "type": "Feature",
            "geometry": {
                "type": "Point",
                "coordinates": [
                    139.5474802,
                    36.06796006
                ]
            },
            "properties": {
                "調査時期": "2020_W",
                "都道府県名": "埼玉県",
                "市町村名": "鴻巣市",
                "撮影場所": "",
                "撮影日時": "2020-01-21T20:16:00+09:00",
                "緯度": "36.06796006",
                "経度": "139.5474802",
                "夜空の明るさ": "18.57",
                "ばらつき": "0.1",
                "周辺状況": "",
                "備考": "",
                "継続観察登録地点": ""
            }
        },
        {
            "type": "Feature",
            "geometry": {
                "type": "Point",
                "coordinates": [
                    139.807629,
                    35.86601452
                ]
            },
            "properties": {
                "調査時期": "2020_W",
                "都道府県名": "埼玉県",
                "市町村名": "越谷市",
                "撮影場所": "越天蒲生観測所",
                "撮影日時": "2020-01-21T20:17:00+09:00",
                "緯度": "35.86601452",
                "経度": "139.807629",
                "夜空の明るさ": "17.49",
                "ばらつき": "0.26",
                "周辺状況": "住宅地域",
                "備考": "",
                "継続観察登録地点": "○"
            }
        },
        {
            "type": "Feature",
            "geometry": {
                "type": "Point",
                "coordinates": [
                    140.3119862,
                    35.25607451
                ]
            },
            "properties": {
                "調査時期": "2020_W",
                "都道府県名": "千葉県",
                "市町村名": "いすみ市",
                "撮影場所": "いすみ市運動公園",
                "撮影日時": "2020-01-15T23:21:00+09:00",
                "緯度": "35.25607451",
                "経度": "140.3119862",
                "夜空の明るさ": "19.86",
                "ばらつき": "0.13",
                "周辺状況": "森林山間地",
                "備考": "観測時間外のため参考値",
                "継続観察登録地点": "○"
            }
        },
        {
            "type": "Feature",
            "geometry": {
                "type": "Point",
                "coordinates": [
                    139.9045372,
                    35.77968488
                ]
            },
            "properties": {
                "調査時期": "2020_W",
                "都道府県名": "千葉県",
                "市町村名": "松戸市",
                "撮影場所": "松戸市内",
                "撮影日時": "2020-01-21T20:15:00+09:00",
                "緯度": "35.77968488",
                "経度": "139.9045372",
                "夜空の明るさ": "17.29",
                "ばらつき": "0.14",
                "周辺状況": "住宅地域",
                "備考": "",
                "継続観察登録地点": "○"
            }
        },
        {
            "type": "Feature",
            "geometry": {
                "type": "Point",
                "coordinates": [
                    139.9045222,
                    35.77967095
                ]
            },
            "properties": {
                "調査時期": "2020_W",
                "都道府県名": "千葉県",
                "市町村名": "松戸市",
                "撮影場所": "松戸市内",
                "撮影日時": "2020-01-21T20:12:00+09:00",
                "緯度": "35.77967095",
                "経度": "139.9045222",
                "夜空の明るさ": "17.19",
                "ばらつき": "0.93",
                "周辺状況": "住宅地域",
                "備考": "",
                "継続観察登録地点": "○"
            }
        },
        {
            "type": "Feature",
            "geometry": {
                "type": "Point",
                "coordinates": [
                    140.3499019,
                    35.49882414
                ]
            },
            "properties": {
                "調査時期": "2020_W",
                "都道府県名": "千葉県",
                "市町村名": "大網白里市",
                "撮影場所": "大網白里市北飯塚",
                "撮影日時": "2020-01-21T18:37:00+09:00",
                "緯度": "35.49882414",
                "経度": "140.3499019",
                "夜空の明るさ": "19.01",
                "ばらつき": "0.5",
                "周辺状況": "その他",
                "備考": "",
                "継続観察登録地点": "○"
            }
        },
        {
            "type": "Feature",
            "geometry": {
                "type": "Point",
                "coordinates": [
                    139.9979272,
                    35.13988477
                ]
            },
            "properties": {
                "調査時期": "2020_W",
                "都道府県名": "千葉県",
                "市町村名": "鴨川市",
                "撮影場所": "鴨川市内",
                "撮影日時": "2020-01-21T19:45:00+09:00",
                "緯度": "35.13988477",
                "経度": "139.9979272",
                "夜空の明るさ": "19.6",
                "ばらつき": "1.33",
                "周辺状況": "農業地域",
                "備考": "",
                "継続観察登録地点": "○"
            }
        },
        {
            "type": "Feature",
            "geometry": {
                "type": "Point",
                "coordinates": [
                    139.4223511,
                    35.56656665
                ]
            },
            "properties": {
                "調査時期": "2020_W",
                "都道府県名": "東京都",
                "市町村名": "町田市",
                "撮影場所": "",
                "撮影日時": "2020-01-20T20:18:00+09:00",
                "緯度": "35.56656665",
                "経度": "139.4223511",
                "夜空の明るさ": "17.43",
                "ばらつき": "0.15",
                "周辺状況": "",
                "備考": "",
                "継続観察登録地点": ""
            }
        },
        {
            "type": "Feature",
            "geometry": {
                "type": "Point",
                "coordinates": [
                    139.7848206,
                    35.79578912
                ]
            },
            "properties": {
                "調査時期": "2020_W",
                "都道府県名": "東京都",
                "市町村名": "足立区",
                "撮影場所": "",
                "撮影日時": "2020-01-20T23:49:00+09:00",
                "緯度": "35.79578912",
                "経度": "139.7848206",
                "夜空の明るさ": "16.99",
                "ばらつき": "1.17",
                "周辺状況": "",
                "備考": "観測時間外のため参考値",
                "継続観察登録地点": ""
            }
        },
        {
            "type": "Feature",
            "geometry": {
                "type": "Point",
                "coordinates": [
                    139.5379522,
                    35.67441011
                ]
            },
            "properties": {
                "調査時期": "2020_W",
                "都道府県名": "東京都",
                "市町村名": "三鷹市",
                "撮影場所": "",
                "撮影日時": "2020-01-21T19:02:00+09:00",
                "緯度": "35.67441011",
                "経度": "139.5379522",
                "夜空の明るさ": "17.35",
                "ばらつき": "0.11",
                "周辺状況": "",
                "備考": "",
                "継続観察登録地点": ""
            }
        },
        {
            "type": "Feature",
            "geometry": {
                "type": "Point",
                "coordinates": [
                    139.3905483,
                    35.69653667
                ]
            },
            "properties": {
                "調査時期": "2020_W",
                "都道府県名": "東京都",
                "市町村名": "立川市",
                "撮影場所": "立川市 お庭天文台",
                "撮影日時": "2020-01-21T20:24:00+09:00",
                "緯度": "35.69653667",
                "経度": "139.3905483",
                "夜空の明るさ": "16.95",
                "ばらつき": "0.43",
                "周辺状況": "住宅地域",
                "備考": "",
                "継続観察登録地点": "○"
            }
        },
        {
            "type": "Feature",
            "geometry": {
                "type": "Point",
                "coordinates": [
                    139.6876779,
                    35.77661753
                ]
            },
            "properties": {
                "調査時期": "2020_W",
                "都道府県名": "東京都",
                "市町村名": "板橋区",
                "撮影場所": "板橋区志村２丁目 城山公園",
                "撮影日時": "2020-01-21T19:44:00+09:00",
                "緯度": "35.77661753",
                "経度": "139.6876779",
                "夜空の明るさ": "16.85",
                "ばらつき": "0.12",
                "周辺状況": "住宅地域",
                "備考": "",
                "継続観察登録地点": "○"
            }
        },
        {
            "type": "Feature",
            "geometry": {
                "type": "Point",
                "coordinates": [
                    139.4459894,
                    35.54238062
                ]
            },
            "properties": {
                "調査時期": "2020_W",
                "都道府県名": "東京都",
                "市町村名": "町田市",
                "撮影場所": "",
                "撮影日時": "2020-01-21T20:12:00+09:00",
                "緯度": "35.54238062",
                "経度": "139.4459894",
                "夜空の明るさ": "15.41",
                "ばらつき": "0.37",
                "周辺状況": "",
                "備考": "半分白い、水滴　参考値",
                "継続観察登録地点": ""
            }
        },
        {
            "type": "Feature",
            "geometry": {
                "type": "Point",
                "coordinates": [
                    139.4492429,
                    35.54031248
                ]
            },
            "properties": {
                "調査時期": "2020_W",
                "都道府県名": "東京都",
                "市町村名": "町田市",
                "撮影場所": "",
                "撮影日時": "2020-01-21T20:29:00+09:00",
                "緯度": "35.54031248",
                "経度": "139.4492429",
                "夜空の明るさ": "17.11",
                "ばらつき": "0.18",
                "周辺状況": "",
                "備考": "観測時間外のため参考値",
                "継続観察登録地点": ""
            }
        },
        {
            "type": "Feature",
            "geometry": {
                "type": "Point",
                "coordinates": [
                    139.8225189,
                    35.7897646
                ]
            },
            "properties": {
                "調査時期": "2020_W",
                "都道府県名": "東京都",
                "市町村名": "足立区",
                "撮影場所": "",
                "撮影日時": "2020-01-21T21:18:00+09:00",
                "緯度": "35.7897646",
                "経度": "139.8225189",
                "夜空の明るさ": "17.23",
                "ばらつき": "0.13",
                "周辺状況": "",
                "備考": "観測時間外のため参考値",
                "継続観察登録地点": ""
            }
        },
        {
            "type": "Feature",
            "geometry": {
                "type": "Point",
                "coordinates": [
                    139.451859,
                    35.5494943
                ]
            },
            "properties": {
                "調査時期": "2020_W",
                "都道府県名": "東京都",
                "市町村名": "町田市",
                "撮影場所": "",
                "撮影日時": "2020-01-21T20:46:00+09:00",
                "緯度": "35.5494943",
                "経度": "139.451859",
                "夜空の明るさ": "17.46",
                "ばらつき": "0.09",
                "周辺状況": "",
                "備考": "観測時間外のため参考値",
                "継続観察登録地点": ""
            }
        },
        {
            "type": "Feature",
            "geometry": {
                "type": "Point",
                "coordinates": [
                    142.1934271,
                    27.06502167
                ]
            },
            "properties": {
                "調査時期": "2020_W",
                "都道府県名": "東京都",
                "市町村名": "小笠原村",
                "撮影場所": "小笠原村父島　コペペ海岸",
                "撮影日時": "2020-01-23T19:28:00+09:00",
                "緯度": "27.06502167",
                "経度": "142.1934271",
                "夜空の明るさ": "",
                "ばらつき": "",
                "周辺状況": "森林山間地",
                "備考": "カメラの感度が低く測定不可",
                "継続観察登録地点": "○"
            }
        },
        {
            "type": "Feature",
            "geometry": {
                "type": "Point",
                "coordinates": [
                    139.7569326,
                    35.71346432
                ]
            },
            "properties": {
                "調査時期": "2020_W",
                "都道府県名": "東京都",
                "市町村名": "文京区",
                "撮影場所": "",
                "撮影日時": "2020-01-21T20:36:00+09:00",
                "緯度": "35.71346432",
                "経度": "139.7569326",
                "夜空の明るさ": "16.59",
                "ばらつき": "0.33",
                "周辺状況": "",
                "備考": "観測時間外のため参考値",
                "継続観察登録地点": ""
            }
        },
        {
            "type": "Feature",
            "geometry": {
                "type": "Point",
                "coordinates": [
                    142.1955353,
                    27.06018632
                ]
            },
            "properties": {
                "調査時期": "2020_W",
                "都道府県名": "東京都",
                "市町村名": "小笠原村",
                "撮影場所": "",
                "撮影日時": "2020-01-20T20:16:00+09:00",
                "緯度": "27.06018632",
                "経度": "142.1955353",
                "夜空の明るさ": "21.99",
                "ばらつき": "0.14",
                "周辺状況": "",
                "備考": "",
                "継続観察登録地点": ""
            }
        },
        {
            "type": "Feature",
            "geometry": {
                "type": "Point",
                "coordinates": [
                    139.476234,
                    35.6817979
                ]
            },
            "properties": {
                "調査時期": "2020_W",
                "都道府県名": "東京都",
                "市町村名": "府中市",
                "撮影場所": "",
                "撮影日時": "2020-01-21T19:07:00+09:00",
                "緯度": "35.6817979",
                "経度": "139.476234",
                "夜空の明るさ": "17.01",
                "ばらつき": "0.12",
                "周辺状況": "",
                "備考": "中心部が円形（幾何学的に）に白く、四隅が黒い　参考値",
                "継続観察登録地点": ""
            }
        },
        {
            "type": "Feature",
            "geometry": {
                "type": "Point",
                "coordinates": [
                    139.5167837,
                    35.71627451
                ]
            },
            "properties": {
                "調査時期": "2020_W",
                "都道府県名": "東京都",
                "市町村名": "小金井市",
                "撮影場所": "都立小金井公園　いこいの広場",
                "撮影日時": "2020-01-21T19:23:00+09:00",
                "緯度": "35.71627451",
                "経度": "139.5167837",
                "夜空の明るさ": "17.41",
                "ばらつき": "0.09",
                "周辺状況": "自然公園等",
                "備考": "",
                "継続観察登録地点": "○"
            }
        },
        {
            "type": "Feature",
            "geometry": {
                "type": "Point",
                "coordinates": [
                    139.1268003,
                    34.19881792
                ]
            },
            "properties": {
                "調査時期": "2020_W",
                "都道府県名": "東京都",
                "市町村名": "神津島村",
                "撮影場所": "神津島村 ヘリポート",
                "撮影日時": "2020-01-21T19:50:00+09:00",
                "緯度": "34.19881792",
                "経度": "139.1268003",
                "夜空の明るさ": "21.72",
                "ばらつき": "0.12",
                "周辺状況": "農業地域",
                "備考": "",
                "継続観察登録地点": "○"
            }
        },
        {
            "type": "Feature",
            "geometry": {
                "type": "Point",
                "coordinates": [
                    139.1441131,
                    34.19196712
                ]
            },
            "properties": {
                "調査時期": "2020_W",
                "都道府県名": "東京都",
                "市町村名": "神津島村",
                "撮影場所": "神津島村 三浦湾展望台",
                "撮影日時": "2020-01-21T20:08:00+09:00",
                "緯度": "34.19196712",
                "経度": "139.1441131",
                "夜空の明るさ": "21.85",
                "ばらつき": "0.26",
                "周辺状況": "その他",
                "備考": "",
                "継続観察登録地点": "○"
            }
        },
        {
            "type": "Feature",
            "geometry": {
                "type": "Point",
                "coordinates": [
                    139.1392851,
                    34.20481931
                ]
            },
            "properties": {
                "調査時期": "2020_W",
                "都道府県名": "東京都",
                "市町村名": "神津島村",
                "撮影場所": "神津島村 よたね広場",
                "撮影日時": "2020-01-15T20:25:00+09:00",
                "緯度": "34.20481931",
                "経度": "139.1392851",
                "夜空の明るさ": "21.42",
                "ばらつき": "0.12",
                "周辺状況": "住宅地域",
                "備考": "",
                "継続観察登録地点": "○"
            }
        },
        {
            "type": "Feature",
            "geometry": {
                "type": "Point",
                "coordinates": [
                    139.1375631,
                    34.23980166
                ]
            },
            "properties": {
                "調査時期": "2020_W",
                "都道府県名": "東京都",
                "市町村名": "神津島村",
                "撮影場所": "神津島村 赤崎遊歩道",
                "撮影日時": "2020-01-21T19:15:00+09:00",
                "緯度": "34.23980166",
                "経度": "139.1375631",
                "夜空の明るさ": "21.58",
                "ばらつき": "0.23",
                "周辺状況": "その他",
                "備考": "",
                "継続観察登録地点": "○"
            }
        },
        {
            "type": "Feature",
            "geometry": {
                "type": "Point",
                "coordinates": [
                    139.6711394,
                    35.70468813
                ]
            },
            "properties": {
                "調査時期": "2020_W",
                "都道府県名": "東京都",
                "市町村名": "中野区",
                "撮影場所": "なかのZERO",
                "撮影日時": "2020-01-20T19:06:00+09:00",
                "緯度": "35.70468813",
                "経度": "139.6711394",
                "夜空の明るさ": "16.45",
                "ばらつき": "0.11",
                "周辺状況": "商業地域",
                "備考": "",
                "継続観察登録地点": "○"
            }
        },
        {
            "type": "Feature",
            "geometry": {
                "type": "Point",
                "coordinates": [
                    139.3008283,
                    35.77199105
                ]
            },
            "properties": {
                "調査時期": "2020_W",
                "都道府県名": "東京都",
                "市町村名": "羽村市",
                "撮影場所": "羽村市",
                "撮影日時": "2020-01-24T20:28:00+09:00",
                "緯度": "35.77199105",
                "経度": "139.3008283",
                "夜空の明るさ": "17.93",
                "ばらつき": "0.08",
                "周辺状況": "住宅地域",
                "備考": "",
                "継続観察登録地点": "○"
            }
        },
        {
            "type": "Feature",
            "geometry": {
                "type": "Point",
                "coordinates": [
                    139.0434971,
                    35.78983396
                ]
            },
            "properties": {
                "調査時期": "2020_W",
                "都道府県名": "東京都",
                "市町村名": "奥多摩町",
                "撮影場所": "西多摩郡奥多摩町 奥多摩湖大麦代園地駐車場",
                "撮影日時": "2020-01-21T18:47:00+09:00",
                "緯度": "35.78983396",
                "経度": "139.0434971",
                "夜空の明るさ": "20.01",
                "ばらつき": "0.07",
                "周辺状況": "森林山間地",
                "備考": "",
                "継続観察登録地点": "○"
            }
        },
        {
            "type": "Feature",
            "geometry": {
                "type": "Point",
                "coordinates": [
                    139.7505999,
                    35.72307224
                ]
            },
            "properties": {
                "調査時期": "2020_W",
                "都道府県名": "東京都",
                "市町村名": "文京区",
                "撮影場所": "東洋大学白山キャンパス１号館屋上",
                "撮影日時": "2020-01-21T19:33:00+09:00",
                "緯度": "35.72307224",
                "経度": "139.7505999",
                "夜空の明るさ": "16.7",
                "ばらつき": "0.21",
                "周辺状況": "商業地域",
                "備考": "",
                "継続観察登録地点": "○"
            }
        },
        {
            "type": "Feature",
            "geometry": {
                "type": "Point",
                "coordinates": [
                    139.2768413,
                    35.60467131
                ]
            },
            "properties": {
                "調査時期": "2020_W",
                "都道府県名": "神奈川県",
                "市町村名": "相模原市",
                "撮影場所": "",
                "撮影日時": "2020-01-19T20:46:00+09:00",
                "緯度": "35.60467131",
                "経度": "139.2768413",
                "夜空の明るさ": "18.83",
                "ばらつき": "0.14",
                "周辺状況": "",
                "備考": "観測時間外のため参考値",
                "継続観察登録地点": ""
            }
        },
        {
            "type": "Feature",
            "geometry": {
                "type": "Point",
                "coordinates": [
                    139.3725774,
                    35.58115819
                ]
            },
            "properties": {
                "調査時期": "2020_W",
                "都道府県名": "神奈川県",
                "市町村名": "相模原市",
                "撮影場所": "",
                "撮影日時": "2020-01-21T19:41:00+09:00",
                "緯度": "35.58115819",
                "経度": "139.3725774",
                "夜空の明るさ": "17.05",
                "ばらつき": "0.17",
                "周辺状況": "",
                "備考": "",
                "継続観察登録地点": ""
            }
        },
        {
            "type": "Feature",
            "geometry": {
                "type": "Point",
                "coordinates": [
                    139.3740928,
                    35.53833421
                ]
            },
            "properties": {
                "調査時期": "2020_W",
                "都道府県名": "神奈川県",
                "市町村名": "相模原市",
                "撮影場所": "相模原市南区下溝",
                "撮影日時": "2020-01-21T19:34:00+09:00",
                "緯度": "35.53833421",
                "経度": "139.3740928",
                "夜空の明るさ": "17.69",
                "ばらつき": "0.08",
                "周辺状況": "農業地域",
                "備考": "",
                "継続観察登録地点": "○"
            }
        },
        {
            "type": "Feature",
            "geometry": {
                "type": "Point",
                "coordinates": [
                    139.4695132,
                    35.3980593
                ]
            },
            "properties": {
                "調査時期": "2020_W",
                "都道府県名": "神奈川県",
                "市町村名": "藤沢市",
                "撮影場所": "藤沢市内",
                "撮影日時": "2020-01-15T19:45:00+09:00",
                "緯度": "35.3980593",
                "経度": "139.4695132",
                "夜空の明るさ": "16.59",
                "ばらつき": "0.41",
                "周辺状況": "商業地域",
                "備考": "",
                "継続観察登録地点": "○"
            }
        },
        {
            "type": "Feature",
            "geometry": {
                "type": "Point",
                "coordinates": [
                    138.4195375,
                    38.06759696
                ]
            },
            "properties": {
                "調査時期": "2020_W",
                "都道府県名": "新潟県",
                "市町村名": "佐渡市",
                "撮影場所": "",
                "撮影日時": "2020-01-24T19:56:00+09:00",
                "緯度": "38.06759696",
                "経度": "138.4195375",
                "夜空の明るさ": "18.71",
                "ばらつき": "1.83",
                "周辺状況": "",
                "備考": "地点登録を間違い",
                "継続観察登録地点": ""
            }
        },
        {
            "type": "Feature",
            "geometry": {
                "type": "Point",
                "coordinates": [
                    138.4195429,
                    38.06759696
                ]
            },
            "properties": {
                "調査時期": "2020_W",
                "都道府県名": "新潟県",
                "市町村名": "佐渡市",
                "撮影場所": "佐渡市秋津",
                "撮影日時": "2020-01-24T19:56:00+09:00",
                "緯度": "38.06759696",
                "経度": "138.4195429",
                "夜空の明るさ": "21.2",
                "ばらつき": "0.15",
                "周辺状況": "農業地域",
                "備考": "",
                "継続観察登録地点": "○"
            }
        },
        {
            "type": "Feature",
            "geometry": {
                "type": "Point",
                "coordinates": [
                    138.418808,
                    38.0607084
                ]
            },
            "properties": {
                "調査時期": "2020_W",
                "都道府県名": "新潟県",
                "市町村名": "佐渡市",
                "撮影場所": "佐渡市秋津",
                "撮影日時": "2020-01-26T19:25:00+09:00",
                "緯度": "38.0607084",
                "経度": "138.418808",
                "夜空の明るさ": "20.88",
                "ばらつき": "0.09",
                "周辺状況": "その他",
                "備考": "",
                "継続観察登録地点": "○"
            }
        },
        {
            "type": "Feature",
            "geometry": {
                "type": "Point",
                "coordinates": [
                    136.7045519,
                    36.71882378
                ]
            },
            "properties": {
                "調査時期": "2020_W",
                "都道府県名": "石川県",
                "市町村名": "かほく市",
                "撮影場所": "",
                "撮影日時": "2020-01-21T20:08:00+09:00",
                "緯度": "36.71882378",
                "経度": "136.7045519",
                "夜空の明るさ": "19.27",
                "ばらつき": "0.1",
                "周辺状況": "",
                "備考": "",
                "継続観察登録地点": ""
            }
        },
        {
            "type": "Feature",
            "geometry": {
                "type": "Point",
                "coordinates": [
                    137.1369883,
                    37.33513479
                ]
            },
            "properties": {
                "調査時期": "2020_W",
                "都道府県名": "石川県",
                "市町村名": "能登町",
                "撮影場所": "石川県柳田星の観察館「満天星」 ",
                "撮影日時": "2020-01-24T20:29:00+09:00",
                "緯度": "37.33513479",
                "経度": "137.1369883",
                "夜空の明るさ": "21.17",
                "ばらつき": "0.2",
                "周辺状況": "自然公園等",
                "備考": "",
                "継続観察登録地点": "○"
            }
        },
        {
            "type": "Feature",
            "geometry": {
                "type": "Point",
                "coordinates": [
                    137.1369562,
                    37.33515612
                ]
            },
            "properties": {
                "調査時期": "2020_W",
                "都道府県名": "石川県",
                "市町村名": "能登町",
                "撮影場所": "石川県柳田星の観察館「満天星」 ",
                "撮影日時": "2020-01-21T22:43:00+09:00",
                "緯度": "37.33515612",
                "経度": "137.1369562",
                "夜空の明るさ": "21.77",
                "ばらつき": "0.26",
                "周辺状況": "自然公園等",
                "備考": "観測時間外のため参考値",
                "継続観察登録地点": "○"
            }
        },
        {
            "type": "Feature",
            "geometry": {
                "type": "Point",
                "coordinates": [
                    136.5824025,
                    36.02138283
                ]
            },
            "properties": {
                "調査時期": "2020_W",
                "都道府県名": "福井県",
                "市町村名": "大野市",
                "撮影場所": "福井県自然保護センター観察棟",
                "撮影日時": "2020-01-21T20:31:00+09:00",
                "緯度": "36.02138283",
                "経度": "136.5824025",
                "夜空の明るさ": "21.19",
                "ばらつき": "0.09",
                "周辺状況": "自然公園等",
                "備考": "",
                "継続観察登録地点": "○"
            }
        },
        {
            "type": "Feature",
            "geometry": {
                "type": "Point",
                "coordinates": [
                    136.5823402,
                    36.02141581
                ]
            },
            "properties": {
                "調査時期": "2020_W",
                "都道府県名": "福井県",
                "市町村名": "大野市",
                "撮影場所": "福井県自然保護センター観察棟",
                "撮影日時": "2020-01-21T20:32:00+09:00",
                "緯度": "36.02141581",
                "経度": "136.5823402",
                "夜空の明るさ": "21.17",
                "ばらつき": "0.14",
                "周辺状況": "自然公園等",
                "備考": "",
                "継続観察登録地点": "○"
            }
        },
        {
            "type": "Feature",
            "geometry": {
                "type": "Point",
                "coordinates": [
                    136.582381,
                    36.02140019
                ]
            },
            "properties": {
                "調査時期": "2020_W",
                "都道府県名": "福井県",
                "市町村名": "大野市",
                "撮影場所": "福井県自然保護センター観察棟",
                "撮影日時": "2020-01-21T20:35:00+09:00",
                "緯度": "36.02140019",
                "経度": "136.582381",
                "夜空の明るさ": "21.17",
                "ばらつき": "0.1",
                "周辺状況": "自然公園等",
                "備考": "",
                "継続観察登録地点": "○"
            }
        },
        {
            "type": "Feature",
            "geometry": {
                "type": "Point",
                "coordinates": [
                    138.802152,
                    35.77579062
                ]
            },
            "properties": {
                "調査時期": "2020_W",
                "都道府県名": "山梨県",
                "市町村名": "甲州市",
                "撮影場所": "",
                "撮影日時": "2020-01-20T19:38:00+09:00",
                "緯度": "35.77579062",
                "経度": "138.802152",
                "夜空の明るさ": "20.74",
                "ばらつき": "0.07",
                "周辺状況": "",
                "備考": "",
                "継続観察登録地点": ""
            }
        },
        {
            "type": "Feature",
            "geometry": {
                "type": "Point",
                "coordinates": [
                    138.7302446,
                    35.52430157
                ]
            },
            "properties": {
                "調査時期": "2020_W",
                "都道府県名": "山梨県",
                "市町村名": "富士河口湖町",
                "撮影場所": "南都留郡富士河口湖町大石",
                "撮影日時": "2020-01-20T19:16:00+09:00",
                "緯度": "35.52430157",
                "経度": "138.7302446",
                "夜空の明るさ": "20.23",
                "ばらつき": "0.15",
                "周辺状況": "農業地域",
                "備考": "",
                "継続観察登録地点": "○"
            }
        },
        {
            "type": "Feature",
            "geometry": {
                "type": "Point",
                "coordinates": [
                    138.316927,
                    35.78837447
                ]
            },
            "properties": {
                "調査時期": "2020_W",
                "都道府県名": "山梨県",
                "市町村名": "北杜市",
                "撮影場所": "北杜市白州町横手",
                "撮影日時": "2020-01-20T19:45:00+09:00",
                "緯度": "35.78837447",
                "経度": "138.316927",
                "夜空の明るさ": "20.7",
                "ばらつき": "0.3",
                "周辺状況": "農業地域",
                "備考": "",
                "継続観察登録地点": "○"
            }
        },
        {
            "type": "Feature",
            "geometry": {
                "type": "Point",
                "coordinates": [
                    138.7674013,
                    35.45677913
                ]
            },
            "properties": {
                "調査時期": "2020_W",
                "都道府県名": "山梨県",
                "市町村名": "富士吉田市",
                "撮影場所": "富士北麓公園駐車場",
                "撮影日時": "2020-01-20T19:48:00+09:00",
                "緯度": "35.45677913",
                "経度": "138.7674013",
                "夜空の明るさ": "19.14",
                "ばらつき": "0.21",
                "周辺状況": "自然公園等",
                "備考": "",
                "継続観察登録地点": "○"
            }
        },
        {
            "type": "Feature",
            "geometry": {
                "type": "Point",
                "coordinates": [
                    138.8044122,
                    35.45617468
                ]
            },
            "properties": {
                "調査時期": "2020_W",
                "都道府県名": "山梨県",
                "市町村名": "富士吉田市",
                "撮影場所": "富士散策公園",
                "撮影日時": "2020-01-20T20:03:00+09:00",
                "緯度": "35.45617468",
                "経度": "138.8044122",
                "夜空の明るさ": "19.34",
                "ばらつき": "0.7",
                "周辺状況": "自然公園等",
                "備考": "",
                "継続観察登録地点": "○"
            }
        },
        {
            "type": "Feature",
            "geometry": {
                "type": "Point",
                "coordinates": [
                    138.8181478,
                    35.48474258
                ]
            },
            "properties": {
                "調査時期": "2020_W",
                "都道府県名": "山梨県",
                "市町村名": "富士吉田市",
                "撮影場所": "富士吉田市大明見地内",
                "撮影日時": "2020-01-20T20:17:00+09:00",
                "緯度": "35.48474258",
                "経度": "138.8181478",
                "夜空の明るさ": "19.24",
                "ばらつき": "0.11",
                "周辺状況": "住宅地域",
                "備考": "",
                "継続観察登録地点": "○"
            }
        },
        {
            "type": "Feature",
            "geometry": {
                "type": "Point",
                "coordinates": [
                    138.4287295,
                    35.80093894
                ]
            },
            "properties": {
                "調査時期": "2020_W",
                "都道府県名": "山梨県",
                "市町村名": "北杜市",
                "撮影場所": "",
                "撮影日時": "2020-01-21T19:26:00+09:00",
                "緯度": "35.80093894",
                "経度": "138.4287295",
                "夜空の明るさ": "20",
                "ばらつき": "0.11",
                "周辺状況": "",
                "備考": "",
                "継続観察登録地点": ""
            }
        },
        {
            "type": "Feature",
            "geometry": {
                "type": "Point",
                "coordinates": [
                    138.9046982,
                    35.60954651
                ]
            },
            "properties": {
                "調査時期": "2020_W",
                "都道府県名": "山梨県",
                "市町村名": "大月市",
                "撮影場所": "",
                "撮影日時": "2020-01-24T20:23:00+09:00",
                "緯度": "35.60954651",
                "経度": "138.9046982",
                "夜空の明るさ": "19.17",
                "ばらつき": "0.22",
                "周辺状況": "",
                "備考": "",
                "継続観察登録地点": ""
            }
        },
        {
            "type": "Feature",
            "geometry": {
                "type": "Point",
                "coordinates": [
                    138.9782336,
                    35.78551286
                ]
            },
            "properties": {
                "調査時期": "2020_W",
                "都道府県名": "山梨県",
                "市町村名": "丹波山村",
                "撮影場所": "北都留郡丹波山村",
                "撮影日時": "2020-01-21T20:21:00+09:00",
                "緯度": "35.78551286",
                "経度": "138.9782336",
                "夜空の明るさ": "20.53",
                "ばらつき": "0.08",
                "周辺状況": "森林山間地",
                "備考": "",
                "継続観察登録地点": "○"
            }
        },
        {
            "type": "Feature",
            "geometry": {
                "type": "Point",
                "coordinates": [
                    138.9403769,
                    35.76349032
                ]
            },
            "properties": {
                "調査時期": "2020_W",
                "都道府県名": "山梨県",
                "市町村名": "小菅村",
                "撮影場所": "北都留郡小菅村 小菅村ヘリポート",
                "撮影日時": "2020-01-21T19:43:00+09:00",
                "緯度": "35.76349032",
                "経度": "138.9403769",
                "夜空の明るさ": "20.45",
                "ばらつき": "0.08",
                "周辺状況": "森林山間地",
                "備考": "",
                "継続観察登録地点": "○"
            }
        },
        {
            "type": "Feature",
            "geometry": {
                "type": "Point",
                "coordinates": [
                    137.8636444,
                    36.12749556
                ]
            },
            "properties": {
                "調査時期": "2020_W",
                "都道府県名": "長野県",
                "市町村名": "朝日村",
                "撮影場所": "",
                "撮影日時": "2020-01-22T19:11:00+09:00",
                "緯度": "36.12749556",
                "経度": "137.8636444",
                "夜空の明るさ": "20.15",
                "ばらつき": "0.08",
                "周辺状況": "",
                "備考": "",
                "継続観察登録地点": ""
            }
        },
        {
            "type": "Feature",
            "geometry": {
                "type": "Point",
                "coordinates": [
                    137.8593636,
                    36.18049995
                ]
            },
            "properties": {
                "調査時期": "2020_W",
                "都道府県名": "長野県",
                "市町村名": "松本市",
                "撮影場所": "",
                "撮影日時": "2020-01-22T18:38:00+09:00",
                "緯度": "36.18049995",
                "経度": "137.8593636",
                "夜空の明るさ": "19.64",
                "ばらつき": "0.07",
                "周辺状況": "",
                "備考": "",
                "継続観察登録地点": ""
            }
        },
        {
            "type": "Feature",
            "geometry": {
                "type": "Point",
                "coordinates": [
                    137.8740728,
                    35.61463066
                ]
            },
            "properties": {
                "調査時期": "2020_W",
                "都道府県名": "長野県",
                "市町村名": "松川町",
                "撮影場所": "",
                "撮影日時": "2020-01-15T19:20:00+09:00",
                "緯度": "35.61463066",
                "経度": "137.8740728",
                "夜空の明るさ": "20.71",
                "ばらつき": "0.09",
                "周辺状況": "",
                "備考": "",
                "継続観察登録地点": ""
            }
        },
        {
            "type": "Feature",
            "geometry": {
                "type": "Point",
                "coordinates": [
                    137.8612327,
                    35.56622341
                ]
            },
            "properties": {
                "調査時期": "2020_W",
                "都道府県名": "長野県",
                "市町村名": "高森町",
                "撮影場所": "",
                "撮影日時": "2020-01-15T19:37:00+09:00",
                "緯度": "35.56622341",
                "経度": "137.8612327",
                "夜空の明るさ": "20.36",
                "ばらつき": "0.1",
                "周辺状況": "",
                "備考": "",
                "継続観察登録地点": ""
            }
        },
        {
            "type": "Feature",
            "geometry": {
                "type": "Point",
                "coordinates": [
                    137.8961851,
                    35.55200249
                ]
            },
            "properties": {
                "調査時期": "2020_W",
                "都道府県名": "長野県",
                "市町村名": "豊丘村",
                "撮影場所": "",
                "撮影日時": "2020-01-15T19:53:00+09:00",
                "緯度": "35.55200249",
                "経度": "137.8961851",
                "夜空の明るさ": "20.09",
                "ばらつき": "0.12",
                "周辺状況": "",
                "備考": "",
                "継続観察登録地点": ""
            }
        },
        {
            "type": "Feature",
            "geometry": {
                "type": "Point",
                "coordinates": [
                    137.8756581,
                    35.51564036
                ]
            },
            "properties": {
                "調査時期": "2020_W",
                "都道府県名": "長野県",
                "市町村名": "喬木村",
                "撮影場所": "",
                "撮影日時": "2020-01-15T20:11:00+09:00",
                "緯度": "35.51564036",
                "経度": "137.8756581",
                "夜空の明るさ": "19.7",
                "ばらつき": "0.08",
                "周辺状況": "",
                "備考": "",
                "継続観察登録地点": ""
            }
        },
        {
            "type": "Feature",
            "geometry": {
                "type": "Point",
                "coordinates": [
                    137.8539134,
                    35.53250885
                ]
            },
            "properties": {
                "調査時期": "2020_W",
                "都道府県名": "長野県",
                "市町村名": "飯田市",
                "撮影場所": "",
                "撮影日時": "2020-01-15T20:29:00+09:00",
                "緯度": "35.53250885",
                "経度": "137.8539134",
                "夜空の明るさ": "19.81",
                "ばらつき": "0.1",
                "周辺状況": "",
                "備考": "",
                "継続観察登録地点": ""
            }
        },
        {
            "type": "Feature",
            "geometry": {
                "type": "Point",
                "coordinates": [
                    137.9983474,
                    36.31738695
                ]
            },
            "properties": {
                "調査時期": "2020_W",
                "都道府県名": "長野県",
                "市町村名": "松本市",
                "撮影場所": "",
                "撮影日時": "2020-01-19T19:15:00+09:00",
                "緯度": "36.31738695",
                "経度": "137.9983474",
                "夜空の明るさ": "18.78",
                "ばらつき": "0.17",
                "周辺状況": "",
                "備考": "",
                "継続観察登録地点": ""
            }
        },
        {
            "type": "Feature",
            "geometry": {
                "type": "Point",
                "coordinates": [
                    137.996748,
                    36.35818594
                ]
            },
            "properties": {
                "調査時期": "2020_W",
                "都道府県名": "長野県",
                "市町村名": "松本市",
                "撮影場所": "",
                "撮影日時": "2020-01-19T19:33:00+09:00",
                "緯度": "36.35818594",
                "経度": "137.996748",
                "夜空の明るさ": "18.62",
                "ばらつき": "0.43",
                "周辺状況": "",
                "備考": "",
                "継続観察登録地点": ""
            }
        },
        {
            "type": "Feature",
            "geometry": {
                "type": "Point",
                "coordinates": [
                    137.9524927,
                    36.34368428
                ]
            },
            "properties": {
                "調査時期": "2020_W",
                "都道府県名": "長野県",
                "市町村名": "安曇野市",
                "撮影場所": "",
                "撮影日時": "2020-01-19T19:52:00+09:00",
                "緯度": "36.34368428",
                "経度": "137.9524927",
                "夜空の明るさ": "20.06",
                "ばらつき": "0.12",
                "周辺状況": "",
                "備考": "",
                "継続観察登録地点": ""
            }
        },
        {
            "type": "Feature",
            "geometry": {
                "type": "Point",
                "coordinates": [
                    137.9340962,
                    36.35661323
                ]
            },
            "properties": {
                "調査時期": "2020_W",
                "都道府県名": "長野県",
                "市町村名": "安曇野市",
                "撮影場所": "",
                "撮影日時": "2020-01-19T20:02:00+09:00",
                "緯度": "36.35661323",
                "経度": "137.9340962",
                "夜空の明るさ": "20.03",
                "ばらつき": "0.13",
                "周辺状況": "",
                "備考": "",
                "継続観察登録地点": ""
            }
        },
        {
            "type": "Feature",
            "geometry": {
                "type": "Point",
                "coordinates": [
                    137.9158268,
                    36.33951129
                ]
            },
            "properties": {
                "調査時期": "2020_W",
                "都道府県名": "長野県",
                "市町村名": "安曇野市",
                "撮影場所": "",
                "撮影日時": "2020-01-19T20:14:00+09:00",
                "緯度": "36.33951129",
                "経度": "137.9158268",
                "夜空の明るさ": "19.75",
                "ばらつき": "0.11",
                "周辺状況": "",
                "備考": "",
                "継続観察登録地点": ""
            }
        },
        {
            "type": "Feature",
            "geometry": {
                "type": "Point",
                "coordinates": [
                    137.8594305,
                    36.01290281
                ]
            },
            "properties": {
                "調査時期": "2020_W",
                "都道府県名": "長野県",
                "市町村名": "塩尻市",
                "撮影場所": "",
                "撮影日時": "2020-01-20T19:00:00+09:00",
                "緯度": "36.01290281",
                "経度": "137.8594305",
                "夜空の明るさ": "18.17",
                "ばらつき": "0.13",
                "周辺状況": "",
                "備考": "",
                "継続観察登録地点": ""
            }
        },
        {
            "type": "Feature",
            "geometry": {
                "type": "Point",
                "coordinates": [
                    137.8424883,
                    35.98656865
                ]
            },
            "properties": {
                "調査時期": "2020_W",
                "都道府県名": "長野県",
                "市町村名": "塩尻市",
                "撮影場所": "",
                "撮影日時": "2020-01-20T19:10:00+09:00",
                "緯度": "35.98656865",
                "経度": "137.8424883",
                "夜空の明るさ": "18.61",
                "ばらつき": "0.26",
                "周辺状況": "",
                "備考": "",
                "継続観察登録地点": ""
            }
        },
        {
            "type": "Feature",
            "geometry": {
                "type": "Point",
                "coordinates": [
                    137.9485067,
                    36.11477233
                ]
            },
            "properties": {
                "調査時期": "2020_W",
                "都道府県名": "長野県",
                "市町村名": "塩尻市",
                "撮影場所": "",
                "撮影日時": "2020-01-20T20:40:00+09:00",
                "緯度": "36.11477233",
                "経度": "137.9485067",
                "夜空の明るさ": "18.33",
                "ばらつき": "0.1",
                "周辺状況": "",
                "備考": "",
                "継続観察登録地点": ""
            }
        },
        {
            "type": "Feature",
            "geometry": {
                "type": "Point",
                "coordinates": [
                    137.7490756,
                    36.15288715
                ]
            },
            "properties": {
                "調査時期": "2020_W",
                "都道府県名": "長野県",
                "市町村名": "松本市",
                "撮影場所": "",
                "撮影日時": "2020-01-21T18:55:00+09:00",
                "緯度": "36.15288715",
                "経度": "137.7490756",
                "夜空の明るさ": "20.75",
                "ばらつき": "0.19",
                "周辺状況": "",
                "備考": "",
                "継続観察登録地点": ""
            }
        },
        {
            "type": "Feature",
            "geometry": {
                "type": "Point",
                "coordinates": [
                    137.616631,
                    36.118979
                ]
            },
            "properties": {
                "調査時期": "2020_W",
                "都道府県名": "長野県",
                "市町村名": "松本市",
                "撮影場所": "",
                "撮影日時": "2020-01-21T20:38:00+09:00",
                "緯度": "36.118979",
                "経度": "137.616631",
                "夜空の明るさ": "21.11",
                "ばらつき": "0.14",
                "周辺状況": "",
                "備考": "",
                "継続観察登録地点": ""
            }
        },
        {
            "type": "Feature",
            "geometry": {
                "type": "Point",
                "coordinates": [
                    137.6164926,
                    36.11897389
                ]
            },
            "properties": {
                "調査時期": "2020_W",
                "都道府県名": "長野県",
                "市町村名": "松本市",
                "撮影場所": "",
                "撮影日時": "2020-01-21T21:15:00+09:00",
                "緯度": "36.11897389",
                "経度": "137.6164926",
                "夜空の明るさ": "21.4",
                "ばらつき": "0.15",
                "周辺状況": "",
                "備考": "",
                "継続観察登録地点": ""
            }
        },
        {
            "type": "Feature",
            "geometry": {
                "type": "Point",
                "coordinates": [
                    138.1785062,
                    36.63535407
                ]
            },
            "properties": {
                "調査時期": "2020_W",
                "都道府県名": "長野県",
                "市町村名": "長野市",
                "撮影場所": "",
                "撮影日時": "2020-01-21T19:01:00+09:00",
                "緯度": "36.63535407",
                "経度": "138.1785062",
                "夜空の明るさ": "18.44",
                "ばらつき": "0.07",
                "周辺状況": "",
                "備考": "",
                "継続観察登録地点": ""
            }
        },
        {
            "type": "Feature",
            "geometry": {
                "type": "Point",
                "coordinates": [
                    138.1597012,
                    36.12045865
                ]
            },
            "properties": {
                "調査時期": "2020_W",
                "都道府県名": "長野県",
                "市町村名": "下諏訪町",
                "撮影場所": "諏訪郡下諏訪町八島湿原",
                "撮影日時": "2020-01-15T19:46:00+09:00",
                "緯度": "36.12045865",
                "経度": "138.1597012",
                "夜空の明るさ": "20.77",
                "ばらつき": "0.1",
                "周辺状況": "",
                "備考": "",
                "継続観察登録地点": ""
            }
        },
        {
            "type": "Feature",
            "geometry": {
                "type": "Point",
                "coordinates": [
                    138.3396712,
                    36.36100256
                ]
            },
            "properties": {
                "調査時期": "2020_W",
                "都道府県名": "長野県",
                "市町村名": "東御市",
                "撮影場所": "",
                "撮影日時": "2020-01-26T20:29:00+09:00",
                "緯度": "36.36100256",
                "経度": "138.3396712",
                "夜空の明るさ": "17.39",
                "ばらつき": "0.23",
                "周辺状況": "",
                "備考": "",
                "継続観察登録地点": ""
            }
        },
        {
            "type": "Feature",
            "geometry": {
                "type": "Point",
                "coordinates": [
                    138.2186159,
                    36.35113188
                ]
            },
            "properties": {
                "調査時期": "2020_W",
                "都道府県名": "長野県",
                "市町村名": "上田市",
                "撮影場所": "古安曽観測所前",
                "撮影日時": "2020-01-15T20:54:00+09:00",
                "緯度": "36.35113188",
                "経度": "138.2186159",
                "夜空の明るさ": "20.15",
                "ばらつき": "0.17",
                "周辺状況": "農業地域",
                "備考": "観測時間外のため参考値",
                "継続観察登録地点": "○"
            }
        },
        {
            "type": "Feature",
            "geometry": {
                "type": "Point",
                "coordinates": [
                    138.2186428,
                    36.35113188
                ]
            },
            "properties": {
                "調査時期": "2020_W",
                "都道府県名": "長野県",
                "市町村名": "上田市",
                "撮影場所": "古安曽観測所前",
                "撮影日時": "2020-01-15T21:34:00+09:00",
                "緯度": "36.35113188",
                "経度": "138.2186428",
                "夜空の明るさ": "20.16",
                "ばらつき": "0.08",
                "周辺状況": "農業地域",
                "備考": "観測時間外のため参考値",
                "継続観察登録地点": "○"
            }
        },
        {
            "type": "Feature",
            "geometry": {
                "type": "Point",
                "coordinates": [
                    137.7980483,
                    35.41173535
                ]
            },
            "properties": {
                "調査時期": "2020_W",
                "都道府県名": "長野県",
                "市町村名": "下條村",
                "撮影場所": "",
                "撮影日時": "2020-01-15T18:44:00+09:00",
                "緯度": "35.41173535",
                "経度": "137.7980483",
                "夜空の明るさ": "20.68",
                "ばらつき": "0.12",
                "周辺状況": "",
                "備考": "",
                "継続観察登録地点": ""
            }
        },
        {
            "type": "Feature",
            "geometry": {
                "type": "Point",
                "coordinates": [
                    137.8166762,
                    35.44528822
                ]
            },
            "properties": {
                "調査時期": "2020_W",
                "都道府県名": "長野県",
                "市町村名": "飯田市",
                "撮影場所": "",
                "撮影日時": "2020-01-15T19:03:00+09:00",
                "緯度": "35.44528822",
                "経度": "137.8166762",
                "夜空の明るさ": "20.18",
                "ばらつき": "0.09",
                "周辺状況": "",
                "備考": "",
                "継続観察登録地点": ""
            }
        },
        {
            "type": "Feature",
            "geometry": {
                "type": "Point",
                "coordinates": [
                    137.8707388,
                    35.50277987
                ]
            },
            "properties": {
                "調査時期": "2020_W",
                "都道府県名": "長野県",
                "市町村名": "喬木村",
                "撮影場所": "",
                "撮影日時": "2020-01-15T19:56:00+09:00",
                "緯度": "35.50277987",
                "経度": "137.8707388",
                "夜空の明るさ": "19.9",
                "ばらつき": "0.12",
                "周辺状況": "",
                "備考": "",
                "継続観察登録地点": ""
            }
        },
        {
            "type": "Feature",
            "geometry": {
                "type": "Point",
                "coordinates": [
                    137.8723642,
                    35.42686122
                ]
            },
            "properties": {
                "調査時期": "2020_W",
                "都道府県名": "長野県",
                "市町村名": "飯田市",
                "撮影場所": "",
                "撮影日時": "2020-01-15T19:31:00+09:00",
                "緯度": "35.42686122",
                "経度": "137.8723642",
                "夜空の明るさ": "20.86",
                "ばらつき": "0.11",
                "周辺状況": "",
                "備考": "",
                "継続観察登録地点": ""
            }
        },
        {
            "type": "Feature",
            "geometry": {
                "type": "Point",
                "coordinates": [
                    137.8615925,
                    35.56637465
                ]
            },
            "properties": {
                "調査時期": "2020_W",
                "都道府県名": "長野県",
                "市町村名": "高森町",
                "撮影場所": "",
                "撮影日時": "2020-01-15T20:29:00+09:00",
                "緯度": "35.56637465",
                "経度": "137.8615925",
                "夜空の明るさ": "20.57",
                "ばらつき": "0.09",
                "周辺状況": "",
                "備考": "観測時間外のため参考値",
                "継続観察登録地点": ""
            }
        },
        {
            "type": "Feature",
            "geometry": {
                "type": "Point",
                "coordinates": [
                    137.9286075,
                    35.71083784
                ]
            },
            "properties": {
                "調査時期": "2020_W",
                "都道府県名": "長野県",
                "市町村名": "駒ヶ根市",
                "撮影場所": "駒ヶ根高原家族旅行村アルプスの丘周辺",
                "撮影日時": "2020-01-15T18:33:00+09:00",
                "緯度": "35.71083784",
                "経度": "137.9286075",
                "夜空の明るさ": "",
                "ばらつき": "",
                "周辺状況": "自然公園等",
                "備考": "ピンボケのため解析不可",
                "継続観察登録地点": "○"
            }
        },
        {
            "type": "Feature",
            "geometry": {
                "type": "Point",
                "coordinates": [
                    137.9140162,
                    35.72191813
                ]
            },
            "properties": {
                "調査時期": "2020_W",
                "都道府県名": "長野県",
                "市町村名": "駒ヶ根市",
                "撮影場所": "日本電産長野技術研究開発センター周辺",
                "撮影日時": "2020-01-15T18:50:00+09:00",
                "緯度": "35.72191813",
                "経度": "137.9140162",
                "夜空の明るさ": "20.02",
                "ばらつき": "0.09",
                "周辺状況": "農業地域",
                "備考": "",
                "継続観察登録地点": "○"
            }
        },
        {
            "type": "Feature",
            "geometry": {
                "type": "Point",
                "coordinates": [
                    137.8995055,
                    35.73031443
                ]
            },
            "properties": {
                "調査時期": "2020_W",
                "都道府県名": "長野県",
                "市町村名": "駒ヶ根市",
                "撮影場所": "駒ヶ根高原家族旅行村アルプスの丘周辺",
                "撮影日時": "2020-01-15T18:33:00+09:00",
                "緯度": "35.73031443",
                "経度": "137.8995055",
                "夜空の明るさ": "",
                "ばらつき": "",
                "周辺状況": "自然公園等",
                "備考": "ピンボケのため解析不可",
                "継続観察登録地点": "○"
            }
        },
        {
            "type": "Feature",
            "geometry": {
                "type": "Point",
                "coordinates": [
                    137.9288328,
                    35.71090753
                ]
            },
            "properties": {
                "調査時期": "2020_W",
                "都道府県名": "長野県",
                "市町村名": "駒ヶ根市",
                "撮影場所": "長野県駒ヶ根工業高等学校周辺",
                "撮影日時": "2020-01-15T19:07:00+09:00",
                "緯度": "35.71090753",
                "経度": "137.9288328",
                "夜空の明るさ": "",
                "ばらつき": "",
                "周辺状況": "住宅地域",
                "備考": "ピンボケのため解析不可",
                "継続観察登録地点": "○"
            }
        },
        {
            "type": "Feature",
            "geometry": {
                "type": "Point",
                "coordinates": [
                    137.7488002,
                    35.41715214
                ]
            },
            "properties": {
                "調査時期": "2020_W",
                "都道府県名": "長野県",
                "市町村名": "阿智村",
                "撮影場所": "",
                "撮影日時": "2020-01-16T19:05:00+09:00",
                "緯度": "35.41715214",
                "経度": "137.7488002",
                "夜空の明るさ": "20.56",
                "ばらつき": "0.14",
                "周辺状況": "",
                "備考": "",
                "継続観察登録地点": ""
            }
        },
        {
            "type": "Feature",
            "geometry": {
                "type": "Point",
                "coordinates": [
                    137.6523292,
                    35.439327
                ]
            },
            "properties": {
                "調査時期": "2020_W",
                "都道府県名": "長野県",
                "市町村名": "阿智村",
                "撮影場所": "",
                "撮影日時": "2020-01-16T19:54:00+09:00",
                "緯度": "35.439327",
                "経度": "137.6523292",
                "夜空の明るさ": "20.69",
                "ばらつき": "0.1",
                "周辺状況": "",
                "備考": "",
                "継続観察登録地点": ""
            }
        },
        {
            "type": "Feature",
            "geometry": {
                "type": "Point",
                "coordinates": [
                    137.7100745,
                    35.46387702
                ]
            },
            "properties": {
                "調査時期": "2020_W",
                "都道府県名": "長野県",
                "市町村名": "阿智村",
                "撮影場所": "",
                "撮影日時": "2020-01-16T20:12:00+09:00",
                "緯度": "35.46387702",
                "経度": "137.7100745",
                "夜空の明るさ": "20.75",
                "ばらつき": "0.1",
                "周辺状況": "",
                "備考": "",
                "継続観察登録地点": ""
            }
        },
        {
            "type": "Feature",
            "geometry": {
                "type": "Point",
                "coordinates": [
                    137.9396689,
                    36.10364378
                ]
            },
            "properties": {
                "調査時期": "2020_W",
                "都道府県名": "長野県",
                "市町村名": "塩尻市",
                "撮影場所": "平出遺跡公園",
                "撮影日時": "2020-01-19T20:34:00+09:00",
                "緯度": "36.10364378",
                "経度": "137.9396689",
                "夜空の明るさ": "19.72",
                "ばらつき": "0.2",
                "周辺状況": "自然公園等",
                "備考": "観測時間外のため参考値",
                "継続観察登録地点": "○"
            }
        },
        {
            "type": "Feature",
            "geometry": {
                "type": "Point",
                "coordinates": [
                    138.1813484,
                    36.65133059
                ]
            },
            "properties": {
                "調査時期": "2020_W",
                "都道府県名": "長野県",
                "市町村名": "長野市",
                "撮影場所": "長野県庁",
                "撮影日時": "2020-01-20T18:35:00+09:00",
                "緯度": "36.65133059",
                "経度": "138.1813484",
                "夜空の明るさ": "",
                "ばらつき": "",
                "周辺状況": "住宅地域",
                "備考": "雲域広く基準星の特定が不可のため解析不可",
                "継続観察登録地点": "○"
            }
        },
        {
            "type": "Feature",
            "geometry": {
                "type": "Point",
                "coordinates": [
                    138.5167515,
                    36.0614885
                ]
            },
            "properties": {
                "調査時期": "2020_W",
                "都道府県名": "長野県",
                "市町村名": "北相木村",
                "撮影場所": "南佐久郡北相木村栃原",
                "撮影日時": "2020-01-20T19:01:00+09:00",
                "緯度": "36.0614885",
                "経度": "138.5167515",
                "夜空の明るさ": "20.67",
                "ばらつき": "0.45",
                "周辺状況": "森林山間地",
                "備考": "",
                "継続観察登録地点": "○"
            }
        },
        {
            "type": "Feature",
            "geometry": {
                "type": "Point",
                "coordinates": [
                    137.9750606,
                    36.1014099
                ]
            },
            "properties": {
                "調査時期": "2020_W",
                "都道府県名": "長野県",
                "市町村名": "塩尻市",
                "撮影場所": "",
                "撮影日時": "2020-01-20T20:06:00+09:00",
                "緯度": "36.1014099",
                "経度": "137.9750606",
                "夜空の明るさ": "19.82",
                "ばらつき": "0.05",
                "周辺状況": "",
                "備考": "",
                "継続観察登録地点": ""
            }
        },
        {
            "type": "Feature",
            "geometry": {
                "type": "Point",
                "coordinates": [
                    137.9535145,
                    36.11535216
                ]
            },
            "properties": {
                "調査時期": "2020_W",
                "都道府県名": "長野県",
                "市町村名": "塩尻市",
                "撮影場所": "",
                "撮影日時": "2020-01-20T20:34:00+09:00",
                "緯度": "36.11535216",
                "経度": "137.9535145",
                "夜空の明るさ": "19.09",
                "ばらつき": "0.09",
                "周辺状況": "",
                "備考": "観測時間外のため参考値",
                "継続観察登録地点": ""
            }
        },
        {
            "type": "Feature",
            "geometry": {
                "type": "Point",
                "coordinates": [
                    138.0036503,
                    36.07153297
                ]
            },
            "properties": {
                "調査時期": "2020_W",
                "都道府県名": "長野県",
                "市町村名": "塩尻市",
                "撮影場所": "いこいの森公園",
                "撮影日時": "2020-01-20T19:40:00+09:00",
                "緯度": "36.07153297",
                "経度": "138.0036503",
                "夜空の明るさ": "20.12",
                "ばらつき": "0.07",
                "周辺状況": "自然公園等",
                "備考": "",
                "継続観察登録地点": "○"
            }
        },
        {
            "type": "Feature",
            "geometry": {
                "type": "Point",
                "coordinates": [
                    138.0162942,
                    36.06266629
                ]
            },
            "properties": {
                "調査時期": "2020_W",
                "都道府県名": "長野県",
                "市町村名": "岡谷市",
                "撮影場所": "塩嶺王城パーク駐車場",
                "撮影日時": "2020-01-20T19:55:00+09:00",
                "緯度": "36.06266629",
                "経度": "138.0162942",
                "夜空の明るさ": "20.06",
                "ばらつき": "0.07",
                "周辺状況": "自然公園等",
                "備考": "",
                "継続観察登録地点": "○"
            }
        },
        {
            "type": "Feature",
            "geometry": {
                "type": "Point",
                "coordinates": [
                    137.8818029,
                    36.16724225
                ]
            },
            "properties": {
                "調査時期": "2020_W",
                "都道府県名": "長野県",
                "市町村名": "山形村",
                "撮影場所": "",
                "撮影日時": "2020-01-21T18:23:00+09:00",
                "緯度": "36.16724225",
                "経度": "137.8818029",
                "夜空の明るさ": "19.5",
                "ばらつき": "0.09",
                "周辺状況": "",
                "備考": "",
                "継続観察登録地点": ""
            }
        },
        {
            "type": "Feature",
            "geometry": {
                "type": "Point",
                "coordinates": [
                    137.987701,
                    35.89987888
                ]
            },
            "properties": {
                "調査時期": "2020_W",
                "都道府県名": "長野県",
                "市町村名": "箕輪町",
                "撮影場所": "JR木ノ下駅周辺",
                "撮影日時": "2020-01-21T19:26:00+09:00",
                "緯度": "35.89987888",
                "経度": "137.987701",
                "夜空の明るさ": "19.33",
                "ばらつき": "0.08",
                "周辺状況": "住宅地域",
                "備考": "",
                "継続観察登録地点": "○"
            }
        },
        {
            "type": "Feature",
            "geometry": {
                "type": "Point",
                "coordinates": [
                    137.8386462,
                    35.37542168
                ]
            },
            "properties": {
                "調査時期": "2020_W",
                "都道府県名": "長野県",
                "市町村名": "泰阜村",
                "撮影場所": "",
                "撮影日時": "2020-01-21T18:32:00+09:00",
                "緯度": "35.37542168",
                "経度": "137.8386462",
                "夜空の明るさ": "20.78",
                "ばらつき": "0.09",
                "周辺状況": "",
                "備考": "",
                "継続観察登録地点": ""
            }
        },
        {
            "type": "Feature",
            "geometry": {
                "type": "Point",
                "coordinates": [
                    137.8209463,
                    35.32533237
                ]
            },
            "properties": {
                "調査時期": "2020_W",
                "都道府県名": "長野県",
                "市町村名": "阿南町",
                "撮影場所": "",
                "撮影日時": "2020-01-21T19:02:00+09:00",
                "緯度": "35.32533237",
                "経度": "137.8209463",
                "夜空の明るさ": "21.41",
                "ばらつき": "0.09",
                "周辺状況": "",
                "備考": "",
                "継続観察登録地点": ""
            }
        },
        {
            "type": "Feature",
            "geometry": {
                "type": "Point",
                "coordinates": [
                    137.7534109,
                    35.40065582
                ]
            },
            "properties": {
                "調査時期": "2020_W",
                "都道府県名": "長野県",
                "市町村名": "下條村",
                "撮影場所": "",
                "撮影日時": "2020-01-21T19:34:00+09:00",
                "緯度": "35.40065582",
                "経度": "137.7534109",
                "夜空の明るさ": "20.73",
                "ばらつき": "0.08",
                "周辺状況": "",
                "備考": "",
                "継続観察登録地点": ""
            }
        },
        {
            "type": "Feature",
            "geometry": {
                "type": "Point",
                "coordinates": [
                    137.7705985,
                    35.38856016
                ]
            },
            "properties": {
                "調査時期": "2020_W",
                "都道府県名": "長野県",
                "市町村名": "下條村",
                "撮影場所": "",
                "撮影日時": "2020-01-21T20:31:00+09:00",
                "緯度": "35.38856016",
                "経度": "137.7705985",
                "夜空の明るさ": "20.96",
                "ばらつき": "0.14",
                "周辺状況": "",
                "備考": "",
                "継続観察登録地点": ""
            }
        },
        {
            "type": "Feature",
            "geometry": {
                "type": "Point",
                "coordinates": [
                    137.9444919,
                    36.15332393
                ]
            },
            "properties": {
                "調査時期": "2020_W",
                "都道府県名": "長野県",
                "市町村名": "塩尻市",
                "撮影場所": "",
                "撮影日時": "2020-01-21T18:37:00+09:00",
                "緯度": "36.15332393",
                "経度": "137.9444919",
                "夜空の明るさ": "18.75",
                "ばらつき": "0.33",
                "周辺状況": "",
                "備考": "",
                "継続観察登録地点": ""
            }
        },
        {
            "type": "Feature",
            "geometry": {
                "type": "Point",
                "coordinates": [
                    137.9464914,
                    36.16480612
                ]
            },
            "properties": {
                "調査時期": "2020_W",
                "都道府県名": "長野県",
                "市町村名": "塩尻市",
                "撮影場所": "",
                "撮影日時": "2020-01-21T18:50:00+09:00",
                "緯度": "36.16480612",
                "経度": "137.9464914",
                "夜空の明るさ": "18.63",
                "ばらつき": "0.14",
                "周辺状況": "",
                "備考": "",
                "継続観察登録地点": ""
            }
        },
        {
            "type": "Feature",
            "geometry": {
                "type": "Point",
                "coordinates": [
                    137.969082,
                    36.05166307
                ]
            },
            "properties": {
                "調査時期": "2020_W",
                "都道府県名": "長野県",
                "市町村名": "塩尻市",
                "撮影場所": "",
                "撮影日時": "2020-01-21T18:37:00+09:00",
                "緯度": "36.05166307",
                "経度": "137.969082",
                "夜空の明るさ": "19.92",
                "ばらつき": "0.08",
                "周辺状況": "",
                "備考": "",
                "継続観察登録地点": ""
            }
        },
        {
            "type": "Feature",
            "geometry": {
                "type": "Point",
                "coordinates": [
                    137.9643238,
                    36.14414938
                ]
            },
            "properties": {
                "調査時期": "2020_W",
                "都道府県名": "長野県",
                "市町村名": "塩尻市",
                "撮影場所": "",
                "撮影日時": "2020-01-21T20:04:00+09:00",
                "緯度": "36.14414938",
                "経度": "137.9643238",
                "夜空の明るさ": "19.1",
                "ばらつき": "0.08",
                "周辺状況": "",
                "備考": "",
                "継続観察登録地点": ""
            }
        },
        {
            "type": "Feature",
            "geometry": {
                "type": "Point",
                "coordinates": [
                    138.4630224,
                    35.96163701
                ]
            },
            "properties": {
                "調査時期": "2020_W",
                "都道府県名": "長野県",
                "市町村名": "南牧村",
                "撮影場所": "南佐久郡南牧村野辺山",
                "撮影日時": "2020-01-20T19:49:00+09:00",
                "緯度": "35.96163701",
                "経度": "138.4630224",
                "夜空の明るさ": "20.9",
                "ばらつき": "0.08",
                "周辺状況": "住宅地域",
                "備考": "",
                "継続観察登録地点": "○"
            }
        },
        {
            "type": "Feature",
            "geometry": {
                "type": "Point",
                "coordinates": [
                    138.0027491,
                    36.19582474
                ]
            },
            "properties": {
                "調査時期": "2020_W",
                "都道府県名": "長野県",
                "市町村名": "松本市",
                "撮影場所": "",
                "撮影日時": "2020-01-21T20:32:00+09:00",
                "緯度": "36.19582474",
                "経度": "138.0027491",
                "夜空の明るさ": "19.6",
                "ばらつき": "0.19",
                "周辺状況": "",
                "備考": "",
                "継続観察登録地点": ""
            }
        },
        {
            "type": "Feature",
            "geometry": {
                "type": "Point",
                "coordinates": [
                    137.9221723,
                    36.15627169
                ]
            },
            "properties": {
                "調査時期": "2020_W",
                "都道府県名": "長野県",
                "市町村名": "塩尻市",
                "撮影場所": "",
                "撮影日時": "2020-01-22T19:19:00+09:00",
                "緯度": "36.15627169",
                "経度": "137.9221723",
                "夜空の明るさ": "19.06",
                "ばらつき": "0.29",
                "周辺状況": "",
                "備考": "",
                "継続観察登録地点": ""
            }
        },
        {
            "type": "Feature",
            "geometry": {
                "type": "Point",
                "coordinates": [
                    137.9197103,
                    36.18253292
                ]
            },
            "properties": {
                "調査時期": "2020_W",
                "都道府県名": "長野県",
                "市町村名": "松本市",
                "撮影場所": "",
                "撮影日時": "2020-01-22T19:31:00+09:00",
                "緯度": "36.18253292",
                "経度": "137.9197103",
                "夜空の明るさ": "17.66",
                "ばらつき": "0.4",
                "周辺状況": "",
                "備考": "",
                "継続観察登録地点": ""
            }
        },
        {
            "type": "Feature",
            "geometry": {
                "type": "Point",
                "coordinates": [
                    138.2665443,
                    35.97209857
                ]
            },
            "properties": {
                "調査時期": "2020_W",
                "都道府県名": "長野県",
                "市町村名": "原村",
                "撮影場所": "八ヶ岳自然文化園",
                "撮影日時": "2020-01-21T19:49:00+09:00",
                "緯度": "35.97209857",
                "経度": "138.2665443",
                "夜空の明るさ": "20.72",
                "ばらつき": "0.11",
                "周辺状況": "自然公園等",
                "備考": "",
                "継続観察登録地点": "○"
            }
        },
        {
            "type": "Feature",
            "geometry": {
                "type": "Point",
                "coordinates": [
                    137.6233855,
                    35.22348742
                ]
            },
            "properties": {
                "調査時期": "2020_W",
                "都道府県名": "長野県",
                "市町村名": "根羽村",
                "撮影場所": "根羽村 茶臼山",
                "撮影日時": "2020-01-21T20:44:00+09:00",
                "緯度": "35.22348742",
                "経度": "137.6233855",
                "夜空の明るさ": "21.13",
                "ばらつき": "0.09",
                "周辺状況": "自然公園等",
                "備考": "観測時間外のため参考値",
                "継続観察登録地点": "○"
            }
        },
        {
            "type": "Feature",
            "geometry": {
                "type": "Point",
                "coordinates": [
                    137.623423,
                    35.22335596
                ]
            },
            "properties": {
                "調査時期": "2020_W",
                "都道府県名": "長野県",
                "市町村名": "根羽村",
                "撮影場所": "根羽村 茶臼山",
                "撮影日時": "2020-01-21T20:45:00+09:00",
                "緯度": "35.22335596",
                "経度": "137.623423",
                "夜空の明るさ": "21.17",
                "ばらつき": "0.1",
                "周辺状況": "自然公園等",
                "備考": "観測時間外のため参考値",
                "継続観察登録地点": "○"
            }
        },
        {
            "type": "Feature",
            "geometry": {
                "type": "Point",
                "coordinates": [
                    137.9272342,
                    35.87443747
                ]
            },
            "properties": {
                "調査時期": "2020_W",
                "都道府県名": "長野県",
                "市町村名": "伊那市",
                "撮影場所": "伊那市西箕輪 中条地区",
                "撮影日時": "2020-01-21T19:34:00+09:00",
                "緯度": "35.87443747",
                "経度": "137.9272342",
                "夜空の明るさ": "20",
                "ばらつき": "0.12",
                "周辺状況": "農業地域",
                "備考": "",
                "継続観察登録地点": "○"
            }
        },
        {
            "type": "Feature",
            "geometry": {
                "type": "Point",
                "coordinates": [
                    137.629348,
                    35.93242
                ]
            },
            "properties": {
                "調査時期": "2020_W",
                "都道府県名": "長野県",
                "市町村名": "木曽町",
                "撮影場所": "木曽町開田高原 末川地区",
                "撮影日時": "2020-01-21T20:39:00+09:00",
                "緯度": "35.93242",
                "経度": "137.629348",
                "夜空の明るさ": "21.34",
                "ばらつき": "0.15",
                "周辺状況": "その他",
                "備考": "観測時間外のため参考値",
                "継続観察登録地点": "○"
            }
        },
        {
            "type": "Feature",
            "geometry": {
                "type": "Point",
                "coordinates": [
                    137.9376061,
                    36.13912116
                ]
            },
            "properties": {
                "調査時期": "2020_W",
                "都道府県名": "長野県",
                "市町村名": "塩尻市",
                "撮影場所": "",
                "撮影日時": "2020-01-22T19:03:00+09:00",
                "緯度": "36.13912116",
                "経度": "137.9376061",
                "夜空の明るさ": "18.83",
                "ばらつき": "0.14",
                "周辺状況": "",
                "備考": "",
                "継続観察登録地点": ""
            }
        },
        {
            "type": "Feature",
            "geometry": {
                "type": "Point",
                "coordinates": [
                    137.783626,
                    35.93183013
                ]
            },
            "properties": {
                "調査時期": "2020_W",
                "都道府県名": "長野県",
                "市町村名": "木祖村",
                "撮影場所": "木祖村郷土館脇",
                "撮影日時": "2020-01-21T20:28:00+09:00",
                "緯度": "35.93183013",
                "経度": "137.783626",
                "夜空の明るさ": "20.76",
                "ばらつき": "0.11",
                "周辺状況": "商業地域",
                "備考": "",
                "継続観察登録地点": "○"
            }
        },
        {
            "type": "Feature",
            "geometry": {
                "type": "Point",
                "coordinates": [
                    137.7629891,
                    35.88753418
                ]
            },
            "properties": {
                "調査時期": "2020_W",
                "都道府県名": "長野県",
                "市町村名": "木曽町",
                "撮影場所": "宮ノ越駅前",
                "撮影日時": "2020-01-21T20:15:00+09:00",
                "緯度": "35.88753418",
                "経度": "137.7629891",
                "夜空の明るさ": "20.94",
                "ばらつき": "0.09",
                "周辺状況": "住宅地域",
                "備考": "",
                "継続観察登録地点": "○"
            }
        },
        {
            "type": "Feature",
            "geometry": {
                "type": "Point",
                "coordinates": [
                    137.740083,
                    35.8668528
                ]
            },
            "properties": {
                "調査時期": "2020_W",
                "都道府県名": "長野県",
                "市町村名": "木曽町",
                "撮影場所": "道の駅日義木曽駒高原",
                "撮影日時": "2020-01-21T20:05:00+09:00",
                "緯度": "35.8668528",
                "経度": "137.740083",
                "夜空の明るさ": "20.65",
                "ばらつき": "0.11",
                "周辺状況": "住宅地域",
                "備考": "",
                "継続観察登録地点": "○"
            }
        },
        {
            "type": "Feature",
            "geometry": {
                "type": "Point",
                "coordinates": [
                    137.7560583,
                    35.83108449
                ]
            },
            "properties": {
                "調査時期": "2020_W",
                "都道府県名": "長野県",
                "市町村名": "木曽町",
                "撮影場所": "キビオ峠",
                "撮影日時": "2020-01-24T18:44:00+09:00",
                "緯度": "35.83108449",
                "経度": "137.7560583",
                "夜空の明るさ": "21.12",
                "ばらつき": "0.11",
                "周辺状況": "森林山間地",
                "備考": "",
                "継続観察登録地点": "○"
            }
        },
        {
            "type": "Feature",
            "geometry": {
                "type": "Point",
                "coordinates": [
                    137.7036506,
                    35.84981508
                ]
            },
            "properties": {
                "調査時期": "2020_W",
                "都道府県名": "長野県",
                "市町村名": "木曽町",
                "撮影場所": "関山公園",
                "撮影日時": "2020-01-21T19:50:00+09:00",
                "緯度": "35.84981508",
                "経度": "137.7036506",
                "夜空の明るさ": "20.77",
                "ばらつき": "0.1",
                "周辺状況": "自然公園等",
                "備考": "",
                "継続観察登録地点": "○"
            }
        },
        {
            "type": "Feature",
            "geometry": {
                "type": "Point",
                "coordinates": [
                    137.6875815,
                    35.8390518
                ]
            },
            "properties": {
                "調査時期": "2020_W",
                "都道府県名": "長野県",
                "市町村名": "木曽町",
                "撮影場所": "木曽合同庁舎脇",
                "撮影日時": "2020-01-15T20:08:00+09:00",
                "緯度": "35.8390518",
                "経度": "137.6875815",
                "夜空の明るさ": "20.45",
                "ばらつき": "0.09",
                "周辺状況": "商業地域",
                "備考": "",
                "継続観察登録地点": "○"
            }
        },
        {
            "type": "Feature",
            "geometry": {
                "type": "Point",
                "coordinates": [
                    137.6875439,
                    35.80766069
                ]
            },
            "properties": {
                "調査時期": "2020_W",
                "都道府県名": "長野県",
                "市町村名": "上松町",
                "撮影場所": "木曽の桟",
                "撮影日時": "2020-01-15T20:20:00+09:00",
                "緯度": "35.80766069",
                "経度": "137.6875439",
                "夜空の明るさ": "21.14",
                "ばらつき": "0.1",
                "周辺状況": "森林山間地",
                "備考": "",
                "継続観察登録地点": "○"
            }
        },
        {
            "type": "Feature",
            "geometry": {
                "type": "Point",
                "coordinates": [
                    137.6936969,
                    35.78402109
                ]
            },
            "properties": {
                "調査時期": "2020_W",
                "都道府県名": "長野県",
                "市町村名": "上松町",
                "撮影場所": "上松駅前",
                "撮影日時": "2020-01-15T20:29:00+09:00",
                "緯度": "35.78402109",
                "経度": "137.6936969",
                "夜空の明るさ": "20.47",
                "ばらつき": "0.1",
                "周辺状況": "商業地域",
                "備考": "観測時間外のため参考値",
                "継続観察登録地点": "○"
            }
        },
        {
            "type": "Feature",
            "geometry": {
                "type": "Point",
                "coordinates": [
                    137.7153745,
                    35.72271599
                ]
            },
            "properties": {
                "調査時期": "2020_W",
                "都道府県名": "長野県",
                "市町村名": "上松町",
                "撮影場所": "木曽郡上松町倉本",
                "撮影日時": "2020-01-21T19:21:00+09:00",
                "緯度": "35.72271599",
                "経度": "137.7153745",
                "夜空の明るさ": "21.1",
                "ばらつき": "0.09",
                "周辺状況": "その他",
                "備考": "",
                "継続観察登録地点": "○"
            }
        },
        {
            "type": "Feature",
            "geometry": {
                "type": "Point",
                "coordinates": [
                    137.671161,
                    35.68903513
                ]
            },
            "properties": {
                "調査時期": "2020_W",
                "都道府県名": "長野県",
                "市町村名": "大桑村",
                "撮影場所": "大桑中学校",
                "撮影日時": "2020-01-21T19:08:00+09:00",
                "緯度": "35.68903513",
                "経度": "137.671161",
                "夜空の明るさ": "20.92",
                "ばらつき": "0.1",
                "周辺状況": "住宅地域",
                "備考": "",
                "継続観察登録地点": "○"
            }
        },
        {
            "type": "Feature",
            "geometry": {
                "type": "Point",
                "coordinates": [
                    137.6059753,
                    35.59929769
                ]
            },
            "properties": {
                "調査時期": "2020_W",
                "都道府県名": "長野県",
                "市町村名": "南木曽町",
                "撮影場所": "天白公園駐車場",
                "撮影日時": "2020-01-21T18:48:00+09:00",
                "緯度": "35.59929769",
                "経度": "137.6059753",
                "夜空の明るさ": "19.87",
                "ばらつき": "0.09",
                "周辺状況": "自然公園等",
                "備考": "",
                "継続観察登録地点": "○"
            }
        },
        {
            "type": "Feature",
            "geometry": {
                "type": "Point",
                "coordinates": [
                    137.5499064,
                    35.59111444
                ]
            },
            "properties": {
                "調査時期": "2020_W",
                "都道府県名": "長野県",
                "市町村名": "南木曽町",
                "撮影場所": "田立小学校",
                "撮影日時": "2020-01-21T18:34:00+09:00",
                "緯度": "35.59111444",
                "経度": "137.5499064",
                "夜空の明るさ": "20.69",
                "ばらつき": "0.08",
                "周辺状況": "住宅地域",
                "備考": "",
                "継続観察登録地点": "○"
            }
        },
        {
            "type": "Feature",
            "geometry": {
                "type": "Point",
                "coordinates": [
                    137.5077689,
                    35.7960119
                ]
            },
            "properties": {
                "調査時期": "2020_W",
                "都道府県名": "長野県",
                "市町村名": "王滝村",
                "撮影場所": "王滝村氷ケ瀬",
                "撮影日時": "2020-01-24T19:48:00+09:00",
                "緯度": "35.7960119",
                "経度": "137.5077689",
                "夜空の明るさ": "20.84",
                "ばらつき": "0.16",
                "周辺状況": "森林山間地",
                "備考": "",
                "継続観察登録地点": "○"
            }
        },
        {
            "type": "Feature",
            "geometry": {
                "type": "Point",
                "coordinates": [
                    137.937115,
                    35.81972414
                ]
            },
            "properties": {
                "調査時期": "2020_W",
                "都道府県名": "長野県",
                "市町村名": "伊那市",
                "撮影場所": "伊那市 西春近北小学校グランド",
                "撮影日時": "2020-01-24T18:45:00+09:00",
                "緯度": "35.81972414",
                "経度": "137.937115",
                "夜空の明るさ": "19.35",
                "ばらつき": "0.09",
                "周辺状況": "農業地域",
                "備考": "",
                "継続観察登録地点": "○"
            }
        },
        {
            "type": "Feature",
            "geometry": {
                "type": "Point",
                "coordinates": [
                    137.9143415,
                    35.75278151
                ]
            },
            "properties": {
                "調査時期": "2020_W",
                "都道府県名": "長野県",
                "市町村名": "宮田村",
                "撮影場所": "",
                "撮影日時": "2020-01-24T19:10:00+09:00",
                "緯度": "35.75278151",
                "経度": "137.9143415",
                "夜空の明るさ": "19.84",
                "ばらつき": "0.09",
                "周辺状況": "",
                "備考": "",
                "継続観察登録地点": ""
            }
        },
        {
            "type": "Feature",
            "geometry": {
                "type": "Point",
                "coordinates": [
                    138.0052943,
                    35.88738207
                ]
            },
            "properties": {
                "調査時期": "2020_W",
                "都道府県名": "長野県",
                "市町村名": "箕輪町",
                "撮影場所": "",
                "撮影日時": "2020-01-24T20:10:00+09:00",
                "緯度": "35.88738207",
                "経度": "138.0052943",
                "夜空の明るさ": "18.8",
                "ばらつき": "0.13",
                "周辺状況": "",
                "備考": "",
                "継続観察登録地点": ""
            }
        },
        {
            "type": "Feature",
            "geometry": {
                "type": "Point",
                "coordinates": [
                    137.8101182,
                    35.4784951
                ]
            },
            "properties": {
                "調査時期": "2020_W",
                "都道府県名": "長野県",
                "市町村名": "飯田市",
                "撮影場所": "",
                "撮影日時": "2020-01-24T19:23:00+09:00",
                "緯度": "35.4784951",
                "経度": "137.8101182",
                "夜空の明るさ": "19.72",
                "ばらつき": "0.11",
                "周辺状況": "",
                "備考": "",
                "継続観察登録地点": ""
            }
        },
        {
            "type": "Feature",
            "geometry": {
                "type": "Point",
                "coordinates": [
                    137.8178617,
                    35.53977383
                ]
            },
            "properties": {
                "調査時期": "2020_W",
                "都道府県名": "長野県",
                "市町村名": "飯田市",
                "撮影場所": "",
                "撮影日時": "2020-01-24T20:25:00+09:00",
                "緯度": "35.53977383",
                "経度": "137.8178617",
                "夜空の明るさ": "20.01",
                "ばらつき": "0.14",
                "周辺状況": "",
                "備考": "",
                "継続観察登録地点": ""
            }
        },
        {
            "type": "Feature",
            "geometry": {
                "type": "Point",
                "coordinates": [
                    137.8415591,
                    35.54671839
                ]
            },
            "properties": {
                "調査時期": "2020_W",
                "都道府県名": "長野県",
                "市町村名": "飯田市",
                "撮影場所": "",
                "撮影日時": "2020-01-24T20:35:00+09:00",
                "緯度": "35.54671839",
                "経度": "137.8415591",
                "夜空の明るさ": "19.84",
                "ばらつき": "0.14",
                "周辺状況": "",
                "備考": "",
                "継続観察登録地点": ""
            }
        },
        {
            "type": "Feature",
            "geometry": {
                "type": "Point",
                "coordinates": [
                    137.8556648,
                    35.56088064
                ]
            },
            "properties": {
                "調査時期": "2020_W",
                "都道府県名": "長野県",
                "市町村名": "高森町",
                "撮影場所": "",
                "撮影日時": "2020-01-24T20:42:00+09:00",
                "緯度": "35.56088064",
                "経度": "137.8556648",
                "夜空の明るさ": "20.03",
                "ばらつき": "0.09",
                "周辺状況": "",
                "備考": "観測時間外のため参考値",
                "継続観察登録地点": ""
            }
        },
        {
            "type": "Feature",
            "geometry": {
                "type": "Point",
                "coordinates": [
                    137.7503049,
                    35.41112326
                ]
            },
            "properties": {
                "調査時期": "2020_W",
                "都道府県名": "長野県",
                "市町村名": "阿智村",
                "撮影場所": "下伊那郡阿智村伍和 栗矢観測所",
                "撮影日時": "2020-01-24T19:32:00+09:00",
                "緯度": "35.41112326",
                "経度": "137.7503049",
                "夜空の明るさ": "20.6",
                "ばらつき": "0.46",
                "周辺状況": "農業地域",
                "備考": "",
                "継続観察登録地点": "○"
            }
        },
        {
            "type": "Feature",
            "geometry": {
                "type": "Point",
                "coordinates": [
                    137.7504283,
                    35.4111495
                ]
            },
            "properties": {
                "調査時期": "2020_W",
                "都道府県名": "長野県",
                "市町村名": "阿智村",
                "撮影場所": "下伊那郡阿智村伍和 栗矢観測所",
                "撮影日時": "2020-01-24T20:02:00+09:00",
                "緯度": "35.4111495",
                "経度": "137.7504283",
                "夜空の明るさ": "20.81",
                "ばらつき": "0.16",
                "周辺状況": "農業地域",
                "備考": "",
                "継続観察登録地点": "○"
            }
        },
        {
            "type": "Feature",
            "geometry": {
                "type": "Point",
                "coordinates": [
                    138.0935043,
                    36.29132184
                ]
            },
            "properties": {
                "調査時期": "2020_W",
                "都道府県名": "長野県",
                "市町村名": "上田市",
                "撮影場所": "武石観光センター",
                "撮影日時": "2020-01-22T20:38:00+09:00",
                "緯度": "36.29132184",
                "経度": "138.0935043",
                "夜空の明るさ": "",
                "ばらつき": "",
                "周辺状況": "森林山間地",
                "備考": "カメラずれのため測定不可",
                "継続観察登録地点": "○"
            }
        },
        {
            "type": "Feature",
            "geometry": {
                "type": "Point",
                "coordinates": [
                    138.1355935,
                    36.25848852
                ]
            },
            "properties": {
                "調査時期": "2020_W",
                "都道府県名": "長野県",
                "市町村名": "上田市",
                "撮影場所": "武石観光センター",
                "撮影日時": "2020-01-25T20:13:00+09:00",
                "緯度": "36.25848852",
                "経度": "138.1355935",
                "夜空の明るさ": "17.43",
                "ばらつき": "0.29",
                "周辺状況": "森林山間地",
                "備考": "",
                "継続観察登録地点": "○"
            }
        },
        {
            "type": "Feature",
            "geometry": {
                "type": "Point",
                "coordinates": [
                    137.5744833,
                    35.966175
                ]
            },
            "properties": {
                "調査時期": "2020_W",
                "都道府県名": "長野県",
                "市町村名": "木曽町",
                "撮影場所": "開田高原水芭蕉園",
                "撮影日時": "2020-01-21T20:23:00+09:00",
                "緯度": "35.966175",
                "経度": "137.5744833",
                "夜空の明るさ": "21.6",
                "ばらつき": "0.17",
                "周辺状況": "自然公園等",
                "備考": "",
                "継続観察登録地点": "○"
            }
        },
        {
            "type": "Feature",
            "geometry": {
                "type": "Point",
                "coordinates": [
                    137.58633,
                    35.896165
                ]
            },
            "properties": {
                "調査時期": "2020_W",
                "都道府県名": "長野県",
                "市町村名": "木曽町",
                "撮影場所": "木曽町三岳倉本",
                "撮影日時": "2020-01-15T20:04:00+09:00",
                "緯度": "35.896165",
                "経度": "137.58633",
                "夜空の明るさ": "21.54",
                "ばらつき": "0.17",
                "周辺状況": "",
                "備考": "",
                "継続観察登録地点": ""
            }
        },
        {
            "type": "Feature",
            "geometry": {
                "type": "Point",
                "coordinates": [
                    137.6294233,
                    35.93261
                ]
            },
            "properties": {
                "調査時期": "2020_W",
                "都道府県名": "長野県",
                "市町村名": "木曽町",
                "撮影場所": "木曽馬の里",
                "撮影日時": "2020-01-16T19:42:00+09:00",
                "緯度": "35.93261",
                "経度": "137.6294233",
                "夜空の明るさ": "21.43",
                "ばらつき": "0.09",
                "周辺状況": "その他",
                "備考": "",
                "継続観察登録地点": "○"
            }
        },
        {
            "type": "Feature",
            "geometry": {
                "type": "Point",
                "coordinates": [
                    137.55661,
                    35.91864333
                ]
            },
            "properties": {
                "調査時期": "2020_W",
                "都道府県名": "長野県",
                "市町村名": "木曽町",
                "撮影場所": "開田高原保健休養地テニスコート",
                "撮影日時": "2020-01-16T18:50:00+09:00",
                "緯度": "35.91864333",
                "経度": "137.55661",
                "夜空の明るさ": "21.35",
                "ばらつき": "0.09",
                "周辺状況": "森林山間地",
                "備考": "",
                "継続観察登録地点": "○"
            }
        },
        {
            "type": "Feature",
            "geometry": {
                "type": "Point",
                "coordinates": [
                    138.040313,
                    36.71984385
                ]
            },
            "properties": {
                "調査時期": "2020_W",
                "都道府県名": "長野県",
                "市町村名": "長野市",
                "撮影場所": "鬼無里　大望峠",
                "撮影日時": "2020-01-21T18:31:00+09:00",
                "緯度": "36.71984385",
                "経度": "138.040313",
                "夜空の明るさ": "20.92",
                "ばらつき": "0.11",
                "周辺状況": "森林山間地",
                "備考": "",
                "継続観察登録地点": "○"
            }
        },
        {
            "type": "Feature",
            "geometry": {
                "type": "Point",
                "coordinates": [
                    138.0152326,
                    36.69125493
                ]
            },
            "properties": {
                "調査時期": "2020_W",
                "都道府県名": "長野県",
                "市町村名": "長野市",
                "撮影場所": "鬼無里　文道　ふるさとの館跡駐車場",
                "撮影日時": "2020-01-21T18:58:00+09:00",
                "緯度": "36.69125493",
                "経度": "138.0152326",
                "夜空の明るさ": "20.92",
                "ばらつき": "0.09",
                "周辺状況": "森林山間地",
                "備考": "",
                "継続観察登録地点": "○"
            }
        },
        {
            "type": "Feature",
            "geometry": {
                "type": "Point",
                "coordinates": [
                    138.0025971,
                    36.68282343
                ]
            },
            "properties": {
                "調査時期": "2020_W",
                "都道府県名": "長野県",
                "市町村名": "長野市",
                "撮影場所": "旧鬼無里中学校跡地駐車場",
                "撮影日時": "2020-01-21T19:21:00+09:00",
                "緯度": "36.68282343",
                "経度": "138.0025971",
                "夜空の明るさ": "20.81",
                "ばらつき": "0.08",
                "周辺状況": "その他",
                "備考": "",
                "継続観察登録地点": "○"
            }
        },
        {
            "type": "Feature",
            "geometry": {
                "type": "Point",
                "coordinates": [
                    138.0038943,
                    36.67979229
                ]
            },
            "properties": {
                "調査時期": "2020_W",
                "都道府県名": "長野県",
                "市町村名": "長野市",
                "撮影場所": "鬼無里小中学校横グランド",
                "撮影日時": "2020-01-21T19:34:00+09:00",
                "緯度": "36.67979229",
                "経度": "138.0038943",
                "夜空の明るさ": "20.72",
                "ばらつき": "0.09",
                "周辺状況": "その他",
                "備考": "",
                "継続観察登録地点": "○"
            }
        },
        {
            "type": "Feature",
            "geometry": {
                "type": "Point",
                "coordinates": [
                    137.9912305,
                    36.67829942
                ]
            },
            "properties": {
                "調査時期": "2020_W",
                "都道府県名": "長野県",
                "市町村名": "長野市",
                "撮影場所": "鬼無里　松原",
                "撮影日時": "2020-01-21T19:44:00+09:00",
                "緯度": "36.67829942",
                "経度": "137.9912305",
                "夜空の明るさ": "20.89",
                "ばらつき": "0.1",
                "周辺状況": "その他",
                "備考": "",
                "継続観察登録地点": "○"
            }
        },
        {
            "type": "Feature",
            "geometry": {
                "type": "Point",
                "coordinates": [
                    137.9661549,
                    36.68812088
                ]
            },
            "properties": {
                "調査時期": "2020_W",
                "都道府県名": "長野県",
                "市町村名": "長野市",
                "撮影場所": "鬼無里東京　加茂神社参道",
                "撮影日時": "2020-01-21T19:58:00+09:00",
                "緯度": "36.68812088",
                "経度": "137.9661549",
                "夜空の明るさ": "20.94",
                "ばらつき": "0.11",
                "周辺状況": "その他",
                "備考": "",
                "継続観察登録地点": "○"
            }
        },
        {
            "type": "Feature",
            "geometry": {
                "type": "Point",
                "coordinates": [
                    137.9276642,
                    36.6679579
                ]
            },
            "properties": {
                "調査時期": "2020_W",
                "都道府県名": "長野県",
                "市町村名": "長野市",
                "撮影場所": "鬼無里日影　押切",
                "撮影日時": "2020-01-21T20:24:00+09:00",
                "緯度": "36.6679579",
                "経度": "137.9276642",
                "夜空の明るさ": "20.87",
                "ばらつき": "0.2",
                "周辺状況": "その他",
                "備考": "",
                "継続観察登録地点": "○"
            }
        },
        {
            "type": "Feature",
            "geometry": {
                "type": "Point",
                "coordinates": [
                    137.8976751,
                    36.65855805
                ]
            },
            "properties": {
                "調査時期": "2020_W",
                "都道府県名": "長野県",
                "市町村名": "白馬村",
                "撮影場所": "白馬村　白沢トンネル天望台",
                "撮影日時": "2020-01-21T20:41:00+09:00",
                "緯度": "36.65855805",
                "経度": "137.8976751",
                "夜空の明るさ": "20.93",
                "ばらつき": "0.09",
                "周辺状況": "森林山間地",
                "備考": "観測時間外のため参考値",
                "継続観察登録地点": "○"
            }
        },
        {
            "type": "Feature",
            "geometry": {
                "type": "Point",
                "coordinates": [
                    137.6935612,
                    35.78360158
                ]
            },
            "properties": {
                "調査時期": "2020_W",
                "都道府県名": "長野県",
                "市町村名": "上松町",
                "撮影場所": "木曽郡上松町　上松駅前ふれあい広場",
                "撮影日時": "2020-01-21T19:16:00+09:00",
                "緯度": "35.78360158",
                "経度": "137.6935612",
                "夜空の明るさ": "18.59",
                "ばらつき": "0.58",
                "周辺状況": "住宅地域",
                "備考": "",
                "継続観察登録地点": "○"
            }
        },
        {
            "type": "Feature",
            "geometry": {
                "type": "Point",
                "coordinates": [
                    138.4729618,
                    35.94141512
                ]
            },
            "properties": {
                "調査時期": "2020_W",
                "都道府県名": "長野県",
                "市町村名": "南牧村",
                "撮影場所": "国立天文台野辺山宇宙電波観測所内",
                "撮影日時": "2020-01-20T19:00:00+09:00",
                "緯度": "35.94141512",
                "経度": "138.4729618",
                "夜空の明るさ": "20.76",
                "ばらつき": "0.08",
                "周辺状況": "農業地域",
                "備考": "",
                "継続観察登録地点": "○"
            }
        },
        {
            "type": "Feature",
            "geometry": {
                "type": "Point",
                "coordinates": [
                    138.263315,
                    35.97373441
                ]
            },
            "properties": {
                "調査時期": "2020_W",
                "都道府県名": "長野県",
                "市町村名": "原村",
                "撮影場所": "",
                "撮影日時": "2020-01-20T20:15:00+09:00",
                "緯度": "35.97373441",
                "経度": "138.263315",
                "夜空の明るさ": "20.7",
                "ばらつき": "0.08",
                "周辺状況": "",
                "備考": "",
                "継続観察登録地点": ""
            }
        },
        {
            "type": "Feature",
            "geometry": {
                "type": "Point",
                "coordinates": [
                    138.230812,
                    36.01330891
                ]
            },
            "properties": {
                "調査時期": "2020_W",
                "都道府県名": "長野県",
                "市町村名": "茅野市",
                "撮影場所": "",
                "撮影日時": "2020-01-20T20:45:00+09:00",
                "緯度": "36.01330891",
                "経度": "138.230812",
                "夜空の明るさ": "20.63",
                "ばらつき": "0.1",
                "周辺状況": "",
                "備考": "観測時間外のため参考値",
                "継続観察登録地点": ""
            }
        },
        {
            "type": "Feature",
            "geometry": {
                "type": "Point",
                "coordinates": [
                    138.2818866,
                    35.91879288
                ]
            },
            "properties": {
                "調査時期": "2020_W",
                "都道府県名": "長野県",
                "市町村名": "富士見町",
                "撮影場所": "",
                "撮影日時": "2020-01-21T18:40:00+09:00",
                "緯度": "35.91879288",
                "経度": "138.2818866",
                "夜空の明るさ": "20.5",
                "ばらつき": "0.1",
                "周辺状況": "",
                "備考": "",
                "継続観察登録地点": ""
            }
        },
        {
            "type": "Feature",
            "geometry": {
                "type": "Point",
                "coordinates": [
                    138.179394,
                    36.00649612
                ]
            },
            "properties": {
                "調査時期": "2020_W",
                "都道府県名": "長野県",
                "市町村名": "茅野市",
                "撮影場所": "",
                "撮影日時": "2020-01-21T19:23:00+09:00",
                "緯度": "36.00649612",
                "経度": "138.179394",
                "夜空の明るさ": "19.55",
                "ばらつき": "0.1",
                "周辺状況": "",
                "備考": "",
                "継続観察登録地点": ""
            }
        },
        {
            "type": "Feature",
            "geometry": {
                "type": "Point",
                "coordinates": [
                    138.1102306,
                    36.04469658
                ]
            },
            "properties": {
                "調査時期": "2020_W",
                "都道府県名": "長野県",
                "市町村名": "諏訪市",
                "撮影場所": "",
                "撮影日時": "2020-01-21T20:00:00+09:00",
                "緯度": "36.04469658",
                "経度": "138.1102306",
                "夜空の明るさ": "19.14",
                "ばらつき": "0.09",
                "周辺状況": "",
                "備考": "",
                "継続観察登録地点": ""
            }
        },
        {
            "type": "Feature",
            "geometry": {
                "type": "Point",
                "coordinates": [
                    138.0779475,
                    36.05939914
                ]
            },
            "properties": {
                "調査時期": "2020_W",
                "都道府県名": "長野県",
                "市町村名": "下諏訪町",
                "撮影場所": "下諏訪町赤砂崎公園",
                "撮影日時": "2020-01-21T20:29:00+09:00",
                "緯度": "36.05939914",
                "経度": "138.0779475",
                "夜空の明るさ": "19.69",
                "ばらつき": "0.08",
                "周辺状況": "自然公園等",
                "備考": "",
                "継続観察登録地点": "○"
            }
        },
        {
            "type": "Feature",
            "geometry": {
                "type": "Point",
                "coordinates": [
                    138.2283685,
                    36.40333193
                ]
            },
            "properties": {
                "調査時期": "2020_W",
                "都道府県名": "長野県",
                "市町村名": "上田市",
                "撮影場所": "上田千曲高校周辺",
                "撮影日時": "2020-01-24T19:12:00+09:00",
                "緯度": "36.40333193",
                "経度": "138.2283685",
                "夜空の明るさ": "18.86",
                "ばらつき": "0.16",
                "周辺状況": "住宅地域",
                "備考": "",
                "継続観察登録地点": "○"
            }
        },
        {
            "type": "Feature",
            "geometry": {
                "type": "Point",
                "coordinates": [
                    138.4689224,
                    36.23529759
                ]
            },
            "properties": {
                "調査時期": "2020_W",
                "都道府県名": "長野県",
                "市町村名": "佐久市",
                "撮影場所": "",
                "撮影日時": "2020-01-15T18:38:00+09:00",
                "緯度": "36.23529759",
                "経度": "138.4689224",
                "夜空の明るさ": "19.62",
                "ばらつき": "0.11",
                "周辺状況": "",
                "備考": "",
                "継続観察登録地点": ""
            }
        },
        {
            "type": "Feature",
            "geometry": {
                "type": "Point",
                "coordinates": [
                    138.3991339,
                    36.26959907
                ]
            },
            "properties": {
                "調査時期": "2020_W",
                "都道府県名": "長野県",
                "市町村名": "佐久市",
                "撮影場所": "",
                "撮影日時": "2020-01-15T19:20:00+09:00",
                "緯度": "36.26959907",
                "経度": "138.3991339",
                "夜空の明るさ": "20.23",
                "ばらつき": "0.08",
                "周辺状況": "",
                "備考": "",
                "継続観察登録地点": ""
            }
        },
        {
            "type": "Feature",
            "geometry": {
                "type": "Point",
                "coordinates": [
                    138.4041193,
                    36.25740295
                ]
            },
            "properties": {
                "調査時期": "2020_W",
                "都道府県名": "長野県",
                "市町村名": "佐久市",
                "撮影場所": "",
                "撮影日時": "2020-01-15T19:35:00+09:00",
                "緯度": "36.25740295",
                "経度": "138.4041193",
                "夜空の明るさ": "20.24",
                "ばらつき": "0.08",
                "周辺状況": "",
                "備考": "",
                "継続観察登録地点": ""
            }
        },
        {
            "type": "Feature",
            "geometry": {
                "type": "Point",
                "coordinates": [
                    138.4293242,
                    36.24985269
                ]
            },
            "properties": {
                "調査時期": "2020_W",
                "都道府県名": "長野県",
                "市町村名": "佐久市",
                "撮影場所": "",
                "撮影日時": "2020-01-15T19:55:00+09:00",
                "緯度": "36.24985269",
                "経度": "138.4293242",
                "夜空の明るさ": "20.24",
                "ばらつき": "0.09",
                "周辺状況": "",
                "備考": "",
                "継続観察登録地点": ""
            }
        },
        {
            "type": "Feature",
            "geometry": {
                "type": "Point",
                "coordinates": [
                    138.3775028,
                    36.36918982
                ]
            },
            "properties": {
                "調査時期": "2020_W",
                "都道府県名": "長野県",
                "市町村名": "東御市",
                "撮影場所": "",
                "撮影日時": "2020-01-21T18:31:00+09:00",
                "緯度": "36.36918982",
                "経度": "138.3775028",
                "夜空の明るさ": "20.14",
                "ばらつき": "0.1",
                "周辺状況": "",
                "備考": "",
                "継続観察登録地点": ""
            }
        },
        {
            "type": "Feature",
            "geometry": {
                "type": "Point",
                "coordinates": [
                    138.3328033,
                    36.35994831
                ]
            },
            "properties": {
                "調査時期": "2020_W",
                "都道府県名": "長野県",
                "市町村名": "東御市",
                "撮影場所": "",
                "撮影日時": "2020-01-21T18:57:00+09:00",
                "緯度": "36.35994831",
                "経度": "138.3328033",
                "夜空の明るさ": "19.47",
                "ばらつき": "0.09",
                "周辺状況": "",
                "備考": "",
                "継続観察登録地点": ""
            }
        },
        {
            "type": "Feature",
            "geometry": {
                "type": "Point",
                "coordinates": [
                    138.4209598,
                    36.34305091
                ]
            },
            "properties": {
                "調査時期": "2020_W",
                "都道府県名": "長野県",
                "市町村名": "小諸市",
                "撮影場所": "",
                "撮影日時": "2020-01-21T19:23:00+09:00",
                "緯度": "36.34305091",
                "経度": "138.4209598",
                "夜空の明るさ": "20",
                "ばらつき": "0.12",
                "周辺状況": "",
                "備考": "",
                "継続観察登録地点": ""
            }
        },
        {
            "type": "Feature",
            "geometry": {
                "type": "Point",
                "coordinates": [
                    138.4646549,
                    36.27774855
                ]
            },
            "properties": {
                "調査時期": "2020_W",
                "都道府県名": "長野県",
                "市町村名": "佐久市",
                "撮影場所": "",
                "撮影日時": "2020-01-21T19:57:00+09:00",
                "緯度": "36.27774855",
                "経度": "138.4646549",
                "夜空の明るさ": "18.13",
                "ばらつき": "0.1",
                "周辺状況": "",
                "備考": "",
                "継続観察登録地点": ""
            }
        },
        {
            "type": "Feature",
            "geometry": {
                "type": "Point",
                "coordinates": [
                    138.4869215,
                    36.25621285
                ]
            },
            "properties": {
                "調査時期": "2020_W",
                "都道府県名": "長野県",
                "市町村名": "佐久市",
                "撮影場所": "",
                "撮影日時": "2020-01-21T20:26:00+09:00",
                "緯度": "36.25621285",
                "経度": "138.4869215",
                "夜空の明るさ": "19.55",
                "ばらつき": "0.3",
                "周辺状況": "",
                "備考": "",
                "継続観察登録地点": ""
            }
        },
        {
            "type": "Feature",
            "geometry": {
                "type": "Point",
                "coordinates": [
                    137.7889863,
                    35.2304803
                ]
            },
            "properties": {
                "調査時期": "2020_W",
                "都道府県名": "長野県",
                "市町村名": "天龍村",
                "撮影場所": "天龍村神原峠山",
                "撮影日時": "2020-01-15T19:52:00+09:00",
                "緯度": "35.2304803",
                "経度": "137.7889863",
                "夜空の明るさ": "20.97",
                "ばらつき": "0.17",
                "周辺状況": "森林山間地",
                "備考": "",
                "継続観察登録地点": "○"
            }
        },
        {
            "type": "Feature",
            "geometry": {
                "type": "Point",
                "coordinates": [
                    137.7892437,
                    35.24702452
                ]
            },
            "properties": {
                "調査時期": "2020_W",
                "都道府県名": "長野県",
                "市町村名": "天龍村",
                "撮影場所": "天龍村神原向方憩いの家",
                "撮影日時": "2020-01-15T19:52:00+09:00",
                "緯度": "35.24702452",
                "経度": "137.7892437",
                "夜空の明るさ": "20.95",
                "ばらつき": "0.22",
                "周辺状況": "住宅地域",
                "備考": "",
                "継続観察登録地点": "○"
            }
        },
        {
            "type": "Feature",
            "geometry": {
                "type": "Point",
                "coordinates": [
                    137.8209796,
                    35.28150416
                ]
            },
            "properties": {
                "調査時期": "2020_W",
                "都道府県名": "長野県",
                "市町村名": "天龍村",
                "撮影場所": "天龍村神原ヒヤダ久保",
                "撮影日時": "2020-01-21T19:00:00+09:00",
                "緯度": "35.28150416",
                "経度": "137.8209796",
                "夜空の明るさ": "20.74",
                "ばらつき": "0.34",
                "周辺状況": "森林山間地",
                "備考": "",
                "継続観察登録地点": "○"
            }
        },
        {
            "type": "Feature",
            "geometry": {
                "type": "Point",
                "coordinates": [
                    137.838729,
                    35.30571173
                ]
            },
            "properties": {
                "調査時期": "2020_W",
                "都道府県名": "長野県",
                "市町村名": "天龍村",
                "撮影場所": "天龍村平岡和知野",
                "撮影日時": "2020-01-21T19:34:00+09:00",
                "緯度": "35.30571173",
                "経度": "137.838729",
                "夜空の明るさ": "20.69",
                "ばらつき": "0.29",
                "周辺状況": "森林山間地",
                "備考": "",
                "継続観察登録地点": "○"
            }
        },
        {
            "type": "Feature",
            "geometry": {
                "type": "Point",
                "coordinates": [
                    137.6237932,
                    35.79674897
                ]
            },
            "properties": {
                "調査時期": "2020_W",
                "都道府県名": "長野県",
                "市町村名": "王滝村",
                "撮影場所": "東京大学木曽観測所",
                "撮影日時": "2020-01-15T20:12:00+09:00",
                "緯度": "35.79674897",
                "経度": "137.6237932",
                "夜空の明るさ": "21.33",
                "ばらつき": "0.1",
                "周辺状況": "森林山間地",
                "備考": "",
                "継続観察登録地点": "○"
            }
        },
        {
            "type": "Feature",
            "geometry": {
                "type": "Point",
                "coordinates": [
                    137.9615691,
                    36.19240467
                ]
            },
            "properties": {
                "調査時期": "2020_W",
                "都道府県名": "長野県",
                "市町村名": "松本市",
                "撮影場所": "平田駅西口",
                "撮影日時": "2020-01-21T20:25:00+09:00",
                "緯度": "36.19240467",
                "経度": "137.9615691",
                "夜空の明るさ": "",
                "ばらつき": "",
                "周辺状況": "住宅地域",
                "備考": "曇りのため測定不可",
                "継続観察登録地点": "○"
            }
        },
        {
            "type": "Feature",
            "geometry": {
                "type": "Point",
                "coordinates": [
                    137.9634306,
                    36.23055809
                ]
            },
            "properties": {
                "調査時期": "2020_W",
                "都道府県名": "長野県",
                "市町村名": "松本市",
                "撮影場所": "松本駅西口",
                "撮影日時": "2020-01-21T19:57:00+09:00",
                "緯度": "36.23055809",
                "経度": "137.9634306",
                "夜空の明るさ": "17.81",
                "ばらつき": "0.09",
                "周辺状況": "商業地域",
                "備考": "",
                "継続観察登録地点": "○"
            }
        },
        {
            "type": "Feature",
            "geometry": {
                "type": "Point",
                "coordinates": [
                    137.9783356,
                    36.23320022
                ]
            },
            "properties": {
                "調査時期": "2020_W",
                "都道府県名": "長野県",
                "市町村名": "松本市",
                "撮影場所": "松本市中央",
                "撮影日時": "2020-01-21T18:38:00+09:00",
                "緯度": "36.23320022",
                "経度": "137.9783356",
                "夜空の明るさ": "17.9",
                "ばらつき": "0.1",
                "周辺状況": "商業地域",
                "備考": "",
                "継続観察登録地点": "○"
            }
        },
        {
            "type": "Feature",
            "geometry": {
                "type": "Point",
                "coordinates": [
                    137.9550138,
                    36.25758965
                ]
            },
            "properties": {
                "調査時期": "2020_W",
                "都道府県名": "長野県",
                "市町村名": "松本市",
                "撮影場所": "アルプス公園駐車場",
                "撮影日時": "2020-01-21T19:17:00+09:00",
                "緯度": "36.25758965",
                "経度": "137.9550138",
                "夜空の明るさ": "18.99",
                "ばらつき": "0.32",
                "周辺状況": "自然公園等",
                "備考": "",
                "継続観察登録地点": "○"
            }
        },
        {
            "type": "Feature",
            "geometry": {
                "type": "Point",
                "coordinates": [
                    137.9549977,
                    36.25765453
                ]
            },
            "properties": {
                "調査時期": "2020_W",
                "都道府県名": "長野県",
                "市町村名": "松本市",
                "撮影場所": "アルプス公園駐車場",
                "撮影日時": "2020-01-21T19:15:00+09:00",
                "緯度": "36.25765453",
                "経度": "137.9549977",
                "夜空の明るさ": "19.02",
                "ばらつき": "1.1",
                "周辺状況": "自然公園等",
                "備考": "",
                "継続観察登録地点": "○"
            }
        },
        {
            "type": "Feature",
            "geometry": {
                "type": "Point",
                "coordinates": [
                    138.4822583,
                    36.19174662
                ]
            },
            "properties": {
                "調査時期": "2020_W",
                "都道府県名": "長野県",
                "市町村名": "佐久市",
                "撮影場所": "",
                "撮影日時": "2020-01-21T19:01:00+09:00",
                "緯度": "36.19174662",
                "経度": "138.4822583",
                "夜空の明るさ": "18.4",
                "ばらつき": "0.08",
                "周辺状況": "",
                "備考": "",
                "継続観察登録地点": ""
            }
        },
        {
            "type": "Feature",
            "geometry": {
                "type": "Point",
                "coordinates": [
                    138.4864318,
                    36.1982793
                ]
            },
            "properties": {
                "調査時期": "2020_W",
                "都道府県名": "長野県",
                "市町村名": "佐久市",
                "撮影場所": "",
                "撮影日時": "2020-01-21T19:24:00+09:00",
                "緯度": "36.1982793",
                "経度": "138.4864318",
                "夜空の明るさ": "18.55",
                "ばらつき": "0.06",
                "周辺状況": "",
                "備考": "",
                "継続観察登録地点": ""
            }
        },
        {
            "type": "Feature",
            "geometry": {
                "type": "Point",
                "coordinates": [
                    138.4298426,
                    36.19335278
                ]
            },
            "properties": {
                "調査時期": "2020_W",
                "都道府県名": "長野県",
                "市町村名": "佐久市",
                "撮影場所": "",
                "撮影日時": "2020-01-21T20:19:00+09:00",
                "緯度": "36.19335278",
                "経度": "138.4298426",
                "夜空の明るさ": "19.44",
                "ばらつき": "0.1",
                "周辺状況": "",
                "備考": "",
                "継続観察登録地点": ""
            }
        },
        {
            "type": "Feature",
            "geometry": {
                "type": "Point",
                "coordinates": [
                    137.8102798,
                    35.93438954
                ]
            },
            "properties": {
                "調査時期": "2020_W",
                "都道府県名": "長野県",
                "市町村名": "塩尻市",
                "撮影場所": "奈良井ダム",
                "撮影日時": "2020-01-20T19:47:00+09:00",
                "緯度": "35.93438954",
                "経度": "137.8102798",
                "夜空の明るさ": "20.41",
                "ばらつき": "0.44",
                "周辺状況": "森林山間地",
                "備考": "",
                "継続観察登録地点": "○"
            }
        },
        {
            "type": "Feature",
            "geometry": {
                "type": "Point",
                "coordinates": [
                    137.7024876,
                    36.04599485
                ]
            },
            "properties": {
                "調査時期": "2020_W",
                "都道府県名": "長野県",
                "市町村名": "松本市",
                "撮影場所": "奈川高原",
                "撮影日時": "2020-01-21T19:28:00+09:00",
                "緯度": "36.04599485",
                "経度": "137.7024876",
                "夜空の明るさ": "21.14",
                "ばらつき": "0.31",
                "周辺状況": "自然公園等",
                "備考": "",
                "継続観察登録地点": "○"
            }
        },
        {
            "type": "Feature",
            "geometry": {
                "type": "Point",
                "coordinates": [
                    137.718191,
                    36.13118483
                ]
            },
            "properties": {
                "調査時期": "2020_W",
                "都道府県名": "長野県",
                "市町村名": "松本市",
                "撮影場所": "奈川渡ダム駐車場",
                "撮影日時": "2020-01-21T19:52:00+09:00",
                "緯度": "36.13118483",
                "経度": "137.718191",
                "夜空の明るさ": "21.06",
                "ばらつき": "0.19",
                "周辺状況": "森林山間地",
                "備考": "",
                "継続観察登録地点": "○"
            }
        },
        {
            "type": "Feature",
            "geometry": {
                "type": "Point",
                "coordinates": [
                    137.6422583,
                    36.12047001
                ]
            },
            "properties": {
                "調査時期": "2020_W",
                "都道府県名": "長野県",
                "市町村名": "松本市",
                "撮影場所": "乗鞍高原・いがや",
                "撮影日時": "2020-01-21T20:24:00+09:00",
                "緯度": "36.12047001",
                "経度": "137.6422583",
                "夜空の明るさ": "20.74",
                "ばらつき": "0.37",
                "周辺状況": "自然公園等",
                "備考": "",
                "継続観察登録地点": "○"
            }
        },
        {
            "type": "Feature",
            "geometry": {
                "type": "Point",
                "coordinates": [
                    137.6422938,
                    36.1204083
                ]
            },
            "properties": {
                "調査時期": "2020_W",
                "都道府県名": "長野県",
                "市町村名": "松本市",
                "撮影場所": "乗鞍高原・いがや",
                "撮影日時": "2020-01-21T21:35:00+09:00",
                "緯度": "36.1204083",
                "経度": "137.6422938",
                "夜空の明るさ": "21.4",
                "ばらつき": "0.17",
                "周辺状況": "自然公園等",
                "備考": "",
                "継続観察登録地点": "○"
            }
        },
        {
            "type": "Feature",
            "geometry": {
                "type": "Point",
                "coordinates": [
                    137.9797632,
                    36.14392962
                ]
            },
            "properties": {
                "調査時期": "2020_W",
                "都道府県名": "長野県",
                "市町村名": "塩尻市",
                "撮影場所": "片丘小学校東",
                "撮影日時": "2020-01-22T19:07:00+09:00",
                "緯度": "36.14392962",
                "経度": "137.9797632",
                "夜空の明るさ": "19.37",
                "ばらつき": "0.1",
                "周辺状況": "農業地域",
                "備考": "",
                "継続観察登録地点": "○"
            }
        },
        {
            "type": "Feature",
            "geometry": {
                "type": "Point",
                "coordinates": [
                    137.900121,
                    36.06486194
                ]
            },
            "properties": {
                "調査時期": "2020_W",
                "都道府県名": "長野県",
                "市町村名": "塩尻市",
                "撮影場所": "塩尻市本山",
                "撮影日時": "2020-01-22T20:01:00+09:00",
                "緯度": "36.06486194",
                "経度": "137.900121",
                "夜空の明るさ": "20.07",
                "ばらつき": "0.15",
                "周辺状況": "農業地域",
                "備考": "",
                "継続観察登録地点": "○"
            }
        },
        {
            "type": "Feature",
            "geometry": {
                "type": "Point",
                "coordinates": [
                    138.1686705,
                    36.09824319
                ]
            },
            "properties": {
                "調査時期": "2020_W",
                "都道府県名": "長野県",
                "市町村名": "諏訪市",
                "撮影場所": "霧ヶ峰高原",
                "撮影日時": "2020-01-15T19:23:00+09:00",
                "緯度": "36.09824319",
                "経度": "138.1686705",
                "夜空の明るさ": "20.15",
                "ばらつき": "0.1",
                "周辺状況": "自然公園等",
                "備考": "",
                "継続観察登録地点": "○"
            }
        },
        {
            "type": "Feature",
            "geometry": {
                "type": "Point",
                "coordinates": [
                    138.1879529,
                    36.10415001
                ]
            },
            "properties": {
                "調査時期": "2020_W",
                "都道府県名": "長野県",
                "市町村名": "諏訪市",
                "撮影場所": "諏訪市四賀霧ヶ峰車山肩",
                "撮影日時": "2020-01-15T20:04:00+09:00",
                "緯度": "36.10415001",
                "経度": "138.1879529",
                "夜空の明るさ": "20.62",
                "ばらつき": "0.09",
                "周辺状況": "自然公園等",
                "備考": "",
                "継続観察登録地点": "○"
            }
        },
        {
            "type": "Feature",
            "geometry": {
                "type": "Point",
                "coordinates": [
                    138.1687269,
                    36.09822065
                ]
            },
            "properties": {
                "調査時期": "2020_W",
                "都道府県名": "長野県",
                "市町村名": "諏訪市",
                "撮影場所": "霧ヶ峰高原",
                "撮影日時": "2020-01-21T19:06:00+09:00",
                "緯度": "36.09822065",
                "経度": "138.1687269",
                "夜空の明るさ": "20.58",
                "ばらつき": "0.08",
                "周辺状況": "自然公園等",
                "備考": "",
                "継続観察登録地点": "○"
            }
        },
        {
            "type": "Feature",
            "geometry": {
                "type": "Point",
                "coordinates": [
                    138.1879315,
                    36.10415001
                ]
            },
            "properties": {
                "調査時期": "2020_W",
                "都道府県名": "長野県",
                "市町村名": "諏訪市",
                "撮影場所": "諏訪市四賀霧ヶ峰車山肩",
                "撮影日時": "2020-01-21T19:30:00+09:00",
                "緯度": "36.10415001",
                "経度": "138.1879315",
                "夜空の明るさ": "20.6",
                "ばらつき": "0.09",
                "周辺状況": "自然公園等",
                "備考": "",
                "継続観察登録地点": "○"
            }
        },
        {
            "type": "Feature",
            "geometry": {
                "type": "Point",
                "coordinates": [
                    138.3575839,
                    36.55574884
                ]
            },
            "properties": {
                "調査時期": "2020_W",
                "都道府県名": "長野県",
                "市町村名": "須坂市",
                "撮影場所": "峰の原高原　サンセットテラス",
                "撮影日時": "2020-01-25T19:52:00+09:00",
                "緯度": "36.55574884",
                "経度": "138.3575839",
                "夜空の明るさ": "17.29",
                "ばらつき": "0.36",
                "周辺状況": "自然公園等",
                "備考": "",
                "継続観察登録地点": "○"
            }
        },
        {
            "type": "Feature",
            "geometry": {
                "type": "Point",
                "coordinates": [
                    136.457735,
                    35.57604478
                ]
            },
            "properties": {
                "調査時期": "2020_W",
                "都道府県名": "岐阜県",
                "市町村名": "揖斐川町",
                "撮影場所": "揖斐川町西横山",
                "撮影日時": "2020-01-16T18:58:00+09:00",
                "緯度": "35.57604478",
                "経度": "136.457735",
                "夜空の明るさ": "20.46",
                "ばらつき": "0.12",
                "周辺状況": "森林山間地",
                "備考": "",
                "継続観察登録地点": "○"
            }
        },
        {
            "type": "Feature",
            "geometry": {
                "type": "Point",
                "coordinates": [
                    137.0587134,
                    35.39571894
                ]
            },
            "properties": {
                "調査時期": "2020_W",
                "都道府県名": "岐阜県",
                "市町村名": "可児市",
                "撮影場所": "可児市 天体ドーム横",
                "撮影日時": "2020-01-21T20:48:00+09:00",
                "緯度": "35.39571894",
                "経度": "137.0587134",
                "夜空の明るさ": "18.81",
                "ばらつき": "0.17",
                "周辺状況": "住宅地域",
                "備考": "",
                "継続観察登録地点": "○"
            }
        },
        {
            "type": "Feature",
            "geometry": {
                "type": "Point",
                "coordinates": [
                    138.8935375,
                    35.10140301
                ]
            },
            "properties": {
                "調査時期": "2020_W",
                "都道府県名": "静岡県",
                "市町村名": "清水町",
                "撮影場所": "",
                "撮影日時": "2020-01-20T20:10:00+09:00",
                "緯度": "35.10140301",
                "経度": "138.8935375",
                "夜空の明るさ": "17.83",
                "ばらつき": "0.26",
                "周辺状況": "",
                "備考": "",
                "継続観察登録地点": ""
            }
        },
        {
            "type": "Feature",
            "geometry": {
                "type": "Point",
                "coordinates": [
                    137.768913,
                    34.66353103
                ]
            },
            "properties": {
                "調査時期": "2020_W",
                "都道府県名": "静岡県",
                "市町村名": "浜松市",
                "撮影場所": "",
                "撮影日時": "2020-01-20T20:57:00+09:00",
                "緯度": "34.66353103",
                "経度": "137.768913",
                "夜空の明るさ": "18.1",
                "ばらつき": "0.81",
                "周辺状況": "",
                "備考": "観測時間外のため参考値",
                "継続観察登録地点": ""
            }
        },
        {
            "type": "Feature",
            "geometry": {
                "type": "Point",
                "coordinates": [
                    138.2072262,
                    35.43095434
                ]
            },
            "properties": {
                "調査時期": "2020_W",
                "都道府県名": "静岡県",
                "市町村名": "静岡市",
                "撮影場所": "",
                "撮影日時": "2020-01-24T18:52:00+09:00",
                "緯度": "35.43095434",
                "経度": "138.2072262",
                "夜空の明るさ": "21.14",
                "ばらつき": "0.45",
                "周辺状況": "",
                "備考": "",
                "継続観察登録地点": ""
            }
        },
        {
            "type": "Feature",
            "geometry": {
                "type": "Point",
                "coordinates": [
                    137.4434388,
                    34.79827053
                ]
            },
            "properties": {
                "調査時期": "2020_W",
                "都道府県名": "愛知県",
                "市町村名": "豊橋市",
                "撮影場所": "",
                "撮影日時": "2020-01-15T18:31:00+09:00",
                "緯度": "34.79827053",
                "経度": "137.4434388",
                "夜空の明るさ": "18.87",
                "ばらつき": "0.13",
                "周辺状況": "",
                "備考": "",
                "継続観察登録地点": ""
            }
        },
        {
            "type": "Feature",
            "geometry": {
                "type": "Point",
                "coordinates": [
                    137.5029087,
                    34.8933736
                ]
            },
            "properties": {
                "調査時期": "2020_W",
                "都道府県名": "愛知県",
                "市町村名": "新城市",
                "撮影場所": "",
                "撮影日時": "2020-01-15T18:59:00+09:00",
                "緯度": "34.8933736",
                "経度": "137.5029087",
                "夜空の明るさ": "19.35",
                "ばらつき": "0.12",
                "周辺状況": "",
                "備考": "",
                "継続観察登録地点": ""
            }
        },
        {
            "type": "Feature",
            "geometry": {
                "type": "Point",
                "coordinates": [
                    137.5562954,
                    34.99657368
                ]
            },
            "properties": {
                "調査時期": "2020_W",
                "都道府県名": "愛知県",
                "市町村名": "新城市",
                "撮影場所": "",
                "撮影日時": "2020-01-15T19:28:00+09:00",
                "緯度": "34.99657368",
                "経度": "137.5562954",
                "夜空の明るさ": "20.14",
                "ばらつき": "0.6",
                "周辺状況": "",
                "備考": "",
                "継続観察登録地点": ""
            }
        },
        {
            "type": "Feature",
            "geometry": {
                "type": "Point",
                "coordinates": [
                    137.6182544,
                    35.17142464
                ]
            },
            "properties": {
                "調査時期": "2020_W",
                "都道府県名": "愛知県",
                "市町村名": "設楽町",
                "撮影場所": "",
                "撮影日時": "2020-01-15T20:10:00+09:00",
                "緯度": "35.17142464",
                "経度": "137.6182544",
                "夜空の明るさ": "20.61",
                "ばらつき": "0.99",
                "周辺状況": "",
                "備考": "",
                "継続観察登録地点": ""
            }
        },
        {
            "type": "Feature",
            "geometry": {
                "type": "Point",
                "coordinates": [
                    137.6040387,
                    35.20216854
                ]
            },
            "properties": {
                "調査時期": "2020_W",
                "都道府県名": "愛知県",
                "市町村名": "設楽町",
                "撮影場所": "道の駅つぐ高原グリーンパーク",
                "撮影日時": "2020-01-15T20:22:00+09:00",
                "緯度": "35.20216854",
                "経度": "137.6040387",
                "夜空の明るさ": "20.66",
                "ばらつき": "0.66",
                "周辺状況": "自然公園等",
                "備考": "",
                "継続観察登録地点": "○"
            }
        },
        {
            "type": "Feature",
            "geometry": {
                "type": "Point",
                "coordinates": [
                    137.6599494,
                    35.22265129
                ]
            },
            "properties": {
                "調査時期": "2020_W",
                "都道府県名": "愛知県",
                "市町村名": "豊根村",
                "撮影場所": "",
                "撮影日時": "2020-01-18T22:40:00+09:00",
                "緯度": "35.22265129",
                "経度": "137.6599494",
                "夜空の明るさ": "21",
                "ばらつき": "0.13",
                "周辺状況": "",
                "備考": "観測時間外のため参考値",
                "継続観察登録地点": ""
            }
        },
        {
            "type": "Feature",
            "geometry": {
                "type": "Point",
                "coordinates": [
                    136.8673987,
                    35.2161161
                ]
            },
            "properties": {
                "調査時期": "2020_W",
                "都道府県名": "愛知県",
                "市町村名": "名古屋市",
                "撮影場所": "名古屋市内",
                "撮影日時": "2020-01-21T18:46:00+09:00",
                "緯度": "35.2161161",
                "経度": "136.8673987",
                "夜空の明るさ": "17.25",
                "ばらつき": "0.25",
                "周辺状況": "住宅地域",
                "備考": "",
                "継続観察登録地点": "○"
            }
        },
        {
            "type": "Feature",
            "geometry": {
                "type": "Point",
                "coordinates": [
                    137.112076,
                    35.11173803
                ]
            },
            "properties": {
                "調査時期": "2020_W",
                "都道府県名": "愛知県",
                "市町村名": "みよし市",
                "撮影場所": "",
                "撮影日時": "2020-01-21T20:49:00+09:00",
                "緯度": "35.11173803",
                "経度": "137.112076",
                "夜空の明るさ": "18.06",
                "ばらつき": "0.28",
                "周辺状況": "",
                "備考": "観測時間外のため参考値",
                "継続観察登録地点": ""
            }
        },
        {
            "type": "Feature",
            "geometry": {
                "type": "Point",
                "coordinates": [
                    137.1108958,
                    35.12691124
                ]
            },
            "properties": {
                "調査時期": "2020_W",
                "都道府県名": "愛知県",
                "市町村名": "みよし市",
                "撮影場所": "",
                "撮影日時": "2020-01-21T21:13:00+09:00",
                "緯度": "35.12691124",
                "経度": "137.1108958",
                "夜空の明るさ": "17.97",
                "ばらつき": "0.51",
                "周辺状況": "",
                "備考": "観測時間外のため参考値",
                "継続観察登録地点": ""
            }
        },
        {
            "type": "Feature",
            "geometry": {
                "type": "Point",
                "coordinates": [
                    137.6591983,
                    35.22180901
                ]
            },
            "properties": {
                "調査時期": "2020_W",
                "都道府県名": "愛知県",
                "市町村名": "豊根村",
                "撮影場所": "茶臼山高原(愛知県北設楽郡豊根村)",
                "撮影日時": "2020-01-18T22:40:00+09:00",
                "緯度": "35.22180901",
                "経度": "137.6591983",
                "夜空の明るさ": "21",
                "ばらつき": "0.12",
                "周辺状況": "自然公園等",
                "備考": "観測時間外のため参考値",
                "継続観察登録地点": "○"
            }
        },
        {
            "type": "Feature",
            "geometry": {
                "type": "Point",
                "coordinates": [
                    137.4384067,
                    34.667655
                ]
            },
            "properties": {
                "調査時期": "2020_W",
                "都道府県名": "愛知県",
                "市町村名": "豊橋市",
                "撮影場所": "",
                "撮影日時": "2020-01-21T18:45:00+09:00",
                "緯度": "34.667655",
                "経度": "137.4384067",
                "夜空の明るさ": "19.5",
                "ばらつき": "0.05",
                "周辺状況": "",
                "備考": "",
                "継続観察登録地点": ""
            }
        },
        {
            "type": "Feature",
            "geometry": {
                "type": "Point",
                "coordinates": [
                    137.1533793,
                    35.07735311
                ]
            },
            "properties": {
                "調査時期": "2020_W",
                "都道府県名": "愛知県",
                "市町村名": "豊田市",
                "撮影場所": "",
                "撮影日時": "2020-01-24T19:28:00+09:00",
                "緯度": "35.07735311",
                "経度": "137.1533793",
                "夜空の明るさ": "17.37",
                "ばらつき": "0.22",
                "周辺状況": "",
                "備考": "",
                "継続観察登録地点": ""
            }
        },
        {
            "type": "Feature",
            "geometry": {
                "type": "Point",
                "coordinates": [
                    137.5738746,
                    35.09384072
                ]
            },
            "properties": {
                "調査時期": "2020_W",
                "都道府県名": "愛知県",
                "市町村名": "設楽町",
                "撮影場所": "奥三河総合センター",
                "撮影日時": "2020-01-20T19:52:00+09:00",
                "緯度": "35.09384072",
                "経度": "137.5738746",
                "夜空の明るさ": "20.51",
                "ばらつき": "0.12",
                "周辺状況": "住宅地域",
                "備考": "",
                "継続観察登録地点": "○"
            }
        },
        {
            "type": "Feature",
            "geometry": {
                "type": "Point",
                "coordinates": [
                    137.7191162,
                    35.11830086
                ]
            },
            "properties": {
                "調査時期": "2020_W",
                "都道府県名": "愛知県",
                "市町村名": "東栄町",
                "撮影場所": "",
                "撮影日時": "2020-01-21T19:24:00+09:00",
                "緯度": "35.11830086",
                "経度": "137.7191162",
                "夜空の明るさ": "21",
                "ばらつき": "0.1",
                "周辺状況": "",
                "備考": "",
                "継続観察登録地点": ""
            }
        },
        {
            "type": "Feature",
            "geometry": {
                "type": "Point",
                "coordinates": [
                    136.893674,
                    35.20522667
                ]
            },
            "properties": {
                "調査時期": "2020_W",
                "都道府県名": "愛知県",
                "市町村名": "名古屋市",
                "撮影場所": "",
                "撮影日時": "2020-01-21T18:46:00+09:00",
                "緯度": "35.20522667",
                "経度": "136.893674",
                "夜空の明るさ": "17.25",
                "ばらつき": "0.24",
                "周辺状況": "",
                "備考": "",
                "継続観察登録地点": ""
            }
        },
        {
            "type": "Feature",
            "geometry": {
                "type": "Point",
                "coordinates": [
                    136.3601085,
                    34.88194585
                ]
            },
            "properties": {
                "調査時期": "2020_W",
                "都道府県名": "三重県",
                "市町村名": "亀山市",
                "撮影場所": "",
                "撮影日時": "2020-01-18T21:19:00+09:00",
                "緯度": "34.88194585",
                "経度": "136.3601085",
                "夜空の明るさ": "19.73",
                "ばらつき": "0.87",
                "周辺状況": "",
                "備考": "観測時間外のため参考値",
                "継続観察登録地点": ""
            }
        },
        {
            "type": "Feature",
            "geometry": {
                "type": "Point",
                "coordinates": [
                    136.4783987,
                    35.04637497
                ]
            },
            "properties": {
                "調査時期": "2020_W",
                "都道府県名": "三重県",
                "市町村名": "菰野町",
                "撮影場所": "",
                "撮影日時": "2020-01-21T19:33:00+09:00",
                "緯度": "35.04637497",
                "経度": "136.4783987",
                "夜空の明るさ": "19.6",
                "ばらつき": "0.1",
                "周辺状況": "",
                "備考": "",
                "継続観察登録地点": ""
            }
        },
        {
            "type": "Feature",
            "geometry": {
                "type": "Point",
                "coordinates": [
                    136.4783666,
                    35.04628274
                ]
            },
            "properties": {
                "調査時期": "2020_W",
                "都道府県名": "三重県",
                "市町村名": "菰野町",
                "撮影場所": "",
                "撮影日時": "2020-01-21T21:03:00+09:00",
                "緯度": "35.04628274",
                "経度": "136.4783666",
                "夜空の明るさ": "19.9",
                "ばらつき": "0.13",
                "周辺状況": "",
                "備考": "観測時間外のため参考値",
                "継続観察登録地点": ""
            }
        },
        {
            "type": "Feature",
            "geometry": {
                "type": "Point",
                "coordinates": [
                    136.4477375,
                    35.01617602
                ]
            },
            "properties": {
                "調査時期": "2020_W",
                "都道府県名": "三重県",
                "市町村名": "菰野町",
                "撮影場所": "",
                "撮影日時": "2020-01-24T19:24:00+09:00",
                "緯度": "35.01617602",
                "経度": "136.4477375",
                "夜空の明るさ": "19.36",
                "ばらつき": "0.09",
                "周辺状況": "",
                "備考": "",
                "継続観察登録地点": ""
            }
        },
        {
            "type": "Feature",
            "geometry": {
                "type": "Point",
                "coordinates": [
                    136.4831627,
                    35.01335513
                ]
            },
            "properties": {
                "調査時期": "2020_W",
                "都道府県名": "三重県",
                "市町村名": "菰野町",
                "撮影場所": "アクアイグニス",
                "撮影日時": "2020-01-24T19:42:00+09:00",
                "緯度": "35.01335513",
                "経度": "136.4831627",
                "夜空の明るさ": "18.55",
                "ばらつき": "0.07",
                "周辺状況": "農業地域",
                "備考": "",
                "継続観察登録地点": "○"
            }
        },
        {
            "type": "Feature",
            "geometry": {
                "type": "Point",
                "coordinates": [
                    136.569683,
                    34.9940841
                ]
            },
            "properties": {
                "調査時期": "2020_W",
                "都道府県名": "三重県",
                "市町村名": "四日市市",
                "撮影場所": "",
                "撮影日時": "2020-01-24T20:08:00+09:00",
                "緯度": "34.9940841",
                "経度": "136.569683",
                "夜空の明るさ": "17.55",
                "ばらつき": "0.35",
                "周辺状況": "",
                "備考": "",
                "継続観察登録地点": ""
            }
        },
        {
            "type": "Feature",
            "geometry": {
                "type": "Point",
                "coordinates": [
                    136.6179998,
                    34.96710616
                ]
            },
            "properties": {
                "調査時期": "2020_W",
                "都道府県名": "三重県",
                "市町村名": "四日市市",
                "撮影場所": "近鉄四日市駅",
                "撮影日時": "2020-01-24T20:40:00+09:00",
                "緯度": "34.96710616",
                "経度": "136.6179998",
                "夜空の明るさ": "14.51",
                "ばらつき": "0.61",
                "周辺状況": "住宅地域",
                "備考": "",
                "継続観察登録地点": "○"
            }
        },
        {
            "type": "Feature",
            "geometry": {
                "type": "Point",
                "coordinates": [
                    136.2046444,
                    35.24104866
                ]
            },
            "properties": {
                "調査時期": "2020_W",
                "都道府県名": "滋賀県",
                "市町村名": "彦根市",
                "撮影場所": "多賀町中央公民館 多賀結いの森",
                "撮影日時": "2020-01-21T19:33:00+09:00",
                "緯度": "35.24104866",
                "経度": "136.2046444",
                "夜空の明るさ": "19.13",
                "ばらつき": "0.19",
                "周辺状況": "住宅地域",
                "備考": "",
                "継続観察登録地点": "○"
            }
        },
        {
            "type": "Feature",
            "geometry": {
                "type": "Point",
                "coordinates": [
                    135.7461369,
                    35.01690079
                ]
            },
            "properties": {
                "調査時期": "2020_W",
                "都道府県名": "京都府",
                "市町村名": "京都市",
                "撮影場所": "上京区主税町",
                "撮影日時": "2020-01-21T20:20:00+09:00",
                "緯度": "35.01690079",
                "経度": "135.7461369",
                "夜空の明るさ": "16.99",
                "ばらつき": "0.68",
                "周辺状況": "商業地域",
                "備考": "",
                "継続観察登録地点": "○"
            }
        },
        {
            "type": "Feature",
            "geometry": {
                "type": "Point",
                "coordinates": [
                    135.5951607,
                    34.61404945
                ]
            },
            "properties": {
                "調査時期": "2020_W",
                "都道府県名": "大阪府",
                "市町村名": "八尾市",
                "撮影場所": "",
                "撮影日時": "2020-01-18T20:39:00+09:00",
                "緯度": "34.61404945",
                "経度": "135.5951607",
                "夜空の明るさ": "17.18",
                "ばらつき": "0.37",
                "周辺状況": "",
                "備考": "",
                "継続観察登録地点": ""
            }
        },
        {
            "type": "Feature",
            "geometry": {
                "type": "Point",
                "coordinates": [
                    135.6933349,
                    34.79205314
                ]
            },
            "properties": {
                "調査時期": "2020_W",
                "都道府県名": "大阪府",
                "市町村名": "交野市",
                "撮影場所": "",
                "撮影日時": "2020-01-21T19:36:00+09:00",
                "緯度": "34.79205314",
                "経度": "135.6933349",
                "夜空の明るさ": "17.24",
                "ばらつき": "0.29",
                "周辺状況": "",
                "備考": "",
                "継続観察登録地点": ""
            }
        },
        {
            "type": "Feature",
            "geometry": {
                "type": "Point",
                "coordinates": [
                    135.53956,
                    34.724575
                ]
            },
            "properties": {
                "調査時期": "2020_W",
                "都道府県名": "大阪府",
                "市町村名": "大阪市",
                "撮影場所": "大阪市旭区中宮",
                "撮影日時": "2020-01-21T19:13:00+09:00",
                "緯度": "34.724575",
                "経度": "135.53956",
                "夜空の明るさ": "16.78",
                "ばらつき": "0.1",
                "周辺状況": "住宅地域",
                "備考": "",
                "継続観察登録地点": "○"
            }
        },
        {
            "type": "Feature",
            "geometry": {
                "type": "Point",
                "coordinates": [
                    134.506664,
                    34.86374117
                ]
            },
            "properties": {
                "調査時期": "2020_W",
                "都道府県名": "兵庫県",
                "市町村名": "たつの市",
                "撮影場所": "",
                "撮影日時": "2020-01-18T20:46:00+09:00",
                "緯度": "34.86374117",
                "経度": "134.506664",
                "夜空の明るさ": "20.47",
                "ばらつき": "0.19",
                "周辺状況": "",
                "備考": "",
                "継続観察登録地点": ""
            }
        },
        {
            "type": "Feature",
            "geometry": {
                "type": "Point",
                "coordinates": [
                    135.133287,
                    34.68388585
                ]
            },
            "properties": {
                "調査時期": "2020_W",
                "都道府県名": "兵庫県",
                "市町村名": "神戸市",
                "撮影場所": "神戸市長田区鹿松町",
                "撮影日時": "2020-01-18T19:41:00+09:00",
                "緯度": "34.68388585",
                "経度": "135.133287",
                "夜空の明るさ": "18.19",
                "ばらつき": "0.13",
                "周辺状況": "住宅地域",
                "備考": "",
                "継続観察登録地点": "○"
            }
        },
        {
            "type": "Feature",
            "geometry": {
                "type": "Point",
                "coordinates": [
                    135.1324421,
                    34.68196696
                ]
            },
            "properties": {
                "調査時期": "2020_W",
                "都道府県名": "兵庫県",
                "市町村名": "神戸市",
                "撮影場所": "神戸市長田区鹿松町",
                "撮影日時": "2020-01-21T20:53:00+09:00",
                "緯度": "34.68196696",
                "経度": "135.1324421",
                "夜空の明るさ": "18.19",
                "ばらつき": "0.17",
                "周辺状況": "住宅地域",
                "備考": "観測時間外のため参考値",
                "継続観察登録地点": "○"
            }
        },
        {
            "type": "Feature",
            "geometry": {
                "type": "Point",
                "coordinates": [
                    134.9287605,
                    34.67981246
                ]
            },
            "properties": {
                "調査時期": "2020_W",
                "都道府県名": "兵庫県",
                "市町村名": "明石市",
                "撮影場所": "明姫幹線道路南側",
                "撮影日時": "2020-01-21T19:31:00+09:00",
                "緯度": "34.67981246",
                "経度": "134.9287605",
                "夜空の明るさ": "18.12",
                "ばらつき": "0.13",
                "周辺状況": "住宅地域",
                "備考": "",
                "継続観察登録地点": "○"
            }
        },
        {
            "type": "Feature",
            "geometry": {
                "type": "Point",
                "coordinates": [
                    135.0555065,
                    34.65557039
                ]
            },
            "properties": {
                "調査時期": "2020_W",
                "都道府県名": "兵庫県",
                "市町村名": "神戸市",
                "撮影場所": "兵庫県立舞子高等学校屋上",
                "撮影日時": "2020-01-16T21:31:00+09:00",
                "緯度": "34.65557039",
                "経度": "135.0555065",
                "夜空の明るさ": "17.01",
                "ばらつき": "0.11",
                "周辺状況": "住宅地域",
                "備考": "",
                "継続観察登録地点": "○"
            }
        },
        {
            "type": "Feature",
            "geometry": {
                "type": "Point",
                "coordinates": [
                    135.0553848,
                    34.65537464
                ]
            },
            "properties": {
                "調査時期": "2020_W",
                "都道府県名": "兵庫県",
                "市町村名": "神戸市",
                "撮影場所": "兵庫県立舞子高等学校屋上",
                "撮影日時": "2020-01-18T21:36:00+09:00",
                "緯度": "34.65537464",
                "経度": "135.0553848",
                "夜空の明るさ": "19.13",
                "ばらつき": "0.1",
                "周辺状況": "住宅地域",
                "備考": "",
                "継続観察登録地点": "○"
            }
        },
        {
            "type": "Feature",
            "geometry": {
                "type": "Point",
                "coordinates": [
                    135.0555897,
                    34.65554585
                ]
            },
            "properties": {
                "調査時期": "2020_W",
                "都道府県名": "兵庫県",
                "市町村名": "神戸市",
                "撮影場所": "兵庫県立舞子高等学校屋上",
                "撮影日時": "2020-01-21T20:09:00+09:00",
                "緯度": "34.65554585",
                "経度": "135.0555897",
                "夜空の明るさ": "18.88",
                "ばらつき": "0.08",
                "周辺状況": "住宅地域",
                "備考": "",
                "継続観察登録地点": "○"
            }
        },
        {
            "type": "Feature",
            "geometry": {
                "type": "Point",
                "coordinates": [
                    135.0552415,
                    34.65547419
                ]
            },
            "properties": {
                "調査時期": "2020_W",
                "都道府県名": "兵庫県",
                "市町村名": "神戸市",
                "撮影場所": "兵庫県立舞子高等学校屋上",
                "撮影日時": "2020-01-24T19:35:00+09:00",
                "緯度": "34.65547419",
                "経度": "135.0552415",
                "夜空の明るさ": "18.27",
                "ばらつき": "0.29",
                "周辺状況": "住宅地域",
                "備考": "",
                "継続観察登録地点": "○"
            }
        },
        {
            "type": "Feature",
            "geometry": {
                "type": "Point",
                "coordinates": [
                    135.0554462,
                    34.65543818
                ]
            },
            "properties": {
                "調査時期": "2020_W",
                "都道府県名": "兵庫県",
                "市町村名": "神戸市",
                "撮影場所": "兵庫県立舞子高等学校屋上",
                "撮影日時": "2020-01-27T21:36:00+09:00",
                "緯度": "34.65543818",
                "経度": "135.0554462",
                "夜空の明るさ": "19.27",
                "ばらつき": "0.08",
                "周辺状況": "住宅地域",
                "備考": "",
                "継続観察登録地点": "○"
            }
        },
        {
            "type": "Feature",
            "geometry": {
                "type": "Point",
                "coordinates": [
                    135.0554443,
                    34.65538964
                ]
            },
            "properties": {
                "調査時期": "2020_W",
                "都道府県名": "兵庫県",
                "市町村名": "神戸市",
                "撮影場所": "兵庫県立舞子高等学校屋上",
                "撮影日時": "2020-01-29T20:38:00+09:00",
                "緯度": "34.65538964",
                "経度": "135.0554443",
                "夜空の明るさ": "",
                "ばらつき": "",
                "周辺状況": "住宅地域",
                "備考": "焦点距離が長すぎるため測定不可",
                "継続観察登録地点": "○"
            }
        },
        {
            "type": "Feature",
            "geometry": {
                "type": "Point",
                "coordinates": [
                    135.0315874,
                    34.69881106
                ]
            },
            "properties": {
                "調査時期": "2020_W",
                "都道府県名": "兵庫県",
                "市町村名": "神戸市",
                "撮影場所": "神戸市西区井吹台 西神南",
                "撮影日時": "2020-01-16T21:40:00+09:00",
                "緯度": "34.69881106",
                "経度": "135.0315874",
                "夜空の明るさ": "",
                "ばらつき": "",
                "周辺状況": "住宅地域",
                "備考": "曇りのため測定不可",
                "継続観察登録地点": "○"
            }
        },
        {
            "type": "Feature",
            "geometry": {
                "type": "Point",
                "coordinates": [
                    135.0314355,
                    34.69885834
                ]
            },
            "properties": {
                "調査時期": "2020_W",
                "都道府県名": "兵庫県",
                "市町村名": "神戸市",
                "撮影場所": "神戸市西区井吹台 西神南",
                "撮影日時": "2020-01-17T22:31:00+09:00",
                "緯度": "34.69885834",
                "経度": "135.0314355",
                "夜空の明るさ": "",
                "ばらつき": "",
                "周辺状況": "住宅地域",
                "備考": "曇りのため測定不可",
                "継続観察登録地点": "○"
            }
        },
        {
            "type": "Feature",
            "geometry": {
                "type": "Point",
                "coordinates": [
                    135.0315426,
                    34.69865211
                ]
            },
            "properties": {
                "調査時期": "2020_W",
                "都道府県名": "兵庫県",
                "市町村名": "神戸市",
                "撮影場所": "神戸市西区井吹台 西神南",
                "撮影日時": "2020-01-17T22:31:00+09:00",
                "緯度": "34.69865211",
                "経度": "135.0315426",
                "夜空の明るさ": "",
                "ばらつき": "",
                "周辺状況": "住宅地域",
                "備考": "曇りのため測定不可",
                "継続観察登録地点": "○"
            }
        },
        {
            "type": "Feature",
            "geometry": {
                "type": "Point",
                "coordinates": [
                    135.031314,
                    34.69879306
                ]
            },
            "properties": {
                "調査時期": "2020_W",
                "都道府県名": "兵庫県",
                "市町村名": "神戸市",
                "撮影場所": "神戸市西区井吹台 西神南",
                "撮影日時": "2020-01-21T20:18:00+09:00",
                "緯度": "34.69879306",
                "経度": "135.031314",
                "夜空の明るさ": "19.05",
                "ばらつき": "0.06",
                "周辺状況": "住宅地域",
                "備考": "",
                "継続観察登録地点": "○"
            }
        },
        {
            "type": "Feature",
            "geometry": {
                "type": "Point",
                "coordinates": [
                    135.0313158,
                    34.69888163
                ]
            },
            "properties": {
                "調査時期": "2020_W",
                "都道府県名": "兵庫県",
                "市町村名": "神戸市",
                "撮影場所": "神戸市西区井吹台 西神南",
                "撮影日時": "2020-01-24T20:56:00+09:00",
                "緯度": "34.69888163",
                "経度": "135.0313158",
                "夜空の明るさ": "",
                "ばらつき": "",
                "周辺状況": "住宅地域",
                "備考": "焦点距離が長すぎるため測定不可",
                "継続観察登録地点": "○"
            }
        },
        {
            "type": "Feature",
            "geometry": {
                "type": "Point",
                "coordinates": [
                    135.0315044,
                    34.69879589
                ]
            },
            "properties": {
                "調査時期": "2020_W",
                "都道府県名": "兵庫県",
                "市町村名": "神戸市",
                "撮影場所": "神戸市西区井吹台 西神南",
                "撮影日時": "2020-01-27T22:15:00+09:00",
                "緯度": "34.69879589",
                "経度": "135.0315044",
                "夜空の明るさ": "",
                "ばらつき": "",
                "周辺状況": "住宅地域",
                "備考": "焦点距離が長すぎるため測定不可",
                "継続観察登録地点": "○"
            }
        },
        {
            "type": "Feature",
            "geometry": {
                "type": "Point",
                "coordinates": [
                    135.031516,
                    34.69891709
                ]
            },
            "properties": {
                "調査時期": "2020_W",
                "都道府県名": "兵庫県",
                "市町村名": "神戸市",
                "撮影場所": "神戸市西区井吹台 西神南",
                "撮影日時": "2020-01-30T23:25:00+09:00",
                "緯度": "34.69891709",
                "経度": "135.031516",
                "夜空の明るさ": "",
                "ばらつき": "",
                "周辺状況": "住宅地域",
                "備考": "焦点距離が長すぎるため測定不可",
                "継続観察登録地点": "○"
            }
        },
        {
            "type": "Feature",
            "geometry": {
                "type": "Point",
                "coordinates": [
                    134.9920932,
                    34.53759558
                ]
            },
            "properties": {
                "調査時期": "2020_W",
                "都道府県名": "兵庫県",
                "市町村名": "淡路市",
                "撮影場所": "淡路市久留麻 淡路",
                "撮影日時": "2020-01-16T21:42:00+09:00",
                "緯度": "34.53759558",
                "経度": "134.9920932",
                "夜空の明るさ": "17.52",
                "ばらつき": "0.59",
                "周辺状況": "その他",
                "備考": "",
                "継続観察登録地点": "○"
            }
        },
        {
            "type": "Feature",
            "geometry": {
                "type": "Point",
                "coordinates": [
                    134.9917579,
                    34.53751848
                ]
            },
            "properties": {
                "調査時期": "2020_W",
                "都道府県名": "兵庫県",
                "市町村名": "淡路市",
                "撮影場所": "淡路市久留麻 淡路",
                "撮影日時": "2020-01-18T22:00:00+09:00",
                "緯度": "34.53751848",
                "経度": "134.9917579",
                "夜空の明るさ": "",
                "ばらつき": "",
                "周辺状況": "その他",
                "備考": "カメラずれのため測定不可",
                "継続観察登録地点": "○"
            }
        },
        {
            "type": "Feature",
            "geometry": {
                "type": "Point",
                "coordinates": [
                    134.9917843,
                    34.53757168
                ]
            },
            "properties": {
                "調査時期": "2020_W",
                "都道府県名": "兵庫県",
                "市町村名": "淡路市",
                "撮影場所": "淡路市久留麻 淡路",
                "撮影日時": "2020-01-20T21:32:00+09:00",
                "緯度": "34.53757168",
                "経度": "134.9917843",
                "夜空の明るさ": "18.52",
                "ばらつき": "0.39",
                "周辺状況": "その他",
                "備考": "",
                "継続観察登録地点": "○"
            }
        },
        {
            "type": "Feature",
            "geometry": {
                "type": "Point",
                "coordinates": [
                    134.9915028,
                    34.53765176
                ]
            },
            "properties": {
                "調査時期": "2020_W",
                "都道府県名": "兵庫県",
                "市町村名": "淡路市",
                "撮影場所": "淡路市久留麻 淡路",
                "撮影日時": "2020-01-21T21:33:00+09:00",
                "緯度": "34.53765176",
                "経度": "134.9915028",
                "夜空の明るさ": "19.71",
                "ばらつき": "0.17",
                "周辺状況": "その他",
                "備考": "",
                "継続観察登録地点": "○"
            }
        },
        {
            "type": "Feature",
            "geometry": {
                "type": "Point",
                "coordinates": [
                    134.9917555,
                    34.53761569
                ]
            },
            "properties": {
                "調査時期": "2020_W",
                "都道府県名": "兵庫県",
                "市町村名": "淡路市",
                "撮影場所": "淡路市久留麻 淡路",
                "撮影日時": "2020-01-24T21:33:00+09:00",
                "緯度": "34.53761569",
                "経度": "134.9917555",
                "夜空の明るさ": "18.66",
                "ばらつき": "0.19",
                "周辺状況": "その他",
                "備考": "",
                "継続観察登録地点": "○"
            }
        },
        {
            "type": "Feature",
            "geometry": {
                "type": "Point",
                "coordinates": [
                    134.7912096,
                    34.42282735
                ]
            },
            "properties": {
                "調査時期": "2020_W",
                "都道府県名": "兵庫県",
                "市町村名": "洲本市",
                "撮影場所": "洲本市五色町志米山 洲本五色",
                "撮影日時": "2020-01-16T20:33:00+09:00",
                "緯度": "34.42282735",
                "経度": "134.7912096",
                "夜空の明るさ": "",
                "ばらつき": "",
                "周辺状況": "住宅地域",
                "備考": "ピンボケのため解析不可",
                "継続観察登録地点": "○"
            }
        },
        {
            "type": "Feature",
            "geometry": {
                "type": "Point",
                "coordinates": [
                    134.7913649,
                    34.42261549
                ]
            },
            "properties": {
                "調査時期": "2020_W",
                "都道府県名": "兵庫県",
                "市町村名": "洲本市",
                "撮影場所": "洲本市五色町志米山 洲本五色",
                "撮影日時": "2020-01-18T23:19:00+09:00",
                "緯度": "34.42261549",
                "経度": "134.7913649",
                "夜空の明るさ": "20.47",
                "ばらつき": "0.16",
                "周辺状況": "住宅地域",
                "備考": "",
                "継続観察登録地点": "○"
            }
        },
        {
            "type": "Feature",
            "geometry": {
                "type": "Point",
                "coordinates": [
                    134.7912692,
                    34.42284842
                ]
            },
            "properties": {
                "調査時期": "2020_W",
                "都道府県名": "兵庫県",
                "市町村名": "洲本市",
                "撮影場所": "洲本市五色町志米山 洲本五色",
                "撮影日時": "2020-01-21T20:33:00+09:00",
                "緯度": "34.42284842",
                "経度": "134.7912692",
                "夜空の明るさ": "20.22",
                "ばらつき": "0.1",
                "周辺状況": "住宅地域",
                "備考": "",
                "継続観察登録地点": "○"
            }
        },
        {
            "type": "Feature",
            "geometry": {
                "type": "Point",
                "coordinates": [
                    134.7914025,
                    34.42288205
                ]
            },
            "properties": {
                "調査時期": "2020_W",
                "都道府県名": "兵庫県",
                "市町村名": "洲本市",
                "撮影場所": "洲本市五色町志米山 洲本五色",
                "撮影日時": "2020-01-24T22:00:00+09:00",
                "緯度": "34.42288205",
                "経度": "134.7914025",
                "夜空の明るさ": "",
                "ばらつき": "",
                "周辺状況": "住宅地域",
                "備考": "カメラずれのため測定不可",
                "継続観察登録地点": "○"
            }
        },
        {
            "type": "Feature",
            "geometry": {
                "type": "Point",
                "coordinates": [
                    134.7913786,
                    34.42272204
                ]
            },
            "properties": {
                "調査時期": "2020_W",
                "都道府県名": "兵庫県",
                "市町村名": "洲本市",
                "撮影場所": "洲本市五色町志米山 洲本五色",
                "撮影日時": "2020-01-29T21:21:00+09:00",
                "緯度": "34.42272204",
                "経度": "134.7913786",
                "夜空の明るさ": "",
                "ばらつき": "",
                "周辺状況": "住宅地域",
                "備考": "ピンボケのため解析不可",
                "継続観察登録地点": "○"
            }
        },
        {
            "type": "Feature",
            "geometry": {
                "type": "Point",
                "coordinates": [
                    135.7317924,
                    34.21269648
                ]
            },
            "properties": {
                "調査時期": "2020_W",
                "都道府県名": "奈良県",
                "市町村名": "五條市",
                "撮影場所": "大塔コスミックパーク星のくに",
                "撮影日時": "2020-01-21T20:56:00+09:00",
                "緯度": "34.21269648",
                "経度": "135.7317924",
                "夜空の明るさ": "20.81",
                "ばらつき": "0.33",
                "周辺状況": "森林山間地",
                "備考": "観測時間外のため参考値",
                "継続観察登録地点": "○"
            }
        },
        {
            "type": "Feature",
            "geometry": {
                "type": "Point",
                "coordinates": [
                    134.2337599,
                    35.2661154
                ]
            },
            "properties": {
                "調査時期": "2020_W",
                "都道府県名": "鳥取県",
                "市町村名": "智頭町",
                "撮影場所": "",
                "撮影日時": "2020-01-18T19:53:00+09:00",
                "緯度": "35.2661154",
                "経度": "134.2337599",
                "夜空の明るさ": "20.84",
                "ばらつき": "0.15",
                "周辺状況": "",
                "備考": "",
                "継続観察登録地点": ""
            }
        },
        {
            "type": "Feature",
            "geometry": {
                "type": "Point",
                "coordinates": [
                    134.2765519,
                    35.26471819
                ]
            },
            "properties": {
                "調査時期": "2020_W",
                "都道府県名": "鳥取県",
                "市町村名": "智頭町",
                "撮影場所": "",
                "撮影日時": "2020-01-18T20:15:00+09:00",
                "緯度": "35.26471819",
                "経度": "134.2765519",
                "夜空の明るさ": "21.41",
                "ばらつき": "0.14",
                "周辺状況": "",
                "備考": "",
                "継続観察登録地点": ""
            }
        },
        {
            "type": "Feature",
            "geometry": {
                "type": "Point",
                "coordinates": [
                    134.2268506,
                    35.26489339
                ]
            },
            "properties": {
                "調査時期": "2020_W",
                "都道府県名": "鳥取県",
                "市町村名": "智頭町",
                "撮影場所": "",
                "撮影日時": "2020-01-18T21:27:00+09:00",
                "緯度": "35.26489339",
                "経度": "134.2268506",
                "夜空の明るさ": "20.59",
                "ばらつき": "0.12",
                "周辺状況": "",
                "備考": "",
                "継続観察登録地点": ""
            }
        },
        {
            "type": "Feature",
            "geometry": {
                "type": "Point",
                "coordinates": [
                    134.2010719,
                    35.25607159
                ]
            },
            "properties": {
                "調査時期": "2020_W",
                "都道府県名": "鳥取県",
                "市町村名": "智頭町",
                "撮影場所": "",
                "撮影日時": "2020-01-18T21:38:00+09:00",
                "緯度": "35.25607159",
                "経度": "134.2010719",
                "夜空の明るさ": "21.48",
                "ばらつき": "0.23",
                "周辺状況": "",
                "備考": "",
                "継続観察登録地点": ""
            }
        },
        {
            "type": "Feature",
            "geometry": {
                "type": "Point",
                "coordinates": [
                    134.2244956,
                    35.29019271
                ]
            },
            "properties": {
                "調査時期": "2020_W",
                "都道府県名": "鳥取県",
                "市町村名": "智頭町",
                "撮影場所": "",
                "撮影日時": "2020-01-18T21:56:00+09:00",
                "緯度": "35.29019271",
                "経度": "134.2244956",
                "夜空の明るさ": "21.35",
                "ばらつき": "0.12",
                "周辺状況": "",
                "備考": "",
                "継続観察登録地点": ""
            }
        },
        {
            "type": "Feature",
            "geometry": {
                "type": "Point",
                "coordinates": [
                    134.1753924,
                    35.3569437
                ]
            },
            "properties": {
                "調査時期": "2020_W",
                "都道府県名": "鳥取県",
                "市町村名": "鳥取市",
                "撮影場所": "",
                "撮影日時": "2020-01-18T22:18:00+09:00",
                "緯度": "35.3569437",
                "経度": "134.1753924",
                "夜空の明るさ": "21.45",
                "ばらつき": "0.23",
                "周辺状況": "",
                "備考": "",
                "継続観察登録地点": ""
            }
        },
        {
            "type": "Feature",
            "geometry": {
                "type": "Point",
                "coordinates": [
                    134.1057408,
                    35.33087628
                ]
            },
            "properties": {
                "調査時期": "2020_W",
                "都道府県名": "鳥取県",
                "市町村名": "鳥取市",
                "撮影場所": "",
                "撮影日時": "2020-01-16T19:56:00+09:00",
                "緯度": "35.33087628",
                "経度": "134.1057408",
                "夜空の明るさ": "21.17",
                "ばらつき": "0.11",
                "周辺状況": "",
                "備考": "",
                "継続観察登録地点": ""
            }
        },
        {
            "type": "Feature",
            "geometry": {
                "type": "Point",
                "coordinates": [
                    134.1196132,
                    35.34224265
                ]
            },
            "properties": {
                "調査時期": "2020_W",
                "都道府県名": "鳥取県",
                "市町村名": "鳥取市",
                "撮影場所": "さじアストロパーク園地",
                "撮影日時": "2020-01-18T19:47:00+09:00",
                "緯度": "35.34224265",
                "経度": "134.1196132",
                "夜空の明るさ": "21.27",
                "ばらつき": "0.08",
                "周辺状況": "森林山間地",
                "備考": "",
                "継続観察登録地点": ""
            }
        },
        {
            "type": "Feature",
            "geometry": {
                "type": "Point",
                "coordinates": [
                    134.2492282,
                    35.3949668
                ]
            },
            "properties": {
                "調査時期": "2020_W",
                "都道府県名": "鳥取県",
                "市町村名": "八頭町",
                "撮影場所": "",
                "撮影日時": "2020-01-16T20:51:00+09:00",
                "緯度": "35.3949668",
                "経度": "134.2492282",
                "夜空の明るさ": "20.18",
                "ばらつき": "0.16",
                "周辺状況": "",
                "備考": "",
                "継続観察登録地点": ""
            }
        },
        {
            "type": "Feature",
            "geometry": {
                "type": "Point",
                "coordinates": [
                    134.200412,
                    35.39382895
                ]
            },
            "properties": {
                "調査時期": "2020_W",
                "都道府県名": "鳥取県",
                "市町村名": "鳥取市",
                "撮影場所": "鳥取市河原町曳田 桜広場駐車場",
                "撮影日時": "2020-01-16T19:43:00+09:00",
                "緯度": "35.39382895",
                "経度": "134.200412",
                "夜空の明るさ": "19.98",
                "ばらつき": "0.08",
                "周辺状況": "住宅地域",
                "備考": "",
                "継続観察登録地点": ""
            }
        },
        {
            "type": "Feature",
            "geometry": {
                "type": "Point",
                "coordinates": [
                    134.1553241,
                    35.49775763
                ]
            },
            "properties": {
                "調査時期": "2020_W",
                "都道府県名": "鳥取県",
                "市町村名": "鳥取市",
                "撮影場所": "",
                "撮影日時": "2020-01-18T20:19:00+09:00",
                "緯度": "35.49775763",
                "経度": "134.1553241",
                "夜空の明るさ": "20.04",
                "ばらつき": "0.15",
                "周辺状況": "",
                "備考": "",
                "継続観察登録地点": ""
            }
        },
        {
            "type": "Feature",
            "geometry": {
                "type": "Point",
                "coordinates": [
                    134.220137,
                    35.49430899
                ]
            },
            "properties": {
                "調査時期": "2020_W",
                "都道府県名": "鳥取県",
                "市町村名": "鳥取市",
                "撮影場所": "鳥取市幸町 幸町棒鼻公園",
                "撮影日時": "2020-01-18T19:42:00+09:00",
                "緯度": "35.49430899",
                "経度": "134.220137",
                "夜空の明るさ": "18.26",
                "ばらつき": "0.09",
                "周辺状況": "住宅地域",
                "備考": "",
                "継続観察登録地点": ""
            }
        },
        {
            "type": "Feature",
            "geometry": {
                "type": "Point",
                "coordinates": [
                    134.2099661,
                    35.44485469
                ]
            },
            "properties": {
                "調査時期": "2020_W",
                "都道府県名": "鳥取県",
                "市町村名": "鳥取市",
                "撮影場所": "鳥取市倉田 倉田スポーツ広場",
                "撮影日時": "2020-01-18T19:11:00+09:00",
                "緯度": "35.44485469",
                "経度": "134.2099661",
                "夜空の明るさ": "20.06",
                "ばらつき": "0.11",
                "周辺状況": "その他",
                "備考": "",
                "継続観察登録地点": ""
            }
        },
        {
            "type": "Feature",
            "geometry": {
                "type": "Point",
                "coordinates": [
                    134.2369598,
                    35.54493128
                ]
            },
            "properties": {
                "調査時期": "2020_W",
                "都道府県名": "鳥取県",
                "市町村名": "鳥取市",
                "撮影場所": "鳥取砂丘駐車場",
                "撮影日時": "2020-01-18T20:47:00+09:00",
                "緯度": "35.54493128",
                "経度": "134.2369598",
                "夜空の明るさ": "20.28",
                "ばらつき": "0.08",
                "周辺状況": "自然公園等",
                "備考": "",
                "継続観察登録地点": ""
            }
        },
        {
            "type": "Feature",
            "geometry": {
                "type": "Point",
                "coordinates": [
                    134.204784,
                    35.35724059
                ]
            },
            "properties": {
                "調査時期": "2020_W",
                "都道府県名": "鳥取県",
                "市町村名": "鳥取市",
                "撮影場所": "鳥取県鳥取市用瀬町鷹狩",
                "撮影日時": "2020-01-16T20:10:00+09:00",
                "緯度": "35.35724059",
                "経度": "134.204784",
                "夜空の明るさ": "20.58",
                "ばらつき": "0.1",
                "周辺状況": "農業地域",
                "備考": "",
                "継続観察登録地点": ""
            }
        },
        {
            "type": "Feature",
            "geometry": {
                "type": "Point",
                "coordinates": [
                    133.7986439,
                    35.47026631
                ]
            },
            "properties": {
                "調査時期": "2020_W",
                "都道府県名": "鳥取県",
                "市町村名": "北栄町",
                "撮影場所": "",
                "撮影日時": "2020-01-16T19:09:00+09:00",
                "緯度": "35.47026631",
                "経度": "133.7986439",
                "夜空の明るさ": "19.84",
                "ばらつき": "0.28",
                "周辺状況": "",
                "備考": "",
                "継続観察登録地点": ""
            }
        },
        {
            "type": "Feature",
            "geometry": {
                "type": "Point",
                "coordinates": [
                    133.1694379,
                    35.13641477
                ]
            },
            "properties": {
                "調査時期": "2020_W",
                "都道府県名": "鳥取県",
                "市町村名": "日南町",
                "撮影場所": "日南町上萩山",
                "撮影日時": "2020-01-16T18:56:00+09:00",
                "緯度": "35.13641477",
                "経度": "133.1694379",
                "夜空の明るさ": "21.08",
                "ばらつき": "0.14",
                "周辺状況": "農業地域",
                "備考": "",
                "継続観察登録地点": "○"
            }
        },
        {
            "type": "Feature",
            "geometry": {
                "type": "Point",
                "coordinates": [
                    134.2339665,
                    35.51214677
                ]
            },
            "properties": {
                "調査時期": "2020_W",
                "都道府県名": "鳥取県",
                "市町村名": "鳥取市",
                "撮影場所": "",
                "撮影日時": "2020-01-16T21:16:00+09:00",
                "緯度": "35.51214677",
                "経度": "134.2339665",
                "夜空の明るさ": "18.88",
                "ばらつき": "0.17",
                "周辺状況": "",
                "備考": "",
                "継続観察登録地点": ""
            }
        },
        {
            "type": "Feature",
            "geometry": {
                "type": "Point",
                "coordinates": [
                    133.1694272,
                    35.13642793
                ]
            },
            "properties": {
                "調査時期": "2020_W",
                "都道府県名": "鳥取県",
                "市町村名": "日南町",
                "撮影場所": "日南町上萩山",
                "撮影日時": "2020-01-16T20:51:00+09:00",
                "緯度": "35.13642793",
                "経度": "133.1694272",
                "夜空の明るさ": "20.79",
                "ばらつき": "0.12",
                "周辺状況": "農業地域",
                "備考": "観測時間外のため参考値",
                "継続観察登録地点": "○"
            }
        },
        {
            "type": "Feature",
            "geometry": {
                "type": "Point",
                "coordinates": [
                    133.2012811,
                    35.1159998
                ]
            },
            "properties": {
                "調査時期": "2020_W",
                "都道府県名": "鳥取県",
                "市町村名": "日南町",
                "撮影場所": "",
                "撮影日時": "2020-01-18T20:30:00+09:00",
                "緯度": "35.1159998",
                "経度": "133.2012811",
                "夜空の明るさ": "21.36",
                "ばらつき": "0.28",
                "周辺状況": "",
                "備考": "",
                "継続観察登録地点": ""
            }
        },
        {
            "type": "Feature",
            "geometry": {
                "type": "Point",
                "coordinates": [
                    133.1694219,
                    35.13643232
                ]
            },
            "properties": {
                "調査時期": "2020_W",
                "都道府県名": "鳥取県",
                "市町村名": "日南町",
                "撮影場所": "日南町上萩山",
                "撮影日時": "2020-01-18T20:41:00+09:00",
                "緯度": "35.13643232",
                "経度": "133.1694219",
                "夜空の明るさ": "21.54",
                "ばらつき": "0.17",
                "周辺状況": "農業地域",
                "備考": "",
                "継続観察登録地点": "○"
            }
        },
        {
            "type": "Feature",
            "geometry": {
                "type": "Point",
                "coordinates": [
                    133.1694433,
                    35.13639723
                ]
            },
            "properties": {
                "調査時期": "2020_W",
                "都道府県名": "鳥取県",
                "市町村名": "日南町",
                "撮影場所": "日南町上萩山",
                "撮影日時": "2020-01-18T19:06:00+09:00",
                "緯度": "35.13639723",
                "経度": "133.1694433",
                "夜空の明るさ": "21.58",
                "ばらつき": "0.1",
                "周辺状況": "農業地域",
                "備考": "",
                "継続観察登録地点": "○"
            }
        },
        {
            "type": "Feature",
            "geometry": {
                "type": "Point",
                "coordinates": [
                    133.4178963,
                    35.3987843
                ]
            },
            "properties": {
                "調査時期": "2020_W",
                "都道府県名": "鳥取県",
                "市町村名": "米子市",
                "撮影場所": "",
                "撮影日時": "2020-01-18T19:13:00+09:00",
                "緯度": "35.3987843",
                "経度": "133.4178963",
                "夜空の明るさ": "20.3",
                "ばらつき": "0.26",
                "周辺状況": "",
                "備考": "",
                "継続観察登録地点": ""
            }
        },
        {
            "type": "Feature",
            "geometry": {
                "type": "Point",
                "coordinates": [
                    133.4851667,
                    35.28294333
                ]
            },
            "properties": {
                "調査時期": "2020_W",
                "都道府県名": "鳥取県",
                "市町村名": "江府町",
                "撮影場所": "",
                "撮影日時": "2020-01-18T19:41:00+09:00",
                "緯度": "35.28294333",
                "経度": "133.4851667",
                "夜空の明るさ": "20.85",
                "ばらつき": "0.07",
                "周辺状況": "",
                "備考": "",
                "継続観察登録地点": ""
            }
        },
        {
            "type": "Feature",
            "geometry": {
                "type": "Point",
                "coordinates": [
                    133.3838183,
                    35.206505
                ]
            },
            "properties": {
                "調査時期": "2020_W",
                "都道府県名": "鳥取県",
                "市町村名": "日野町",
                "撮影場所": "",
                "撮影日時": "2020-01-18T20:03:00+09:00",
                "緯度": "35.206505",
                "経度": "133.3838183",
                "夜空の明るさ": "21.16",
                "ばらつき": "0.06",
                "周辺状況": "",
                "備考": "",
                "継続観察登録地点": ""
            }
        },
        {
            "type": "Feature",
            "geometry": {
                "type": "Point",
                "coordinates": [
                    133.3114383,
                    35.17127667
                ]
            },
            "properties": {
                "調査時期": "2020_W",
                "都道府県名": "鳥取県",
                "市町村名": "日南町",
                "撮影場所": "",
                "撮影日時": "2020-01-18T20:22:00+09:00",
                "緯度": "35.17127667",
                "経度": "133.3114383",
                "夜空の明るさ": "21.12",
                "ばらつき": "0.1",
                "周辺状況": "",
                "備考": "",
                "継続観察登録地点": ""
            }
        },
        {
            "type": "Feature",
            "geometry": {
                "type": "Point",
                "coordinates": [
                    133.5103983,
                    35.376795
                ]
            },
            "properties": {
                "調査時期": "2020_W",
                "都道府県名": "鳥取県",
                "市町村名": "伯耆町",
                "撮影場所": "",
                "撮影日時": "2020-01-21T18:56:00+09:00",
                "緯度": "35.376795",
                "経度": "133.5103983",
                "夜空の明るさ": "21.08",
                "ばらつき": "0.29",
                "周辺状況": "",
                "備考": "",
                "継続観察登録地点": ""
            }
        },
        {
            "type": "Feature",
            "geometry": {
                "type": "Point",
                "coordinates": [
                    133.5103733,
                    35.37678
                ]
            },
            "properties": {
                "調査時期": "2020_W",
                "都道府県名": "鳥取県",
                "市町村名": "伯耆町",
                "撮影場所": "",
                "撮影日時": "2020-01-21T19:04:00+09:00",
                "緯度": "35.37678",
                "経度": "133.5103733",
                "夜空の明るさ": "20.85",
                "ばらつき": "0.1",
                "周辺状況": "",
                "備考": "",
                "継続観察登録地点": ""
            }
        },
        {
            "type": "Feature",
            "geometry": {
                "type": "Point",
                "coordinates": [
                    133.4598217,
                    35.38657
                ]
            },
            "properties": {
                "調査時期": "2020_W",
                "都道府県名": "鳥取県",
                "市町村名": "伯耆町",
                "撮影場所": "",
                "撮影日時": "2020-01-21T19:11:00+09:00",
                "緯度": "35.38657",
                "経度": "133.4598217",
                "夜空の明るさ": "20.74",
                "ばらつき": "0.84",
                "周辺状況": "",
                "備考": "",
                "継続観察登録地点": ""
            }
        },
        {
            "type": "Feature",
            "geometry": {
                "type": "Point",
                "coordinates": [
                    133.401245,
                    35.39088833
                ]
            },
            "properties": {
                "調査時期": "2020_W",
                "都道府県名": "鳥取県",
                "市町村名": "伯耆町",
                "撮影場所": "",
                "撮影日時": "2020-01-21T19:19:00+09:00",
                "緯度": "35.39088833",
                "経度": "133.401245",
                "夜空の明るさ": "19.81",
                "ばらつき": "0.66",
                "周辺状況": "",
                "備考": "",
                "継続観察登録地点": ""
            }
        },
        {
            "type": "Feature",
            "geometry": {
                "type": "Point",
                "coordinates": [
                    133.36736,
                    35.40451833
                ]
            },
            "properties": {
                "調査時期": "2020_W",
                "都道府県名": "鳥取県",
                "市町村名": "米子市",
                "撮影場所": "",
                "撮影日時": "2020-01-21T19:30:00+09:00",
                "緯度": "35.40451833",
                "経度": "133.36736",
                "夜空の明るさ": "19.43",
                "ばらつき": "0.06",
                "周辺状況": "",
                "備考": "",
                "継続観察登録地点": ""
            }
        },
        {
            "type": "Feature",
            "geometry": {
                "type": "Point",
                "coordinates": [
                    133.3311783,
                    35.42864167
                ]
            },
            "properties": {
                "調査時期": "2020_W",
                "都道府県名": "鳥取県",
                "市町村名": "米子市",
                "撮影場所": "",
                "撮影日時": "2020-01-21T19:43:00+09:00",
                "緯度": "35.42864167",
                "経度": "133.3311783",
                "夜空の明るさ": "18.22",
                "ばらつき": "0.1",
                "周辺状況": "",
                "備考": "",
                "継続観察登録地点": ""
            }
        },
        {
            "type": "Feature",
            "geometry": {
                "type": "Point",
                "coordinates": [
                    133.3164067,
                    35.4318
                ]
            },
            "properties": {
                "調査時期": "2020_W",
                "都道府県名": "鳥取県",
                "市町村名": "米子市",
                "撮影場所": "",
                "撮影日時": "2020-01-21T19:51:00+09:00",
                "緯度": "35.4318",
                "経度": "133.3164067",
                "夜空の明るさ": "18.93",
                "ばらつき": "0.08",
                "周辺状況": "",
                "備考": "",
                "継続観察登録地点": ""
            }
        },
        {
            "type": "Feature",
            "geometry": {
                "type": "Point",
                "coordinates": [
                    133.3474683,
                    35.45284333
                ]
            },
            "properties": {
                "調査時期": "2020_W",
                "都道府県名": "鳥取県",
                "市町村名": "米子市",
                "撮影場所": "",
                "撮影日時": "2020-01-21T20:12:00+09:00",
                "緯度": "35.45284333",
                "経度": "133.3474683",
                "夜空の明るさ": "18.67",
                "ばらつき": "0.11",
                "周辺状況": "",
                "備考": "",
                "継続観察登録地点": ""
            }
        },
        {
            "type": "Feature",
            "geometry": {
                "type": "Point",
                "coordinates": [
                    133.4184783,
                    35.452715
                ]
            },
            "properties": {
                "調査時期": "2020_W",
                "都道府県名": "鳥取県",
                "市町村名": "米子市",
                "撮影場所": "",
                "撮影日時": "2020-01-21T20:38:00+09:00",
                "緯度": "35.452715",
                "経度": "133.4184783",
                "夜空の明るさ": "19.81",
                "ばらつき": "0.17",
                "周辺状況": "",
                "備考": "",
                "継続観察登録地点": ""
            }
        },
        {
            "type": "Feature",
            "geometry": {
                "type": "Point",
                "coordinates": [
                    133.4407083,
                    35.45471833
                ]
            },
            "properties": {
                "調査時期": "2020_W",
                "都道府県名": "鳥取県",
                "市町村名": "米子市",
                "撮影場所": "",
                "撮影日時": "2020-01-21T20:52:00+09:00",
                "緯度": "35.45471833",
                "経度": "133.4407083",
                "夜空の明るさ": "20.53",
                "ばらつき": "0.08",
                "周辺状況": "",
                "備考": "",
                "継続観察登録地点": ""
            }
        },
        {
            "type": "Feature",
            "geometry": {
                "type": "Point",
                "coordinates": [
                    133.1694272,
                    35.13642793
                ]
            },
            "properties": {
                "調査時期": "2020_W",
                "都道府県名": "鳥取県",
                "市町村名": "日南町",
                "撮影場所": "日南町上萩山",
                "撮影日時": "2020-01-21T20:46:00+09:00",
                "緯度": "35.13642793",
                "経度": "133.1694272",
                "夜空の明るさ": "21.61",
                "ばらつき": "0.14",
                "周辺状況": "農業地域",
                "備考": "",
                "継続観察登録地点": "○"
            }
        },
        {
            "type": "Feature",
            "geometry": {
                "type": "Point",
                "coordinates": [
                    133.7602615,
                    35.3561667
                ]
            },
            "properties": {
                "調査時期": "2020_W",
                "都道府県名": "鳥取県",
                "市町村名": "倉吉市",
                "撮影場所": "倉吉市関金町関金宿",
                "撮影日時": "2020-01-16T19:10:00+09:00",
                "緯度": "35.3561667",
                "経度": "133.7602615",
                "夜空の明るさ": "20.72",
                "ばらつき": "0.09",
                "周辺状況": "農業地域",
                "備考": "",
                "継続観察登録地点": "○"
            }
        },
        {
            "type": "Feature",
            "geometry": {
                "type": "Point",
                "coordinates": [
                    133.8570265,
                    35.38690878
                ]
            },
            "properties": {
                "調査時期": "2020_W",
                "都道府県名": "鳥取県",
                "市町村名": "三朝町",
                "撮影場所": "",
                "撮影日時": "2020-01-18T19:38:00+09:00",
                "緯度": "35.38690878",
                "経度": "133.8570265",
                "夜空の明るさ": "20.87",
                "ばらつき": "0.09",
                "周辺状況": "",
                "備考": "",
                "継続観察登録地点": ""
            }
        },
        {
            "type": "Feature",
            "geometry": {
                "type": "Point",
                "coordinates": [
                    133.83729,
                    35.32676443
                ]
            },
            "properties": {
                "調査時期": "2020_W",
                "都道府県名": "鳥取県",
                "市町村名": "三朝町",
                "撮影場所": "",
                "撮影日時": "2020-01-18T19:55:00+09:00",
                "緯度": "35.32676443",
                "経度": "133.83729",
                "夜空の明るさ": "21.17",
                "ばらつき": "0.37",
                "周辺状況": "",
                "備考": "",
                "継続観察登録地点": ""
            }
        },
        {
            "type": "Feature",
            "geometry": {
                "type": "Point",
                "coordinates": [
                    134.2296401,
                    35.23961246
                ]
            },
            "properties": {
                "調査時期": "2020_W",
                "都道府県名": "鳥取県",
                "市町村名": "智頭町",
                "撮影場所": "",
                "撮影日時": "2020-01-16T21:07:00+09:00",
                "緯度": "35.23961246",
                "経度": "134.2296401",
                "夜空の明るさ": "20.18",
                "ばらつき": "0.19",
                "周辺状況": "",
                "備考": "観測時間外のため参考値",
                "継続観察登録地点": ""
            }
        },
        {
            "type": "Feature",
            "geometry": {
                "type": "Point",
                "coordinates": [
                    134.2037326,
                    35.19265252
                ]
            },
            "properties": {
                "調査時期": "2020_W",
                "都道府県名": "鳥取県",
                "市町村名": "智頭町",
                "撮影場所": "",
                "撮影日時": "2020-01-16T21:26:00+09:00",
                "緯度": "35.19265252",
                "経度": "134.2037326",
                "夜空の明るさ": "20.12",
                "ばらつき": "0.21",
                "周辺状況": "",
                "備考": "観測時間外のため参考値",
                "継続観察登録地点": ""
            }
        },
        {
            "type": "Feature",
            "geometry": {
                "type": "Point",
                "coordinates": [
                    133.91006,
                    34.80949
                ]
            },
            "properties": {
                "調査時期": "2020_W",
                "都道府県名": "岡山県",
                "市町村名": "岡山市",
                "撮影場所": "",
                "撮影日時": "2020-01-18T20:35:00+09:00",
                "緯度": "34.80949",
                "経度": "133.91006",
                "夜空の明るさ": "20.53",
                "ばらつき": "0.27",
                "周辺状況": "",
                "備考": "",
                "継続観察登録地点": ""
            }
        },
        {
            "type": "Feature",
            "geometry": {
                "type": "Point",
                "coordinates": [
                    133.874735,
                    34.69457667
                ]
            },
            "properties": {
                "調査時期": "2020_W",
                "都道府県名": "岡山県",
                "市町村名": "岡山市",
                "撮影場所": "",
                "撮影日時": "2020-01-18T21:13:00+09:00",
                "緯度": "34.69457667",
                "経度": "133.874735",
                "夜空の明るさ": "19.35",
                "ばらつき": "0.17",
                "周辺状況": "",
                "備考": "",
                "継続観察登録地点": ""
            }
        },
        {
            "type": "Feature",
            "geometry": {
                "type": "Point",
                "coordinates": [
                    133.92153,
                    34.74617833
                ]
            },
            "properties": {
                "調査時期": "2020_W",
                "都道府県名": "岡山県",
                "市町村名": "岡山市",
                "撮影場所": "",
                "撮影日時": "2020-01-21T20:31:00+09:00",
                "緯度": "34.74617833",
                "経度": "133.92153",
                "夜空の明るさ": "19.91",
                "ばらつき": "0.15",
                "周辺状況": "",
                "備考": "",
                "継続観察登録地点": ""
            }
        },
        {
            "type": "Feature",
            "geometry": {
                "type": "Point",
                "coordinates": [
                    133.91566,
                    34.68041
                ]
            },
            "properties": {
                "調査時期": "2020_W",
                "都道府県名": "岡山県",
                "市町村名": "岡山市",
                "撮影場所": "",
                "撮影日時": "2020-01-21T21:05:00+09:00",
                "緯度": "34.68041",
                "経度": "133.91566",
                "夜空の明るさ": "18.21",
                "ばらつき": "0.18",
                "周辺状況": "",
                "備考": "",
                "継続観察登録地点": ""
            }
        },
        {
            "type": "Feature",
            "geometry": {
                "type": "Point",
                "coordinates": [
                    133.8561773,
                    34.82450495
                ]
            },
            "properties": {
                "調査時期": "2020_W",
                "都道府県名": "岡山県",
                "市町村名": "岡山市",
                "撮影場所": "河原邸",
                "撮影日時": "2020-01-15T22:31:00+09:00",
                "緯度": "34.82450495",
                "経度": "133.8561773",
                "夜空の明るさ": "20.58",
                "ばらつき": "0.11",
                "周辺状況": "森林山間地",
                "備考": "観測時間外のため参考値",
                "継続観察登録地点": "○"
            }
        },
        {
            "type": "Feature",
            "geometry": {
                "type": "Point",
                "coordinates": [
                    133.7614271,
                    34.57995413
                ]
            },
            "properties": {
                "調査時期": "2020_W",
                "都道府県名": "岡山県",
                "市町村名": "倉敷市",
                "撮影場所": "",
                "撮影日時": "2020-01-18T20:43:00+09:00",
                "緯度": "34.57995413",
                "経度": "133.7614271",
                "夜空の明るさ": "18.33",
                "ばらつき": "0.09",
                "周辺状況": "",
                "備考": "",
                "継続観察登録地点": ""
            }
        },
        {
            "type": "Feature",
            "geometry": {
                "type": "Point",
                "coordinates": [
                    133.7893742,
                    34.61861434
                ]
            },
            "properties": {
                "調査時期": "2020_W",
                "都道府県名": "岡山県",
                "市町村名": "倉敷市",
                "撮影場所": "",
                "撮影日時": "2020-01-18T19:37:00+09:00",
                "緯度": "34.61861434",
                "経度": "133.7893742",
                "夜空の明るさ": "18.26",
                "ばらつき": "0.1",
                "周辺状況": "",
                "備考": "",
                "継続観察登録地点": ""
            }
        },
        {
            "type": "Feature",
            "geometry": {
                "type": "Point",
                "coordinates": [
                    133.9189062,
                    34.66854674
                ]
            },
            "properties": {
                "調査時期": "2020_W",
                "都道府県名": "岡山県",
                "市町村名": "岡山市",
                "撮影場所": "",
                "撮影日時": "2020-01-18T21:23:00+09:00",
                "緯度": "34.66854674",
                "経度": "133.9189062",
                "夜空の明るさ": "16.98",
                "ばらつき": "0.28",
                "周辺状況": "",
                "備考": "観測時間外のため参考値",
                "継続観察登録地点": ""
            }
        },
        {
            "type": "Feature",
            "geometry": {
                "type": "Point",
                "coordinates": [
                    133.9182678,
                    34.67010416
                ]
            },
            "properties": {
                "調査時期": "2020_W",
                "都道府県名": "岡山県",
                "市町村名": "岡山市",
                "撮影場所": "",
                "撮影日時": "2020-01-18T21:33:00+09:00",
                "緯度": "34.67010416",
                "経度": "133.9182678",
                "夜空の明るさ": "17.74",
                "ばらつき": "0.18",
                "周辺状況": "",
                "備考": "観測時間外のため参考値",
                "継続観察登録地点": ""
            }
        },
        {
            "type": "Feature",
            "geometry": {
                "type": "Point",
                "coordinates": [
                    133.4714909,
                    34.85908593
                ]
            },
            "properties": {
                "調査時期": "2020_W",
                "都道府県名": "岡山県",
                "市町村名": "高梁市",
                "撮影場所": "",
                "撮影日時": "2020-01-21T19:47:00+09:00",
                "緯度": "34.85908593",
                "経度": "133.4714909",
                "夜空の明るさ": "21.34",
                "ばらつき": "0.78",
                "周辺状況": "",
                "備考": "",
                "継続観察登録地点": ""
            }
        },
        {
            "type": "Feature",
            "geometry": {
                "type": "Point",
                "coordinates": [
                    133.4699319,
                    34.97685952
                ]
            },
            "properties": {
                "調査時期": "2020_W",
                "都道府県名": "岡山県",
                "市町村名": "新見市",
                "撮影場所": "",
                "撮影日時": "2020-01-21T20:17:00+09:00",
                "緯度": "34.97685952",
                "経度": "133.4699319",
                "夜空の明るさ": "19.76",
                "ばらつき": "1.43",
                "周辺状況": "",
                "備考": "",
                "継続観察登録地点": ""
            }
        },
        {
            "type": "Feature",
            "geometry": {
                "type": "Point",
                "coordinates": [
                    133.4033092,
                    34.96929537
                ]
            },
            "properties": {
                "調査時期": "2020_W",
                "都道府県名": "岡山県",
                "市町村名": "新見市",
                "撮影場所": "",
                "撮影日時": "2020-01-21T19:06:00+09:00",
                "緯度": "34.96929537",
                "経度": "133.4033092",
                "夜空の明るさ": "20.18",
                "ばらつき": "1.79",
                "周辺状況": "",
                "備考": "",
                "継続観察登録地点": ""
            }
        },
        {
            "type": "Feature",
            "geometry": {
                "type": "Point",
                "coordinates": [
                    133.5453737,
                    34.67197391
                ]
            },
            "properties": {
                "調査時期": "2020_W",
                "都道府県名": "岡山県",
                "市町村名": "井原市",
                "撮影場所": "井原市美星天文台",
                "撮影日時": "2020-01-18T20:22:00+09:00",
                "緯度": "34.67197391",
                "経度": "133.5453737",
                "夜空の明るさ": "21.55",
                "ばらつき": "0.21",
                "周辺状況": "森林山間地",
                "備考": "",
                "継続観察登録地点": "○"
            }
        },
        {
            "type": "Feature",
            "geometry": {
                "type": "Point",
                "coordinates": [
                    132.7554418,
                    34.41899615
                ]
            },
            "properties": {
                "調査時期": "2020_W",
                "都道府県名": "広島県",
                "市町村名": "東広島市",
                "撮影場所": "",
                "撮影日時": "2020-01-18T20:12:00+09:00",
                "緯度": "34.41899615",
                "経度": "132.7554418",
                "夜空の明るさ": "19.01",
                "ばらつき": "0.13",
                "周辺状況": "",
                "備考": "",
                "継続観察登録地点": ""
            }
        },
        {
            "type": "Feature",
            "geometry": {
                "type": "Point",
                "coordinates": [
                    133.3161842,
                    34.74316608
                ]
            },
            "properties": {
                "調査時期": "2020_W",
                "都道府県名": "広島県",
                "市町村名": "神石高原町",
                "撮影場所": "",
                "撮影日時": "2020-01-18T21:05:00+09:00",
                "緯度": "34.74316608",
                "経度": "133.3161842",
                "夜空の明るさ": "21.34",
                "ばらつき": "0.15",
                "周辺状況": "",
                "備考": "観測時間外のため参考値",
                "継続観察登録地点": ""
            }
        },
        {
            "type": "Feature",
            "geometry": {
                "type": "Point",
                "coordinates": [
                    133.3658785,
                    34.48358485
                ]
            },
            "properties": {
                "調査時期": "2020_W",
                "都道府県名": "広島県",
                "市町村名": "福山市",
                "撮影場所": "",
                "撮影日時": "2020-01-21T20:12:00+09:00",
                "緯度": "34.48358485",
                "経度": "133.3658785",
                "夜空の明るさ": "17.85",
                "ばらつき": "0.19",
                "周辺状況": "",
                "備考": "",
                "継続観察登録地点": ""
            }
        },
        {
            "type": "Feature",
            "geometry": {
                "type": "Point",
                "coordinates": [
                    132.7334985,
                    34.41662923
                ]
            },
            "properties": {
                "調査時期": "2020_W",
                "都道府県名": "広島県",
                "市町村名": "東広島市",
                "撮影場所": "",
                "撮影日時": "2020-01-21T19:29:00+09:00",
                "緯度": "34.41662923",
                "経度": "132.7334985",
                "夜空の明るさ": "18.44",
                "ばらつき": "0.14",
                "周辺状況": "",
                "備考": "",
                "継続観察登録地点": ""
            }
        },
        {
            "type": "Feature",
            "geometry": {
                "type": "Point",
                "coordinates": [
                    132.7754751,
                    34.53187933
                ]
            },
            "properties": {
                "調査時期": "2020_W",
                "都道府県名": "広島県",
                "市町村名": "東広島市",
                "撮影場所": "",
                "撮影日時": "2020-01-21T20:24:00+09:00",
                "緯度": "34.53187933",
                "経度": "132.7754751",
                "夜空の明るさ": "20.49",
                "ばらつき": "0.36",
                "周辺状況": "",
                "備考": "",
                "継続観察登録地点": ""
            }
        },
        {
            "type": "Feature",
            "geometry": {
                "type": "Point",
                "coordinates": [
                    133.3472496,
                    34.37532941
                ]
            },
            "properties": {
                "調査時期": "2020_W",
                "都道府県名": "広島県",
                "市町村名": "福山市",
                "撮影場所": "",
                "撮影日時": "2020-01-18T23:16:00+09:00",
                "緯度": "34.37532941",
                "経度": "133.3472496",
                "夜空の明るさ": "20.91",
                "ばらつき": "0.17",
                "周辺状況": "",
                "備考": "観測時間外のため参考値",
                "継続観察登録地点": ""
            }
        },
        {
            "type": "Feature",
            "geometry": {
                "type": "Point",
                "coordinates": [
                    131.1755186,
                    34.35275114
                ]
            },
            "properties": {
                "調査時期": "2020_W",
                "都道府県名": "山口県",
                "市町村名": "長門市",
                "撮影場所": "長門市深川湯本",
                "撮影日時": "2020-01-21T21:17:00+09:00",
                "緯度": "34.35275114",
                "経度": "131.1755186",
                "夜空の明るさ": "20.5",
                "ばらつき": "0.12",
                "周辺状況": "住宅地域",
                "備考": "観測時間外のため参考値",
                "継続観察登録地点": "○"
            }
        },
        {
            "type": "Feature",
            "geometry": {
                "type": "Point",
                "coordinates": [
                    131.4524975,
                    34.15601377
                ]
            },
            "properties": {
                "調査時期": "2020_W",
                "都道府県名": "山口県",
                "市町村名": "山口市",
                "撮影場所": "山口市矢原町",
                "撮影日時": "2020-01-21T19:18:00+09:00",
                "緯度": "34.15601377",
                "経度": "131.4524975",
                "夜空の明るさ": "18.35",
                "ばらつき": "0.05",
                "周辺状況": "住宅地域",
                "備考": "",
                "継続観察登録地点": "○"
            }
        },
        {
            "type": "Feature",
            "geometry": {
                "type": "Point",
                "coordinates": [
                    132.9396378,
                    33.67649491
                ]
            },
            "properties": {
                "調査時期": "2020_W",
                "都道府県名": "愛媛県",
                "市町村名": "久万高原町",
                "撮影場所": "久万高原天体観測館",
                "撮影日時": "2020-01-23T19:55:00+09:00",
                "緯度": "33.67649491",
                "経度": "132.9396378",
                "夜空の明るさ": "21.38",
                "ばらつき": "0.09",
                "周辺状況": "森林山間地 ",
                "備考": "",
                "継続観察登録地点": "○"
            }
        },
        {
            "type": "Feature",
            "geometry": {
                "type": "Point",
                "coordinates": [
                    133.5008678,
                    33.55493679
                ]
            },
            "properties": {
                "調査時期": "2020_W",
                "都道府県名": "高知県",
                "市町村名": "高知市",
                "撮影場所": "",
                "撮影日時": "2020-01-15T19:49:00+09:00",
                "緯度": "33.55493679",
                "経度": "133.5008678",
                "夜空の明るさ": "18.01",
                "ばらつき": "0.08",
                "周辺状況": "",
                "備考": "",
                "継続観察登録地点": ""
            }
        },
        {
            "type": "Feature",
            "geometry": {
                "type": "Point",
                "coordinates": [
                    132.7931482,
                    33.17405957
                ]
            },
            "properties": {
                "調査時期": "2020_W",
                "都道府県名": "高知県",
                "市町村名": "四万十市",
                "撮影場所": "四万十天文台前",
                "撮影日時": "2020-01-17T19:34:00+09:00",
                "緯度": "33.17405957",
                "経度": "132.7931482",
                "夜空の明るさ": "20.7",
                "ばらつき": "0.14",
                "周辺状況": "森林山間地",
                "備考": "",
                "継続観察登録地点": "○"
            }
        },
        {
            "type": "Feature",
            "geometry": {
                "type": "Point",
                "coordinates": [
                    132.7931482,
                    33.174091
                ]
            },
            "properties": {
                "調査時期": "2020_W",
                "都道府県名": "高知県",
                "市町村名": "四万十市",
                "撮影場所": "四万十天文台前",
                "撮影日時": "2020-01-18T19:44:00+09:00",
                "緯度": "33.174091",
                "経度": "132.7931482",
                "夜空の明るさ": "21.62",
                "ばらつき": "0.18",
                "周辺状況": "森林山間地",
                "備考": "",
                "継続観察登録地点": "○"
            }
        },
        {
            "type": "Feature",
            "geometry": {
                "type": "Point",
                "coordinates": [
                    133.529487,
                    33.5366238
                ]
            },
            "properties": {
                "調査時期": "2020_W",
                "都道府県名": "高知県",
                "市町村名": "高知市",
                "撮影場所": "土佐塾中学・高等学校",
                "撮影日時": "2020-01-18T19:11:00+09:00",
                "緯度": "33.5366238",
                "経度": "133.529487",
                "夜空の明るさ": "18.9",
                "ばらつき": "0.2",
                "周辺状況": "その他",
                "備考": "",
                "継続観察登録地点": "○"
            }
        },
        {
            "type": "Feature",
            "geometry": {
                "type": "Point",
                "coordinates": [
                    133.515459,
                    33.51588734
                ]
            },
            "properties": {
                "調査時期": "2020_W",
                "都道府県名": "高知県",
                "市町村名": "高知市",
                "撮影場所": "",
                "撮影日時": "2020-01-18T21:05:00+09:00",
                "緯度": "33.51588734",
                "経度": "133.515459",
                "夜空の明るさ": "19.68",
                "ばらつき": "0.1",
                "周辺状況": "",
                "備考": "観測時間外のため参考値",
                "継続観察登録地点": ""
            }
        },
        {
            "type": "Feature",
            "geometry": {
                "type": "Point",
                "coordinates": [
                    132.7931428,
                    33.17404161
                ]
            },
            "properties": {
                "調査時期": "2020_W",
                "都道府県名": "高知県",
                "市町村名": "四万十市",
                "撮影場所": "四万十天文台前",
                "撮影日時": "2020-01-20T19:34:00+09:00",
                "緯度": "33.17404161",
                "経度": "132.7931428",
                "夜空の明るさ": "21.04",
                "ばらつき": "0.07",
                "周辺状況": "森林山間地",
                "備考": "",
                "継続観察登録地点": "○"
            }
        },
        {
            "type": "Feature",
            "geometry": {
                "type": "Point",
                "coordinates": [
                    133.8250878,
                    33.53063636
                ]
            },
            "properties": {
                "調査時期": "2020_W",
                "都道府県名": "高知県",
                "市町村名": "芸西村",
                "撮影場所": "芸西天文台",
                "撮影日時": "2020-01-20T21:15:00+09:00",
                "緯度": "33.53063636",
                "経度": "133.8250878",
                "夜空の明るさ": "21.17",
                "ばらつき": "0.11",
                "周辺状況": "森林山間地",
                "備考": "観測時間外のため参考値",
                "継続観察登録地点": "○"
            }
        },
        {
            "type": "Feature",
            "geometry": {
                "type": "Point",
                "coordinates": [
                    132.7931482,
                    33.17410447
                ]
            },
            "properties": {
                "調査時期": "2020_W",
                "都道府県名": "高知県",
                "市町村名": "四万十市",
                "撮影場所": "四万十天文台前",
                "撮影日時": "2020-01-21T19:15:00+09:00",
                "緯度": "33.17410447",
                "経度": "132.7931482",
                "夜空の明るさ": "21.33",
                "ばらつき": "0.16",
                "周辺状況": "森林山間地",
                "備考": "",
                "継続観察登録地点": "○"
            }
        },
        {
            "type": "Feature",
            "geometry": {
                "type": "Point",
                "coordinates": [
                    133.8250878,
                    33.53069449
                ]
            },
            "properties": {
                "調査時期": "2020_W",
                "都道府県名": "高知県",
                "市町村名": "芸西村",
                "撮影場所": "芸西天文台",
                "撮影日時": "2020-01-21T21:23:00+09:00",
                "緯度": "33.53069449",
                "経度": "133.8250878",
                "夜空の明るさ": "21.17",
                "ばらつき": "0.16",
                "周辺状況": "森林山間地",
                "備考": "観測時間外のため参考値",
                "継続観察登録地点": "○"
            }
        },
        {
            "type": "Feature",
            "geometry": {
                "type": "Point",
                "coordinates": [
                    130.7602161,
                    33.24328186
                ]
            },
            "properties": {
                "調査時期": "2020_W",
                "都道府県名": "福岡県",
                "市町村名": "八女市",
                "撮影場所": "星のふるさと公園 星降る広場",
                "撮影日時": "2020-01-17T21:05:00+09:00",
                "緯度": "33.24328186",
                "経度": "130.7602161",
                "夜空の明るさ": "21.03",
                "ばらつき": "0.2",
                "周辺状況": "森林山間地",
                "備考": "観測時間外のため参考値",
                "継続観察登録地点": "○"
            }
        },
        {
            "type": "Feature",
            "geometry": {
                "type": "Point",
                "coordinates": [
                    130.6726439,
                    33.64805369
                ]
            },
            "properties": {
                "調査時期": "2020_W",
                "都道府県名": "福岡県",
                "市町村名": "飯塚市",
                "撮影場所": "飯塚市川津",
                "撮影日時": "2020-01-21T20:58:00+09:00",
                "緯度": "33.64805369",
                "経度": "130.6726439",
                "夜空の明るさ": "18.37",
                "ばらつき": "0.39",
                "周辺状況": "住宅地域",
                "備考": "",
                "継続観察登録地点": "○"
            }
        },
        {
            "type": "Feature",
            "geometry": {
                "type": "Point",
                "coordinates": [
                    130.8400172,
                    33.89014661
                ]
            },
            "properties": {
                "調査時期": "2020_W",
                "都道府県名": "福岡県",
                "市町村名": "北九州市",
                "撮影場所": "九州工業大学 戸畑キャンパス運動場",
                "撮影日時": "2020-01-21T20:08:00+09:00",
                "緯度": "33.89014661",
                "経度": "130.8400172",
                "夜空の明るさ": "17.94",
                "ばらつき": "0.44",
                "周辺状況": "住宅地域",
                "備考": "",
                "継続観察登録地点": "○"
            }
        },
        {
            "type": "Feature",
            "geometry": {
                "type": "Point",
                "coordinates": [
                    130.535498,
                    33.07369375
                ]
            },
            "properties": {
                "調査時期": "2020_W",
                "都道府県名": "熊本県",
                "市町村名": "南関町",
                "撮影場所": "リフレスおおむた",
                "撮影日時": "2020-01-21T19:32:00+09:00",
                "緯度": "33.07369375",
                "経度": "130.535498",
                "夜空の明るさ": "19.42",
                "ばらつき": "0.2",
                "周辺状況": "農業地域",
                "備考": "",
                "継続観察登録地点": "○"
            }
        },
        {
            "type": "Feature",
            "geometry": {
                "type": "Point",
                "coordinates": [
                    130.1223814,
                    32.45336468
                ]
            },
            "properties": {
                "調査時期": "2020_W",
                "都道府県名": "熊本県",
                "市町村名": "天草市",
                "撮影場所": "",
                "撮影日時": "2020-01-28T21:08:00+09:00",
                "緯度": "32.45336468",
                "経度": "130.1223814",
                "夜空の明るさ": "21.27",
                "ばらつき": "0.24",
                "周辺状況": "",
                "備考": "",
                "継続観察登録地点": ""
            }
        },
        {
            "type": "Feature",
            "geometry": {
                "type": "Point",
                "coordinates": [
                    131.2491292,
                    33.04910687
                ]
            },
            "properties": {
                "調査時期": "2020_W",
                "都道府県名": "大分県",
                "市町村名": "竹田市",
                "撮影場所": "くじゅう花公園周辺",
                "撮影日時": "2020-01-18T21:07:00+09:00",
                "緯度": "33.04910687",
                "経度": "131.2491292",
                "夜空の明るさ": "21.52",
                "ばらつき": "0.3",
                "周辺状況": "自然公園等",
                "備考": "観測時間外のため参考値",
                "継続観察登録地点": "○"
            }
        },
        {
            "type": "Feature",
            "geometry": {
                "type": "Point",
                "coordinates": [
                    128.4284914,
                    27.04305408
                ]
            },
            "properties": {
                "調査時期": "2020_W",
                "都道府県名": "鹿児島県",
                "市町村名": "与論町",
                "撮影場所": "与論町 金増",
                "撮影日時": "2020-01-27T20:22:00+09:00",
                "緯度": "27.04305408",
                "経度": "128.4284914",
                "夜空の明るさ": "21.71",
                "ばらつき": "0.11",
                "周辺状況": "農業地域",
                "備考": "",
                "継続観察登録地点": "○"
            }
        },
        {
            "type": "Feature",
            "geometry": {
                "type": "Point",
                "coordinates": [
                    123.7976575,
                    24.04995391
                ]
            },
            "properties": {
                "調査時期": "2020_W",
                "都道府県名": "沖縄県",
                "市町村名": "竹富町",
                "撮影場所": "波照間島星空観測タワー広場",
                "撮影日時": "2020-01-24T22:00:00+09:00",
                "緯度": "24.04995391",
                "経度": "123.7976575",
                "夜空の明るさ": "21.38",
                "ばらつき": "0.19",
                "周辺状況": "その他",
                "備考": "観測時間外のため参考値",
                "継続観察登録地点": "○"
            }
        },
        {
            "type": "Feature",
            "geometry": {
                "type": "Point",
                "coordinates": [
                    124.274808,
                    24.48728721
                ]
            },
            "properties": {
                "調査時期": "2020_W",
                "都道府県名": "沖縄県",
                "市町村名": "石垣市",
                "撮影場所": "",
                "撮影日時": "2020-01-21T21:29:00+09:00",
                "緯度": "24.48728721",
                "経度": "124.274808",
                "夜空の明るさ": "21.32",
                "ばらつき": "0.14",
                "周辺状況": "",
                "備考": "",
                "継続観察登録地点": ""
            }
        }
    ]
}