{
    "type": "FeatureCollection",
    "features": [
        {
            "type": "Feature",
            "geometry": {
                "type": "Point",
                "coordinates": [
                    141.011,
                    43.154
                ]
            },
            "properties": {
                "調査時期": "2025_S",
                "No": "1",
                "都道府県": "北海道",
                "市区町村": "小樽市",
                "撮影場所": "",
                "撮影日時": "2025-08-15T21:00:00+09:00",
                "緯度": "43.154",
                "経度": "141.011",
                "夜空の明るさ": "20.39",
                "ばらつき": "0.14",
                "周辺状況": "",
                "備考": "",
                "継続観察登録地点": ""
            }
        },
        {
            "type": "Feature",
            "geometry": {
                "type": "Point",
                "coordinates": [
                    141.011,
                    43.154
                ]
            },
            "properties": {
                "調査時期": "2025_S",
                "No": "2",
                "都道府県": "北海道",
                "市区町村": "小樽市",
                "撮影場所": "",
                "撮影日時": "2025-08-15T21:01:00+09:00",
                "緯度": "43.154",
                "経度": "141.011",
                "夜空の明るさ": "20.26",
                "ばらつき": "0.16",
                "周辺状況": "",
                "備考": "",
                "継続観察登録地点": ""
            }
        },
        {
            "type": "Feature",
            "geometry": {
                "type": "Point",
                "coordinates": [
                    142.483,
                    44.374
                ]
            },
            "properties": {
                "調査時期": "2025_S",
                "No": "3",
                "都道府県": "北海道",
                "市区町村": "名寄市",
                "撮影場所": "なよろ市立天文台",
                "撮影日時": "2025-08-19T21:47:00+09:00",
                "緯度": "44.374",
                "経度": "142.483",
                "夜空の明るさ": "21",
                "ばらつき": "0.16",
                "周辺状況": "住宅地域",
                "備考": "",
                "継続観察登録地点": "○"
            }
        },
        {
            "type": "Feature",
            "geometry": {
                "type": "Point",
                "coordinates": [
                    142.483,
                    44.374
                ]
            },
            "properties": {
                "調査時期": "2025_S",
                "No": "4",
                "都道府県": "北海道",
                "市区町村": "名寄市",
                "撮影場所": "なよろ市立天文台",
                "撮影日時": "2025-08-18T21:36:00+09:00",
                "緯度": "44.374",
                "経度": "142.483",
                "夜空の明るさ": "20.54",
                "ばらつき": "0.18",
                "周辺状況": "住宅地域",
                "備考": "",
                "継続観察登録地点": "○"
            }
        },
        {
            "type": "Feature",
            "geometry": {
                "type": "Point",
                "coordinates": [
                    142.483,
                    44.374
                ]
            },
            "properties": {
                "調査時期": "2025_S",
                "No": "5",
                "都道府県": "北海道",
                "市区町村": "名寄市",
                "撮影場所": "なよろ市立天文台",
                "撮影日時": "2025-08-21T20:53:00+09:00",
                "緯度": "44.374",
                "経度": "142.483",
                "夜空の明るさ": "21.06",
                "ばらつき": "0.08",
                "周辺状況": "住宅地域",
                "備考": "",
                "継続観察登録地点": "○"
            }
        },
        {
            "type": "Feature",
            "geometry": {
                "type": "Point",
                "coordinates": [
                    142.483,
                    44.374
                ]
            },
            "properties": {
                "調査時期": "2025_S",
                "No": "6",
                "都道府県": "北海道",
                "市区町村": "名寄市",
                "撮影場所": "なよろ市立天文台",
                "撮影日時": "2025-08-17T21:02:00+09:00",
                "緯度": "44.374",
                "経度": "142.483",
                "夜空の明るさ": "21.1",
                "ばらつき": "0.22",
                "周辺状況": "住宅地域",
                "備考": "",
                "継続観察登録地点": "○"
            }
        },
        {
            "type": "Feature",
            "geometry": {
                "type": "Point",
                "coordinates": [
                    142.483,
                    44.374
                ]
            },
            "properties": {
                "調査時期": "2025_S",
                "No": "7",
                "都道府県": "北海道",
                "市区町村": "名寄市",
                "撮影場所": "なよろ市立天文台",
                "撮影日時": "2025-08-16T21:42:00+09:00",
                "緯度": "44.374",
                "経度": "142.483",
                "夜空の明るさ": "20.45",
                "ばらつき": "0.3",
                "周辺状況": "住宅地域",
                "備考": "",
                "継続観察登録地点": "○"
            }
        },
        {
            "type": "Feature",
            "geometry": {
                "type": "Point",
                "coordinates": [
                    141.025,
                    42.624
                ]
            },
            "properties": {
                "調査時期": "2025_S",
                "No": "8",
                "都道府県": "北海道",
                "市区町村": "伊達市",
                "撮影場所": "北湯沢温泉",
                "撮影日時": "2025-08-17T20:49:00+09:00",
                "緯度": "42.624",
                "経度": "141.025",
                "夜空の明るさ": "20.95",
                "ばらつき": "0.19",
                "周辺状況": "森林山間地",
                "備考": "",
                "継続観察登録地点": "○"
            }
        },
        {
            "type": "Feature",
            "geometry": {
                "type": "Point",
                "coordinates": [
                    141.025,
                    42.624
                ]
            },
            "properties": {
                "調査時期": "2025_S",
                "No": "9",
                "都道府県": "北海道",
                "市区町村": "伊達市",
                "撮影場所": "北湯沢温泉",
                "撮影日時": "2025-08-24T20:18:00+09:00",
                "緯度": "42.624",
                "経度": "141.025",
                "夜空の明るさ": "21.13",
                "ばらつき": "0.14",
                "周辺状況": "森林山間地",
                "備考": "",
                "継続観察登録地点": "○"
            }
        },
        {
            "type": "Feature",
            "geometry": {
                "type": "Point",
                "coordinates": [
                    141.025,
                    42.624
                ]
            },
            "properties": {
                "調査時期": "2025_S",
                "No": "10",
                "都道府県": "北海道",
                "市区町村": "伊達市",
                "撮影場所": "北湯沢温泉",
                "撮影日時": "2025-08-18T21:45:00+09:00",
                "緯度": "42.624",
                "経度": "141.025",
                "夜空の明るさ": "21.06",
                "ばらつき": "0.08",
                "周辺状況": "森林山間地",
                "備考": "",
                "継続観察登録地点": "○"
            }
        },
        {
            "type": "Feature",
            "geometry": {
                "type": "Point",
                "coordinates": [
                    144.8,
                    43.907
                ]
            },
            "properties": {
                "調査時期": "2025_S",
                "No": "11",
                "都道府県": "北海道",
                "市区町村": "斜里町",
                "撮影場所": "",
                "撮影日時": "2025-08-19T21:24:00+09:00",
                "緯度": "43.907",
                "経度": "144.8",
                "夜空の明るさ": "21.63",
                "ばらつき": "0.28",
                "周辺状況": "",
                "備考": "",
                "継続観察登録地点": ""
            }
        },
        {
            "type": "Feature",
            "geometry": {
                "type": "Point",
                "coordinates": [
                    144.8,
                    43.907
                ]
            },
            "properties": {
                "調査時期": "2025_S",
                "No": "12",
                "都道府県": "北海道",
                "市区町村": "斜里町",
                "撮影場所": "",
                "撮影日時": "2025-08-19T21:02:00+09:00",
                "緯度": "43.907",
                "経度": "144.8",
                "夜空の明るさ": "21.67",
                "ばらつき": "0.19",
                "周辺状況": "",
                "備考": "",
                "継続観察登録地点": ""
            }
        },
        {
            "type": "Feature",
            "geometry": {
                "type": "Point",
                "coordinates": [
                    144.8,
                    43.907
                ]
            },
            "properties": {
                "調査時期": "2025_S",
                "No": "13",
                "都道府県": "北海道",
                "市区町村": "斜里町",
                "撮影場所": "",
                "撮影日時": "2025-08-19T20:50:00+09:00",
                "緯度": "43.907",
                "経度": "144.8",
                "夜空の明るさ": "21.53",
                "ばらつき": "0.16",
                "周辺状況": "",
                "備考": "",
                "継続観察登録地点": ""
            }
        },
        {
            "type": "Feature",
            "geometry": {
                "type": "Point",
                "coordinates": [
                    144.8,
                    43.907
                ]
            },
            "properties": {
                "調査時期": "2025_S",
                "No": "14",
                "都道府県": "北海道",
                "市区町村": "斜里町",
                "撮影場所": "",
                "撮影日時": "2025-08-19T21:14:00+09:00",
                "緯度": "43.907",
                "経度": "144.8",
                "夜空の明るさ": "21.58",
                "ばらつき": "0.24",
                "周辺状況": "",
                "備考": "",
                "継続観察登録地点": ""
            }
        },
        {
            "type": "Feature",
            "geometry": {
                "type": "Point",
                "coordinates": [
                    144.8,
                    43.907
                ]
            },
            "properties": {
                "調査時期": "2025_S",
                "No": "15",
                "都道府県": "北海道",
                "市区町村": "斜里町",
                "撮影場所": "",
                "撮影日時": "2025-08-19T21:10:00+09:00",
                "緯度": "43.907",
                "経度": "144.8",
                "夜空の明るさ": "21.88",
                "ばらつき": "0.25",
                "周辺状況": "",
                "備考": "",
                "継続観察登録地点": ""
            }
        },
        {
            "type": "Feature",
            "geometry": {
                "type": "Point",
                "coordinates": [
                    144.8,
                    43.907
                ]
            },
            "properties": {
                "調査時期": "2025_S",
                "No": "16",
                "都道府県": "北海道",
                "市区町村": "斜里町",
                "撮影場所": "",
                "撮影日時": "2025-08-19T21:35:00+09:00",
                "緯度": "43.907",
                "経度": "144.8",
                "夜空の明るさ": "21.69",
                "ばらつき": "0.27",
                "周辺状況": "",
                "備考": "",
                "継続観察登録地点": ""
            }
        },
        {
            "type": "Feature",
            "geometry": {
                "type": "Point",
                "coordinates": [
                    144.799,
                    43.907
                ]
            },
            "properties": {
                "調査時期": "2025_S",
                "No": "17",
                "都道府県": "北海道",
                "市区町村": "斜里町",
                "撮影場所": "",
                "撮影日時": "2025-08-19T21:38:00+09:00",
                "緯度": "43.907",
                "経度": "144.799",
                "夜空の明るさ": "21.63",
                "ばらつき": "0.11",
                "周辺状況": "",
                "備考": "",
                "継続観察登録地点": ""
            }
        },
        {
            "type": "Feature",
            "geometry": {
                "type": "Point",
                "coordinates": [
                    144.799,
                    43.907
                ]
            },
            "properties": {
                "調査時期": "2025_S",
                "No": "18",
                "都道府県": "北海道",
                "市区町村": "斜里町",
                "撮影場所": "",
                "撮影日時": "2025-08-19T21:41:00+09:00",
                "緯度": "43.907",
                "経度": "144.799",
                "夜空の明るさ": "21.52",
                "ばらつき": "0.06",
                "周辺状況": "",
                "備考": "",
                "継続観察登録地点": ""
            }
        },
        {
            "type": "Feature",
            "geometry": {
                "type": "Point",
                "coordinates": [
                    144.8,
                    43.907
                ]
            },
            "properties": {
                "調査時期": "2025_S",
                "No": "19",
                "都道府県": "北海道",
                "市区町村": "斜里町",
                "撮影場所": "",
                "撮影日時": "2025-08-19T20:40:00+09:00",
                "緯度": "43.907",
                "経度": "144.8",
                "夜空の明るさ": "21.62",
                "ばらつき": "0.2",
                "周辺状況": "",
                "備考": "",
                "継続観察登録地点": ""
            }
        },
        {
            "type": "Feature",
            "geometry": {
                "type": "Point",
                "coordinates": [
                    144.799,
                    43.907
                ]
            },
            "properties": {
                "調査時期": "2025_S",
                "No": "20",
                "都道府県": "北海道",
                "市区町村": "斜里町",
                "撮影場所": "",
                "撮影日時": "2025-08-19T21:32:00+09:00",
                "緯度": "43.907",
                "経度": "144.799",
                "夜空の明るさ": "21.57",
                "ばらつき": "0.09",
                "周辺状況": "",
                "備考": "",
                "継続観察登録地点": ""
            }
        },
        {
            "type": "Feature",
            "geometry": {
                "type": "Point",
                "coordinates": [
                    143.766,
                    43.456
                ]
            },
            "properties": {
                "調査時期": "2025_S",
                "No": "21",
                "都道府県": "北海道",
                "市区町村": "陸別町",
                "撮影場所": "",
                "撮影日時": "2025-08-15T20:25:00+09:00",
                "緯度": "43.456",
                "経度": "143.766",
                "夜空の明るさ": "21.82",
                "ばらつき": "0.16",
                "周辺状況": "",
                "備考": "",
                "継続観察登録地点": ""
            }
        },
        {
            "type": "Feature",
            "geometry": {
                "type": "Point",
                "coordinates": [
                    143.766,
                    43.456
                ]
            },
            "properties": {
                "調査時期": "2025_S",
                "No": "22",
                "都道府県": "北海道",
                "市区町村": "陸別町",
                "撮影場所": "りくべつ宇宙地球科学館（銀河の森天文台）",
                "撮影日時": "2025-08-23T21:39:00+09:00",
                "緯度": "43.456",
                "経度": "143.766",
                "夜空の明るさ": "20.76",
                "ばらつき": "0.29",
                "周辺状況": "森林山間地",
                "備考": "参考値(薄雲)",
                "継続観察登録地点": "○"
            }
        },
        {
            "type": "Feature",
            "geometry": {
                "type": "Point",
                "coordinates": [
                    143.766,
                    43.456
                ]
            },
            "properties": {
                "調査時期": "2025_S",
                "No": "23",
                "都道府県": "北海道",
                "市区町村": "陸別町",
                "撮影場所": "りくべつ宇宙地球科学館（銀河の森天文台）",
                "撮影日時": "2025-08-21T20:17:00+09:00",
                "緯度": "43.456",
                "経度": "143.766",
                "夜空の明るさ": "21.61",
                "ばらつき": "0.11",
                "周辺状況": "森林山間地",
                "備考": "",
                "継続観察登録地点": "○"
            }
        },
        {
            "type": "Feature",
            "geometry": {
                "type": "Point",
                "coordinates": [
                    144.402,
                    43.524
                ]
            },
            "properties": {
                "調査時期": "2025_S",
                "No": "24",
                "都道府県": "北海道",
                "市区町村": "弟子屈町",
                "撮影場所": "北海道川上郡弟子屈町",
                "撮影日時": "2025-08-15T20:32:00+09:00",
                "緯度": "43.524",
                "経度": "144.402",
                "夜空の明るさ": "21.96",
                "ばらつき": "0.19",
                "周辺状況": "農業地域",
                "備考": "",
                "継続観察登録地点": "○"
            }
        },
        {
            "type": "Feature",
            "geometry": {
                "type": "Point",
                "coordinates": [
                    144.442,
                    43.618
                ]
            },
            "properties": {
                "調査時期": "2025_S",
                "No": "25",
                "都道府県": "北海道",
                "市区町村": "弟子屈町",
                "撮影場所": "",
                "撮影日時": "2025-08-21T20:58:00+09:00",
                "緯度": "43.618",
                "経度": "144.442",
                "夜空の明るさ": "21.94",
                "ばらつき": "0.28",
                "周辺状況": "",
                "備考": "",
                "継続観察登録地点": ""
            }
        },
        {
            "type": "Feature",
            "geometry": {
                "type": "Point",
                "coordinates": [
                    144.442,
                    43.618
                ]
            },
            "properties": {
                "調査時期": "2025_S",
                "No": "26",
                "都道府県": "北海道",
                "市区町村": "弟子屈町",
                "撮影場所": "",
                "撮影日時": "2025-08-19T20:28:00+09:00",
                "緯度": "43.618",
                "経度": "144.442",
                "夜空の明るさ": "21.82",
                "ばらつき": "0.26",
                "周辺状況": "",
                "備考": "",
                "継続観察登録地点": ""
            }
        },
        {
            "type": "Feature",
            "geometry": {
                "type": "Point",
                "coordinates": [
                    141.533,
                    40.495
                ]
            },
            "properties": {
                "調査時期": "2025_S",
                "No": "27",
                "都道府県": "青森県",
                "市区町村": "八戸市",
                "撮影場所": "",
                "撮影日時": "2025-08-24T21:02:00+09:00",
                "緯度": "40.495",
                "経度": "141.533",
                "夜空の明るさ": "19.36",
                "ばらつき": "0.11",
                "周辺状況": "",
                "備考": "",
                "継続観察登録地点": ""
            }
        },
        {
            "type": "Feature",
            "geometry": {
                "type": "Point",
                "coordinates": [
                    141.695,
                    39.014
                ]
            },
            "properties": {
                "調査時期": "2025_S",
                "No": "28",
                "都道府県": "岩手県",
                "市区町村": "陸前高田市",
                "撮影場所": "箱根山展望台",
                "撮影日時": "2025-08-16T21:17:00+09:00",
                "緯度": "39.014",
                "経度": "141.695",
                "夜空の明るさ": "20.95",
                "ばらつき": "0.11",
                "周辺状況": "自然公園等",
                "備考": "",
                "継続観察登録地点": "○"
            }
        },
        {
            "type": "Feature",
            "geometry": {
                "type": "Point",
                "coordinates": [
                    140.755,
                    38.257
                ]
            },
            "properties": {
                "調査時期": "2025_S",
                "No": "29",
                "都道府県": "宮城県",
                "市区町村": "仙台市　青葉区",
                "撮影場所": "",
                "撮影日時": "2025-08-23T21:49:00+09:00",
                "緯度": "38.257",
                "経度": "140.755",
                "夜空の明るさ": "19.45",
                "ばらつき": "0.11",
                "周辺状況": "",
                "備考": "",
                "継続観察登録地点": ""
            }
        },
        {
            "type": "Feature",
            "geometry": {
                "type": "Point",
                "coordinates": [
                    141.647,
                    38.904
                ]
            },
            "properties": {
                "調査時期": "2025_S",
                "No": "30",
                "都道府県": "宮城県",
                "市区町村": "気仙沼市",
                "撮影場所": "",
                "撮影日時": "2025-08-21T21:51:00+09:00",
                "緯度": "38.904",
                "経度": "141.647",
                "夜空の明るさ": "20.58",
                "ばらつき": "0.1",
                "周辺状況": "",
                "備考": "",
                "継続観察登録地点": ""
            }
        },
        {
            "type": "Feature",
            "geometry": {
                "type": "Point",
                "coordinates": [
                    141.578,
                    38.909
                ]
            },
            "properties": {
                "調査時期": "2025_S",
                "No": "31",
                "都道府県": "宮城県",
                "市区町村": "気仙沼市",
                "撮影場所": "",
                "撮影日時": "2025-08-21T21:05:00+09:00",
                "緯度": "38.909",
                "経度": "141.578",
                "夜空の明るさ": "19.83",
                "ばらつき": "0.12",
                "周辺状況": "",
                "備考": "",
                "継続観察登録地点": ""
            }
        },
        {
            "type": "Feature",
            "geometry": {
                "type": "Point",
                "coordinates": [
                    141.573,
                    38.902
                ]
            },
            "properties": {
                "調査時期": "2025_S",
                "No": "32",
                "都道府県": "宮城県",
                "市区町村": "気仙沼市",
                "撮影場所": "",
                "撮影日時": "2025-08-21T21:24:00+09:00",
                "緯度": "38.902",
                "経度": "141.573",
                "夜空の明るさ": "19.39",
                "ばらつき": "0.15",
                "周辺状況": "",
                "備考": "",
                "継続観察登録地点": ""
            }
        },
        {
            "type": "Feature",
            "geometry": {
                "type": "Point",
                "coordinates": [
                    141.558,
                    38.878
                ]
            },
            "properties": {
                "調査時期": "2025_S",
                "No": "33",
                "都道府県": "宮城県",
                "市区町村": "気仙沼市",
                "撮影場所": "",
                "撮影日時": "2025-08-19T20:32:00+09:00",
                "緯度": "38.878",
                "経度": "141.558",
                "夜空の明るさ": "19.55",
                "ばらつき": "0.16",
                "周辺状況": "",
                "備考": "",
                "継続観察登録地点": ""
            }
        },
        {
            "type": "Feature",
            "geometry": {
                "type": "Point",
                "coordinates": [
                    141.548,
                    38.877
                ]
            },
            "properties": {
                "調査時期": "2025_S",
                "No": "34",
                "都道府県": "宮城県",
                "市区町村": "気仙沼市",
                "撮影場所": "",
                "撮影日時": "2025-08-19T20:42:00+09:00",
                "緯度": "38.877",
                "経度": "141.548",
                "夜空の明るさ": "19.74",
                "ばらつき": "0.2",
                "周辺状況": "",
                "備考": "",
                "継続観察登録地点": ""
            }
        },
        {
            "type": "Feature",
            "geometry": {
                "type": "Point",
                "coordinates": [
                    141.569,
                    38.911
                ]
            },
            "properties": {
                "調査時期": "2025_S",
                "No": "35",
                "都道府県": "宮城県",
                "市区町村": "気仙沼市",
                "撮影場所": "",
                "撮影日時": "2025-08-21T20:37:00+09:00",
                "緯度": "38.911",
                "経度": "141.569",
                "夜空の明るさ": "19.77",
                "ばらつき": "0.11",
                "周辺状況": "",
                "備考": "",
                "継続観察登録地点": ""
            }
        },
        {
            "type": "Feature",
            "geometry": {
                "type": "Point",
                "coordinates": [
                    141.622,
                    38.852
                ]
            },
            "properties": {
                "調査時期": "2025_S",
                "No": "36",
                "都道府県": "宮城県",
                "市区町村": "気仙沼市",
                "撮影場所": "",
                "撮影日時": "2025-08-23T21:06:00+09:00",
                "緯度": "38.852",
                "経度": "141.622",
                "夜空の明るさ": "20.51",
                "ばらつき": "0.08",
                "周辺状況": "",
                "備考": "",
                "継続観察登録地点": ""
            }
        },
        {
            "type": "Feature",
            "geometry": {
                "type": "Point",
                "coordinates": [
                    139.872,
                    39.93
                ]
            },
            "properties": {
                "調査時期": "2025_S",
                "No": "37",
                "都道府県": "秋田県",
                "市区町村": "男鹿市",
                "撮影場所": "",
                "撮影日時": "2025-08-25T21:43:00+09:00",
                "緯度": "39.93",
                "経度": "139.872",
                "夜空の明るさ": "19.31",
                "ばらつき": "0.25",
                "周辺状況": "",
                "備考": "",
                "継続観察登録地点": ""
            }
        },
        {
            "type": "Feature",
            "geometry": {
                "type": "Point",
                "coordinates": [
                    139.876,
                    39.931
                ]
            },
            "properties": {
                "調査時期": "2025_S",
                "No": "38",
                "都道府県": "秋田県",
                "市区町村": "男鹿市",
                "撮影場所": "",
                "撮影日時": "2025-08-25T21:14:00+09:00",
                "緯度": "39.931",
                "経度": "139.876",
                "夜空の明るさ": "19.28",
                "ばらつき": "0",
                "周辺状況": "",
                "備考": "",
                "継続観察登録地点": ""
            }
        },
        {
            "type": "Feature",
            "geometry": {
                "type": "Point",
                "coordinates": [
                    140.376,
                    38.353
                ]
            },
            "properties": {
                "調査時期": "2025_S",
                "No": "39",
                "都道府県": "山形県",
                "市区町村": "天童市",
                "撮影場所": "",
                "撮影日時": "2025-08-19T21:12:00+09:00",
                "緯度": "38.353",
                "経度": "140.376",
                "夜空の明るさ": "20.63",
                "ばらつき": "0.16",
                "周辺状況": "",
                "備考": "",
                "継続観察登録地点": ""
            }
        },
        {
            "type": "Feature",
            "geometry": {
                "type": "Point",
                "coordinates": [
                    140.059,
                    38.304
                ]
            },
            "properties": {
                "調査時期": "2025_S",
                "No": "40",
                "都道府県": "山形県",
                "市区町村": "朝日町",
                "撮影場所": "山形県朝日町　Asahi自然観",
                "撮影日時": "2025-08-23T21:01:00+09:00",
                "緯度": "38.304",
                "経度": "140.059",
                "夜空の明るさ": "21.09",
                "ばらつき": "0.16",
                "周辺状況": "その他",
                "備考": "",
                "継続観察登録地点": "○"
            }
        },
        {
            "type": "Feature",
            "geometry": {
                "type": "Point",
                "coordinates": [
                    140.059,
                    38.305
                ]
            },
            "properties": {
                "調査時期": "2025_S",
                "No": "41",
                "都道府県": "山形県",
                "市区町村": "朝日町",
                "撮影場所": "山形県朝日町　Asahi自然観",
                "撮影日時": "2025-08-23T21:13:00+09:00",
                "緯度": "38.305",
                "経度": "140.059",
                "夜空の明るさ": "21.18",
                "ばらつき": "0.06",
                "周辺状況": "その他",
                "備考": "",
                "継続観察登録地点": "○"
            }
        },
        {
            "type": "Feature",
            "geometry": {
                "type": "Point",
                "coordinates": [
                    140.059,
                    38.304
                ]
            },
            "properties": {
                "調査時期": "2025_S",
                "No": "42",
                "都道府県": "山形県",
                "市区町村": "朝日町",
                "撮影場所": "山形県朝日町　Asahi自然観",
                "撮影日時": "2025-08-23T21:06:00+09:00",
                "緯度": "38.304",
                "経度": "140.059",
                "夜空の明るさ": "21.16",
                "ばらつき": "0.05",
                "周辺状況": "その他",
                "備考": "",
                "継続観察登録地点": "○"
            }
        },
        {
            "type": "Feature",
            "geometry": {
                "type": "Point",
                "coordinates": [
                    140.059,
                    38.304
                ]
            },
            "properties": {
                "調査時期": "2025_S",
                "No": "43",
                "都道府県": "山形県",
                "市区町村": "朝日町",
                "撮影場所": "山形県朝日町　Asahi自然観",
                "撮影日時": "2025-08-23T21:15:00+09:00",
                "緯度": "38.304",
                "経度": "140.059",
                "夜空の明るさ": "21.11",
                "ばらつき": "0.05",
                "周辺状況": "その他",
                "備考": "",
                "継続観察登録地点": "○"
            }
        },
        {
            "type": "Feature",
            "geometry": {
                "type": "Point",
                "coordinates": [
                    140.059,
                    38.304
                ]
            },
            "properties": {
                "調査時期": "2025_S",
                "No": "44",
                "都道府県": "山形県",
                "市区町村": "朝日町",
                "撮影場所": "山形県朝日町　Asahi自然観",
                "撮影日時": "2025-08-23T21:11:00+09:00",
                "緯度": "38.304",
                "経度": "140.059",
                "夜空の明るさ": "21.11",
                "ばらつき": "0.06",
                "周辺状況": "その他",
                "備考": "",
                "継続観察登録地点": "○"
            }
        },
        {
            "type": "Feature",
            "geometry": {
                "type": "Point",
                "coordinates": [
                    140.846,
                    37.01
                ]
            },
            "properties": {
                "調査時期": "2025_S",
                "No": "45",
                "都道府県": "福島県",
                "市区町村": "いわき市",
                "撮影場所": "",
                "撮影日時": "2025-08-21T20:10:00+09:00",
                "緯度": "37.01",
                "経度": "140.846",
                "夜空の明るさ": "18.77",
                "ばらつき": "0.08",
                "周辺状況": "",
                "備考": "",
                "継続観察登録地点": ""
            }
        },
        {
            "type": "Feature",
            "geometry": {
                "type": "Point",
                "coordinates": [
                    140.924,
                    37.008
                ]
            },
            "properties": {
                "調査時期": "2025_S",
                "No": "46",
                "都道府県": "福島県",
                "市区町村": "いわき市",
                "撮影場所": "いわき市中央台鹿島",
                "撮影日時": "2025-08-20T21:33:00+09:00",
                "緯度": "37.008",
                "経度": "140.924",
                "夜空の明るさ": "17.96",
                "ばらつき": "0.31",
                "周辺状況": "住宅地域",
                "備考": "参考値(薄雲)",
                "継続観察登録地点": "○"
            }
        },
        {
            "type": "Feature",
            "geometry": {
                "type": "Point",
                "coordinates": [
                    140.924,
                    37.008
                ]
            },
            "properties": {
                "調査時期": "2025_S",
                "No": "47",
                "都道府県": "福島県",
                "市区町村": "いわき市",
                "撮影場所": "いわき市中央台鹿島",
                "撮影日時": "2025-08-19T21:45:00+09:00",
                "緯度": "37.008",
                "経度": "140.924",
                "夜空の明るさ": "18.54",
                "ばらつき": "0.08",
                "周辺状況": "住宅地域",
                "備考": "",
                "継続観察登録地点": "○"
            }
        },
        {
            "type": "Feature",
            "geometry": {
                "type": "Point",
                "coordinates": [
                    140.229,
                    37.045
                ]
            },
            "properties": {
                "調査時期": "2025_S",
                "No": "48",
                "都道府県": "福島県",
                "市区町村": "白河市",
                "撮影場所": "白河関の森公園駐車場",
                "撮影日時": "2025-08-19T20:11:00+09:00",
                "緯度": "37.045",
                "経度": "140.229",
                "夜空の明るさ": "20.5",
                "ばらつき": "0.06",
                "周辺状況": "農業地域",
                "備考": "",
                "継続観察登録地点": "○"
            }
        },
        {
            "type": "Feature",
            "geometry": {
                "type": "Point",
                "coordinates": [
                    140.993,
                    37.216
                ]
            },
            "properties": {
                "調査時期": "2025_S",
                "No": "49",
                "都道府県": "福島県",
                "市区町村": "広野町",
                "撮影場所": "双葉郡広野町",
                "撮影日時": "2025-08-19T21:24:00+09:00",
                "緯度": "37.216",
                "経度": "140.993",
                "夜空の明るさ": "19.99",
                "ばらつき": "0.15",
                "周辺状況": "住宅地域",
                "備考": "",
                "継続観察登録地点": "○"
            }
        },
        {
            "type": "Feature",
            "geometry": {
                "type": "Point",
                "coordinates": [
                    140.993,
                    37.216
                ]
            },
            "properties": {
                "調査時期": "2025_S",
                "No": "50",
                "都道府県": "福島県",
                "市区町村": "広野町",
                "撮影場所": "双葉郡広野町",
                "撮影日時": "2025-08-26T20:57:00+09:00",
                "緯度": "37.216",
                "経度": "140.993",
                "夜空の明るさ": "19.4",
                "ばらつき": "0.1",
                "周辺状況": "住宅地域",
                "備考": "",
                "継続観察登録地点": "○"
            }
        },
        {
            "type": "Feature",
            "geometry": {
                "type": "Point",
                "coordinates": [
                    140.951,
                    37.192
                ]
            },
            "properties": {
                "調査時期": "2025_S",
                "No": "51",
                "都道府県": "福島県",
                "市区町村": "広野町",
                "撮影場所": "SUZUKI天体観測所",
                "撮影日時": "2025-08-21T20:53:00+09:00",
                "緯度": "37.192",
                "経度": "140.951",
                "夜空の明るさ": "20.01",
                "ばらつき": "0.16",
                "周辺状況": "森林山間地",
                "備考": "",
                "継続観察登録地点": "○"
            }
        },
        {
            "type": "Feature",
            "geometry": {
                "type": "Point",
                "coordinates": [
                    140.993,
                    37.216
                ]
            },
            "properties": {
                "調査時期": "2025_S",
                "No": "52",
                "都道府県": "福島県",
                "市区町村": "広野町",
                "撮影場所": "双葉郡広野町",
                "撮影日時": "2025-08-26T20:55:00+09:00",
                "緯度": "37.216",
                "経度": "140.993",
                "夜空の明るさ": "19.4",
                "ばらつき": "0.14",
                "周辺状況": "住宅地域",
                "備考": "",
                "継続観察登録地点": "○"
            }
        },
        {
            "type": "Feature",
            "geometry": {
                "type": "Point",
                "coordinates": [
                    140.951,
                    37.192
                ]
            },
            "properties": {
                "調査時期": "2025_S",
                "No": "53",
                "都道府県": "福島県",
                "市区町村": "広野町",
                "撮影場所": "SUZUKI天体観測所",
                "撮影日時": "2025-08-20T21:08:00+09:00",
                "緯度": "37.192",
                "経度": "140.951",
                "夜空の明るさ": "19.57",
                "ばらつき": "0.11",
                "周辺状況": "森林山間地",
                "備考": "",
                "継続観察登録地点": "○"
            }
        },
        {
            "type": "Feature",
            "geometry": {
                "type": "Point",
                "coordinates": [
                    140.118,
                    36.083
                ]
            },
            "properties": {
                "調査時期": "2025_S",
                "No": "54",
                "都道府県": "茨城県",
                "市区町村": "つくば市",
                "撮影場所": "つくば市吾妻",
                "撮影日時": "2025-08-25T20:06:00+09:00",
                "緯度": "36.083",
                "経度": "140.118",
                "夜空の明るさ": "17.24",
                "ばらつき": "0.1",
                "周辺状況": "住宅地域",
                "備考": "",
                "継続観察登録地点": "○"
            }
        },
        {
            "type": "Feature",
            "geometry": {
                "type": "Point",
                "coordinates": [
                    139.609,
                    36.354
                ]
            },
            "properties": {
                "調査時期": "2025_S",
                "No": "55",
                "都道府県": "栃木県",
                "市区町村": "佐野市",
                "撮影場所": "佐野市 梅林公園",
                "撮影日時": "2025-08-23T20:07:00+09:00",
                "緯度": "36.354",
                "経度": "139.609",
                "夜空の明るさ": "18.41",
                "ばらつき": "0.1",
                "周辺状況": "農業地域",
                "備考": "",
                "継続観察登録地点": "○"
            }
        },
        {
            "type": "Feature",
            "geometry": {
                "type": "Point",
                "coordinates": [
                    139.577,
                    36.297
                ]
            },
            "properties": {
                "調査時期": "2025_S",
                "No": "56",
                "都道府県": "栃木県",
                "市区町村": "佐野市",
                "撮影場所": "佐野市 赤城神社",
                "撮影日時": "2025-08-19T21:44:00+09:00",
                "緯度": "36.297",
                "経度": "139.577",
                "夜空の明るさ": "18.34",
                "ばらつき": "0.08",
                "周辺状況": "住宅地域",
                "備考": "",
                "継続観察登録地点": "○"
            }
        },
        {
            "type": "Feature",
            "geometry": {
                "type": "Point",
                "coordinates": [
                    139.469,
                    36.564
                ]
            },
            "properties": {
                "調査時期": "2025_S",
                "No": "57",
                "都道府県": "栃木県",
                "市区町村": "佐野市",
                "撮影場所": "作原自然環境保全地域",
                "撮影日時": "2025-08-27T21:46:00+09:00",
                "緯度": "36.564",
                "経度": "139.469",
                "夜空の明るさ": "20.9",
                "ばらつき": "0.14",
                "周辺状況": "自然公園等",
                "備考": "",
                "継続観察登録地点": "○"
            }
        },
        {
            "type": "Feature",
            "geometry": {
                "type": "Point",
                "coordinates": [
                    138.974,
                    36.597
                ]
            },
            "properties": {
                "調査時期": "2025_S",
                "No": "58",
                "都道府県": "群馬県",
                "市区町村": "高山村",
                "撮影場所": "群馬県吾妻郡高山村ぐんま天文台",
                "撮影日時": "2025-08-22T21:10:00+09:00",
                "緯度": "36.597",
                "経度": "138.974",
                "夜空の明るさ": "19.07",
                "ばらつき": "0.21",
                "周辺状況": "森林山間地",
                "備考": "",
                "継続観察登録地点": "○"
            }
        },
        {
            "type": "Feature",
            "geometry": {
                "type": "Point",
                "coordinates": [
                    138.956,
                    36.624
                ]
            },
            "properties": {
                "調査時期": "2025_S",
                "No": "59",
                "都道府県": "群馬県",
                "市区町村": "高山村",
                "撮影場所": "",
                "撮影日時": "2025-08-22T21:18:00+09:00",
                "緯度": "36.624",
                "経度": "138.956",
                "夜空の明るさ": "18.98",
                "ばらつき": "0.23",
                "周辺状況": "",
                "備考": "",
                "継続観察登録地点": ""
            }
        },
        {
            "type": "Feature",
            "geometry": {
                "type": "Point",
                "coordinates": [
                    139.097,
                    36.308
                ]
            },
            "properties": {
                "調査時期": "2025_S",
                "No": "60",
                "都道府県": "群馬県",
                "市区町村": "玉村町",
                "撮影場所": "群馬県佐波郡玉村町道の駅玉村宿",
                "撮影日時": "2025-08-19T21:21:00+09:00",
                "緯度": "36.308",
                "経度": "139.097",
                "夜空の明るさ": "18",
                "ばらつき": "0.18",
                "周辺状況": "農業地域",
                "備考": "",
                "継続観察登録地点": "○"
            }
        },
        {
            "type": "Feature",
            "geometry": {
                "type": "Point",
                "coordinates": [
                    139.732,
                    35.896
                ]
            },
            "properties": {
                "調査時期": "2025_S",
                "No": "61",
                "都道府県": "埼玉県",
                "市区町村": "さいたま市　緑区",
                "撮影場所": "浦和美園４丁目公園",
                "撮影日時": "2025-08-26T21:41:00+09:00",
                "緯度": "35.896",
                "経度": "139.732",
                "夜空の明るさ": "17.46",
                "ばらつき": "0.09",
                "周辺状況": "住宅地域",
                "備考": "",
                "継続観察登録地点": "○"
            }
        },
        {
            "type": "Feature",
            "geometry": {
                "type": "Point",
                "coordinates": [
                    139.8,
                    35.817
                ]
            },
            "properties": {
                "調査時期": "2025_S",
                "No": "62",
                "都道府県": "埼玉県",
                "市区町村": "草加市",
                "撮影場所": "東武スカイツリーライン谷塚駅前",
                "撮影日時": "2025-08-23T20:17:00+09:00",
                "緯度": "35.817",
                "経度": "139.8",
                "夜空の明るさ": "16.88",
                "ばらつき": "0.12",
                "周辺状況": "商業地域",
                "備考": "",
                "継続観察登録地点": "○"
            }
        },
        {
            "type": "Feature",
            "geometry": {
                "type": "Point",
                "coordinates": [
                    139.874,
                    35.464
                ]
            },
            "properties": {
                "調査時期": "2025_S",
                "No": "63",
                "都道府県": "千葉県",
                "市区町村": "木更津市",
                "撮影場所": "",
                "撮影日時": "2025-08-16T21:13:00+09:00",
                "緯度": "35.464",
                "経度": "139.874",
                "夜空の明るさ": "18.26",
                "ばらつき": "0.09",
                "周辺状況": "",
                "備考": "",
                "継続観察登録地点": ""
            }
        },
        {
            "type": "Feature",
            "geometry": {
                "type": "Point",
                "coordinates": [
                    139.904,
                    35.779
                ]
            },
            "properties": {
                "調査時期": "2025_S",
                "No": "64",
                "都道府県": "千葉県",
                "市区町村": "松戸市",
                "撮影場所": "松戸市内",
                "撮影日時": "2025-08-26T20:35:00+09:00",
                "緯度": "35.779",
                "経度": "139.904",
                "夜空の明るさ": "17.21",
                "ばらつき": "0.11",
                "周辺状況": "住宅地域",
                "備考": "",
                "継続観察登録地点": "○"
            }
        },
        {
            "type": "Feature",
            "geometry": {
                "type": "Point",
                "coordinates": [
                    139.904,
                    35.779
                ]
            },
            "properties": {
                "調査時期": "2025_S",
                "No": "65",
                "都道府県": "千葉県",
                "市区町村": "松戸市",
                "撮影場所": "松戸市内",
                "撮影日時": "2025-08-23T19:59:00+09:00",
                "緯度": "35.779",
                "経度": "139.904",
                "夜空の明るさ": "16.84",
                "ばらつき": "0.13",
                "周辺状況": "住宅地域",
                "備考": "",
                "継続観察登録地点": "○"
            }
        },
        {
            "type": "Feature",
            "geometry": {
                "type": "Point",
                "coordinates": [
                    140.235,
                    35.747
                ]
            },
            "properties": {
                "調査時期": "2025_S",
                "No": "66",
                "都道府県": "千葉県",
                "市区町村": "佐倉市",
                "撮影場所": "",
                "撮影日時": "2025-08-16T22:16:00+09:00",
                "緯度": "35.747",
                "経度": "140.235",
                "夜空の明るさ": "17.8",
                "ばらつき": "0.09",
                "周辺状況": "",
                "備考": "参考値(薄雲)",
                "継続観察登録地点": ""
            }
        },
        {
            "type": "Feature",
            "geometry": {
                "type": "Point",
                "coordinates": [
                    140.197,
                    35.742
                ]
            },
            "properties": {
                "調査時期": "2025_S",
                "No": "67",
                "都道府県": "千葉県",
                "市区町村": "佐倉市",
                "撮影場所": "",
                "撮影日時": "2025-08-16T21:36:00+09:00",
                "緯度": "35.742",
                "経度": "140.197",
                "夜空の明るさ": "17.12",
                "ばらつき": "0.28",
                "周辺状況": "",
                "備考": "参考値(薄雲)",
                "継続観察登録地点": ""
            }
        },
        {
            "type": "Feature",
            "geometry": {
                "type": "Point",
                "coordinates": [
                    140.137,
                    35.764
                ]
            },
            "properties": {
                "調査時期": "2025_S",
                "No": "68",
                "都道府県": "千葉県",
                "市区町村": "八千代市",
                "撮影場所": "",
                "撮影日時": "2025-08-16T21:01:00+09:00",
                "緯度": "35.764",
                "経度": "140.137",
                "夜空の明るさ": "17.37",
                "ばらつき": "0.27",
                "周辺状況": "",
                "備考": "参考値(薄雲)",
                "継続観察登録地点": ""
            }
        },
        {
            "type": "Feature",
            "geometry": {
                "type": "Point",
                "coordinates": [
                    140.106,
                    35.757
                ]
            },
            "properties": {
                "調査時期": "2025_S",
                "No": "69",
                "都道府県": "千葉県",
                "市区町村": "八千代市",
                "撮影場所": "",
                "撮影日時": "2025-08-16T20:29:00+09:00",
                "緯度": "35.757",
                "経度": "140.106",
                "夜空の明るさ": "17.84",
                "ばらつき": "0.11",
                "周辺状況": "",
                "備考": "",
                "継続観察登録地点": ""
            }
        },
        {
            "type": "Feature",
            "geometry": {
                "type": "Point",
                "coordinates": [
                    140.148,
                    35.16
                ]
            },
            "properties": {
                "調査時期": "2025_S",
                "No": "70",
                "都道府県": "千葉県",
                "市区町村": "鴨川市",
                "撮影場所": "",
                "撮影日時": "2025-08-20T19:59:00+09:00",
                "緯度": "35.16",
                "経度": "140.148",
                "夜空の明るさ": "20.1",
                "ばらつき": "0.15",
                "周辺状況": "",
                "備考": "",
                "継続観察登録地点": ""
            }
        },
        {
            "type": "Feature",
            "geometry": {
                "type": "Point",
                "coordinates": [
                    140.098,
                    35.086
                ]
            },
            "properties": {
                "調査時期": "2025_S",
                "No": "71",
                "都道府県": "千葉県",
                "市区町村": "鴨川市",
                "撮影場所": "",
                "撮影日時": "2025-08-20T20:41:00+09:00",
                "緯度": "35.086",
                "経度": "140.098",
                "夜空の明るさ": "20.12",
                "ばらつき": "0.1",
                "周辺状況": "",
                "備考": "",
                "継続観察登録地点": ""
            }
        },
        {
            "type": "Feature",
            "geometry": {
                "type": "Point",
                "coordinates": [
                    139.973,
                    35.129
                ]
            },
            "properties": {
                "調査時期": "2025_S",
                "No": "72",
                "都道府県": "千葉県",
                "市区町村": "鴨川市",
                "撮影場所": "",
                "撮影日時": "2025-08-20T21:35:00+09:00",
                "緯度": "35.129",
                "経度": "139.973",
                "夜空の明るさ": "20.34",
                "ばらつき": "0.03",
                "周辺状況": "",
                "備考": "",
                "継続観察登録地点": ""
            }
        },
        {
            "type": "Feature",
            "geometry": {
                "type": "Point",
                "coordinates": [
                    139.997,
                    35.139
                ]
            },
            "properties": {
                "調査時期": "2025_S",
                "No": "73",
                "都道府県": "千葉県",
                "市区町村": "鴨川市",
                "撮影場所": "鴨川市内",
                "撮影日時": "2025-08-26T21:30:00+09:00",
                "緯度": "35.139",
                "経度": "139.997",
                "夜空の明るさ": "20.22",
                "ばらつき": "0.11",
                "周辺状況": "農業地域",
                "備考": "",
                "継続観察登録地点": "○"
            }
        },
        {
            "type": "Feature",
            "geometry": {
                "type": "Point",
                "coordinates": [
                    139.973,
                    35.254
                ]
            },
            "properties": {
                "調査時期": "2025_S",
                "No": "74",
                "都道府県": "千葉県",
                "市区町村": "君津市",
                "撮影場所": "",
                "撮影日時": "2025-08-19T20:19:00+09:00",
                "緯度": "35.254",
                "経度": "139.973",
                "夜空の明るさ": "19.88",
                "ばらつき": "0.1",
                "周辺状況": "",
                "備考": "",
                "継続観察登録地点": ""
            }
        },
        {
            "type": "Feature",
            "geometry": {
                "type": "Point",
                "coordinates": [
                    140.232,
                    35.22
                ]
            },
            "properties": {
                "調査時期": "2025_S",
                "No": "75",
                "都道府県": "千葉県",
                "市区町村": "大多喜町",
                "撮影場所": "",
                "撮影日時": "2025-08-19T21:46:00+09:00",
                "緯度": "35.22",
                "経度": "140.232",
                "夜空の明るさ": "20.5",
                "ばらつき": "0.08",
                "周辺状況": "",
                "備考": "",
                "継続観察登録地点": ""
            }
        },
        {
            "type": "Feature",
            "geometry": {
                "type": "Point",
                "coordinates": [
                    139.904,
                    35.128
                ]
            },
            "properties": {
                "調査時期": "2025_S",
                "No": "76",
                "都道府県": "千葉県",
                "市区町村": "鋸南町",
                "撮影場所": "",
                "撮影日時": "2025-08-19T21:07:00+09:00",
                "緯度": "35.128",
                "経度": "139.904",
                "夜空の明るさ": "20.3",
                "ばらつき": "0.11",
                "周辺状況": "",
                "備考": "",
                "継続観察登録地点": ""
            }
        },
        {
            "type": "Feature",
            "geometry": {
                "type": "Point",
                "coordinates": [
                    139.754,
                    35.673
                ]
            },
            "properties": {
                "調査時期": "2025_S",
                "No": "77",
                "都道府県": "東京都",
                "市区町村": "千代田区",
                "撮影場所": "",
                "撮影日時": "2025-08-20T20:22:00+09:00",
                "緯度": "35.673",
                "経度": "139.754",
                "夜空の明るさ": "15.89",
                "ばらつき": "0.22",
                "周辺状況": "",
                "備考": "",
                "継続観察登録地点": ""
            }
        },
        {
            "type": "Feature",
            "geometry": {
                "type": "Point",
                "coordinates": [
                    139.758,
                    35.679
                ]
            },
            "properties": {
                "調査時期": "2025_S",
                "No": "78",
                "都道府県": "東京都",
                "市区町村": "千代田区",
                "撮影場所": "",
                "撮影日時": "2025-08-17T21:00:00+09:00",
                "緯度": "35.679",
                "経度": "139.758",
                "夜空の明るさ": "15.19",
                "ばらつき": "0.2",
                "周辺状況": "",
                "備考": "参考値(薄雲)",
                "継続観察登録地点": ""
            }
        },
        {
            "type": "Feature",
            "geometry": {
                "type": "Point",
                "coordinates": [
                    139.757,
                    35.679
                ]
            },
            "properties": {
                "調査時期": "2025_S",
                "No": "79",
                "都道府県": "東京都",
                "市区町村": "千代田区",
                "撮影場所": "",
                "撮影日時": "2025-08-20T20:04:00+09:00",
                "緯度": "35.679",
                "経度": "139.757",
                "夜空の明るさ": "15.82",
                "ばらつき": "0.24",
                "周辺状況": "",
                "備考": "参考値(薄雲)",
                "継続観察登録地点": ""
            }
        },
        {
            "type": "Feature",
            "geometry": {
                "type": "Point",
                "coordinates": [
                    139.765,
                    35.681
                ]
            },
            "properties": {
                "調査時期": "2025_S",
                "No": "80",
                "都道府県": "東京都",
                "市区町村": "千代田区",
                "撮影場所": "",
                "撮影日時": "2025-08-17T21:27:00+09:00",
                "緯度": "35.681",
                "経度": "139.765",
                "夜空の明るさ": "15.13",
                "ばらつき": "0.15",
                "周辺状況": "",
                "備考": "参考値(薄雲)",
                "継続観察登録地点": ""
            }
        },
        {
            "type": "Feature",
            "geometry": {
                "type": "Point",
                "coordinates": [
                    139.751,
                    35.723
                ]
            },
            "properties": {
                "調査時期": "2025_S",
                "No": "81",
                "都道府県": "東京都",
                "市区町村": "文京区",
                "撮影場所": "東洋大学白山キャンパス１号館屋上",
                "撮影日時": "2025-08-16T20:36:00+09:00",
                "緯度": "35.723",
                "経度": "139.751",
                "夜空の明るさ": "16.79",
                "ばらつき": "0.11",
                "周辺状況": "商業地域",
                "備考": "",
                "継続観察登録地点": "○"
            }
        },
        {
            "type": "Feature",
            "geometry": {
                "type": "Point",
                "coordinates": [
                    139.649,
                    35.685
                ]
            },
            "properties": {
                "調査時期": "2025_S",
                "No": "82",
                "都道府県": "東京都",
                "市区町村": "杉並区",
                "撮影場所": "",
                "撮影日時": "2025-08-20T21:54:00+09:00",
                "緯度": "35.685",
                "経度": "139.649",
                "夜空の明るさ": "16.68",
                "ばらつき": "0.19",
                "周辺状況": "",
                "備考": "",
                "継続観察登録地点": ""
            }
        },
        {
            "type": "Feature",
            "geometry": {
                "type": "Point",
                "coordinates": [
                    139.538,
                    35.674
                ]
            },
            "properties": {
                "調査時期": "2025_S",
                "No": "83",
                "都道府県": "東京都",
                "市区町村": "三鷹市",
                "撮影場所": "三鷹市大沢",
                "撮影日時": "2025-08-26T20:13:00+09:00",
                "緯度": "35.674",
                "経度": "139.538",
                "夜空の明るさ": "17.25",
                "ばらつき": "0.12",
                "周辺状況": "住宅地域",
                "備考": "",
                "継続観察登録地点": "○"
            }
        },
        {
            "type": "Feature",
            "geometry": {
                "type": "Point",
                "coordinates": [
                    139.449,
                    35.587
                ]
            },
            "properties": {
                "調査時期": "2025_S",
                "No": "84",
                "都道府県": "東京都",
                "市区町村": "町田市",
                "撮影場所": "",
                "撮影日時": "2025-08-20T21:00:00+09:00",
                "緯度": "35.587",
                "経度": "139.449",
                "夜空の明るさ": "17.09",
                "ばらつき": "0.09",
                "周辺状況": "",
                "備考": "",
                "継続観察登録地点": ""
            }
        },
        {
            "type": "Feature",
            "geometry": {
                "type": "Point",
                "coordinates": [
                    139.301,
                    35.772
                ]
            },
            "properties": {
                "調査時期": "2025_S",
                "No": "85",
                "都道府県": "東京都",
                "市区町村": "羽村市",
                "撮影場所": "羽村市",
                "撮影日時": "2025-08-26T20:02:00+09:00",
                "緯度": "35.772",
                "経度": "139.301",
                "夜空の明るさ": "17.23",
                "ばらつき": "0.15",
                "周辺状況": "住宅地域",
                "備考": "",
                "継続観察登録地点": "○"
            }
        },
        {
            "type": "Feature",
            "geometry": {
                "type": "Point",
                "coordinates": [
                    139.043,
                    35.79
                ]
            },
            "properties": {
                "調査時期": "2025_S",
                "No": "86",
                "都道府県": "東京都",
                "市区町村": "奥多摩町",
                "撮影場所": "西多摩郡奥多摩町 奥多摩湖大麦代園地駐車場",
                "撮影日時": "2025-08-26T20:55:00+09:00",
                "緯度": "35.79",
                "経度": "139.043",
                "夜空の明るさ": "20",
                "ばらつき": "0.13",
                "周辺状況": "森林山間地",
                "備考": "",
                "継続観察登録地点": "○"
            }
        },
        {
            "type": "Feature",
            "geometry": {
                "type": "Point",
                "coordinates": [
                    139.144,
                    34.192
                ]
            },
            "properties": {
                "調査時期": "2025_S",
                "No": "87",
                "都道府県": "東京都",
                "市区町村": "神津島村",
                "撮影場所": "神津島村 三浦湾展望台",
                "撮影日時": "2025-08-18T20:18:00+09:00",
                "緯度": "34.192",
                "経度": "139.144",
                "夜空の明るさ": "21.08",
                "ばらつき": "0.21",
                "周辺状況": "その他",
                "備考": "",
                "継続観察登録地点": "○"
            }
        },
        {
            "type": "Feature",
            "geometry": {
                "type": "Point",
                "coordinates": [
                    139.139,
                    34.204
                ]
            },
            "properties": {
                "調査時期": "2025_S",
                "No": "88",
                "都道府県": "東京都",
                "市区町村": "神津島村",
                "撮影場所": "神津島村 よたね広場",
                "撮影日時": "2025-08-19T20:48:00+09:00",
                "緯度": "34.204",
                "経度": "139.139",
                "夜空の明るさ": "21.12",
                "ばらつき": "0.1",
                "周辺状況": "住宅地域",
                "備考": "",
                "継続観察登録地点": "○"
            }
        },
        {
            "type": "Feature",
            "geometry": {
                "type": "Point",
                "coordinates": [
                    139.138,
                    34.239
                ]
            },
            "properties": {
                "調査時期": "2025_S",
                "No": "89",
                "都道府県": "東京都",
                "市区町村": "神津島村",
                "撮影場所": "神津島村 赤崎遊歩道",
                "撮影日時": "2025-08-21T20:43:00+09:00",
                "緯度": "34.239",
                "経度": "139.138",
                "夜空の明るさ": "21.5",
                "ばらつき": "0.24",
                "周辺状況": "その他",
                "備考": "",
                "継続観察登録地点": "○"
            }
        },
        {
            "type": "Feature",
            "geometry": {
                "type": "Point",
                "coordinates": [
                    139.127,
                    34.199
                ]
            },
            "properties": {
                "調査時期": "2025_S",
                "No": "90",
                "都道府県": "東京都",
                "市区町村": "神津島村",
                "撮影場所": "神津島村 ヘリポート",
                "撮影日時": "2025-08-18T21:13:00+09:00",
                "緯度": "34.199",
                "経度": "139.127",
                "夜空の明るさ": "21.14",
                "ばらつき": "0.21",
                "周辺状況": "農業地域",
                "備考": "",
                "継続観察登録地点": "○"
            }
        },
        {
            "type": "Feature",
            "geometry": {
                "type": "Point",
                "coordinates": [
                    142.193,
                    27.064
                ]
            },
            "properties": {
                "調査時期": "2025_S",
                "No": "91",
                "都道府県": "東京都",
                "市区町村": "小笠原村",
                "撮影場所": "小笠原村父島　コペペ海岸",
                "撮影日時": "2025-08-15T20:29:00+09:00",
                "緯度": "27.064",
                "経度": "142.193",
                "夜空の明るさ": "21.99",
                "ばらつき": "0.19",
                "周辺状況": "森林山間地",
                "備考": "",
                "継続観察登録地点": "○"
            }
        },
        {
            "type": "Feature",
            "geometry": {
                "type": "Point",
                "coordinates": [
                    139.688,
                    35.544
                ]
            },
            "properties": {
                "調査時期": "2025_S",
                "No": "92",
                "都道府県": "神奈川県",
                "市区町村": "川崎市　幸区",
                "撮影場所": "",
                "撮影日時": "2025-08-19T20:55:00+09:00",
                "緯度": "35.544",
                "経度": "139.688",
                "夜空の明るさ": "16.38",
                "ばらつき": "0.47",
                "周辺状況": "",
                "備考": "参考値(薄雲)",
                "継続観察登録地点": ""
            }
        },
        {
            "type": "Feature",
            "geometry": {
                "type": "Point",
                "coordinates": [
                    139.619,
                    35.595
                ]
            },
            "properties": {
                "調査時期": "2025_S",
                "No": "93",
                "都道府県": "神奈川県",
                "市区町村": "川崎市　高津区",
                "撮影場所": "",
                "撮影日時": "2025-08-21T20:54:00+09:00",
                "緯度": "35.595",
                "経度": "139.619",
                "夜空の明るさ": "16.06",
                "ばらつき": "0.15",
                "周辺状況": "",
                "備考": "",
                "継続観察登録地点": ""
            }
        },
        {
            "type": "Feature",
            "geometry": {
                "type": "Point",
                "coordinates": [
                    139.613,
                    35.607
                ]
            },
            "properties": {
                "調査時期": "2025_S",
                "No": "94",
                "都道府県": "神奈川県",
                "市区町村": "川崎市　高津区",
                "撮影場所": "",
                "撮影日時": "2025-08-14T20:40:00+09:00",
                "緯度": "35.607",
                "経度": "139.613",
                "夜空の明るさ": "17.02",
                "ばらつき": "0.2",
                "周辺状況": "",
                "備考": "参考値(薄雲)",
                "継続観察登録地点": ""
            }
        },
        {
            "type": "Feature",
            "geometry": {
                "type": "Point",
                "coordinates": [
                    139.611,
                    35.613
                ]
            },
            "properties": {
                "調査時期": "2025_S",
                "No": "95",
                "都道府県": "神奈川県",
                "市区町村": "川崎市　高津区",
                "撮影場所": "",
                "撮影日時": "2025-08-19T21:32:00+09:00",
                "緯度": "35.613",
                "経度": "139.611",
                "夜空の明るさ": "15.59",
                "ばらつき": "1",
                "周辺状況": "",
                "備考": "測定不可(雲量大)",
                "継続観察登録地点": ""
            }
        },
        {
            "type": "Feature",
            "geometry": {
                "type": "Point",
                "coordinates": [
                    139.615,
                    35.611
                ]
            },
            "properties": {
                "調査時期": "2025_S",
                "No": "96",
                "都道府県": "神奈川県",
                "市区町村": "川崎市　高津区",
                "撮影場所": "",
                "撮影日時": "2025-08-14T20:23:00+09:00",
                "緯度": "35.611",
                "経度": "139.615",
                "夜空の明るさ": "17.11",
                "ばらつき": "0.11",
                "周辺状況": "",
                "備考": "",
                "継続観察登録地点": ""
            }
        },
        {
            "type": "Feature",
            "geometry": {
                "type": "Point",
                "coordinates": [
                    139.709,
                    35.529
                ]
            },
            "properties": {
                "調査時期": "2025_S",
                "No": "97",
                "都道府県": "神奈川県",
                "市区町村": "川崎市　川崎区",
                "撮影場所": "",
                "撮影日時": "2025-08-19T20:39:00+09:00",
                "緯度": "35.529",
                "経度": "139.709",
                "夜空の明るさ": "16.63",
                "ばらつき": "0.2",
                "周辺状況": "",
                "備考": "",
                "継続観察登録地点": ""
            }
        },
        {
            "type": "Feature",
            "geometry": {
                "type": "Point",
                "coordinates": [
                    139.775,
                    35.505
                ]
            },
            "properties": {
                "調査時期": "2025_S",
                "No": "98",
                "都道府県": "神奈川県",
                "市区町村": "川崎市　川崎区",
                "撮影場所": "",
                "撮影日時": "2025-08-19T21:55:00+09:00",
                "緯度": "35.505",
                "経度": "139.775",
                "夜空の明るさ": "17.38",
                "ばらつき": "0.11",
                "周辺状況": "",
                "備考": "",
                "継続観察登録地点": ""
            }
        },
        {
            "type": "Feature",
            "geometry": {
                "type": "Point",
                "coordinates": [
                    139.55,
                    35.617
                ]
            },
            "properties": {
                "調査時期": "2025_S",
                "No": "99",
                "都道府県": "神奈川県",
                "市区町村": "川崎市　多摩区",
                "撮影場所": "",
                "撮影日時": "2025-08-17T22:16:00+09:00",
                "緯度": "35.617",
                "経度": "139.55",
                "夜空の明るさ": "16.9",
                "ばらつき": "0.12",
                "周辺状況": "",
                "備考": "参考値(薄雲)",
                "継続観察登録地点": ""
            }
        },
        {
            "type": "Feature",
            "geometry": {
                "type": "Point",
                "coordinates": [
                    139.576,
                    35.621
                ]
            },
            "properties": {
                "調査時期": "2025_S",
                "No": "100",
                "都道府県": "神奈川県",
                "市区町村": "川崎市　多摩区",
                "撮影場所": "",
                "撮影日時": "2025-08-26T21:07:00+09:00",
                "緯度": "35.621",
                "経度": "139.576",
                "夜空の明るさ": "17.26",
                "ばらつき": "0.05",
                "周辺状況": "",
                "備考": "",
                "継続観察登録地点": ""
            }
        },
        {
            "type": "Feature",
            "geometry": {
                "type": "Point",
                "coordinates": [
                    139.561,
                    35.608
                ]
            },
            "properties": {
                "調査時期": "2025_S",
                "No": "101",
                "都道府県": "神奈川県",
                "市区町村": "川崎市　多摩区",
                "撮影場所": "",
                "撮影日時": "2025-08-22T21:14:00+09:00",
                "緯度": "35.608",
                "経度": "139.561",
                "夜空の明るさ": "15.58",
                "ばらつき": "0.31",
                "周辺状況": "",
                "備考": "参考値(薄雲)",
                "継続観察登録地点": ""
            }
        },
        {
            "type": "Feature",
            "geometry": {
                "type": "Point",
                "coordinates": [
                    139.529,
                    35.63
                ]
            },
            "properties": {
                "調査時期": "2025_S",
                "No": "102",
                "都道府県": "神奈川県",
                "市区町村": "川崎市　多摩区",
                "撮影場所": "",
                "撮影日時": "2025-08-26T20:03:00+09:00",
                "緯度": "35.63",
                "経度": "139.529",
                "夜空の明るさ": "17.29",
                "ばらつき": "0.09",
                "周辺状況": "",
                "備考": "",
                "継続観察登録地点": ""
            }
        },
        {
            "type": "Feature",
            "geometry": {
                "type": "Point",
                "coordinates": [
                    139.55,
                    35.617
                ]
            },
            "properties": {
                "調査時期": "2025_S",
                "No": "103",
                "都道府県": "神奈川県",
                "市区町村": "川崎市　多摩区",
                "撮影場所": "",
                "撮影日時": "2025-08-17T21:39:00+09:00",
                "緯度": "35.617",
                "経度": "139.55",
                "夜空の明るさ": "16.31",
                "ばらつき": "0.06",
                "周辺状況": "",
                "備考": "",
                "継続観察登録地点": ""
            }
        },
        {
            "type": "Feature",
            "geometry": {
                "type": "Point",
                "coordinates": [
                    139.656,
                    35.586
                ]
            },
            "properties": {
                "調査時期": "2025_S",
                "No": "104",
                "都道府県": "神奈川県",
                "市区町村": "川崎市　中原区",
                "撮影場所": "",
                "撮影日時": "2025-08-19T21:17:00+09:00",
                "緯度": "35.586",
                "経度": "139.656",
                "夜空の明るさ": "16.66",
                "ばらつき": "0.27",
                "周辺状況": "",
                "備考": "参考値(薄雲)",
                "継続観察登録地点": ""
            }
        },
        {
            "type": "Feature",
            "geometry": {
                "type": "Point",
                "coordinates": [
                    139.507,
                    35.621
                ]
            },
            "properties": {
                "調査時期": "2025_S",
                "No": "105",
                "都道府県": "神奈川県",
                "市区町村": "川崎市　麻生区",
                "撮影場所": "",
                "撮影日時": "2025-08-26T20:21:00+09:00",
                "緯度": "35.621",
                "経度": "139.507",
                "夜空の明るさ": "17.2",
                "ばらつき": "0.12",
                "周辺状況": "",
                "備考": "",
                "継続観察登録地点": ""
            }
        },
        {
            "type": "Feature",
            "geometry": {
                "type": "Point",
                "coordinates": [
                    139.511,
                    35.576
                ]
            },
            "properties": {
                "調査時期": "2025_S",
                "No": "106",
                "都道府県": "神奈川県",
                "市区町村": "川崎市　麻生区",
                "撮影場所": "",
                "撮影日時": "2025-08-20T21:28:00+09:00",
                "緯度": "35.576",
                "経度": "139.511",
                "夜空の明るさ": "17.45",
                "ばらつき": "0.11",
                "周辺状況": "",
                "備考": "",
                "継続観察登録地点": ""
            }
        },
        {
            "type": "Feature",
            "geometry": {
                "type": "Point",
                "coordinates": [
                    139.463,
                    35.614
                ]
            },
            "properties": {
                "調査時期": "2025_S",
                "No": "107",
                "都道府県": "神奈川県",
                "市区町村": "川崎市　麻生区",
                "撮影場所": "",
                "撮影日時": "2025-08-26T21:20:00+09:00",
                "緯度": "35.614",
                "経度": "139.463",
                "夜空の明るさ": "17.5",
                "ばらつき": "0.16",
                "周辺状況": "",
                "備考": "",
                "継続観察登録地点": ""
            }
        },
        {
            "type": "Feature",
            "geometry": {
                "type": "Point",
                "coordinates": [
                    139.513,
                    35.575
                ]
            },
            "properties": {
                "調査時期": "2025_S",
                "No": "108",
                "都道府県": "神奈川県",
                "市区町村": "川崎市　麻生区",
                "撮影場所": "",
                "撮影日時": "2025-08-20T20:57:00+09:00",
                "緯度": "35.575",
                "経度": "139.513",
                "夜空の明るさ": "17.36",
                "ばらつき": "0.08",
                "周辺状況": "",
                "備考": "",
                "継続観察登録地点": ""
            }
        },
        {
            "type": "Feature",
            "geometry": {
                "type": "Point",
                "coordinates": [
                    139.513,
                    35.578
                ]
            },
            "properties": {
                "調査時期": "2025_S",
                "No": "109",
                "都道府県": "神奈川県",
                "市区町村": "川崎市　麻生区",
                "撮影場所": "",
                "撮影日時": "2025-08-20T21:06:00+09:00",
                "緯度": "35.578",
                "経度": "139.513",
                "夜空の明るさ": "17.42",
                "ばらつき": "0.11",
                "周辺状況": "",
                "備考": "",
                "継続観察登録地点": ""
            }
        },
        {
            "type": "Feature",
            "geometry": {
                "type": "Point",
                "coordinates": [
                    139.513,
                    35.578
                ]
            },
            "properties": {
                "調査時期": "2025_S",
                "No": "110",
                "都道府県": "神奈川県",
                "市区町村": "川崎市　麻生区",
                "撮影場所": "",
                "撮影日時": "2025-08-20T21:11:00+09:00",
                "緯度": "35.578",
                "経度": "139.513",
                "夜空の明るさ": "17.46",
                "ばらつき": "0.11",
                "周辺状況": "",
                "備考": "",
                "継続観察登録地点": ""
            }
        },
        {
            "type": "Feature",
            "geometry": {
                "type": "Point",
                "coordinates": [
                    139.514,
                    35.579
                ]
            },
            "properties": {
                "調査時期": "2025_S",
                "No": "111",
                "都道府県": "神奈川県",
                "市区町村": "川崎市　麻生区",
                "撮影場所": "",
                "撮影日時": "2025-08-20T21:15:00+09:00",
                "緯度": "35.579",
                "経度": "139.514",
                "夜空の明るさ": "17.49",
                "ばらつき": "0.13",
                "周辺状況": "",
                "備考": "",
                "継続観察登録地点": ""
            }
        },
        {
            "type": "Feature",
            "geometry": {
                "type": "Point",
                "coordinates": [
                    139.513,
                    35.575
                ]
            },
            "properties": {
                "調査時期": "2025_S",
                "No": "112",
                "都道府県": "神奈川県",
                "市区町村": "川崎市　麻生区",
                "撮影場所": "",
                "撮影日時": "2025-08-20T21:22:00+09:00",
                "緯度": "35.575",
                "経度": "139.513",
                "夜空の明るさ": "17.46",
                "ばらつき": "0.1",
                "周辺状況": "",
                "備考": "",
                "継続観察登録地点": ""
            }
        },
        {
            "type": "Feature",
            "geometry": {
                "type": "Point",
                "coordinates": [
                    139.458,
                    35.614
                ]
            },
            "properties": {
                "調査時期": "2025_S",
                "No": "113",
                "都道府県": "神奈川県",
                "市区町村": "川崎市　麻生区",
                "撮影場所": "",
                "撮影日時": "2025-08-26T21:29:00+09:00",
                "緯度": "35.614",
                "経度": "139.458",
                "夜空の明るさ": "17.62",
                "ばらつき": "0.11",
                "周辺状況": "",
                "備考": "",
                "継続観察登録地点": ""
            }
        },
        {
            "type": "Feature",
            "geometry": {
                "type": "Point",
                "coordinates": [
                    139.321,
                    35.369
                ]
            },
            "properties": {
                "調査時期": "2025_S",
                "No": "114",
                "都道府県": "神奈川県",
                "市区町村": "平塚市",
                "撮影場所": "平塚市岡崎",
                "撮影日時": "2025-08-26T21:31:00+09:00",
                "緯度": "35.369",
                "経度": "139.321",
                "夜空の明るさ": "18.32",
                "ばらつき": "0.08",
                "周辺状況": "農業地域",
                "備考": "",
                "継続観察登録地点": "○"
            }
        },
        {
            "type": "Feature",
            "geometry": {
                "type": "Point",
                "coordinates": [
                    139.47,
                    35.398
                ]
            },
            "properties": {
                "調査時期": "2025_S",
                "No": "115",
                "都道府県": "神奈川県",
                "市区町村": "藤沢市",
                "撮影場所": "藤沢市内",
                "撮影日時": "2025-08-19T21:05:00+09:00",
                "緯度": "35.398",
                "経度": "139.47",
                "夜空の明るさ": "17.16",
                "ばらつき": "0.11",
                "周辺状況": "商業地域",
                "備考": "参考値(薄雲)",
                "継続観察登録地点": "○"
            }
        },
        {
            "type": "Feature",
            "geometry": {
                "type": "Point",
                "coordinates": [
                    139.47,
                    35.398
                ]
            },
            "properties": {
                "調査時期": "2025_S",
                "No": "116",
                "都道府県": "神奈川県",
                "市区町村": "藤沢市",
                "撮影場所": "藤沢市内",
                "撮影日時": "2025-08-26T20:30:00+09:00",
                "緯度": "35.398",
                "経度": "139.47",
                "夜空の明るさ": "17.18",
                "ばらつき": "0.1",
                "周辺状況": "商業地域",
                "備考": "",
                "継続観察登録地点": "○"
            }
        },
        {
            "type": "Feature",
            "geometry": {
                "type": "Point",
                "coordinates": [
                    138.811,
                    37.711
                ]
            },
            "properties": {
                "調査時期": "2025_S",
                "No": "117",
                "都道府県": "新潟県",
                "市区町村": "新潟市　西蒲区",
                "撮影場所": "",
                "撮影日時": "2025-08-16T21:36:00+09:00",
                "緯度": "37.711",
                "経度": "138.811",
                "夜空の明るさ": "20.83",
                "ばらつき": "0.11",
                "周辺状況": "",
                "備考": "",
                "継続観察登録地点": ""
            }
        },
        {
            "type": "Feature",
            "geometry": {
                "type": "Point",
                "coordinates": [
                    138.866,
                    37.792
                ]
            },
            "properties": {
                "調査時期": "2025_S",
                "No": "118",
                "都道府県": "新潟県",
                "市区町村": "新潟市　西蒲区",
                "撮影場所": "",
                "撮影日時": "2025-08-16T20:38:00+09:00",
                "緯度": "37.792",
                "経度": "138.866",
                "夜空の明るさ": "21.46",
                "ばらつき": "0.37",
                "周辺状況": "",
                "備考": "測定不可(設定エラー)",
                "継続観察登録地点": ""
            }
        },
        {
            "type": "Feature",
            "geometry": {
                "type": "Point",
                "coordinates": [
                    138.866,
                    37.792
                ]
            },
            "properties": {
                "調査時期": "2025_S",
                "No": "119",
                "都道府県": "新潟県",
                "市区町村": "新潟市　西蒲区",
                "撮影場所": "",
                "撮影日時": "2025-08-16T20:45:00+09:00",
                "緯度": "37.792",
                "経度": "138.866",
                "夜空の明るさ": "20.42",
                "ばらつき": "0.12",
                "周辺状況": "",
                "備考": "",
                "継続観察登録地点": ""
            }
        },
        {
            "type": "Feature",
            "geometry": {
                "type": "Point",
                "coordinates": [
                    138.811,
                    37.711
                ]
            },
            "properties": {
                "調査時期": "2025_S",
                "No": "120",
                "都道府県": "新潟県",
                "市区町村": "新潟市　西蒲区",
                "撮影場所": "",
                "撮影日時": "2025-08-16T21:19:00+09:00",
                "緯度": "37.711",
                "経度": "138.811",
                "夜空の明るさ": "23.31",
                "ばらつき": "0.93",
                "周辺状況": "",
                "備考": "測定不可(設定エラー)",
                "継続観察登録地点": ""
            }
        },
        {
            "type": "Feature",
            "geometry": {
                "type": "Point",
                "coordinates": [
                    138.881,
                    37.845
                ]
            },
            "properties": {
                "調査時期": "2025_S",
                "No": "121",
                "都道府県": "新潟県",
                "市区町村": "新潟市　西区",
                "撮影場所": "",
                "撮影日時": "2025-08-14T22:02:00+09:00",
                "緯度": "37.845",
                "経度": "138.881",
                "夜空の明るさ": "19.96",
                "ばらつき": "0.16",
                "周辺状況": "",
                "備考": "",
                "継続観察登録地点": ""
            }
        },
        {
            "type": "Feature",
            "geometry": {
                "type": "Point",
                "coordinates": [
                    138.881,
                    37.845
                ]
            },
            "properties": {
                "調査時期": "2025_S",
                "No": "122",
                "都道府県": "新潟県",
                "市区町村": "新潟市　西区",
                "撮影場所": "",
                "撮影日時": "2025-08-14T22:00:00+09:00",
                "緯度": "37.845",
                "経度": "138.881",
                "夜空の明るさ": "",
                "ばらつき": "",
                "周辺状況": "",
                "備考": "測定不可(設定エラー)",
                "継続観察登録地点": ""
            }
        },
        {
            "type": "Feature",
            "geometry": {
                "type": "Point",
                "coordinates": [
                    139.239,
                    37.911
                ]
            },
            "properties": {
                "調査時期": "2025_S",
                "No": "123",
                "都道府県": "新潟県",
                "市区町村": "新潟市　北区",
                "撮影場所": "",
                "撮影日時": "2025-08-15T22:03:00+09:00",
                "緯度": "37.911",
                "経度": "139.239",
                "夜空の明るさ": "",
                "ばらつき": "",
                "周辺状況": "",
                "備考": "測定不可(設定エラー)",
                "継続観察登録地点": ""
            }
        },
        {
            "type": "Feature",
            "geometry": {
                "type": "Point",
                "coordinates": [
                    139.239,
                    37.911
                ]
            },
            "properties": {
                "調査時期": "2025_S",
                "No": "124",
                "都道府県": "新潟県",
                "市区町村": "新潟市　北区",
                "撮影場所": "",
                "撮影日時": "2025-08-15T22:06:00+09:00",
                "緯度": "37.911",
                "経度": "139.239",
                "夜空の明るさ": "19.62",
                "ばらつき": "0.38",
                "周辺状況": "",
                "備考": "",
                "継続観察登録地点": ""
            }
        },
        {
            "type": "Feature",
            "geometry": {
                "type": "Point",
                "coordinates": [
                    138.81,
                    37.279
                ]
            },
            "properties": {
                "調査時期": "2025_S",
                "No": "125",
                "都道府県": "新潟県",
                "市区町村": "小千谷市",
                "撮影場所": "",
                "撮影日時": "2025-08-25T21:54:00+09:00",
                "緯度": "37.279",
                "経度": "138.81",
                "夜空の明るさ": "20.37",
                "ばらつき": "0.06",
                "周辺状況": "",
                "備考": "",
                "継続観察登録地点": ""
            }
        },
        {
            "type": "Feature",
            "geometry": {
                "type": "Point",
                "coordinates": [
                    139.098,
                    37.196
                ]
            },
            "properties": {
                "調査時期": "2025_S",
                "No": "126",
                "都道府県": "新潟県",
                "市区町村": "魚沼市",
                "撮影場所": "",
                "撮影日時": "2025-08-25T21:03:00+09:00",
                "緯度": "37.196",
                "経度": "139.098",
                "夜空の明るさ": "21.05",
                "ばらつき": "0.34",
                "周辺状況": "",
                "備考": "",
                "継続観察登録地点": ""
            }
        },
        {
            "type": "Feature",
            "geometry": {
                "type": "Point",
                "coordinates": [
                    139.13,
                    37.152
                ]
            },
            "properties": {
                "調査時期": "2025_S",
                "No": "127",
                "都道府県": "新潟県",
                "市区町村": "魚沼市",
                "撮影場所": "",
                "撮影日時": "2025-08-30T21:30:00+09:00",
                "緯度": "37.152",
                "経度": "139.13",
                "夜空の明るさ": "21.35",
                "ばらつき": "0.07",
                "周辺状況": "",
                "備考": "",
                "継続観察登録地点": ""
            }
        },
        {
            "type": "Feature",
            "geometry": {
                "type": "Point",
                "coordinates": [
                    139.508,
                    38.029
                ]
            },
            "properties": {
                "調査時期": "2025_S",
                "No": "128",
                "都道府県": "新潟県",
                "市区町村": "胎内市",
                "撮影場所": "",
                "撮影日時": "2025-08-22T21:21:00+09:00",
                "緯度": "38.029",
                "経度": "139.508",
                "夜空の明るさ": "20.86",
                "ばらつき": "0.15",
                "周辺状況": "",
                "備考": "",
                "継続観察登録地点": ""
            }
        },
        {
            "type": "Feature",
            "geometry": {
                "type": "Point",
                "coordinates": [
                    139.502,
                    38.028
                ]
            },
            "properties": {
                "調査時期": "2025_S",
                "No": "129",
                "都道府県": "新潟県",
                "市区町村": "胎内市",
                "撮影場所": "",
                "撮影日時": "2025-08-15T20:20:00+09:00",
                "緯度": "38.028",
                "経度": "139.502",
                "夜空の明るさ": "21.14",
                "ばらつき": "0.09",
                "周辺状況": "",
                "備考": "",
                "継続観察登録地点": ""
            }
        },
        {
            "type": "Feature",
            "geometry": {
                "type": "Point",
                "coordinates": [
                    139.503,
                    38.028
                ]
            },
            "properties": {
                "調査時期": "2025_S",
                "No": "130",
                "都道府県": "新潟県",
                "市区町村": "胎内市",
                "撮影場所": "",
                "撮影日時": "2025-08-15T20:12:00+09:00",
                "緯度": "38.028",
                "経度": "139.503",
                "夜空の明るさ": "22.13",
                "ばらつき": "0.17",
                "周辺状況": "",
                "備考": "測定不可(設定エラー)",
                "継続観察登録地点": ""
            }
        },
        {
            "type": "Feature",
            "geometry": {
                "type": "Point",
                "coordinates": [
                    139.501,
                    38.028
                ]
            },
            "properties": {
                "調査時期": "2025_S",
                "No": "131",
                "都道府県": "新潟県",
                "市区町村": "胎内市",
                "撮影場所": "",
                "撮影日時": "2025-08-23T21:02:00+09:00",
                "緯度": "38.028",
                "経度": "139.501",
                "夜空の明るさ": "20.43",
                "ばらつき": "0.13",
                "周辺状況": "",
                "備考": "",
                "継続観察登録地点": ""
            }
        },
        {
            "type": "Feature",
            "geometry": {
                "type": "Point",
                "coordinates": [
                    139.501,
                    38.028
                ]
            },
            "properties": {
                "調査時期": "2025_S",
                "No": "132",
                "都道府県": "新潟県",
                "市区町村": "胎内市",
                "撮影場所": "",
                "撮影日時": "2025-08-22T20:54:00+09:00",
                "緯度": "38.028",
                "経度": "139.501",
                "夜空の明るさ": "20.58",
                "ばらつき": "0.13",
                "周辺状況": "",
                "備考": "",
                "継続観察登録地点": ""
            }
        },
        {
            "type": "Feature",
            "geometry": {
                "type": "Point",
                "coordinates": [
                    137.212,
                    36.68
                ]
            },
            "properties": {
                "調査時期": "2025_S",
                "No": "133",
                "都道府県": "富山県",
                "市区町村": "富山市",
                "撮影場所": "",
                "撮影日時": "2025-08-22T20:34:00+09:00",
                "緯度": "36.68",
                "経度": "137.212",
                "夜空の明るさ": "17.62",
                "ばらつき": "0.08",
                "周辺状況": "",
                "備考": "",
                "継続観察登録地点": ""
            }
        },
        {
            "type": "Feature",
            "geometry": {
                "type": "Point",
                "coordinates": [
                    137.211,
                    36.68
                ]
            },
            "properties": {
                "調査時期": "2025_S",
                "No": "134",
                "都道府県": "富山県",
                "市区町村": "富山市",
                "撮影場所": "",
                "撮影日時": "2025-08-22T20:31:00+09:00",
                "緯度": "36.68",
                "経度": "137.211",
                "夜空の明るさ": "17.59",
                "ばらつき": "0.1",
                "周辺状況": "",
                "備考": "",
                "継続観察登録地点": ""
            }
        },
        {
            "type": "Feature",
            "geometry": {
                "type": "Point",
                "coordinates": [
                    137.212,
                    36.68
                ]
            },
            "properties": {
                "調査時期": "2025_S",
                "No": "135",
                "都道府県": "富山県",
                "市区町村": "富山市",
                "撮影場所": "",
                "撮影日時": "2025-08-22T20:24:00+09:00",
                "緯度": "36.68",
                "経度": "137.212",
                "夜空の明るさ": "17.53",
                "ばらつき": "0.1",
                "周辺状況": "",
                "備考": "",
                "継続観察登録地点": ""
            }
        },
        {
            "type": "Feature",
            "geometry": {
                "type": "Point",
                "coordinates": [
                    137.212,
                    36.681
                ]
            },
            "properties": {
                "調査時期": "2025_S",
                "No": "136",
                "都道府県": "富山県",
                "市区町村": "富山市",
                "撮影場所": "",
                "撮影日時": "2025-08-22T20:30:00+09:00",
                "緯度": "36.681",
                "経度": "137.212",
                "夜空の明るさ": "17.59",
                "ばらつき": "0.06",
                "周辺状況": "",
                "備考": "",
                "継続観察登録地点": ""
            }
        },
        {
            "type": "Feature",
            "geometry": {
                "type": "Point",
                "coordinates": [
                    137.052,
                    36.559
                ]
            },
            "properties": {
                "調査時期": "2025_S",
                "No": "137",
                "都道府県": "富山県",
                "市区町村": "富山市",
                "撮影場所": "",
                "撮影日時": "2025-08-20T21:54:00+09:00",
                "緯度": "36.559",
                "経度": "137.052",
                "夜空の明るさ": "20.62",
                "ばらつき": "0.05",
                "周辺状況": "",
                "備考": "",
                "継続観察登録地点": ""
            }
        },
        {
            "type": "Feature",
            "geometry": {
                "type": "Point",
                "coordinates": [
                    137.052,
                    36.559
                ]
            },
            "properties": {
                "調査時期": "2025_S",
                "No": "138",
                "都道府県": "富山県",
                "市区町村": "富山市",
                "撮影場所": "",
                "撮影日時": "2025-08-17T21:51:00+09:00",
                "緯度": "36.559",
                "経度": "137.052",
                "夜空の明るさ": "20.71",
                "ばらつき": "0.06",
                "周辺状況": "",
                "備考": "",
                "継続観察登録地点": ""
            }
        },
        {
            "type": "Feature",
            "geometry": {
                "type": "Point",
                "coordinates": [
                    137.103,
                    36.66
                ]
            },
            "properties": {
                "調査時期": "2025_S",
                "No": "139",
                "都道府県": "富山県",
                "市区町村": "富山市",
                "撮影場所": "富山県富山市三熊　古洞ダム付近",
                "撮影日時": "2025-08-16T20:25:00+09:00",
                "緯度": "36.66",
                "経度": "137.103",
                "夜空の明るさ": "19.52",
                "ばらつき": "0.08",
                "周辺状況": "自然公園等",
                "備考": "",
                "継続観察登録地点": "○"
            }
        },
        {
            "type": "Feature",
            "geometry": {
                "type": "Point",
                "coordinates": [
                    137.212,
                    36.68
                ]
            },
            "properties": {
                "調査時期": "2025_S",
                "No": "140",
                "都道府県": "富山県",
                "市区町村": "富山市",
                "撮影場所": "",
                "撮影日時": "2025-08-22T20:36:00+09:00",
                "緯度": "36.68",
                "経度": "137.212",
                "夜空の明るさ": "17.65",
                "ばらつき": "0.06",
                "周辺状況": "",
                "備考": "",
                "継続観察登録地点": ""
            }
        },
        {
            "type": "Feature",
            "geometry": {
                "type": "Point",
                "coordinates": [
                    137.212,
                    36.68
                ]
            },
            "properties": {
                "調査時期": "2025_S",
                "No": "141",
                "都道府県": "富山県",
                "市区町村": "富山市",
                "撮影場所": "",
                "撮影日時": "2025-08-17T20:07:00+09:00",
                "緯度": "36.68",
                "経度": "137.212",
                "夜空の明るさ": "17.91",
                "ばらつき": "0.11",
                "周辺状況": "",
                "備考": "",
                "継続観察登録地点": ""
            }
        },
        {
            "type": "Feature",
            "geometry": {
                "type": "Point",
                "coordinates": [
                    136.873,
                    36.743
                ]
            },
            "properties": {
                "調査時期": "2025_S",
                "No": "142",
                "都道府県": "富山県",
                "市区町村": "高岡市",
                "撮影場所": "",
                "撮影日時": "2025-08-25T21:06:00+09:00",
                "緯度": "36.743",
                "経度": "136.873",
                "夜空の明るさ": "20.05",
                "ばらつき": "0.06",
                "周辺状況": "",
                "備考": "",
                "継続観察登録地点": ""
            }
        },
        {
            "type": "Feature",
            "geometry": {
                "type": "Point",
                "coordinates": [
                    136.961,
                    36.762
                ]
            },
            "properties": {
                "調査時期": "2025_S",
                "No": "143",
                "都道府県": "富山県",
                "市区町村": "高岡市",
                "撮影場所": "",
                "撮影日時": "2025-08-27T21:20:00+09:00",
                "緯度": "36.762",
                "経度": "136.961",
                "夜空の明るさ": "19.63",
                "ばらつき": "0.16",
                "周辺状況": "",
                "備考": "",
                "継続観察登録地点": ""
            }
        },
        {
            "type": "Feature",
            "geometry": {
                "type": "Point",
                "coordinates": [
                    137.404,
                    36.818
                ]
            },
            "properties": {
                "調査時期": "2025_S",
                "No": "144",
                "都道府県": "富山県",
                "市区町村": "魚津市",
                "撮影場所": "",
                "撮影日時": "2025-08-22T21:49:00+09:00",
                "緯度": "36.818",
                "経度": "137.404",
                "夜空の明るさ": "19.26",
                "ばらつき": "0.14",
                "周辺状況": "",
                "備考": "",
                "継続観察登録地点": ""
            }
        },
        {
            "type": "Feature",
            "geometry": {
                "type": "Point",
                "coordinates": [
                    137.474,
                    36.794
                ]
            },
            "properties": {
                "調査時期": "2025_S",
                "No": "145",
                "都道府県": "富山県",
                "市区町村": "魚津市",
                "撮影場所": "",
                "撮影日時": "2025-08-22T21:31:00+09:00",
                "緯度": "36.794",
                "経度": "137.474",
                "夜空の明るさ": "20.51",
                "ばらつき": "0.08",
                "周辺状況": "",
                "備考": "",
                "継続観察登録地点": ""
            }
        },
        {
            "type": "Feature",
            "geometry": {
                "type": "Point",
                "coordinates": [
                    136.992,
                    36.947
                ]
            },
            "properties": {
                "調査時期": "2025_S",
                "No": "146",
                "都道府県": "富山県",
                "市区町村": "氷見市",
                "撮影場所": "",
                "撮影日時": "2025-08-22T21:35:00+09:00",
                "緯度": "36.947",
                "経度": "136.992",
                "夜空の明るさ": "20.01",
                "ばらつき": "0.14",
                "周辺状況": "",
                "備考": "",
                "継続観察登録地点": ""
            }
        },
        {
            "type": "Feature",
            "geometry": {
                "type": "Point",
                "coordinates": [
                    137.425,
                    36.901
                ]
            },
            "properties": {
                "調査時期": "2025_S",
                "No": "147",
                "都道府県": "富山県",
                "市区町村": "黒部市",
                "撮影場所": "富山県黒部市黒部市吉田科学館",
                "撮影日時": "2025-08-17T20:48:00+09:00",
                "緯度": "36.901",
                "経度": "137.425",
                "夜空の明るさ": "19.74",
                "ばらつき": "0.04",
                "周辺状況": "住宅地域",
                "備考": "",
                "継続観察登録地点": "○"
            }
        },
        {
            "type": "Feature",
            "geometry": {
                "type": "Point",
                "coordinates": [
                    137.018,
                    36.586
                ]
            },
            "properties": {
                "調査時期": "2025_S",
                "No": "148",
                "都道府県": "富山県",
                "市区町村": "砺波市",
                "撮影場所": "",
                "撮影日時": "2025-08-17T21:28:00+09:00",
                "緯度": "36.586",
                "経度": "137.018",
                "夜空の明るさ": "20.46",
                "ばらつき": "0.1",
                "周辺状況": "",
                "備考": "",
                "継続観察登録地点": ""
            }
        },
        {
            "type": "Feature",
            "geometry": {
                "type": "Point",
                "coordinates": [
                    136.87,
                    36.708
                ]
            },
            "properties": {
                "調査時期": "2025_S",
                "No": "149",
                "都道府県": "富山県",
                "市区町村": "小矢部市",
                "撮影場所": "",
                "撮影日時": "2025-08-25T20:33:00+09:00",
                "緯度": "36.708",
                "経度": "136.87",
                "夜空の明るさ": "19.78",
                "ばらつき": "0.14",
                "周辺状況": "",
                "備考": "",
                "継続観察登録地点": ""
            }
        },
        {
            "type": "Feature",
            "geometry": {
                "type": "Point",
                "coordinates": [
                    136.94,
                    36.522
                ]
            },
            "properties": {
                "調査時期": "2025_S",
                "No": "150",
                "都道府県": "富山県",
                "市区町村": "南砺市",
                "撮影場所": "",
                "撮影日時": "2025-08-26T20:04:00+09:00",
                "緯度": "36.522",
                "経度": "136.94",
                "夜空の明るさ": "19.41",
                "ばらつき": "0.17",
                "周辺状況": "",
                "備考": "",
                "継続観察登録地点": ""
            }
        },
        {
            "type": "Feature",
            "geometry": {
                "type": "Point",
                "coordinates": [
                    136.946,
                    36.569
                ]
            },
            "properties": {
                "調査時期": "2025_S",
                "No": "151",
                "都道府県": "富山県",
                "市区町村": "南砺市",
                "撮影場所": "",
                "撮影日時": "2025-08-24T21:47:00+09:00",
                "緯度": "36.569",
                "経度": "136.946",
                "夜空の明るさ": "20.02",
                "ばらつき": "0.1",
                "周辺状況": "",
                "備考": "",
                "継続観察登録地点": ""
            }
        },
        {
            "type": "Feature",
            "geometry": {
                "type": "Point",
                "coordinates": [
                    136.876,
                    36.574
                ]
            },
            "properties": {
                "調査時期": "2025_S",
                "No": "152",
                "都道府県": "富山県",
                "市区町村": "南砺市",
                "撮影場所": "",
                "撮影日時": "2025-08-27T20:28:00+09:00",
                "緯度": "36.574",
                "経度": "136.876",
                "夜空の明るさ": "19.85",
                "ばらつき": "0.07",
                "周辺状況": "",
                "備考": "",
                "継続観察登録地点": ""
            }
        },
        {
            "type": "Feature",
            "geometry": {
                "type": "Point",
                "coordinates": [
                    136.933,
                    36.585
                ]
            },
            "properties": {
                "調査時期": "2025_S",
                "No": "153",
                "都道府県": "富山県",
                "市区町村": "南砺市",
                "撮影場所": "",
                "撮影日時": "2025-08-22T20:33:00+09:00",
                "緯度": "36.585",
                "経度": "136.933",
                "夜空の明るさ": "19.44",
                "ばらつき": "0.13",
                "周辺状況": "",
                "備考": "",
                "継続観察登録地点": ""
            }
        },
        {
            "type": "Feature",
            "geometry": {
                "type": "Point",
                "coordinates": [
                    136.669,
                    36.599
                ]
            },
            "properties": {
                "調査時期": "2025_S",
                "No": "154",
                "都道府県": "石川県",
                "市区町村": "金沢市",
                "撮影場所": "",
                "撮影日時": "2025-08-15T22:08:00+09:00",
                "緯度": "36.599",
                "経度": "136.669",
                "夜空の明るさ": "18.61",
                "ばらつき": "0.11",
                "周辺状況": "",
                "備考": "",
                "継続観察登録地点": ""
            }
        },
        {
            "type": "Feature",
            "geometry": {
                "type": "Point",
                "coordinates": [
                    136.488,
                    36.397
                ]
            },
            "properties": {
                "調査時期": "2025_S",
                "No": "155",
                "都道府県": "石川県",
                "市区町村": "小松市",
                "撮影場所": "",
                "撮影日時": "2025-08-18T01:09:00+09:00",
                "緯度": "36.397",
                "経度": "136.488",
                "夜空の明るさ": "",
                "ばらつき": "",
                "周辺状況": "",
                "備考": "測定不可(ピントずれ)",
                "継続観察登録地点": ""
            }
        },
        {
            "type": "Feature",
            "geometry": {
                "type": "Point",
                "coordinates": [
                    136.764,
                    36.887
                ]
            },
            "properties": {
                "調査時期": "2025_S",
                "No": "156",
                "都道府県": "石川県",
                "市区町村": "羽咋市",
                "撮影場所": "",
                "撮影日時": "2025-08-24T21:41:00+09:00",
                "緯度": "36.887",
                "経度": "136.764",
                "夜空の明るさ": "20.13",
                "ばらつき": "0.13",
                "周辺状況": "",
                "備考": "",
                "継続観察登録地点": ""
            }
        },
        {
            "type": "Feature",
            "geometry": {
                "type": "Point",
                "coordinates": [
                    136.705,
                    36.719
                ]
            },
            "properties": {
                "調査時期": "2025_S",
                "No": "157",
                "都道府県": "石川県",
                "市区町村": "かほく市",
                "撮影場所": "",
                "撮影日時": "2025-08-20T21:27:00+09:00",
                "緯度": "36.719",
                "経度": "136.705",
                "夜空の明るさ": "18.85",
                "ばらつき": "0.12",
                "周辺状況": "",
                "備考": "",
                "継続観察登録地点": ""
            }
        },
        {
            "type": "Feature",
            "geometry": {
                "type": "Point",
                "coordinates": [
                    136.711,
                    36.726
                ]
            },
            "properties": {
                "調査時期": "2025_S",
                "No": "158",
                "都道府県": "石川県",
                "市区町村": "かほく市",
                "撮影場所": "",
                "撮影日時": "2025-08-24T20:16:00+09:00",
                "緯度": "36.726",
                "経度": "136.711",
                "夜空の明るさ": "19.27",
                "ばらつき": "0.16",
                "周辺状況": "",
                "備考": "",
                "継続観察登録地点": ""
            }
        },
        {
            "type": "Feature",
            "geometry": {
                "type": "Point",
                "coordinates": [
                    136.733,
                    36.767
                ]
            },
            "properties": {
                "調査時期": "2025_S",
                "No": "159",
                "都道府県": "石川県",
                "市区町村": "かほく市",
                "撮影場所": "",
                "撮影日時": "2025-08-24T20:38:00+09:00",
                "緯度": "36.767",
                "経度": "136.733",
                "夜空の明るさ": "19.76",
                "ばらつき": "0.1",
                "周辺状況": "",
                "備考": "",
                "継続観察登録地点": ""
            }
        },
        {
            "type": "Feature",
            "geometry": {
                "type": "Point",
                "coordinates": [
                    136.716,
                    36.739
                ]
            },
            "properties": {
                "調査時期": "2025_S",
                "No": "160",
                "都道府県": "石川県",
                "市区町村": "かほく市",
                "撮影場所": "",
                "撮影日時": "2025-08-24T20:22:00+09:00",
                "緯度": "36.739",
                "経度": "136.716",
                "夜空の明るさ": "19.52",
                "ばらつき": "0.14",
                "周辺状況": "",
                "備考": "",
                "継続観察登録地点": ""
            }
        },
        {
            "type": "Feature",
            "geometry": {
                "type": "Point",
                "coordinates": [
                    136.705,
                    36.71
                ]
            },
            "properties": {
                "調査時期": "2025_S",
                "No": "161",
                "都道府県": "石川県",
                "市区町村": "かほく市",
                "撮影場所": "",
                "撮影日時": "2025-08-24T20:05:00+09:00",
                "緯度": "36.71",
                "経度": "136.705",
                "夜空の明るさ": "18.19",
                "ばらつき": "0.25",
                "周辺状況": "",
                "備考": "",
                "継続観察登録地点": ""
            }
        },
        {
            "type": "Feature",
            "geometry": {
                "type": "Point",
                "coordinates": [
                    136.721,
                    36.75
                ]
            },
            "properties": {
                "調査時期": "2025_S",
                "No": "162",
                "都道府県": "石川県",
                "市区町村": "かほく市",
                "撮影場所": "",
                "撮影日時": "2025-08-24T20:29:00+09:00",
                "緯度": "36.75",
                "経度": "136.721",
                "夜空の明るさ": "19.62",
                "ばらつき": "0.15",
                "周辺状況": "",
                "備考": "",
                "継続観察登録地点": ""
            }
        },
        {
            "type": "Feature",
            "geometry": {
                "type": "Point",
                "coordinates": [
                    136.704,
                    36.719
                ]
            },
            "properties": {
                "調査時期": "2025_S",
                "No": "163",
                "都道府県": "石川県",
                "市区町村": "かほく市",
                "撮影場所": "",
                "撮影日時": "2025-08-14T20:05:00+09:00",
                "緯度": "36.719",
                "経度": "136.704",
                "夜空の明るさ": "19.25",
                "ばらつき": "0.11",
                "周辺状況": "",
                "備考": "",
                "継続観察登録地点": ""
            }
        },
        {
            "type": "Feature",
            "geometry": {
                "type": "Point",
                "coordinates": [
                    136.705,
                    36.71
                ]
            },
            "properties": {
                "調査時期": "2025_S",
                "No": "164",
                "都道府県": "石川県",
                "市区町村": "かほく市",
                "撮影場所": "",
                "撮影日時": "2025-08-24T20:05:00+09:00",
                "緯度": "36.71",
                "経度": "136.705",
                "夜空の明るさ": "18.17",
                "ばらつき": "0.25",
                "周辺状況": "",
                "備考": "",
                "継続観察登録地点": ""
            }
        },
        {
            "type": "Feature",
            "geometry": {
                "type": "Point",
                "coordinates": [
                    136.769,
                    36.791
                ]
            },
            "properties": {
                "調査時期": "2025_S",
                "No": "165",
                "都道府県": "石川県",
                "市区町村": "宝達志水町",
                "撮影場所": "",
                "撮影日時": "2025-08-24T20:49:00+09:00",
                "緯度": "36.791",
                "経度": "136.769",
                "夜空の明るさ": "20.34",
                "ばらつき": "0.14",
                "周辺状況": "",
                "備考": "",
                "継続観察登録地点": ""
            }
        },
        {
            "type": "Feature",
            "geometry": {
                "type": "Point",
                "coordinates": [
                    136.807,
                    36.859
                ]
            },
            "properties": {
                "調査時期": "2025_S",
                "No": "166",
                "都道府県": "石川県",
                "市区町村": "宝達志水町",
                "撮影場所": "",
                "撮影日時": "2025-08-24T21:23:00+09:00",
                "緯度": "36.859",
                "経度": "136.807",
                "夜空の明るさ": "20.4",
                "ばらつき": "0.09",
                "周辺状況": "",
                "備考": "",
                "継続観察登録地点": ""
            }
        },
        {
            "type": "Feature",
            "geometry": {
                "type": "Point",
                "coordinates": [
                    136.769,
                    36.832
                ]
            },
            "properties": {
                "調査時期": "2025_S",
                "No": "167",
                "都道府県": "石川県",
                "市区町村": "宝達志水町",
                "撮影場所": "",
                "撮影日時": "2025-08-24T21:10:00+09:00",
                "緯度": "36.832",
                "経度": "136.769",
                "夜空の明るさ": "20.23",
                "ばらつき": "0.15",
                "周辺状況": "",
                "備考": "",
                "継続観察登録地点": ""
            }
        },
        {
            "type": "Feature",
            "geometry": {
                "type": "Point",
                "coordinates": [
                    136.789,
                    36.804
                ]
            },
            "properties": {
                "調査時期": "2025_S",
                "No": "168",
                "都道府県": "石川県",
                "市区町村": "宝達志水町",
                "撮影場所": "",
                "撮影日時": "2025-08-24T20:57:00+09:00",
                "緯度": "36.804",
                "経度": "136.789",
                "夜空の明るさ": "20.53",
                "ばらつき": "0.12",
                "周辺状況": "",
                "備考": "",
                "継続観察登録地点": ""
            }
        },
        {
            "type": "Feature",
            "geometry": {
                "type": "Point",
                "coordinates": [
                    137.137,
                    37.335
                ]
            },
            "properties": {
                "調査時期": "2025_S",
                "No": "169",
                "都道府県": "石川県",
                "市区町村": "能登町",
                "撮影場所": "石川県柳田星の観察館「満天星」 ",
                "撮影日時": "2025-08-25T20:18:00+09:00",
                "緯度": "37.335",
                "経度": "137.137",
                "夜空の明るさ": "21.98",
                "ばらつき": "0.24",
                "周辺状況": "自然公園等",
                "備考": "",
                "継続観察登録地点": "○"
            }
        },
        {
            "type": "Feature",
            "geometry": {
                "type": "Point",
                "coordinates": [
                    137.137,
                    37.335
                ]
            },
            "properties": {
                "調査時期": "2025_S",
                "No": "170",
                "都道府県": "石川県",
                "市区町村": "能登町",
                "撮影場所": "石川県柳田星の観察館「満天星」 ",
                "撮影日時": "2025-08-27T21:10:00+09:00",
                "緯度": "37.335",
                "経度": "137.137",
                "夜空の明るさ": "21.33",
                "ばらつき": "0.05",
                "周辺状況": "自然公園等",
                "備考": "",
                "継続観察登録地点": "○"
            }
        },
        {
            "type": "Feature",
            "geometry": {
                "type": "Point",
                "coordinates": [
                    137.137,
                    37.335
                ]
            },
            "properties": {
                "調査時期": "2025_S",
                "No": "171",
                "都道府県": "石川県",
                "市区町村": "能登町",
                "撮影場所": "石川県柳田星の観察館「満天星」 ",
                "撮影日時": "2025-08-25T21:06:00+09:00",
                "緯度": "37.335",
                "経度": "137.137",
                "夜空の明るさ": "21.82",
                "ばらつき": "0.24",
                "周辺状況": "自然公園等",
                "備考": "",
                "継続観察登録地点": "○"
            }
        },
        {
            "type": "Feature",
            "geometry": {
                "type": "Point",
                "coordinates": [
                    137.137,
                    37.335
                ]
            },
            "properties": {
                "調査時期": "2025_S",
                "No": "172",
                "都道府県": "石川県",
                "市区町村": "能登町",
                "撮影場所": "石川県柳田星の観察館「満天星」 ",
                "撮影日時": "2025-08-25T21:09:00+09:00",
                "緯度": "37.335",
                "経度": "137.137",
                "夜空の明るさ": "21.42",
                "ばらつき": "0.08",
                "周辺状況": "自然公園等",
                "備考": "",
                "継続観察登録地点": "○"
            }
        },
        {
            "type": "Feature",
            "geometry": {
                "type": "Point",
                "coordinates": [
                    137.137,
                    37.335
                ]
            },
            "properties": {
                "調査時期": "2025_S",
                "No": "173",
                "都道府県": "石川県",
                "市区町村": "能登町",
                "撮影場所": "石川県柳田星の観察館「満天星」 ",
                "撮影日時": "2025-08-25T21:14:00+09:00",
                "緯度": "37.335",
                "経度": "137.137",
                "夜空の明るさ": "21.9",
                "ばらつき": "0.15",
                "周辺状況": "自然公園等",
                "備考": "",
                "継続観察登録地点": "○"
            }
        },
        {
            "type": "Feature",
            "geometry": {
                "type": "Point",
                "coordinates": [
                    137.137,
                    37.335
                ]
            },
            "properties": {
                "調査時期": "2025_S",
                "No": "174",
                "都道府県": "石川県",
                "市区町村": "能登町",
                "撮影場所": "石川県柳田星の観察館「満天星」 ",
                "撮影日時": "2025-08-27T21:07:00+09:00",
                "緯度": "37.335",
                "経度": "137.137",
                "夜空の明るさ": "21.69",
                "ばらつき": "0.21",
                "周辺状況": "自然公園等",
                "備考": "",
                "継続観察登録地点": "○"
            }
        },
        {
            "type": "Feature",
            "geometry": {
                "type": "Point",
                "coordinates": [
                    137.137,
                    37.335
                ]
            },
            "properties": {
                "調査時期": "2025_S",
                "No": "175",
                "都道府県": "石川県",
                "市区町村": "能登町",
                "撮影場所": "石川県柳田星の観察館「満天星」 ",
                "撮影日時": "2025-08-15T21:49:00+09:00",
                "緯度": "37.335",
                "経度": "137.137",
                "夜空の明るさ": "21.74",
                "ばらつき": "0.38",
                "周辺状況": "自然公園等",
                "備考": "",
                "継続観察登録地点": "○"
            }
        },
        {
            "type": "Feature",
            "geometry": {
                "type": "Point",
                "coordinates": [
                    137.225,
                    37.32
                ]
            },
            "properties": {
                "調査時期": "2025_S",
                "No": "176",
                "都道府県": "石川県",
                "市区町村": "能登町",
                "撮影場所": "",
                "撮影日時": "2025-08-19T21:05:00+09:00",
                "緯度": "37.32",
                "経度": "137.225",
                "夜空の明るさ": "20.53",
                "ばらつき": "0.24",
                "周辺状況": "",
                "備考": "",
                "継続観察登録地点": ""
            }
        },
        {
            "type": "Feature",
            "geometry": {
                "type": "Point",
                "coordinates": [
                    137.137,
                    37.335
                ]
            },
            "properties": {
                "調査時期": "2025_S",
                "No": "177",
                "都道府県": "石川県",
                "市区町村": "能登町",
                "撮影場所": "石川県柳田星の観察館「満天星」 ",
                "撮影日時": "2025-08-18T21:32:00+09:00",
                "緯度": "37.335",
                "経度": "137.137",
                "夜空の明るさ": "21.54",
                "ばらつき": "0.37",
                "周辺状況": "自然公園等",
                "備考": "",
                "継続観察登録地点": "○"
            }
        },
        {
            "type": "Feature",
            "geometry": {
                "type": "Point",
                "coordinates": [
                    137.137,
                    37.335
                ]
            },
            "properties": {
                "調査時期": "2025_S",
                "No": "178",
                "都道府県": "石川県",
                "市区町村": "能登町",
                "撮影場所": "石川県柳田星の観察館「満天星」 ",
                "撮影日時": "2025-08-15T21:30:00+09:00",
                "緯度": "37.335",
                "経度": "137.137",
                "夜空の明るさ": "21.8",
                "ばらつき": "0.37",
                "周辺状況": "自然公園等",
                "備考": "",
                "継続観察登録地点": "○"
            }
        },
        {
            "type": "Feature",
            "geometry": {
                "type": "Point",
                "coordinates": [
                    137.137,
                    37.335
                ]
            },
            "properties": {
                "調査時期": "2025_S",
                "No": "179",
                "都道府県": "石川県",
                "市区町村": "能登町",
                "撮影場所": "石川県柳田星の観察館「満天星」 ",
                "撮影日時": "2025-08-18T21:36:00+09:00",
                "緯度": "37.335",
                "経度": "137.137",
                "夜空の明るさ": "21.52",
                "ばらつき": "0.36",
                "周辺状況": "自然公園等",
                "備考": "",
                "継続観察登録地点": "○"
            }
        },
        {
            "type": "Feature",
            "geometry": {
                "type": "Point",
                "coordinates": [
                    137.137,
                    37.335
                ]
            },
            "properties": {
                "調査時期": "2025_S",
                "No": "180",
                "都道府県": "石川県",
                "市区町村": "能登町",
                "撮影場所": "石川県柳田星の観察館「満天星」 ",
                "撮影日時": "2025-08-25T20:17:00+09:00",
                "緯度": "37.335",
                "経度": "137.137",
                "夜空の明るさ": "22.07",
                "ばらつき": "0.19",
                "周辺状況": "自然公園等",
                "備考": "",
                "継続観察登録地点": "○"
            }
        },
        {
            "type": "Feature",
            "geometry": {
                "type": "Point",
                "coordinates": [
                    137.137,
                    37.335
                ]
            },
            "properties": {
                "調査時期": "2025_S",
                "No": "181",
                "都道府県": "石川県",
                "市区町村": "能登町",
                "撮影場所": "石川県柳田星の観察館「満天星」 ",
                "撮影日時": "2025-08-15T21:23:00+09:00",
                "緯度": "37.335",
                "経度": "137.137",
                "夜空の明るさ": "21.98",
                "ばらつき": "0.32",
                "周辺状況": "自然公園等",
                "備考": "",
                "継続観察登録地点": "○"
            }
        },
        {
            "type": "Feature",
            "geometry": {
                "type": "Point",
                "coordinates": [
                    137.137,
                    37.335
                ]
            },
            "properties": {
                "調査時期": "2025_S",
                "No": "182",
                "都道府県": "石川県",
                "市区町村": "能登町",
                "撮影場所": "石川県柳田星の観察館「満天星」 ",
                "撮影日時": "2025-08-14T21:16:00+09:00",
                "緯度": "37.335",
                "経度": "137.137",
                "夜空の明るさ": "21.61",
                "ばらつき": "0.28",
                "周辺状況": "自然公園等",
                "備考": "",
                "継続観察登録地点": "○"
            }
        },
        {
            "type": "Feature",
            "geometry": {
                "type": "Point",
                "coordinates": [
                    137.137,
                    37.335
                ]
            },
            "properties": {
                "調査時期": "2025_S",
                "No": "183",
                "都道府県": "石川県",
                "市区町村": "能登町",
                "撮影場所": "石川県柳田星の観察館「満天星」 ",
                "撮影日時": "2025-08-18T21:39:00+09:00",
                "緯度": "37.335",
                "経度": "137.137",
                "夜空の明るさ": "21.47",
                "ばらつき": "0.27",
                "周辺状況": "自然公園等",
                "備考": "",
                "継続観察登録地点": "○"
            }
        },
        {
            "type": "Feature",
            "geometry": {
                "type": "Point",
                "coordinates": [
                    137.137,
                    37.335
                ]
            },
            "properties": {
                "調査時期": "2025_S",
                "No": "184",
                "都道府県": "石川県",
                "市区町村": "能登町",
                "撮影場所": "石川県柳田星の観察館「満天星」 ",
                "撮影日時": "2025-08-18T21:26:00+09:00",
                "緯度": "37.335",
                "経度": "137.137",
                "夜空の明るさ": "21.48",
                "ばらつき": "0.23",
                "周辺状況": "自然公園等",
                "備考": "",
                "継続観察登録地点": "○"
            }
        },
        {
            "type": "Feature",
            "geometry": {
                "type": "Point",
                "coordinates": [
                    136.581,
                    36.02
                ]
            },
            "properties": {
                "調査時期": "2025_S",
                "No": "185",
                "都道府県": "福井県",
                "市区町村": "大野市",
                "撮影場所": "",
                "撮影日時": "2025-08-15T20:52:00+09:00",
                "緯度": "36.02",
                "経度": "136.581",
                "夜空の明るさ": "20.61",
                "ばらつき": "0.15",
                "周辺状況": "",
                "備考": "",
                "継続観察登録地点": ""
            }
        },
        {
            "type": "Feature",
            "geometry": {
                "type": "Point",
                "coordinates": [
                    136.581,
                    36.02
                ]
            },
            "properties": {
                "調査時期": "2025_S",
                "No": "186",
                "都道府県": "福井県",
                "市区町村": "大野市",
                "撮影場所": "",
                "撮影日時": "2025-08-15T21:23:00+09:00",
                "緯度": "36.02",
                "経度": "136.581",
                "夜空の明るさ": "19.61",
                "ばらつき": "0.75",
                "周辺状況": "",
                "備考": "参考値(薄雲)",
                "継続観察登録地点": ""
            }
        },
        {
            "type": "Feature",
            "geometry": {
                "type": "Point",
                "coordinates": [
                    136.581,
                    36.019
                ]
            },
            "properties": {
                "調査時期": "2025_S",
                "No": "187",
                "都道府県": "福井県",
                "市区町村": "大野市",
                "撮影場所": "",
                "撮影日時": "2025-08-15T21:55:00+09:00",
                "緯度": "36.019",
                "経度": "136.581",
                "夜空の明るさ": "20.06",
                "ばらつき": "0.55",
                "周辺状況": "",
                "備考": "",
                "継続観察登録地点": ""
            }
        },
        {
            "type": "Feature",
            "geometry": {
                "type": "Point",
                "coordinates": [
                    136.582,
                    36.021
                ]
            },
            "properties": {
                "調査時期": "2025_S",
                "No": "188",
                "都道府県": "福井県",
                "市区町村": "大野市",
                "撮影場所": "",
                "撮影日時": "2025-08-16T21:56:00+09:00",
                "緯度": "36.021",
                "経度": "136.582",
                "夜空の明るさ": "21.24",
                "ばらつき": "0.1",
                "周辺状況": "",
                "備考": "",
                "継続観察登録地点": ""
            }
        },
        {
            "type": "Feature",
            "geometry": {
                "type": "Point",
                "coordinates": [
                    136.582,
                    36.021
                ]
            },
            "properties": {
                "調査時期": "2025_S",
                "No": "189",
                "都道府県": "福井県",
                "市区町村": "大野市",
                "撮影場所": "福井県自然保護センター観察棟",
                "撮影日時": "2025-08-21T21:51:00+09:00",
                "緯度": "36.021",
                "経度": "136.582",
                "夜空の明るさ": "20.86",
                "ばらつき": "0.12",
                "周辺状況": "自然公園等",
                "備考": "",
                "継続観察登録地点": "○"
            }
        },
        {
            "type": "Feature",
            "geometry": {
                "type": "Point",
                "coordinates": [
                    136.581,
                    36.02
                ]
            },
            "properties": {
                "調査時期": "2025_S",
                "No": "190",
                "都道府県": "福井県",
                "市区町村": "大野市",
                "撮影場所": "",
                "撮影日時": "2025-08-15T20:52:00+09:00",
                "緯度": "36.02",
                "経度": "136.581",
                "夜空の明るさ": "20.63",
                "ばらつき": "0.13",
                "周辺状況": "",
                "備考": "",
                "継続観察登録地点": ""
            }
        },
        {
            "type": "Feature",
            "geometry": {
                "type": "Point",
                "coordinates": [
                    136.581,
                    36.02
                ]
            },
            "properties": {
                "調査時期": "2025_S",
                "No": "191",
                "都道府県": "福井県",
                "市区町村": "大野市",
                "撮影場所": "",
                "撮影日時": "2025-08-15T21:31:00+09:00",
                "緯度": "36.02",
                "経度": "136.581",
                "夜空の明るさ": "20.55",
                "ばらつき": "0.18",
                "周辺状況": "",
                "備考": "",
                "継続観察登録地点": ""
            }
        },
        {
            "type": "Feature",
            "geometry": {
                "type": "Point",
                "coordinates": [
                    136.581,
                    36.019
                ]
            },
            "properties": {
                "調査時期": "2025_S",
                "No": "192",
                "都道府県": "福井県",
                "市区町村": "大野市",
                "撮影場所": "",
                "撮影日時": "2025-08-15T20:32:00+09:00",
                "緯度": "36.019",
                "経度": "136.581",
                "夜空の明るさ": "21",
                "ばらつき": "0.13",
                "周辺状況": "",
                "備考": "",
                "継続観察登録地点": ""
            }
        },
        {
            "type": "Feature",
            "geometry": {
                "type": "Point",
                "coordinates": [
                    136.581,
                    36.02
                ]
            },
            "properties": {
                "調査時期": "2025_S",
                "No": "193",
                "都道府県": "福井県",
                "市区町村": "大野市",
                "撮影場所": "",
                "撮影日時": "2025-08-15T21:01:00+09:00",
                "緯度": "36.02",
                "経度": "136.581",
                "夜空の明るさ": "20.45",
                "ばらつき": "0.18",
                "周辺状況": "",
                "備考": "",
                "継続観察登録地点": ""
            }
        },
        {
            "type": "Feature",
            "geometry": {
                "type": "Point",
                "coordinates": [
                    136.581,
                    36.019
                ]
            },
            "properties": {
                "調査時期": "2025_S",
                "No": "194",
                "都道府県": "福井県",
                "市区町村": "大野市",
                "撮影場所": "",
                "撮影日時": "2025-08-15T21:42:00+09:00",
                "緯度": "36.019",
                "経度": "136.581",
                "夜空の明るさ": "20.39",
                "ばらつき": "0.23",
                "周辺状況": "",
                "備考": "",
                "継続観察登録地点": ""
            }
        },
        {
            "type": "Feature",
            "geometry": {
                "type": "Point",
                "coordinates": [
                    136.582,
                    36.021
                ]
            },
            "properties": {
                "調査時期": "2025_S",
                "No": "195",
                "都道府県": "福井県",
                "市区町村": "大野市",
                "撮影場所": "福井県自然保護センター観察棟",
                "撮影日時": "2025-08-21T22:07:00+09:00",
                "緯度": "36.021",
                "経度": "136.582",
                "夜空の明るさ": "20.88",
                "ばらつき": "0.08",
                "周辺状況": "自然公園等",
                "備考": "",
                "継続観察登録地点": "○"
            }
        },
        {
            "type": "Feature",
            "geometry": {
                "type": "Point",
                "coordinates": [
                    136.581,
                    36.02
                ]
            },
            "properties": {
                "調査時期": "2025_S",
                "No": "196",
                "都道府県": "福井県",
                "市区町村": "大野市",
                "撮影場所": "",
                "撮影日時": "2025-08-19T21:00:00+09:00",
                "緯度": "36.02",
                "経度": "136.581",
                "夜空の明るさ": "20.37",
                "ばらつき": "0.16",
                "周辺状況": "",
                "備考": "",
                "継続観察登録地点": ""
            }
        },
        {
            "type": "Feature",
            "geometry": {
                "type": "Point",
                "coordinates": [
                    136.581,
                    36.02
                ]
            },
            "properties": {
                "調査時期": "2025_S",
                "No": "197",
                "都道府県": "福井県",
                "市区町村": "大野市",
                "撮影場所": "",
                "撮影日時": "2025-08-20T20:33:00+09:00",
                "緯度": "36.02",
                "経度": "136.581",
                "夜空の明るさ": "20.33",
                "ばらつき": "0.09",
                "周辺状況": "",
                "備考": "",
                "継続観察登録地点": ""
            }
        },
        {
            "type": "Feature",
            "geometry": {
                "type": "Point",
                "coordinates": [
                    136.581,
                    36.02
                ]
            },
            "properties": {
                "調査時期": "2025_S",
                "No": "198",
                "都道府県": "福井県",
                "市区町村": "大野市",
                "撮影場所": "",
                "撮影日時": "2025-08-20T20:18:00+09:00",
                "緯度": "36.02",
                "経度": "136.581",
                "夜空の明るさ": "20.33",
                "ばらつき": "0.1",
                "周辺状況": "",
                "備考": "",
                "継続観察登録地点": ""
            }
        },
        {
            "type": "Feature",
            "geometry": {
                "type": "Point",
                "coordinates": [
                    136.581,
                    36.02
                ]
            },
            "properties": {
                "調査時期": "2025_S",
                "No": "199",
                "都道府県": "福井県",
                "市区町村": "大野市",
                "撮影場所": "",
                "撮影日時": "2025-08-19T20:57:00+09:00",
                "緯度": "36.02",
                "経度": "136.581",
                "夜空の明るさ": "20.38",
                "ばらつき": "0.12",
                "周辺状況": "",
                "備考": "",
                "継続観察登録地点": ""
            }
        },
        {
            "type": "Feature",
            "geometry": {
                "type": "Point",
                "coordinates": [
                    136.581,
                    36.019
                ]
            },
            "properties": {
                "調査時期": "2025_S",
                "No": "200",
                "都道府県": "福井県",
                "市区町村": "大野市",
                "撮影場所": "",
                "撮影日時": "2025-08-20T21:37:00+09:00",
                "緯度": "36.019",
                "経度": "136.581",
                "夜空の明るさ": "20.36",
                "ばらつき": "0.12",
                "周辺状況": "",
                "備考": "",
                "継続観察登録地点": ""
            }
        },
        {
            "type": "Feature",
            "geometry": {
                "type": "Point",
                "coordinates": [
                    136.575,
                    36.018
                ]
            },
            "properties": {
                "調査時期": "2025_S",
                "No": "201",
                "都道府県": "福井県",
                "市区町村": "大野市",
                "撮影場所": "",
                "撮影日時": "2025-08-19T21:33:00+09:00",
                "緯度": "36.018",
                "経度": "136.575",
                "夜空の明るさ": "18.07",
                "ばらつき": "1.81",
                "周辺状況": "",
                "備考": "測定不可(雲量大)",
                "継続観察登録地点": ""
            }
        },
        {
            "type": "Feature",
            "geometry": {
                "type": "Point",
                "coordinates": [
                    136.581,
                    36.02
                ]
            },
            "properties": {
                "調査時期": "2025_S",
                "No": "202",
                "都道府県": "福井県",
                "市区町村": "大野市",
                "撮影場所": "",
                "撮影日時": "2025-08-20T20:53:00+09:00",
                "緯度": "36.02",
                "経度": "136.581",
                "夜空の明るさ": "20.38",
                "ばらつき": "0.1",
                "周辺状況": "",
                "備考": "",
                "継続観察登録地点": ""
            }
        },
        {
            "type": "Feature",
            "geometry": {
                "type": "Point",
                "coordinates": [
                    136.581,
                    36.02
                ]
            },
            "properties": {
                "調査時期": "2025_S",
                "No": "203",
                "都道府県": "福井県",
                "市区町村": "大野市",
                "撮影場所": "",
                "撮影日時": "2025-08-15T20:38:00+09:00",
                "緯度": "36.02",
                "経度": "136.581",
                "夜空の明るさ": "20.95",
                "ばらつき": "0.15",
                "周辺状況": "",
                "備考": "",
                "継続観察登録地点": ""
            }
        },
        {
            "type": "Feature",
            "geometry": {
                "type": "Point",
                "coordinates": [
                    135.972,
                    35.979
                ]
            },
            "properties": {
                "調査時期": "2025_S",
                "No": "204",
                "都道府県": "福井県",
                "市区町村": "越前町",
                "撮影場所": "",
                "撮影日時": "2025-08-19T21:20:00+09:00",
                "緯度": "35.979",
                "経度": "135.972",
                "夜空の明るさ": "20.66",
                "ばらつき": "0.13",
                "周辺状況": "",
                "備考": "",
                "継続観察登録地点": ""
            }
        },
        {
            "type": "Feature",
            "geometry": {
                "type": "Point",
                "coordinates": [
                    135.64,
                    35.405
                ]
            },
            "properties": {
                "調査時期": "2025_S",
                "No": "205",
                "都道府県": "福井県",
                "市区町村": "おおい町",
                "撮影場所": "大飯郡おおい町名田庄中",
                "撮影日時": "2025-08-26T21:38:00+09:00",
                "緯度": "35.405",
                "経度": "135.64",
                "夜空の明るさ": "21.39",
                "ばらつき": "0.27",
                "周辺状況": "農業地域",
                "備考": "",
                "継続観察登録地点": "○"
            }
        },
        {
            "type": "Feature",
            "geometry": {
                "type": "Point",
                "coordinates": [
                    135.64,
                    35.405
                ]
            },
            "properties": {
                "調査時期": "2025_S",
                "No": "206",
                "都道府県": "福井県",
                "市区町村": "おおい町",
                "撮影場所": "大飯郡おおい町名田庄中",
                "撮影日時": "2025-08-26T20:36:00+09:00",
                "緯度": "35.405",
                "経度": "135.64",
                "夜空の明るさ": "20.5",
                "ばらつき": "0.17",
                "周辺状況": "農業地域",
                "備考": "",
                "継続観察登録地点": "○"
            }
        },
        {
            "type": "Feature",
            "geometry": {
                "type": "Point",
                "coordinates": [
                    135.57,
                    35.396
                ]
            },
            "properties": {
                "調査時期": "2025_S",
                "No": "207",
                "都道府県": "福井県",
                "市区町村": "おおい町",
                "撮影場所": "大飯郡おおい町名田庄納田終",
                "撮影日時": "2025-08-26T21:15:00+09:00",
                "緯度": "35.396",
                "経度": "135.57",
                "夜空の明るさ": "20.69",
                "ばらつき": "0.28",
                "周辺状況": "森林山間地",
                "備考": "",
                "継続観察登録地点": "○"
            }
        },
        {
            "type": "Feature",
            "geometry": {
                "type": "Point",
                "coordinates": [
                    135.682,
                    35.413
                ]
            },
            "properties": {
                "調査時期": "2025_S",
                "No": "208",
                "都道府県": "福井県",
                "市区町村": "おおい町",
                "撮影場所": "大飯郡おおい町名田庄三重",
                "撮影日時": "2025-08-26T21:50:00+09:00",
                "緯度": "35.413",
                "経度": "135.682",
                "夜空の明るさ": "21.66",
                "ばらつき": "0.2",
                "周辺状況": "農業地域",
                "備考": "",
                "継続観察登録地点": "○"
            }
        },
        {
            "type": "Feature",
            "geometry": {
                "type": "Point",
                "coordinates": [
                    135.571,
                    35.396
                ]
            },
            "properties": {
                "調査時期": "2025_S",
                "No": "209",
                "都道府県": "福井県",
                "市区町村": "おおい町",
                "撮影場所": "大飯郡おおい町名田庄納田終",
                "撮影日時": "2025-08-26T21:13:00+09:00",
                "緯度": "35.396",
                "経度": "135.571",
                "夜空の明るさ": "21.25",
                "ばらつき": "0.24",
                "周辺状況": "森林山間地",
                "備考": "",
                "継続観察登録地点": "○"
            }
        },
        {
            "type": "Feature",
            "geometry": {
                "type": "Point",
                "coordinates": [
                    138.804,
                    35.456
                ]
            },
            "properties": {
                "調査時期": "2025_S",
                "No": "210",
                "都道府県": "山梨県",
                "市区町村": "富士吉田市",
                "撮影場所": "富士散策公園",
                "撮影日時": "2025-08-27T20:18:00+09:00",
                "緯度": "35.456",
                "経度": "138.804",
                "夜空の明るさ": "18.85",
                "ばらつき": "0.21",
                "周辺状況": "自然公園等",
                "備考": "",
                "継続観察登録地点": "○"
            }
        },
        {
            "type": "Feature",
            "geometry": {
                "type": "Point",
                "coordinates": [
                    138.767,
                    35.457
                ]
            },
            "properties": {
                "調査時期": "2025_S",
                "No": "211",
                "都道府県": "山梨県",
                "市区町村": "富士吉田市",
                "撮影場所": "富士北麓公園駐車場",
                "撮影日時": "2025-08-27T20:05:00+09:00",
                "緯度": "35.457",
                "経度": "138.767",
                "夜空の明るさ": "18.91",
                "ばらつき": "0.1",
                "周辺状況": "自然公園等",
                "備考": "",
                "継続観察登録地点": "○"
            }
        },
        {
            "type": "Feature",
            "geometry": {
                "type": "Point",
                "coordinates": [
                    138.818,
                    35.484
                ]
            },
            "properties": {
                "調査時期": "2025_S",
                "No": "212",
                "都道府県": "山梨県",
                "市区町村": "富士吉田市",
                "撮影場所": "富士吉田市大明見地内",
                "撮影日時": "2025-08-27T20:34:00+09:00",
                "緯度": "35.484",
                "経度": "138.818",
                "夜空の明るさ": "18.85",
                "ばらつき": "0.1",
                "周辺状況": "住宅地域",
                "備考": "",
                "継続観察登録地点": "○"
            }
        },
        {
            "type": "Feature",
            "geometry": {
                "type": "Point",
                "coordinates": [
                    138.429,
                    35.801
                ]
            },
            "properties": {
                "調査時期": "2025_S",
                "No": "213",
                "都道府県": "山梨県",
                "市区町村": "北杜市",
                "撮影場所": "",
                "撮影日時": "2025-08-27T19:56:00+09:00",
                "緯度": "35.801",
                "経度": "138.429",
                "夜空の明るさ": "19.87",
                "ばらつき": "0.09",
                "周辺状況": "",
                "備考": "",
                "継続観察登録地点": ""
            }
        },
        {
            "type": "Feature",
            "geometry": {
                "type": "Point",
                "coordinates": [
                    138.503,
                    35.857
                ]
            },
            "properties": {
                "調査時期": "2025_S",
                "No": "214",
                "都道府県": "山梨県",
                "市区町村": "北杜市",
                "撮影場所": "",
                "撮影日時": "2025-08-23T20:26:00+09:00",
                "緯度": "35.857",
                "経度": "138.503",
                "夜空の明るさ": "20.63",
                "ばらつき": "0.14",
                "周辺状況": "",
                "備考": "",
                "継続観察登録地点": ""
            }
        },
        {
            "type": "Feature",
            "geometry": {
                "type": "Point",
                "coordinates": [
                    138.736,
                    35.44
                ]
            },
            "properties": {
                "調査時期": "2025_S",
                "No": "215",
                "都道府県": "山梨県",
                "市区町村": "鳴沢村",
                "撮影場所": "",
                "撮影日時": "2025-08-27T20:51:00+09:00",
                "緯度": "35.44",
                "経度": "138.736",
                "夜空の明るさ": "20.32",
                "ばらつき": "0.1",
                "周辺状況": "",
                "備考": "",
                "継続観察登録地点": ""
            }
        },
        {
            "type": "Feature",
            "geometry": {
                "type": "Point",
                "coordinates": [
                    138.73,
                    35.524
                ]
            },
            "properties": {
                "調査時期": "2025_S",
                "No": "216",
                "都道府県": "山梨県",
                "市区町村": "富士河口湖町",
                "撮影場所": "南都留郡富士河口湖町大石",
                "撮影日時": "2025-08-27T20:17:00+09:00",
                "緯度": "35.524",
                "経度": "138.73",
                "夜空の明るさ": "19.68",
                "ばらつき": "0.14",
                "周辺状況": "農業地域",
                "備考": "",
                "継続観察登録地点": "○"
            }
        },
        {
            "type": "Feature",
            "geometry": {
                "type": "Point",
                "coordinates": [
                    138.73,
                    35.524
                ]
            },
            "properties": {
                "調査時期": "2025_S",
                "No": "217",
                "都道府県": "山梨県",
                "市区町村": "富士河口湖町",
                "撮影場所": "南都留郡富士河口湖町大石",
                "撮影日時": "2025-08-19T20:45:00+09:00",
                "緯度": "35.524",
                "経度": "138.73",
                "夜空の明るさ": "20.04",
                "ばらつき": "0.1",
                "周辺状況": "農業地域",
                "備考": "",
                "継続観察登録地点": "○"
            }
        },
        {
            "type": "Feature",
            "geometry": {
                "type": "Point",
                "coordinates": [
                    138.94,
                    35.764
                ]
            },
            "properties": {
                "調査時期": "2025_S",
                "No": "218",
                "都道府県": "山梨県",
                "市区町村": "小菅村",
                "撮影場所": "北都留郡小菅村 小菅村ヘリポート",
                "撮影日時": "2025-08-26T21:47:00+09:00",
                "緯度": "35.764",
                "経度": "138.94",
                "夜空の明るさ": "20.55",
                "ばらつき": "0.08",
                "周辺状況": "森林山間地",
                "備考": "",
                "継続観察登録地点": "○"
            }
        },
        {
            "type": "Feature",
            "geometry": {
                "type": "Point",
                "coordinates": [
                    138.978,
                    35.786
                ]
            },
            "properties": {
                "調査時期": "2025_S",
                "No": "219",
                "都道府県": "山梨県",
                "市区町村": "丹波山村",
                "撮影場所": "北都留郡丹波山村",
                "撮影日時": "2025-08-26T21:12:00+09:00",
                "緯度": "35.786",
                "経度": "138.978",
                "夜空の明るさ": "20.47",
                "ばらつき": "0.11",
                "周辺状況": "森林山間地",
                "備考": "",
                "継続観察登録地点": "○"
            }
        },
        {
            "type": "Feature",
            "geometry": {
                "type": "Point",
                "coordinates": [
                    138.087,
                    36.773
                ]
            },
            "properties": {
                "調査時期": "2025_S",
                "No": "220",
                "都道府県": "長野県",
                "市区町村": "長野市",
                "撮影場所": "",
                "撮影日時": "2025-08-27T21:09:00+09:00",
                "緯度": "36.773",
                "経度": "138.087",
                "夜空の明るさ": "21.34",
                "ばらつき": "0.19",
                "周辺状況": "",
                "備考": "",
                "継続観察登録地点": ""
            }
        },
        {
            "type": "Feature",
            "geometry": {
                "type": "Point",
                "coordinates": [
                    138.189,
                    36.592
                ]
            },
            "properties": {
                "調査時期": "2025_S",
                "No": "221",
                "都道府県": "長野県",
                "市区町村": "長野市",
                "撮影場所": "長野市立博物館",
                "撮影日時": "2025-08-27T21:40:00+09:00",
                "緯度": "36.592",
                "経度": "138.189",
                "夜空の明るさ": "19.15",
                "ばらつき": "0.12",
                "周辺状況": "自然公園等",
                "備考": "",
                "継続観察登録地点": "○"
            }
        },
        {
            "type": "Feature",
            "geometry": {
                "type": "Point",
                "coordinates": [
                    138.146,
                    36.721
                ]
            },
            "properties": {
                "調査時期": "2025_S",
                "No": "222",
                "都道府県": "長野県",
                "市区町村": "長野市",
                "撮影場所": "",
                "撮影日時": "2025-08-27T21:58:00+09:00",
                "緯度": "36.721",
                "経度": "138.146",
                "夜空の明るさ": "20.31",
                "ばらつき": "0.28",
                "周辺状況": "",
                "備考": "",
                "継続観察登録地点": ""
            }
        },
        {
            "type": "Feature",
            "geometry": {
                "type": "Point",
                "coordinates": [
                    138.124,
                    36.711
                ]
            },
            "properties": {
                "調査時期": "2025_S",
                "No": "223",
                "都道府県": "長野県",
                "市区町村": "長野市",
                "撮影場所": "",
                "撮影日時": "2025-08-27T21:48:00+09:00",
                "緯度": "36.711",
                "経度": "138.124",
                "夜空の明るさ": "20.94",
                "ばらつき": "0.09",
                "周辺状況": "",
                "備考": "",
                "継続観察登録地点": ""
            }
        },
        {
            "type": "Feature",
            "geometry": {
                "type": "Point",
                "coordinates": [
                    138.087,
                    36.774
                ]
            },
            "properties": {
                "調査時期": "2025_S",
                "No": "224",
                "都道府県": "長野県",
                "市区町村": "長野市",
                "撮影場所": "",
                "撮影日時": "2025-08-27T21:09:00+09:00",
                "緯度": "36.774",
                "経度": "138.087",
                "夜空の明るさ": "21.35",
                "ばらつき": "0.19",
                "周辺状況": "",
                "備考": "",
                "継続観察登録地点": ""
            }
        },
        {
            "type": "Feature",
            "geometry": {
                "type": "Point",
                "coordinates": [
                    138.093,
                    36.754
                ]
            },
            "properties": {
                "調査時期": "2025_S",
                "No": "225",
                "都道府県": "長野県",
                "市区町村": "長野市",
                "撮影場所": "",
                "撮影日時": "2025-08-27T20:53:00+09:00",
                "緯度": "36.754",
                "経度": "138.093",
                "夜空の明るさ": "21.12",
                "ばらつき": "0.2",
                "周辺状況": "",
                "備考": "",
                "継続観察登録地点": ""
            }
        },
        {
            "type": "Feature",
            "geometry": {
                "type": "Point",
                "coordinates": [
                    138.093,
                    36.754
                ]
            },
            "properties": {
                "調査時期": "2025_S",
                "No": "226",
                "都道府県": "長野県",
                "市区町村": "長野市",
                "撮影場所": "",
                "撮影日時": "2025-08-27T20:51:00+09:00",
                "緯度": "36.754",
                "経度": "138.093",
                "夜空の明るさ": "21.11",
                "ばらつき": "0.17",
                "周辺状況": "",
                "備考": "",
                "継続観察登録地点": ""
            }
        },
        {
            "type": "Feature",
            "geometry": {
                "type": "Point",
                "coordinates": [
                    138.146,
                    36.721
                ]
            },
            "properties": {
                "調査時期": "2025_S",
                "No": "227",
                "都道府県": "長野県",
                "市区町村": "長野市",
                "撮影場所": "",
                "撮影日時": "2025-08-27T21:59:00+09:00",
                "緯度": "36.721",
                "経度": "138.146",
                "夜空の明るさ": "20.1",
                "ばらつき": "0.28",
                "周辺状況": "",
                "備考": "",
                "継続観察登録地点": ""
            }
        },
        {
            "type": "Feature",
            "geometry": {
                "type": "Point",
                "coordinates": [
                    138.063,
                    36.749
                ]
            },
            "properties": {
                "調査時期": "2025_S",
                "No": "228",
                "都道府県": "長野県",
                "市区町村": "長野市",
                "撮影場所": "",
                "撮影日時": "2025-08-27T20:16:00+09:00",
                "緯度": "36.749",
                "経度": "138.063",
                "夜空の明るさ": "21.24",
                "ばらつき": "0.16",
                "周辺状況": "",
                "備考": "",
                "継続観察登録地点": ""
            }
        },
        {
            "type": "Feature",
            "geometry": {
                "type": "Point",
                "coordinates": [
                    138.004,
                    36.235
                ]
            },
            "properties": {
                "調査時期": "2025_S",
                "No": "229",
                "都道府県": "長野県",
                "市区町村": "松本市",
                "撮影場所": "",
                "撮影日時": "2025-08-27T22:12:00+09:00",
                "緯度": "36.235",
                "経度": "138.004",
                "夜空の明るさ": "18.9",
                "ばらつき": "0.43",
                "周辺状況": "",
                "備考": "参考値(薄雲)",
                "継続観察登録地点": ""
            }
        },
        {
            "type": "Feature",
            "geometry": {
                "type": "Point",
                "coordinates": [
                    137.749,
                    36.153
                ]
            },
            "properties": {
                "調査時期": "2025_S",
                "No": "230",
                "都道府県": "長野県",
                "市区町村": "松本市",
                "撮影場所": "",
                "撮影日時": "2025-08-26T20:56:00+09:00",
                "緯度": "36.153",
                "経度": "137.749",
                "夜空の明るさ": "20.84",
                "ばらつき": "0.19",
                "周辺状況": "",
                "備考": "",
                "継続観察登録地点": ""
            }
        },
        {
            "type": "Feature",
            "geometry": {
                "type": "Point",
                "coordinates": [
                    137.718,
                    36.134
                ]
            },
            "properties": {
                "調査時期": "2025_S",
                "No": "231",
                "都道府県": "長野県",
                "市区町村": "松本市",
                "撮影場所": "奈川渡ダム駐車場",
                "撮影日時": "2025-08-26T22:06:00+09:00",
                "緯度": "36.134",
                "経度": "137.718",
                "夜空の明るさ": "20.17",
                "ばらつき": "0.29",
                "周辺状況": "森林山間地",
                "備考": "",
                "継続観察登録地点": "○"
            }
        },
        {
            "type": "Feature",
            "geometry": {
                "type": "Point",
                "coordinates": [
                    137.642,
                    36.121
                ]
            },
            "properties": {
                "調査時期": "2025_S",
                "No": "232",
                "都道府県": "長野県",
                "市区町村": "松本市",
                "撮影場所": "乗鞍高原・いがや",
                "撮影日時": "2025-08-22T22:19:00+09:00",
                "緯度": "36.121",
                "経度": "137.642",
                "夜空の明るさ": "21.08",
                "ばらつき": "0.06",
                "周辺状況": "自然公園等",
                "備考": "",
                "継続観察登録地点": "○"
            }
        },
        {
            "type": "Feature",
            "geometry": {
                "type": "Point",
                "coordinates": [
                    137.963,
                    36.231
                ]
            },
            "properties": {
                "調査時期": "2025_S",
                "No": "233",
                "都道府県": "長野県",
                "市区町村": "松本市",
                "撮影場所": "松本駅西口",
                "撮影日時": "2025-08-27T20:42:00+09:00",
                "緯度": "36.231",
                "経度": "137.963",
                "夜空の明るさ": "17.36",
                "ばらつき": "0.07",
                "周辺状況": "商業地域",
                "備考": "",
                "継続観察登録地点": "○"
            }
        },
        {
            "type": "Feature",
            "geometry": {
                "type": "Point",
                "coordinates": [
                    137.977,
                    36.234
                ]
            },
            "properties": {
                "調査時期": "2025_S",
                "No": "234",
                "都道府県": "長野県",
                "市区町村": "松本市",
                "撮影場所": "松本市中央",
                "撮影日時": "2025-08-27T21:22:00+09:00",
                "緯度": "36.234",
                "経度": "137.977",
                "夜空の明るさ": "17.71",
                "ばらつき": "0.03",
                "周辺状況": "商業地域",
                "備考": "",
                "継続観察登録地点": "○"
            }
        },
        {
            "type": "Feature",
            "geometry": {
                "type": "Point",
                "coordinates": [
                    137.955,
                    36.258
                ]
            },
            "properties": {
                "調査時期": "2025_S",
                "No": "235",
                "都道府県": "長野県",
                "市区町村": "松本市",
                "撮影場所": "アルプス公園駐車場",
                "撮影日時": "2025-08-27T21:55:00+09:00",
                "緯度": "36.258",
                "経度": "137.955",
                "夜空の明るさ": "19.51",
                "ばらつき": "0.14",
                "周辺状況": "自然公園等",
                "備考": "",
                "継続観察登録地点": "○"
            }
        },
        {
            "type": "Feature",
            "geometry": {
                "type": "Point",
                "coordinates": [
                    137.804,
                    36.183
                ]
            },
            "properties": {
                "調査時期": "2025_S",
                "No": "236",
                "都道府県": "長野県",
                "市区町村": "松本市",
                "撮影場所": "",
                "撮影日時": "2025-08-26T20:43:00+09:00",
                "緯度": "36.183",
                "経度": "137.804",
                "夜空の明るさ": "20.3",
                "ばらつき": "0.13",
                "周辺状況": "",
                "備考": "",
                "継続観察登録地点": ""
            }
        },
        {
            "type": "Feature",
            "geometry": {
                "type": "Point",
                "coordinates": [
                    137.658,
                    36.127
                ]
            },
            "properties": {
                "調査時期": "2025_S",
                "No": "237",
                "都道府県": "長野県",
                "市区町村": "松本市",
                "撮影場所": "",
                "撮影日時": "2025-08-22T22:10:00+09:00",
                "緯度": "36.127",
                "経度": "137.658",
                "夜空の明るさ": "21.08",
                "ばらつき": "0.15",
                "周辺状況": "",
                "備考": "",
                "継続観察登録地点": ""
            }
        },
        {
            "type": "Feature",
            "geometry": {
                "type": "Point",
                "coordinates": [
                    137.856,
                    36.202
                ]
            },
            "properties": {
                "調査時期": "2025_S",
                "No": "238",
                "都道府県": "長野県",
                "市区町村": "松本市",
                "撮影場所": "",
                "撮影日時": "2025-08-19T20:18:00+09:00",
                "緯度": "36.202",
                "経度": "137.856",
                "夜空の明るさ": "19.34",
                "ばらつき": "0.02",
                "周辺状況": "",
                "備考": "",
                "継続観察登録地点": ""
            }
        },
        {
            "type": "Feature",
            "geometry": {
                "type": "Point",
                "coordinates": [
                    137.559,
                    36.124
                ]
            },
            "properties": {
                "調査時期": "2025_S",
                "No": "239",
                "都道府県": "長野県",
                "市区町村": "松本市",
                "撮影場所": "",
                "撮影日時": "2025-08-17T22:11:00+09:00",
                "緯度": "36.124",
                "経度": "137.559",
                "夜空の明るさ": "21.32",
                "ばらつき": "0.23",
                "周辺状況": "",
                "備考": "",
                "継続観察登録地点": ""
            }
        },
        {
            "type": "Feature",
            "geometry": {
                "type": "Point",
                "coordinates": [
                    137.962,
                    36.192
                ]
            },
            "properties": {
                "調査時期": "2025_S",
                "No": "240",
                "都道府県": "長野県",
                "市区町村": "松本市",
                "撮影場所": "平田駅西口",
                "撮影日時": "2025-08-19T20:56:00+09:00",
                "緯度": "36.192",
                "経度": "137.962",
                "夜空の明るさ": "18.12",
                "ばらつき": "0.09",
                "周辺状況": "住宅地域",
                "備考": "",
                "継続観察登録地点": "○"
            }
        },
        {
            "type": "Feature",
            "geometry": {
                "type": "Point",
                "coordinates": [
                    137.918,
                    36.184
                ]
            },
            "properties": {
                "調査時期": "2025_S",
                "No": "241",
                "都道府県": "長野県",
                "市区町村": "松本市",
                "撮影場所": "西南公園",
                "撮影日時": "2025-08-19T20:39:00+09:00",
                "緯度": "36.184",
                "経度": "137.918",
                "夜空の明るさ": "18.88",
                "ばらつき": "0.11",
                "周辺状況": "自然公園等",
                "備考": "",
                "継続観察登録地点": "○"
            }
        },
        {
            "type": "Feature",
            "geometry": {
                "type": "Point",
                "coordinates": [
                    137.961,
                    36.192
                ]
            },
            "properties": {
                "調査時期": "2025_S",
                "No": "242",
                "都道府県": "長野県",
                "市区町村": "松本市",
                "撮影場所": "平田駅西口",
                "撮影日時": "2025-08-19T21:46:00+09:00",
                "緯度": "36.192",
                "経度": "137.961",
                "夜空の明るさ": "18.38",
                "ばらつき": "0.14",
                "周辺状況": "住宅地域",
                "備考": "",
                "継続観察登録地点": "○"
            }
        },
        {
            "type": "Feature",
            "geometry": {
                "type": "Point",
                "coordinates": [
                    137.703,
                    36.046
                ]
            },
            "properties": {
                "調査時期": "2025_S",
                "No": "243",
                "都道府県": "長野県",
                "市区町村": "松本市",
                "撮影場所": "奈川高原",
                "撮影日時": "2025-08-26T21:44:00+09:00",
                "緯度": "36.046",
                "経度": "137.703",
                "夜空の明るさ": "19.63",
                "ばらつき": "0",
                "周辺状況": "自然公園等",
                "備考": "測定不可(雲量大)",
                "継続観察登録地点": "○"
            }
        },
        {
            "type": "Feature",
            "geometry": {
                "type": "Point",
                "coordinates": [
                    137.642,
                    36.12
                ]
            },
            "properties": {
                "調査時期": "2025_S",
                "No": "244",
                "都道府県": "長野県",
                "市区町村": "松本市",
                "撮影場所": "乗鞍高原・いがや",
                "撮影日時": "2025-08-26T22:24:00+09:00",
                "緯度": "36.12",
                "経度": "137.642",
                "夜空の明るさ": "20.98",
                "ばらつき": "0.28",
                "周辺状況": "自然公園等",
                "備考": "",
                "継続観察登録地点": "○"
            }
        },
        {
            "type": "Feature",
            "geometry": {
                "type": "Point",
                "coordinates": [
                    138.219,
                    36.351
                ]
            },
            "properties": {
                "調査時期": "2025_S",
                "No": "245",
                "都道府県": "長野県",
                "市区町村": "上田市",
                "撮影場所": "古安曽観測所前",
                "撮影日時": "2025-08-19T21:02:00+09:00",
                "緯度": "36.351",
                "経度": "138.219",
                "夜空の明るさ": "19.77",
                "ばらつき": "0.1",
                "周辺状況": "農業地域",
                "備考": "",
                "継続観察登録地点": "○"
            }
        },
        {
            "type": "Feature",
            "geometry": {
                "type": "Point",
                "coordinates": [
                    138.219,
                    36.351
                ]
            },
            "properties": {
                "調査時期": "2025_S",
                "No": "246",
                "都道府県": "長野県",
                "市区町村": "上田市",
                "撮影場所": "古安曽観測所前",
                "撮影日時": "2025-08-19T21:01:00+09:00",
                "緯度": "36.351",
                "経度": "138.219",
                "夜空の明るさ": "19.79",
                "ばらつき": "0.14",
                "周辺状況": "農業地域",
                "備考": "",
                "継続観察登録地点": "○"
            }
        },
        {
            "type": "Feature",
            "geometry": {
                "type": "Point",
                "coordinates": [
                    138.016,
                    36.063
                ]
            },
            "properties": {
                "調査時期": "2025_S",
                "No": "247",
                "都道府県": "長野県",
                "市区町村": "岡谷市",
                "撮影場所": "塩嶺王城パーク駐車場",
                "撮影日時": "2025-08-21T21:09:00+09:00",
                "緯度": "36.063",
                "経度": "138.016",
                "夜空の明るさ": "19.44",
                "ばらつき": "0.12",
                "周辺状況": "自然公園等",
                "備考": "",
                "継続観察登録地点": "○"
            }
        },
        {
            "type": "Feature",
            "geometry": {
                "type": "Point",
                "coordinates": [
                    138.05,
                    36.067
                ]
            },
            "properties": {
                "調査時期": "2025_S",
                "No": "248",
                "都道府県": "長野県",
                "市区町村": "岡谷市",
                "撮影場所": "",
                "撮影日時": "2025-08-27T21:11:00+09:00",
                "緯度": "36.067",
                "経度": "138.05",
                "夜空の明るさ": "18.91",
                "ばらつき": "0.1",
                "周辺状況": "",
                "備考": "",
                "継続観察登録地点": ""
            }
        },
        {
            "type": "Feature",
            "geometry": {
                "type": "Point",
                "coordinates": [
                    137.823,
                    35.453
                ]
            },
            "properties": {
                "調査時期": "2025_S",
                "No": "249",
                "都道府県": "長野県",
                "市区町村": "飯田市",
                "撮影場所": "",
                "撮影日時": "2025-08-22T20:13:00+09:00",
                "緯度": "35.453",
                "経度": "137.823",
                "夜空の明るさ": "19.15",
                "ばらつき": "0.08",
                "周辺状況": "",
                "備考": "",
                "継続観察登録地点": ""
            }
        },
        {
            "type": "Feature",
            "geometry": {
                "type": "Point",
                "coordinates": [
                    138.11,
                    36.044
                ]
            },
            "properties": {
                "調査時期": "2025_S",
                "No": "250",
                "都道府県": "長野県",
                "市区町村": "諏訪市",
                "撮影場所": "",
                "撮影日時": "2025-08-17T22:13:00+09:00",
                "緯度": "36.044",
                "経度": "138.11",
                "夜空の明るさ": "18.59",
                "ばらつき": "0.17",
                "周辺状況": "",
                "備考": "",
                "継続観察登録地点": ""
            }
        },
        {
            "type": "Feature",
            "geometry": {
                "type": "Point",
                "coordinates": [
                    138.015,
                    35.864
                ]
            },
            "properties": {
                "調査時期": "2025_S",
                "No": "251",
                "都道府県": "長野県",
                "市区町村": "伊那市",
                "撮影場所": "",
                "撮影日時": "2025-08-19T20:51:00+09:00",
                "緯度": "35.864",
                "経度": "138.015",
                "夜空の明るさ": "20.07",
                "ばらつき": "0.13",
                "周辺状況": "",
                "備考": "",
                "継続観察登録地点": ""
            }
        },
        {
            "type": "Feature",
            "geometry": {
                "type": "Point",
                "coordinates": [
                    137.91,
                    35.721
                ]
            },
            "properties": {
                "調査時期": "2025_S",
                "No": "252",
                "都道府県": "長野県",
                "市区町村": "駒ヶ根市",
                "撮影場所": "日本電産長野技術研究開発センター周辺",
                "撮影日時": "2025-08-19T20:45:00+09:00",
                "緯度": "35.721",
                "経度": "137.91",
                "夜空の明るさ": "19.18",
                "ばらつき": "0.15",
                "周辺状況": "農業地域",
                "備考": "",
                "継続観察登録地点": "○"
            }
        },
        {
            "type": "Feature",
            "geometry": {
                "type": "Point",
                "coordinates": [
                    137.929,
                    35.711
                ]
            },
            "properties": {
                "調査時期": "2025_S",
                "No": "253",
                "都道府県": "長野県",
                "市区町村": "駒ヶ根市",
                "撮影場所": "長野県駒ヶ根工業高等学校周辺",
                "撮影日時": "2025-08-19T20:57:00+09:00",
                "緯度": "35.711",
                "経度": "137.929",
                "夜空の明るさ": "19.68",
                "ばらつき": "0.17",
                "周辺状況": "住宅地域",
                "備考": "",
                "継続観察登録地点": "○"
            }
        },
        {
            "type": "Feature",
            "geometry": {
                "type": "Point",
                "coordinates": [
                    137.9,
                    35.73
                ]
            },
            "properties": {
                "調査時期": "2025_S",
                "No": "254",
                "都道府県": "長野県",
                "市区町村": "駒ヶ根市",
                "撮影場所": "駒ヶ根高原家族旅行村アルプスの丘周辺",
                "撮影日時": "2025-08-19T20:35:00+09:00",
                "緯度": "35.73",
                "経度": "137.9",
                "夜空の明るさ": "19.41",
                "ばらつき": "0.15",
                "周辺状況": "自然公園等",
                "備考": "",
                "継続観察登録地点": "○"
            }
        },
        {
            "type": "Feature",
            "geometry": {
                "type": "Point",
                "coordinates": [
                    138.018,
                    35.748
                ]
            },
            "properties": {
                "調査時期": "2025_S",
                "No": "255",
                "都道府県": "長野県",
                "市区町村": "駒ヶ根市",
                "撮影場所": "",
                "撮影日時": "2025-08-19T20:57:00+09:00",
                "緯度": "35.748",
                "経度": "138.018",
                "夜空の明るさ": "21.05",
                "ばらつき": "0.16",
                "周辺状況": "",
                "備考": "",
                "継続観察登録地点": ""
            }
        },
        {
            "type": "Feature",
            "geometry": {
                "type": "Point",
                "coordinates": [
                    138.03,
                    35.734
                ]
            },
            "properties": {
                "調査時期": "2025_S",
                "No": "256",
                "都道府県": "長野県",
                "市区町村": "駒ヶ根市",
                "撮影場所": "",
                "撮影日時": "2025-08-19T20:27:00+09:00",
                "緯度": "35.734",
                "経度": "138.03",
                "夜空の明るさ": "20.87",
                "ばらつき": "0.23",
                "周辺状況": "",
                "備考": "",
                "継続観察登録地点": ""
            }
        },
        {
            "type": "Feature",
            "geometry": {
                "type": "Point",
                "coordinates": [
                    137.983,
                    35.718
                ]
            },
            "properties": {
                "調査時期": "2025_S",
                "No": "257",
                "都道府県": "長野県",
                "市区町村": "駒ヶ根市",
                "撮影場所": "",
                "撮影日時": "2025-08-19T20:05:00+09:00",
                "緯度": "35.718",
                "経度": "137.983",
                "夜空の明るさ": "20.51",
                "ばらつき": "0.06",
                "周辺状況": "",
                "備考": "",
                "継続観察登録地点": ""
            }
        },
        {
            "type": "Feature",
            "geometry": {
                "type": "Point",
                "coordinates": [
                    137.933,
                    35.744
                ]
            },
            "properties": {
                "調査時期": "2025_S",
                "No": "258",
                "都道府県": "長野県",
                "市区町村": "駒ヶ根市",
                "撮影場所": "",
                "撮影日時": "2025-08-19T21:44:00+09:00",
                "緯度": "35.744",
                "経度": "137.933",
                "夜空の明るさ": "19.77",
                "ばらつき": "0.02",
                "周辺状況": "",
                "備考": "",
                "継続観察登録地点": ""
            }
        },
        {
            "type": "Feature",
            "geometry": {
                "type": "Point",
                "coordinates": [
                    137.891,
                    35.741
                ]
            },
            "properties": {
                "調査時期": "2025_S",
                "No": "259",
                "都道府県": "長野県",
                "市区町村": "駒ヶ根市",
                "撮影場所": "長野県駒ヶ根市赤穂駒ヶ池駐車場",
                "撮影日時": "2025-08-19T20:23:00+09:00",
                "緯度": "35.741",
                "経度": "137.891",
                "夜空の明るさ": "19.68",
                "ばらつき": "0.14",
                "周辺状況": "森林山間地",
                "備考": "",
                "継続観察登録地点": "○"
            }
        },
        {
            "type": "Feature",
            "geometry": {
                "type": "Point",
                "coordinates": [
                    137.851,
                    36.502
                ]
            },
            "properties": {
                "調査時期": "2025_S",
                "No": "260",
                "都道府県": "長野県",
                "市区町村": "大町市",
                "撮影場所": "大町市大町 大町市役所",
                "撮影日時": "2025-08-27T19:56:00+09:00",
                "緯度": "36.502",
                "経度": "137.851",
                "夜空の明るさ": "19.66",
                "ばらつき": "0.1",
                "周辺状況": "住宅地域",
                "備考": "",
                "継続観察登録地点": "○"
            }
        },
        {
            "type": "Feature",
            "geometry": {
                "type": "Point",
                "coordinates": [
                    138.388,
                    36.932
                ]
            },
            "properties": {
                "調査時期": "2025_S",
                "No": "261",
                "都道府県": "長野県",
                "市区町村": "飯山市",
                "撮影場所": "",
                "撮影日時": "2025-08-22T20:29:00+09:00",
                "緯度": "36.932",
                "経度": "138.388",
                "夜空の明るさ": "20.5",
                "ばらつき": "0.14",
                "周辺状況": "",
                "備考": "",
                "継続観察登録地点": ""
            }
        },
        {
            "type": "Feature",
            "geometry": {
                "type": "Point",
                "coordinates": [
                    138.179,
                    36.006
                ]
            },
            "properties": {
                "調査時期": "2025_S",
                "No": "262",
                "都道府県": "長野県",
                "市区町村": "茅野市",
                "撮影場所": "",
                "撮影日時": "2025-08-19T20:39:00+09:00",
                "緯度": "36.006",
                "経度": "138.179",
                "夜空の明るさ": "19.44",
                "ばらつき": "0.09",
                "周辺状況": "",
                "備考": "",
                "継続観察登録地点": ""
            }
        },
        {
            "type": "Feature",
            "geometry": {
                "type": "Point",
                "coordinates": [
                    138.231,
                    36.013
                ]
            },
            "properties": {
                "調査時期": "2025_S",
                "No": "263",
                "都道府県": "長野県",
                "市区町村": "茅野市",
                "撮影場所": "",
                "撮影日時": "2025-08-19T21:24:00+09:00",
                "緯度": "36.013",
                "経度": "138.231",
                "夜空の明るさ": "20.41",
                "ばらつき": "0.17",
                "周辺状況": "",
                "備考": "",
                "継続観察登録地点": ""
            }
        },
        {
            "type": "Feature",
            "geometry": {
                "type": "Point",
                "coordinates": [
                    137.968,
                    36.101
                ]
            },
            "properties": {
                "調査時期": "2025_S",
                "No": "264",
                "都道府県": "長野県",
                "市区町村": "塩尻市",
                "撮影場所": "塩尻東地区センター",
                "撮影日時": "2025-08-19T22:08:00+09:00",
                "緯度": "36.101",
                "経度": "137.968",
                "夜空の明るさ": "19.79",
                "ばらつき": "0.1",
                "周辺状況": "農業地域",
                "備考": "",
                "継続観察登録地点": "○"
            }
        },
        {
            "type": "Feature",
            "geometry": {
                "type": "Point",
                "coordinates": [
                    137.81,
                    35.934
                ]
            },
            "properties": {
                "調査時期": "2025_S",
                "No": "265",
                "都道府県": "長野県",
                "市区町村": "塩尻市",
                "撮影場所": "奈良井ダム",
                "撮影日時": "2025-08-19T20:04:00+09:00",
                "緯度": "35.934",
                "経度": "137.81",
                "夜空の明るさ": "20.82",
                "ばらつき": "0.19",
                "周辺状況": "森林山間地",
                "備考": "",
                "継続観察登録地点": "○"
            }
        },
        {
            "type": "Feature",
            "geometry": {
                "type": "Point",
                "coordinates": [
                    137.809,
                    35.961
                ]
            },
            "properties": {
                "調査時期": "2025_S",
                "No": "266",
                "都道府県": "長野県",
                "市区町村": "塩尻市",
                "撮影場所": "",
                "撮影日時": "2025-08-19T20:22:00+09:00",
                "緯度": "35.961",
                "経度": "137.809",
                "夜空の明るさ": "20.76",
                "ばらつき": "0.19",
                "周辺状況": "",
                "備考": "",
                "継続観察登録地点": ""
            }
        },
        {
            "type": "Feature",
            "geometry": {
                "type": "Point",
                "coordinates": [
                    137.953,
                    36.115
                ]
            },
            "properties": {
                "調査時期": "2025_S",
                "No": "267",
                "都道府県": "長野県",
                "市区町村": "塩尻市",
                "撮影場所": "",
                "撮影日時": "2025-08-19T21:52:00+09:00",
                "緯度": "36.115",
                "経度": "137.953",
                "夜空の明るさ": "18.79",
                "ばらつき": "0.29",
                "周辺状況": "",
                "備考": "",
                "継続観察登録地点": ""
            }
        },
        {
            "type": "Feature",
            "geometry": {
                "type": "Point",
                "coordinates": [
                    137.841,
                    35.986
                ]
            },
            "properties": {
                "調査時期": "2025_S",
                "No": "268",
                "都道府県": "長野県",
                "市区町村": "塩尻市",
                "撮影場所": "",
                "撮影日時": "2025-08-19T20:36:00+09:00",
                "緯度": "35.986",
                "経度": "137.841",
                "夜空の明るさ": "20.85",
                "ばらつき": "0.11",
                "周辺状況": "",
                "備考": "",
                "継続観察登録地点": ""
            }
        },
        {
            "type": "Feature",
            "geometry": {
                "type": "Point",
                "coordinates": [
                    137.907,
                    36.129
                ]
            },
            "properties": {
                "調査時期": "2025_S",
                "No": "269",
                "都道府県": "長野県",
                "市区町村": "塩尻市",
                "撮影場所": "",
                "撮影日時": "2025-08-19T20:50:00+09:00",
                "緯度": "36.129",
                "経度": "137.907",
                "夜空の明るさ": "19.52",
                "ばらつき": "0.13",
                "周辺状況": "",
                "備考": "",
                "継続観察登録地点": ""
            }
        },
        {
            "type": "Feature",
            "geometry": {
                "type": "Point",
                "coordinates": [
                    137.92,
                    36.089
                ]
            },
            "properties": {
                "調査時期": "2025_S",
                "No": "270",
                "都道府県": "長野県",
                "市区町村": "塩尻市",
                "撮影場所": "",
                "撮影日時": "2025-08-19T21:38:00+09:00",
                "緯度": "36.089",
                "経度": "137.92",
                "夜空の明るさ": "19.99",
                "ばらつき": "0.1",
                "周辺状況": "",
                "備考": "",
                "継続観察登録地点": ""
            }
        },
        {
            "type": "Feature",
            "geometry": {
                "type": "Point",
                "coordinates": [
                    137.953,
                    36.115
                ]
            },
            "properties": {
                "調査時期": "2025_S",
                "No": "271",
                "都道府県": "長野県",
                "市区町村": "塩尻市",
                "撮影場所": "塩尻市役所北側駐車場",
                "撮影日時": "2025-08-19T21:03:00+09:00",
                "緯度": "36.115",
                "経度": "137.953",
                "夜空の明るさ": "18.89",
                "ばらつき": "0.13",
                "周辺状況": "住宅地域",
                "備考": "",
                "継続観察登録地点": "○"
            }
        },
        {
            "type": "Feature",
            "geometry": {
                "type": "Point",
                "coordinates": [
                    137.939,
                    36.104
                ]
            },
            "properties": {
                "調査時期": "2025_S",
                "No": "272",
                "都道府県": "長野県",
                "市区町村": "塩尻市",
                "撮影場所": "平出遺跡公園",
                "撮影日時": "2025-08-19T21:16:00+09:00",
                "緯度": "36.104",
                "経度": "137.939",
                "夜空の明るさ": "19.56",
                "ばらつき": "0.09",
                "周辺状況": "自然公園等",
                "備考": "",
                "継続観察登録地点": "○"
            }
        },
        {
            "type": "Feature",
            "geometry": {
                "type": "Point",
                "coordinates": [
                    137.81,
                    35.934
                ]
            },
            "properties": {
                "調査時期": "2025_S",
                "No": "273",
                "都道府県": "長野県",
                "市区町村": "塩尻市",
                "撮影場所": "奈良井ダム",
                "撮影日時": "2025-08-19T20:04:00+09:00",
                "緯度": "35.934",
                "経度": "137.81",
                "夜空の明るさ": "20.82",
                "ばらつき": "0.19",
                "周辺状況": "森林山間地",
                "備考": "",
                "継続観察登録地点": "○"
            }
        },
        {
            "type": "Feature",
            "geometry": {
                "type": "Point",
                "coordinates": [
                    137.971,
                    36.107
                ]
            },
            "properties": {
                "調査時期": "2025_S",
                "No": "274",
                "都道府県": "長野県",
                "市区町村": "塩尻市",
                "撮影場所": "",
                "撮影日時": "2025-08-19T22:20:00+09:00",
                "緯度": "36.107",
                "経度": "137.971",
                "夜空の明るさ": "19.61",
                "ばらつき": "0.19",
                "周辺状況": "",
                "備考": "",
                "継続観察登録地点": ""
            }
        },
        {
            "type": "Feature",
            "geometry": {
                "type": "Point",
                "coordinates": [
                    137.956,
                    36.165
                ]
            },
            "properties": {
                "調査時期": "2025_S",
                "No": "275",
                "都道府県": "長野県",
                "市区町村": "塩尻市",
                "撮影場所": "",
                "撮影日時": "2025-08-21T21:15:00+09:00",
                "緯度": "36.165",
                "経度": "137.956",
                "夜空の明るさ": "17.63",
                "ばらつき": "0.07",
                "周辺状況": "",
                "備考": "",
                "継続観察登録地点": ""
            }
        },
        {
            "type": "Feature",
            "geometry": {
                "type": "Point",
                "coordinates": [
                    137.9,
                    36.065
                ]
            },
            "properties": {
                "調査時期": "2025_S",
                "No": "276",
                "都道府県": "長野県",
                "市区町村": "塩尻市",
                "撮影場所": "",
                "撮影日時": "2025-08-19T21:00:00+09:00",
                "緯度": "36.065",
                "経度": "137.9",
                "夜空の明るさ": "20.43",
                "ばらつき": "0.06",
                "周辺状況": "",
                "備考": "",
                "継続観察登録地点": ""
            }
        },
        {
            "type": "Feature",
            "geometry": {
                "type": "Point",
                "coordinates": [
                    137.98,
                    36.144
                ]
            },
            "properties": {
                "調査時期": "2025_S",
                "No": "277",
                "都道府県": "長野県",
                "市区町村": "塩尻市",
                "撮影場所": "片丘小学校東",
                "撮影日時": "2025-08-19T20:48:00+09:00",
                "緯度": "36.144",
                "経度": "137.98",
                "夜空の明るさ": "19.08",
                "ばらつき": "0.09",
                "周辺状況": "農業地域",
                "備考": "",
                "継続観察登録地点": "○"
            }
        },
        {
            "type": "Feature",
            "geometry": {
                "type": "Point",
                "coordinates": [
                    137.859,
                    36.013
                ]
            },
            "properties": {
                "調査時期": "2025_S",
                "No": "278",
                "都道府県": "長野県",
                "市区町村": "塩尻市",
                "撮影場所": "",
                "撮影日時": "2025-08-19T20:47:00+09:00",
                "緯度": "36.013",
                "経度": "137.859",
                "夜空の明るさ": "20.81",
                "ばらつき": "0.1",
                "周辺状況": "",
                "備考": "",
                "継続観察登録地点": ""
            }
        },
        {
            "type": "Feature",
            "geometry": {
                "type": "Point",
                "coordinates": [
                    137.946,
                    36.164
                ]
            },
            "properties": {
                "調査時期": "2025_S",
                "No": "279",
                "都道府県": "長野県",
                "市区町村": "塩尻市",
                "撮影場所": "長者原公園",
                "撮影日時": "2025-08-17T20:49:00+09:00",
                "緯度": "36.164",
                "経度": "137.946",
                "夜空の明るさ": "18.58",
                "ばらつき": "0.11",
                "周辺状況": "住宅地域",
                "備考": "",
                "継続観察登録地点": "○"
            }
        },
        {
            "type": "Feature",
            "geometry": {
                "type": "Point",
                "coordinates": [
                    137.922,
                    36.157
                ]
            },
            "properties": {
                "調査時期": "2025_S",
                "No": "280",
                "都道府県": "長野県",
                "市区町村": "塩尻市",
                "撮影場所": "信州スカイパーク",
                "撮影日時": "2025-08-17T21:03:00+09:00",
                "緯度": "36.157",
                "経度": "137.922",
                "夜空の明るさ": "18.7",
                "ばらつき": "0.22",
                "周辺状況": "自然公園等",
                "備考": "参考値(薄雲)",
                "継続観察登録地点": "○"
            }
        },
        {
            "type": "Feature",
            "geometry": {
                "type": "Point",
                "coordinates": [
                    137.948,
                    36.115
                ]
            },
            "properties": {
                "調査時期": "2025_S",
                "No": "281",
                "都道府県": "長野県",
                "市区町村": "塩尻市",
                "撮影場所": "",
                "撮影日時": "2025-08-19T21:10:00+09:00",
                "緯度": "36.115",
                "経度": "137.948",
                "夜空の明るさ": "18.43",
                "ばらつき": "0.1",
                "周辺状況": "",
                "備考": "",
                "継続観察登録地点": ""
            }
        },
        {
            "type": "Feature",
            "geometry": {
                "type": "Point",
                "coordinates": [
                    137.943,
                    36.104
                ]
            },
            "properties": {
                "調査時期": "2025_S",
                "No": "282",
                "都道府県": "長野県",
                "市区町村": "塩尻市",
                "撮影場所": "平出遺跡公園",
                "撮影日時": "2025-08-19T21:22:00+09:00",
                "緯度": "36.104",
                "経度": "137.943",
                "夜空の明るさ": "19.52",
                "ばらつき": "0.08",
                "周辺状況": "自然公園等",
                "備考": "",
                "継続観察登録地点": "○"
            }
        },
        {
            "type": "Feature",
            "geometry": {
                "type": "Point",
                "coordinates": [
                    137.938,
                    36.139
                ]
            },
            "properties": {
                "調査時期": "2025_S",
                "No": "283",
                "都道府県": "長野県",
                "市区町村": "塩尻市",
                "撮影場所": "堅石公民館",
                "撮影日時": "2025-08-17T21:32:00+09:00",
                "緯度": "36.139",
                "経度": "137.938",
                "夜空の明るさ": "18.35",
                "ばらつき": "0.28",
                "周辺状況": "農業地域",
                "備考": "参考値(薄雲)",
                "継続観察登録地点": "○"
            }
        },
        {
            "type": "Feature",
            "geometry": {
                "type": "Point",
                "coordinates": [
                    137.944,
                    36.153
                ]
            },
            "properties": {
                "調査時期": "2025_S",
                "No": "284",
                "都道府県": "長野県",
                "市区町村": "塩尻市",
                "撮影場所": "広丘小学校校庭",
                "撮影日時": "2025-08-17T20:39:00+09:00",
                "緯度": "36.153",
                "経度": "137.944",
                "夜空の明るさ": "18.79",
                "ばらつき": "0.05",
                "周辺状況": "住宅地域",
                "備考": "",
                "継続観察登録地点": "○"
            }
        },
        {
            "type": "Feature",
            "geometry": {
                "type": "Point",
                "coordinates": [
                    137.997,
                    36.149
                ]
            },
            "properties": {
                "調査時期": "2025_S",
                "No": "285",
                "都道府県": "長野県",
                "市区町村": "塩尻市",
                "撮影場所": "",
                "撮影日時": "2025-08-19T20:39:00+09:00",
                "緯度": "36.149",
                "経度": "137.997",
                "夜空の明るさ": "19.4",
                "ばらつき": "0.13",
                "周辺状況": "",
                "備考": "",
                "継続観察登録地点": ""
            }
        },
        {
            "type": "Feature",
            "geometry": {
                "type": "Point",
                "coordinates": [
                    138.013,
                    36.149
                ]
            },
            "properties": {
                "調査時期": "2025_S",
                "No": "286",
                "都道府県": "長野県",
                "市区町村": "塩尻市",
                "撮影場所": "",
                "撮影日時": "2025-08-19T20:27:00+09:00",
                "緯度": "36.149",
                "経度": "138.013",
                "夜空の明るさ": "19.82",
                "ばらつき": "0.14",
                "周辺状況": "",
                "備考": "",
                "継続観察登録地点": ""
            }
        },
        {
            "type": "Feature",
            "geometry": {
                "type": "Point",
                "coordinates": [
                    137.969,
                    36.051
                ]
            },
            "properties": {
                "調査時期": "2025_S",
                "No": "287",
                "都道府県": "長野県",
                "市区町村": "塩尻市",
                "撮影場所": "北小野地区センター",
                "撮影日時": "2025-08-21T21:31:00+09:00",
                "緯度": "36.051",
                "経度": "137.969",
                "夜空の明るさ": "19.71",
                "ばらつき": "0.15",
                "周辺状況": "農業地域",
                "備考": "",
                "継続観察登録地点": "○"
            }
        },
        {
            "type": "Feature",
            "geometry": {
                "type": "Point",
                "coordinates": [
                    137.913,
                    36.114
                ]
            },
            "properties": {
                "調査時期": "2025_S",
                "No": "288",
                "都道府県": "長野県",
                "市区町村": "塩尻市",
                "撮影場所": "",
                "撮影日時": "2025-08-19T21:21:00+09:00",
                "緯度": "36.114",
                "経度": "137.913",
                "夜空の明るさ": "19.93",
                "ばらつき": "0.14",
                "周辺状況": "",
                "備考": "",
                "継続観察登録地点": ""
            }
        },
        {
            "type": "Feature",
            "geometry": {
                "type": "Point",
                "coordinates": [
                    137.953,
                    36.116
                ]
            },
            "properties": {
                "調査時期": "2025_S",
                "No": "289",
                "都道府県": "長野県",
                "市区町村": "塩尻市",
                "撮影場所": "",
                "撮影日時": "2025-08-19T21:03:00+09:00",
                "緯度": "36.116",
                "経度": "137.953",
                "夜空の明るさ": "18.6",
                "ばらつき": "0.11",
                "周辺状況": "",
                "備考": "",
                "継続観察登録地点": ""
            }
        },
        {
            "type": "Feature",
            "geometry": {
                "type": "Point",
                "coordinates": [
                    137.958,
                    36.114
                ]
            },
            "properties": {
                "調査時期": "2025_S",
                "No": "290",
                "都道府県": "長野県",
                "市区町村": "塩尻市",
                "撮影場所": "",
                "撮影日時": "2025-08-19T21:59:00+09:00",
                "緯度": "36.114",
                "経度": "137.958",
                "夜空の明るさ": "19.12",
                "ばらつき": "0.19",
                "周辺状況": "",
                "備考": "",
                "継続観察登録地点": ""
            }
        },
        {
            "type": "Feature",
            "geometry": {
                "type": "Point",
                "coordinates": [
                    138.004,
                    36.071
                ]
            },
            "properties": {
                "調査時期": "2025_S",
                "No": "291",
                "都道府県": "長野県",
                "市区町村": "塩尻市",
                "撮影場所": "いこいの森公園",
                "撮影日時": "2025-08-21T20:58:00+09:00",
                "緯度": "36.071",
                "経度": "138.004",
                "夜空の明るさ": "19.15",
                "ばらつき": "0.14",
                "周辺状況": "自然公園等",
                "備考": "",
                "継続観察登録地点": "○"
            }
        },
        {
            "type": "Feature",
            "geometry": {
                "type": "Point",
                "coordinates": [
                    138.429,
                    36.193
                ]
            },
            "properties": {
                "調査時期": "2025_S",
                "No": "292",
                "都道府県": "長野県",
                "市区町村": "佐久市",
                "撮影場所": "",
                "撮影日時": "2025-08-27T21:40:00+09:00",
                "緯度": "36.193",
                "経度": "138.429",
                "夜空の明るさ": "20.7",
                "ばらつき": "0.07",
                "周辺状況": "",
                "備考": "",
                "継続観察登録地点": ""
            }
        },
        {
            "type": "Feature",
            "geometry": {
                "type": "Point",
                "coordinates": [
                    138.429,
                    36.193
                ]
            },
            "properties": {
                "調査時期": "2025_S",
                "No": "293",
                "都道府県": "長野県",
                "市区町村": "佐久市",
                "撮影場所": "うすだスタードーム",
                "撮影日時": "2025-08-27T21:40:00+09:00",
                "緯度": "36.193",
                "経度": "138.429",
                "夜空の明るさ": "20.7",
                "ばらつき": "0.07",
                "周辺状況": "森林山間地",
                "備考": "",
                "継続観察登録地点": "○"
            }
        },
        {
            "type": "Feature",
            "geometry": {
                "type": "Point",
                "coordinates": [
                    138.486,
                    36.198
                ]
            },
            "properties": {
                "調査時期": "2025_S",
                "No": "294",
                "都道府県": "長野県",
                "市区町村": "佐久市",
                "撮影場所": "",
                "撮影日時": "2025-08-26T21:27:00+09:00",
                "緯度": "36.198",
                "経度": "138.486",
                "夜空の明るさ": "19.72",
                "ばらつき": "0.06",
                "周辺状況": "",
                "備考": "",
                "継続観察登録地点": ""
            }
        },
        {
            "type": "Feature",
            "geometry": {
                "type": "Point",
                "coordinates": [
                    138.482,
                    36.192
                ]
            },
            "properties": {
                "調査時期": "2025_S",
                "No": "295",
                "都道府県": "長野県",
                "市区町村": "佐久市",
                "撮影場所": "",
                "撮影日時": "2025-08-26T20:56:00+09:00",
                "緯度": "36.192",
                "経度": "138.482",
                "夜空の明るさ": "19.53",
                "ばらつき": "0.06",
                "周辺状況": "",
                "備考": "",
                "継続観察登録地点": ""
            }
        },
        {
            "type": "Feature",
            "geometry": {
                "type": "Point",
                "coordinates": [
                    138.111,
                    36.528
                ]
            },
            "properties": {
                "調査時期": "2025_S",
                "No": "296",
                "都道府県": "長野県",
                "市区町村": "千曲市",
                "撮影場所": "千曲市 中央公園",
                "撮影日時": "2025-08-27T20:08:00+09:00",
                "緯度": "36.528",
                "経度": "138.111",
                "夜空の明るさ": "19.21",
                "ばらつき": "0.08",
                "周辺状況": "住宅地域",
                "備考": "",
                "継続観察登録地点": "○"
            }
        },
        {
            "type": "Feature",
            "geometry": {
                "type": "Point",
                "coordinates": [
                    138.091,
                    36.501
                ]
            },
            "properties": {
                "調査時期": "2025_S",
                "No": "297",
                "都道府県": "長野県",
                "市区町村": "千曲市",
                "撮影場所": "",
                "撮影日時": "2025-08-27T21:38:00+09:00",
                "緯度": "36.501",
                "経度": "138.091",
                "夜空の明るさ": "20.38",
                "ばらつき": "0.09",
                "周辺状況": "",
                "備考": "",
                "継続観察登録地点": ""
            }
        },
        {
            "type": "Feature",
            "geometry": {
                "type": "Point",
                "coordinates": [
                    138.137,
                    36.534
                ]
            },
            "properties": {
                "調査時期": "2025_S",
                "No": "298",
                "都道府県": "長野県",
                "市区町村": "千曲市",
                "撮影場所": "",
                "撮影日時": "2025-08-27T20:24:00+09:00",
                "緯度": "36.534",
                "経度": "138.137",
                "夜空の明るさ": "19.38",
                "ばらつき": "0.09",
                "周辺状況": "",
                "備考": "",
                "継続観察登録地点": ""
            }
        },
        {
            "type": "Feature",
            "geometry": {
                "type": "Point",
                "coordinates": [
                    138.339,
                    36.361
                ]
            },
            "properties": {
                "調査時期": "2025_S",
                "No": "299",
                "都道府県": "長野県",
                "市区町村": "東御市",
                "撮影場所": "",
                "撮影日時": "2025-08-27T20:39:00+09:00",
                "緯度": "36.361",
                "経度": "138.339",
                "夜空の明るさ": "19.62",
                "ばらつき": "0.09",
                "周辺状況": "",
                "備考": "",
                "継続観察登録地点": ""
            }
        },
        {
            "type": "Feature",
            "geometry": {
                "type": "Point",
                "coordinates": [
                    137.844,
                    36.321
                ]
            },
            "properties": {
                "調査時期": "2025_S",
                "No": "300",
                "都道府県": "長野県",
                "市区町村": "安曇野市",
                "撮影場所": "安曇野市穂高牧 安曇野公園穂高",
                "撮影日時": "2025-08-27T20:54:00+09:00",
                "緯度": "36.321",
                "経度": "137.844",
                "夜空の明るさ": "20.03",
                "ばらつき": "0.21",
                "周辺状況": "農業地域",
                "備考": "",
                "継続観察登録地点": "○"
            }
        },
        {
            "type": "Feature",
            "geometry": {
                "type": "Point",
                "coordinates": [
                    137.884,
                    36.346
                ]
            },
            "properties": {
                "調査時期": "2025_S",
                "No": "301",
                "都道府県": "長野県",
                "市区町村": "安曇野市",
                "撮影場所": "安曇野市穂高 穂高会館",
                "撮影日時": "2025-08-27T21:40:00+09:00",
                "緯度": "36.346",
                "経度": "137.884",
                "夜空の明るさ": "19.8",
                "ばらつき": "0.16",
                "周辺状況": "住宅地域",
                "備考": "",
                "継続観察登録地点": "○"
            }
        },
        {
            "type": "Feature",
            "geometry": {
                "type": "Point",
                "coordinates": [
                    137.906,
                    36.304
                ]
            },
            "properties": {
                "調査時期": "2025_S",
                "No": "302",
                "都道府県": "長野県",
                "市区町村": "安曇野市",
                "撮影場所": "安曇野市豊科 安曇野市役所",
                "撮影日時": "2025-08-27T21:21:00+09:00",
                "緯度": "36.304",
                "経度": "137.906",
                "夜空の明るさ": "19.18",
                "ばらつき": "0.04",
                "周辺状況": "住宅地域",
                "備考": "",
                "継続観察登録地点": "○"
            }
        },
        {
            "type": "Feature",
            "geometry": {
                "type": "Point",
                "coordinates": [
                    138.475,
                    35.978
                ]
            },
            "properties": {
                "調査時期": "2025_S",
                "No": "303",
                "都道府県": "長野県",
                "市区町村": "南牧村",
                "撮影場所": "",
                "撮影日時": "2025-08-23T20:55:00+09:00",
                "緯度": "35.978",
                "経度": "138.475",
                "夜空の明るさ": "20.74",
                "ばらつき": "0.18",
                "周辺状況": "",
                "備考": "",
                "継続観察登録地点": ""
            }
        },
        {
            "type": "Feature",
            "geometry": {
                "type": "Point",
                "coordinates": [
                    138.473,
                    35.941
                ]
            },
            "properties": {
                "調査時期": "2025_S",
                "No": "304",
                "都道府県": "長野県",
                "市区町村": "南牧村",
                "撮影場所": "国立天文台野辺山宇宙電波観測所内",
                "撮影日時": "2025-08-23T20:29:00+09:00",
                "緯度": "35.941",
                "経度": "138.473",
                "夜空の明るさ": "20.28",
                "ばらつき": "0.2",
                "周辺状況": "農業地域",
                "備考": "",
                "継続観察登録地点": "○"
            }
        },
        {
            "type": "Feature",
            "geometry": {
                "type": "Point",
                "coordinates": [
                    138.516,
                    36.061
                ]
            },
            "properties": {
                "調査時期": "2025_S",
                "No": "305",
                "都道府県": "長野県",
                "市区町村": "北相木村",
                "撮影場所": "南佐久郡北相木村栃原",
                "撮影日時": "2025-08-23T20:41:00+09:00",
                "緯度": "36.061",
                "経度": "138.516",
                "夜空の明るさ": "20.59",
                "ばらつき": "0.16",
                "周辺状況": "森林山間地",
                "備考": "",
                "継続観察登録地点": "○"
            }
        },
        {
            "type": "Feature",
            "geometry": {
                "type": "Point",
                "coordinates": [
                    138.489,
                    36.152
                ]
            },
            "properties": {
                "調査時期": "2025_S",
                "No": "306",
                "都道府県": "長野県",
                "市区町村": "佐久穂町",
                "撮影場所": "",
                "撮影日時": "2025-08-26T20:36:00+09:00",
                "緯度": "36.152",
                "経度": "138.489",
                "夜空の明るさ": "20.05",
                "ばらつき": "0.05",
                "周辺状況": "",
                "備考": "",
                "継続観察登録地点": ""
            }
        },
        {
            "type": "Feature",
            "geometry": {
                "type": "Point",
                "coordinates": [
                    138.489,
                    36.152
                ]
            },
            "properties": {
                "調査時期": "2025_S",
                "No": "307",
                "都道府県": "長野県",
                "市区町村": "佐久穂町",
                "撮影場所": "",
                "撮影日時": "2025-08-26T20:36:00+09:00",
                "緯度": "36.152",
                "経度": "138.489",
                "夜空の明るさ": "18.75",
                "ばらつき": "0.11",
                "周辺状況": "",
                "備考": "",
                "継続観察登録地点": ""
            }
        },
        {
            "type": "Feature",
            "geometry": {
                "type": "Point",
                "coordinates": [
                    138.079,
                    36.07
                ]
            },
            "properties": {
                "調査時期": "2025_S",
                "No": "308",
                "都道府県": "長野県",
                "市区町村": "下諏訪町",
                "撮影場所": "",
                "撮影日時": "2025-08-27T21:46:00+09:00",
                "緯度": "36.07",
                "経度": "138.079",
                "夜空の明るさ": "19.44",
                "ばらつき": "0.08",
                "周辺状況": "",
                "備考": "",
                "継続観察登録地点": ""
            }
        },
        {
            "type": "Feature",
            "geometry": {
                "type": "Point",
                "coordinates": [
                    138.078,
                    36.059
                ]
            },
            "properties": {
                "調査時期": "2025_S",
                "No": "309",
                "都道府県": "長野県",
                "市区町村": "下諏訪町",
                "撮影場所": "下諏訪町赤砂崎公園",
                "撮影日時": "2025-08-27T21:33:00+09:00",
                "緯度": "36.059",
                "経度": "138.078",
                "夜空の明るさ": "19.69",
                "ばらつき": "0.1",
                "周辺状況": "自然公園等",
                "備考": "",
                "継続観察登録地点": "○"
            }
        },
        {
            "type": "Feature",
            "geometry": {
                "type": "Point",
                "coordinates": [
                    138.127,
                    36.083
                ]
            },
            "properties": {
                "調査時期": "2025_S",
                "No": "310",
                "都道府県": "長野県",
                "市区町村": "下諏訪町",
                "撮影場所": "",
                "撮影日時": "2025-08-27T22:12:00+09:00",
                "緯度": "36.083",
                "経度": "138.127",
                "夜空の明るさ": "20.58",
                "ばらつき": "0.11",
                "周辺状況": "",
                "備考": "",
                "継続観察登録地点": ""
            }
        },
        {
            "type": "Feature",
            "geometry": {
                "type": "Point",
                "coordinates": [
                    138.282,
                    35.919
                ]
            },
            "properties": {
                "調査時期": "2025_S",
                "No": "311",
                "都道府県": "長野県",
                "市区町村": "富士見町",
                "撮影場所": "",
                "撮影日時": "2025-08-19T22:27:00+09:00",
                "緯度": "35.919",
                "経度": "138.282",
                "夜空の明るさ": "20.86",
                "ばらつき": "0.06",
                "周辺状況": "",
                "備考": "",
                "継続観察登録地点": ""
            }
        },
        {
            "type": "Feature",
            "geometry": {
                "type": "Point",
                "coordinates": [
                    138.266,
                    35.972
                ]
            },
            "properties": {
                "調査時期": "2025_S",
                "No": "312",
                "都道府県": "長野県",
                "市区町村": "原村",
                "撮影場所": "八ヶ岳自然文化園",
                "撮影日時": "2025-08-27T21:43:00+09:00",
                "緯度": "35.972",
                "経度": "138.266",
                "夜空の明るさ": "21.05",
                "ばらつき": "0.05",
                "周辺状況": "自然公園等",
                "備考": "",
                "継続観察登録地点": "○"
            }
        },
        {
            "type": "Feature",
            "geometry": {
                "type": "Point",
                "coordinates": [
                    138.263,
                    35.974
                ]
            },
            "properties": {
                "調査時期": "2025_S",
                "No": "313",
                "都道府県": "長野県",
                "市区町村": "原村",
                "撮影場所": "",
                "撮影日時": "2025-08-19T22:04:00+09:00",
                "緯度": "35.974",
                "経度": "138.263",
                "夜空の明るさ": "20.64",
                "ばらつき": "0.18",
                "周辺状況": "",
                "備考": "",
                "継続観察登録地点": ""
            }
        },
        {
            "type": "Feature",
            "geometry": {
                "type": "Point",
                "coordinates": [
                    138.005,
                    35.888
                ]
            },
            "properties": {
                "調査時期": "2025_S",
                "No": "314",
                "都道府県": "長野県",
                "市区町村": "箕輪町",
                "撮影場所": "",
                "撮影日時": "2025-08-19T20:40:00+09:00",
                "緯度": "35.888",
                "経度": "138.005",
                "夜空の明るさ": "19.77",
                "ばらつき": "0.13",
                "周辺状況": "",
                "備考": "",
                "継続観察登録地点": ""
            }
        },
        {
            "type": "Feature",
            "geometry": {
                "type": "Point",
                "coordinates": [
                    137.988,
                    35.899
                ]
            },
            "properties": {
                "調査時期": "2025_S",
                "No": "315",
                "都道府県": "長野県",
                "市区町村": "箕輪町",
                "撮影場所": "JR木ノ下駅周辺",
                "撮影日時": "2025-08-17T20:32:00+09:00",
                "緯度": "35.899",
                "経度": "137.988",
                "夜空の明るさ": "19.51",
                "ばらつき": "0.09",
                "周辺状況": "住宅地域",
                "備考": "",
                "継続観察登録地点": "○"
            }
        },
        {
            "type": "Feature",
            "geometry": {
                "type": "Point",
                "coordinates": [
                    137.983,
                    35.934
                ]
            },
            "properties": {
                "調査時期": "2025_S",
                "No": "316",
                "都道府県": "長野県",
                "市区町村": "箕輪町",
                "撮影場所": "上伊那郡箕輪町 箕輪北小学校グランド",
                "撮影日時": "2025-08-19T20:21:00+09:00",
                "緯度": "35.934",
                "経度": "137.983",
                "夜空の明るさ": "19.58",
                "ばらつき": "0.05",
                "周辺状況": "住宅地域",
                "備考": "",
                "継続観察登録地点": "○"
            }
        },
        {
            "type": "Feature",
            "geometry": {
                "type": "Point",
                "coordinates": [
                    137.669,
                    35.353
                ]
            },
            "properties": {
                "調査時期": "2025_S",
                "No": "317",
                "都道府県": "長野県",
                "市区町村": "阿智村",
                "撮影場所": "",
                "撮影日時": "2025-08-23T20:58:00+09:00",
                "緯度": "35.353",
                "経度": "137.669",
                "夜空の明るさ": "20.87",
                "ばらつき": "0.12",
                "周辺状況": "",
                "備考": "",
                "継続観察登録地点": ""
            }
        },
        {
            "type": "Feature",
            "geometry": {
                "type": "Point",
                "coordinates": [
                    137.74,
                    35.396
                ]
            },
            "properties": {
                "調査時期": "2025_S",
                "No": "318",
                "都道府県": "長野県",
                "市区町村": "下條村",
                "撮影場所": "",
                "撮影日時": "2025-08-22T20:49:00+09:00",
                "緯度": "35.396",
                "経度": "137.74",
                "夜空の明るさ": "19.96",
                "ばらつき": "0.2",
                "周辺状況": "",
                "備考": "",
                "継続観察登録地点": ""
            }
        },
        {
            "type": "Feature",
            "geometry": {
                "type": "Point",
                "coordinates": [
                    137.772,
                    35.387
                ]
            },
            "properties": {
                "調査時期": "2025_S",
                "No": "319",
                "都道府県": "長野県",
                "市区町村": "下條村",
                "撮影場所": "",
                "撮影日時": "2025-08-16T21:02:00+09:00",
                "緯度": "35.387",
                "経度": "137.772",
                "夜空の明るさ": "20.76",
                "ばらつき": "0.08",
                "周辺状況": "",
                "備考": "",
                "継続観察登録地点": ""
            }
        },
        {
            "type": "Feature",
            "geometry": {
                "type": "Point",
                "coordinates": [
                    137.798,
                    35.412
                ]
            },
            "properties": {
                "調査時期": "2025_S",
                "No": "320",
                "都道府県": "長野県",
                "市区町村": "下條村",
                "撮影場所": "",
                "撮影日時": "2025-08-22T20:28:00+09:00",
                "緯度": "35.412",
                "経度": "137.798",
                "夜空の明るさ": "19.59",
                "ばらつき": "0.14",
                "周辺状況": "",
                "備考": "",
                "継続観察登録地点": ""
            }
        },
        {
            "type": "Feature",
            "geometry": {
                "type": "Point",
                "coordinates": [
                    138.035,
                    35.561
                ]
            },
            "properties": {
                "調査時期": "2025_S",
                "No": "321",
                "都道府県": "長野県",
                "市区町村": "大鹿村",
                "撮影場所": "",
                "撮影日時": "2025-08-18T22:03:00+09:00",
                "緯度": "35.561",
                "経度": "138.035",
                "夜空の明るさ": "21.05",
                "ばらつき": "0.07",
                "周辺状況": "",
                "備考": "",
                "継続観察登録地点": ""
            }
        },
        {
            "type": "Feature",
            "geometry": {
                "type": "Point",
                "coordinates": [
                    138.033,
                    35.538
                ]
            },
            "properties": {
                "調査時期": "2025_S",
                "No": "322",
                "都道府県": "長野県",
                "市区町村": "大鹿村",
                "撮影場所": "",
                "撮影日時": "2025-08-27T21:39:00+09:00",
                "緯度": "35.538",
                "経度": "138.033",
                "夜空の明るさ": "20.89",
                "ばらつき": "0.14",
                "周辺状況": "",
                "備考": "",
                "継続観察登録地点": ""
            }
        },
        {
            "type": "Feature",
            "geometry": {
                "type": "Point",
                "coordinates": [
                    138.074,
                    35.562
                ]
            },
            "properties": {
                "調査時期": "2025_S",
                "No": "323",
                "都道府県": "長野県",
                "市区町村": "大鹿村",
                "撮影場所": "",
                "撮影日時": "2025-08-18T21:23:00+09:00",
                "緯度": "35.562",
                "経度": "138.074",
                "夜空の明るさ": "21.27",
                "ばらつき": "0.42",
                "周辺状況": "",
                "備考": "",
                "継続観察登録地点": ""
            }
        },
        {
            "type": "Feature",
            "geometry": {
                "type": "Point",
                "coordinates": [
                    138.079,
                    35.598
                ]
            },
            "properties": {
                "調査時期": "2025_S",
                "No": "324",
                "都道府県": "長野県",
                "市区町村": "大鹿村",
                "撮影場所": "",
                "撮影日時": "2025-08-19T21:42:00+09:00",
                "緯度": "35.598",
                "経度": "138.079",
                "夜空の明るさ": "21.04",
                "ばらつき": "0.1",
                "周辺状況": "",
                "備考": "",
                "継続観察登録地点": ""
            }
        },
        {
            "type": "Feature",
            "geometry": {
                "type": "Point",
                "coordinates": [
                    138.04,
                    35.558
                ]
            },
            "properties": {
                "調査時期": "2025_S",
                "No": "325",
                "都道府県": "長野県",
                "市区町村": "大鹿村",
                "撮影場所": "",
                "撮影日時": "2025-08-27T21:25:00+09:00",
                "緯度": "35.558",
                "経度": "138.04",
                "夜空の明るさ": "20.8",
                "ばらつき": "0.08",
                "周辺状況": "",
                "備考": "",
                "継続観察登録地点": ""
            }
        },
        {
            "type": "Feature",
            "geometry": {
                "type": "Point",
                "coordinates": [
                    138.044,
                    35.543
                ]
            },
            "properties": {
                "調査時期": "2025_S",
                "No": "326",
                "都道府県": "長野県",
                "市区町村": "大鹿村",
                "撮影場所": "",
                "撮影日時": "2025-08-27T21:54:00+09:00",
                "緯度": "35.543",
                "経度": "138.044",
                "夜空の明るさ": "20.78",
                "ばらつき": "0.11",
                "周辺状況": "",
                "備考": "",
                "継続観察登録地点": ""
            }
        },
        {
            "type": "Feature",
            "geometry": {
                "type": "Point",
                "coordinates": [
                    138.071,
                    35.602
                ]
            },
            "properties": {
                "調査時期": "2025_S",
                "No": "327",
                "都道府県": "長野県",
                "市区町村": "大鹿村",
                "撮影場所": "",
                "撮影日時": "2025-08-19T21:12:00+09:00",
                "緯度": "35.602",
                "経度": "138.071",
                "夜空の明るさ": "21.38",
                "ばらつき": "0.16",
                "周辺状況": "",
                "備考": "",
                "継続観察登録地点": ""
            }
        },
        {
            "type": "Feature",
            "geometry": {
                "type": "Point",
                "coordinates": [
                    138.044,
                    35.543
                ]
            },
            "properties": {
                "調査時期": "2025_S",
                "No": "328",
                "都道府県": "長野県",
                "市区町村": "大鹿村",
                "撮影場所": "",
                "撮影日時": "2025-08-18T22:25:00+09:00",
                "緯度": "35.543",
                "経度": "138.044",
                "夜空の明るさ": "21.22",
                "ばらつき": "0.19",
                "周辺状況": "",
                "備考": "",
                "継続観察登録地点": ""
            }
        },
        {
            "type": "Feature",
            "geometry": {
                "type": "Point",
                "coordinates": [
                    138.034,
                    35.578
                ]
            },
            "properties": {
                "調査時期": "2025_S",
                "No": "329",
                "都道府県": "長野県",
                "市区町村": "大鹿村",
                "撮影場所": "",
                "撮影日時": "2025-08-18T21:56:00+09:00",
                "緯度": "35.578",
                "経度": "138.034",
                "夜空の明るさ": "21.02",
                "ばらつき": "0.06",
                "周辺状況": "",
                "備考": "",
                "継続観察登録地点": ""
            }
        },
        {
            "type": "Feature",
            "geometry": {
                "type": "Point",
                "coordinates": [
                    138.068,
                    35.601
                ]
            },
            "properties": {
                "調査時期": "2025_S",
                "No": "330",
                "都道府県": "長野県",
                "市区町村": "大鹿村",
                "撮影場所": "",
                "撮影日時": "2025-08-19T21:28:00+09:00",
                "緯度": "35.601",
                "経度": "138.068",
                "夜空の明るさ": "21.29",
                "ばらつき": "0.2",
                "周辺状況": "",
                "備考": "",
                "継続観察登録地点": ""
            }
        },
        {
            "type": "Feature",
            "geometry": {
                "type": "Point",
                "coordinates": [
                    137.693,
                    35.784
                ]
            },
            "properties": {
                "調査時期": "2025_S",
                "No": "331",
                "都道府県": "長野県",
                "市区町村": "上松町",
                "撮影場所": "上松駅前",
                "撮影日時": "2025-08-27T21:58:00+09:00",
                "緯度": "35.784",
                "経度": "137.693",
                "夜空の明るさ": "19.8",
                "ばらつき": "0.07",
                "周辺状況": "商業地域",
                "備考": "",
                "継続観察登録地点": "○"
            }
        },
        {
            "type": "Feature",
            "geometry": {
                "type": "Point",
                "coordinates": [
                    137.747,
                    35.967
                ]
            },
            "properties": {
                "調査時期": "2025_S",
                "No": "332",
                "都道府県": "長野県",
                "市区町村": "木祖村",
                "撮影場所": "",
                "撮影日時": "2025-08-27T23:56:00+09:00",
                "緯度": "35.967",
                "経度": "137.747",
                "夜空の明るさ": "20.71",
                "ばらつき": "0.25",
                "周辺状況": "",
                "備考": "参考値（時間外）",
                "継続観察登録地点": ""
            }
        },
        {
            "type": "Feature",
            "geometry": {
                "type": "Point",
                "coordinates": [
                    137.783,
                    35.932
                ]
            },
            "properties": {
                "調査時期": "2025_S",
                "No": "333",
                "都道府県": "長野県",
                "市区町村": "木祖村",
                "撮影場所": "木祖村郷土館脇",
                "撮影日時": "2025-08-22T21:27:00+09:00",
                "緯度": "35.932",
                "経度": "137.783",
                "夜空の明るさ": "20.13",
                "ばらつき": "0.11",
                "周辺状況": "商業地域",
                "備考": "",
                "継続観察登録地点": "○"
            }
        },
        {
            "type": "Feature",
            "geometry": {
                "type": "Point",
                "coordinates": [
                    137.624,
                    35.797
                ]
            },
            "properties": {
                "調査時期": "2025_S",
                "No": "334",
                "都道府県": "長野県",
                "市区町村": "王滝村",
                "撮影場所": "東京大学木曽観測所",
                "撮影日時": "2025-08-27T21:25:00+09:00",
                "緯度": "35.797",
                "経度": "137.624",
                "夜空の明るさ": "21.22",
                "ばらつき": "0.04",
                "周辺状況": "森林山間地",
                "備考": "",
                "継続観察登録地点": "○"
            }
        },
        {
            "type": "Feature",
            "geometry": {
                "type": "Point",
                "coordinates": [
                    137.624,
                    35.797
                ]
            },
            "properties": {
                "調査時期": "2025_S",
                "No": "335",
                "都道府県": "長野県",
                "市区町村": "王滝村",
                "撮影場所": "東京大学木曽観測所",
                "撮影日時": "2025-08-27T20:27:00+09:00",
                "緯度": "35.797",
                "経度": "137.624",
                "夜空の明るさ": "20.93",
                "ばらつき": "0.16",
                "周辺状況": "森林山間地",
                "備考": "",
                "継続観察登録地点": "○"
            }
        },
        {
            "type": "Feature",
            "geometry": {
                "type": "Point",
                "coordinates": [
                    137.627,
                    35.931
                ]
            },
            "properties": {
                "調査時期": "2025_S",
                "No": "336",
                "都道府県": "長野県",
                "市区町村": "木曽町",
                "撮影場所": "",
                "撮影日時": "2025-08-21T21:15:00+09:00",
                "緯度": "35.931",
                "経度": "137.627",
                "夜空の明るさ": "21.09",
                "ばらつき": "0.17",
                "周辺状況": "",
                "備考": "",
                "継続観察登録地点": ""
            }
        },
        {
            "type": "Feature",
            "geometry": {
                "type": "Point",
                "coordinates": [
                    137.632,
                    35.934
                ]
            },
            "properties": {
                "調査時期": "2025_S",
                "No": "337",
                "都道府県": "長野県",
                "市区町村": "木曽町",
                "撮影場所": "",
                "撮影日時": "2025-08-27T21:45:00+09:00",
                "緯度": "35.934",
                "経度": "137.632",
                "夜空の明るさ": "21.5",
                "ばらつき": "0.09",
                "周辺状況": "",
                "備考": "",
                "継続観察登録地点": ""
            }
        },
        {
            "type": "Feature",
            "geometry": {
                "type": "Point",
                "coordinates": [
                    137.763,
                    35.888
                ]
            },
            "properties": {
                "調査時期": "2025_S",
                "No": "338",
                "都道府県": "長野県",
                "市区町村": "木曽町",
                "撮影場所": "宮ノ越駅前",
                "撮影日時": "2025-08-22T21:07:00+09:00",
                "緯度": "35.888",
                "経度": "137.763",
                "夜空の明るさ": "20.35",
                "ばらつき": "0.12",
                "周辺状況": "住宅地域",
                "備考": "",
                "継続観察登録地点": "○"
            }
        },
        {
            "type": "Feature",
            "geometry": {
                "type": "Point",
                "coordinates": [
                    137.488,
                    35.895
                ]
            },
            "properties": {
                "調査時期": "2025_S",
                "No": "339",
                "都道府県": "長野県",
                "市区町村": "木曽町",
                "撮影場所": "",
                "撮影日時": "2025-08-14T21:07:00+09:00",
                "緯度": "35.895",
                "経度": "137.488",
                "夜空の明るさ": "21.82",
                "ばらつき": "0.12",
                "周辺状況": "",
                "備考": "",
                "継続観察登録地点": ""
            }
        },
        {
            "type": "Feature",
            "geometry": {
                "type": "Point",
                "coordinates": [
                    137.632,
                    35.934
                ]
            },
            "properties": {
                "調査時期": "2025_S",
                "No": "340",
                "都道府県": "長野県",
                "市区町村": "木曽町",
                "撮影場所": "",
                "撮影日時": "2025-08-27T23:39:00+09:00",
                "緯度": "35.934",
                "経度": "137.632",
                "夜空の明るさ": "21.81",
                "ばらつき": "0.08",
                "周辺状況": "",
                "備考": "参考値（時間外）",
                "継続観察登録地点": ""
            }
        },
        {
            "type": "Feature",
            "geometry": {
                "type": "Point",
                "coordinates": [
                    137.632,
                    35.934
                ]
            },
            "properties": {
                "調査時期": "2025_S",
                "No": "341",
                "都道府県": "長野県",
                "市区町村": "木曽町",
                "撮影場所": "",
                "撮影日時": "2025-08-21T20:48:00+09:00",
                "緯度": "35.934",
                "経度": "137.632",
                "夜空の明るさ": "21.05",
                "ばらつき": "0.13",
                "周辺状況": "",
                "備考": "",
                "継続観察登録地点": ""
            }
        },
        {
            "type": "Feature",
            "geometry": {
                "type": "Point",
                "coordinates": [
                    137.688,
                    35.839
                ]
            },
            "properties": {
                "調査時期": "2025_S",
                "No": "342",
                "都道府県": "長野県",
                "市区町村": "木曽町",
                "撮影場所": "木曽合同庁舎脇",
                "撮影日時": "2025-08-20T20:40:00+09:00",
                "緯度": "35.839",
                "経度": "137.688",
                "夜空の明るさ": "19.49",
                "ばらつき": "0.17",
                "周辺状況": "商業地域",
                "備考": "",
                "継続観察登録地点": "○"
            }
        },
        {
            "type": "Feature",
            "geometry": {
                "type": "Point",
                "coordinates": [
                    137.629,
                    35.933
                ]
            },
            "properties": {
                "調査時期": "2025_S",
                "No": "343",
                "都道府県": "長野県",
                "市区町村": "木曽町",
                "撮影場所": "木曽馬の里",
                "撮影日時": "2025-08-27T21:08:00+09:00",
                "緯度": "35.933",
                "経度": "137.629",
                "夜空の明るさ": "21.45",
                "ばらつき": "0.05",
                "周辺状況": "その他",
                "備考": "",
                "継続観察登録地点": "○"
            }
        },
        {
            "type": "Feature",
            "geometry": {
                "type": "Point",
                "coordinates": [
                    137.757,
                    35.831
                ]
            },
            "properties": {
                "調査時期": "2025_S",
                "No": "344",
                "都道府県": "長野県",
                "市区町村": "木曽町",
                "撮影場所": "キビオ峠",
                "撮影日時": "2025-08-22T20:24:00+09:00",
                "緯度": "35.831",
                "経度": "137.757",
                "夜空の明るさ": "20.71",
                "ばらつき": "0.14",
                "周辺状況": "森林山間地",
                "備考": "",
                "継続観察登録地点": "○"
            }
        },
        {
            "type": "Feature",
            "geometry": {
                "type": "Point",
                "coordinates": [
                    137.629,
                    35.933
                ]
            },
            "properties": {
                "調査時期": "2025_S",
                "No": "345",
                "都道府県": "長野県",
                "市区町村": "木曽町",
                "撮影場所": "木曽馬の里",
                "撮影日時": "2025-08-21T20:16:00+09:00",
                "緯度": "35.933",
                "経度": "137.629",
                "夜空の明るさ": "21.01",
                "ばらつき": "0.11",
                "周辺状況": "その他",
                "備考": "",
                "継続観察登録地点": "○"
            }
        },
        {
            "type": "Feature",
            "geometry": {
                "type": "Point",
                "coordinates": [
                    137.627,
                    35.931
                ]
            },
            "properties": {
                "調査時期": "2025_S",
                "No": "346",
                "都道府県": "長野県",
                "市区町村": "木曽町",
                "撮影場所": "",
                "撮影日時": "2025-08-27T21:23:00+09:00",
                "緯度": "35.931",
                "経度": "137.627",
                "夜空の明るさ": "21.45",
                "ばらつき": "0.07",
                "周辺状況": "",
                "備考": "",
                "継続観察登録地点": ""
            }
        },
        {
            "type": "Feature",
            "geometry": {
                "type": "Point",
                "coordinates": [
                    137.704,
                    35.849
                ]
            },
            "properties": {
                "調査時期": "2025_S",
                "No": "347",
                "都道府県": "長野県",
                "市区町村": "木曽町",
                "撮影場所": "関山公園",
                "撮影日時": "2025-08-20T20:56:00+09:00",
                "緯度": "35.849",
                "経度": "137.704",
                "夜空の明るさ": "20.18",
                "ばらつき": "0.11",
                "周辺状況": "自然公園等",
                "備考": "",
                "継続観察登録地点": "○"
            }
        },
        {
            "type": "Feature",
            "geometry": {
                "type": "Point",
                "coordinates": [
                    137.627,
                    35.931
                ]
            },
            "properties": {
                "調査時期": "2025_S",
                "No": "348",
                "都道府県": "長野県",
                "市区町村": "木曽町",
                "撮影場所": "",
                "撮影日時": "2025-08-27T23:23:00+09:00",
                "緯度": "35.931",
                "経度": "137.627",
                "夜空の明るさ": "21.8",
                "ばらつき": "0.11",
                "周辺状況": "",
                "備考": "参考値（時間外）",
                "継続観察登録地点": ""
            }
        },
        {
            "type": "Feature",
            "geometry": {
                "type": "Point",
                "coordinates": [
                    137.574,
                    35.966
                ]
            },
            "properties": {
                "調査時期": "2025_S",
                "No": "349",
                "都道府県": "長野県",
                "市区町村": "木曽町",
                "撮影場所": "開田高原水芭蕉園",
                "撮影日時": "2025-08-14T20:21:00+09:00",
                "緯度": "35.966",
                "経度": "137.574",
                "夜空の明るさ": "21.81",
                "ばらつき": "0.15",
                "周辺状況": "自然公園等",
                "備考": "",
                "継続観察登録地点": "○"
            }
        },
        {
            "type": "Feature",
            "geometry": {
                "type": "Point",
                "coordinates": [
                    137.556,
                    35.919
                ]
            },
            "properties": {
                "調査時期": "2025_S",
                "No": "350",
                "都道府県": "長野県",
                "市区町村": "木曽町",
                "撮影場所": "開田高原保健休養地テニスコート",
                "撮影日時": "2025-08-21T21:51:00+09:00",
                "緯度": "35.919",
                "経度": "137.556",
                "夜空の明るさ": "21.37",
                "ばらつき": "0.06",
                "周辺状況": "森林山間地",
                "備考": "",
                "継続観察登録地点": "○"
            }
        },
        {
            "type": "Feature",
            "geometry": {
                "type": "Point",
                "coordinates": [
                    137.558,
                    35.918
                ]
            },
            "properties": {
                "調査時期": "2025_S",
                "No": "351",
                "都道府県": "長野県",
                "市区町村": "木曽町",
                "撮影場所": "",
                "撮影日時": "2025-08-23T20:17:00+09:00",
                "緯度": "35.918",
                "経度": "137.558",
                "夜空の明るさ": "20.7",
                "ばらつき": "0.24",
                "周辺状況": "",
                "備考": "",
                "継続観察登録地点": ""
            }
        },
        {
            "type": "Feature",
            "geometry": {
                "type": "Point",
                "coordinates": [
                    137.74,
                    35.866
                ]
            },
            "properties": {
                "調査時期": "2025_S",
                "No": "352",
                "都道府県": "長野県",
                "市区町村": "木曽町",
                "撮影場所": "道の駅日義木曽駒高原",
                "撮影日時": "2025-08-22T20:51:00+09:00",
                "緯度": "35.866",
                "経度": "137.74",
                "夜空の明るさ": "20.08",
                "ばらつき": "0.05",
                "周辺状況": "住宅地域",
                "備考": "",
                "継続観察登録地点": "○"
            }
        },
        {
            "type": "Feature",
            "geometry": {
                "type": "Point",
                "coordinates": [
                    137.878,
                    36.17
                ]
            },
            "properties": {
                "調査時期": "2025_S",
                "No": "353",
                "都道府県": "長野県",
                "市区町村": "山形村",
                "撮影場所": "山形村 ミラ フード館 ",
                "撮影日時": "2025-08-17T21:16:00+09:00",
                "緯度": "36.17",
                "経度": "137.878",
                "夜空の明るさ": "18.99",
                "ばらつき": "0.07",
                "周辺状況": "農業地域",
                "備考": "参考値(薄雲)",
                "継続観察登録地点": "○"
            }
        },
        {
            "type": "Feature",
            "geometry": {
                "type": "Point",
                "coordinates": [
                    137.863,
                    36.128
                ]
            },
            "properties": {
                "調査時期": "2025_S",
                "No": "354",
                "都道府県": "長野県",
                "市区町村": "朝日村",
                "撮影場所": "朝日小学校付近",
                "撮影日時": "2025-08-19T21:04:00+09:00",
                "緯度": "36.128",
                "経度": "137.863",
                "夜空の明るさ": "20.11",
                "ばらつき": "0.09",
                "周辺状況": "住宅地域",
                "備考": "",
                "継続観察登録地点": "○"
            }
        },
        {
            "type": "Feature",
            "geometry": {
                "type": "Point",
                "coordinates": [
                    137.974,
                    36.868
                ]
            },
            "properties": {
                "調査時期": "2025_S",
                "No": "355",
                "都道府県": "長野県",
                "市区町村": "小谷村",
                "撮影場所": "",
                "撮影日時": "2025-08-14T21:04:00+09:00",
                "緯度": "36.868",
                "経度": "137.974",
                "夜空の明るさ": "21.67",
                "ばらつき": "0.16",
                "周辺状況": "",
                "備考": "",
                "継続観察登録地点": ""
            }
        },
        {
            "type": "Feature",
            "geometry": {
                "type": "Point",
                "coordinates": [
                    137.974,
                    36.868
                ]
            },
            "properties": {
                "調査時期": "2025_S",
                "No": "356",
                "都道府県": "長野県",
                "市区町村": "小谷村",
                "撮影場所": "",
                "撮影日時": "2025-08-14T21:03:00+09:00",
                "緯度": "36.868",
                "経度": "137.974",
                "夜空の明るさ": "21.65",
                "ばらつき": "0.17",
                "周辺状況": "",
                "備考": "",
                "継続観察登録地点": ""
            }
        },
        {
            "type": "Feature",
            "geometry": {
                "type": "Point",
                "coordinates": [
                    137.974,
                    36.868
                ]
            },
            "properties": {
                "調査時期": "2025_S",
                "No": "357",
                "都道府県": "長野県",
                "市区町村": "小谷村",
                "撮影場所": "",
                "撮影日時": "2025-08-14T21:02:00+09:00",
                "緯度": "36.868",
                "経度": "137.974",
                "夜空の明るさ": "21.67",
                "ばらつき": "0.17",
                "周辺状況": "",
                "備考": "",
                "継続観察登録地点": ""
            }
        },
        {
            "type": "Feature",
            "geometry": {
                "type": "Point",
                "coordinates": [
                    138.195,
                    36.435
                ]
            },
            "properties": {
                "調査時期": "2025_S",
                "No": "358",
                "都道府県": "長野県",
                "市区町村": "坂城町",
                "撮影場所": "",
                "撮影日時": "2025-08-27T20:57:00+09:00",
                "緯度": "36.435",
                "経度": "138.195",
                "夜空の明るさ": "19.76",
                "ばらつき": "0.1",
                "周辺状況": "",
                "備考": "",
                "継続観察登録地点": ""
            }
        },
        {
            "type": "Feature",
            "geometry": {
                "type": "Point",
                "coordinates": [
                    137.987,
                    36.66
                ]
            },
            "properties": {
                "調査時期": "2025_S",
                "No": "359",
                "都道府県": "長野県",
                "市区町村": "小川村",
                "撮影場所": "小川天文台",
                "撮影日時": "2025-08-17T21:30:00+09:00",
                "緯度": "36.66",
                "経度": "137.987",
                "夜空の明るさ": "20.84",
                "ばらつき": "0.21",
                "周辺状況": "森林山間地",
                "備考": "参考値(薄雲)",
                "継続観察登録地点": "○"
            }
        },
        {
            "type": "Feature",
            "geometry": {
                "type": "Point",
                "coordinates": [
                    136.458,
                    35.576
                ]
            },
            "properties": {
                "調査時期": "2025_S",
                "No": "360",
                "都道府県": "岐阜県",
                "市区町村": "揖斐川町",
                "撮影場所": "揖斐川町西横山",
                "撮影日時": "2025-08-14T20:38:00+09:00",
                "緯度": "35.576",
                "経度": "136.458",
                "夜空の明るさ": "20.84",
                "ばらつき": "0.11",
                "周辺状況": "森林山間地",
                "備考": "",
                "継続観察登録地点": "○"
            }
        },
        {
            "type": "Feature",
            "geometry": {
                "type": "Point",
                "coordinates": [
                    137.769,
                    34.663
                ]
            },
            "properties": {
                "調査時期": "2025_S",
                "No": "361",
                "都道府県": "静岡県",
                "市区町村": "浜松市　中央区",
                "撮影場所": "",
                "撮影日時": "2025-08-18T21:30:00+09:00",
                "緯度": "34.663",
                "経度": "137.769",
                "夜空の明るさ": "18.7",
                "ばらつき": "0.17",
                "周辺状況": "",
                "備考": "",
                "継続観察登録地点": ""
            }
        },
        {
            "type": "Feature",
            "geometry": {
                "type": "Point",
                "coordinates": [
                    137.769,
                    34.663
                ]
            },
            "properties": {
                "調査時期": "2025_S",
                "No": "362",
                "都道府県": "静岡県",
                "市区町村": "浜松市　中央区",
                "撮影場所": "",
                "撮影日時": "2025-08-19T21:30:00+09:00",
                "緯度": "34.663",
                "経度": "137.769",
                "夜空の明るさ": "18.65",
                "ばらつき": "0.17",
                "周辺状況": "",
                "備考": "",
                "継続観察登録地点": ""
            }
        },
        {
            "type": "Feature",
            "geometry": {
                "type": "Point",
                "coordinates": [
                    138.583,
                    35.385
                ]
            },
            "properties": {
                "調査時期": "2025_S",
                "No": "363",
                "都道府県": "静岡県",
                "市区町村": "富士宮市",
                "撮影場所": "",
                "撮影日時": "2025-08-27T21:47:00+09:00",
                "緯度": "35.385",
                "経度": "138.583",
                "夜空の明るさ": "20.21",
                "ばらつき": "0.11",
                "周辺状況": "",
                "備考": "",
                "継続観察登録地点": ""
            }
        },
        {
            "type": "Feature",
            "geometry": {
                "type": "Point",
                "coordinates": [
                    138.893,
                    35.101
                ]
            },
            "properties": {
                "調査時期": "2025_S",
                "No": "364",
                "都道府県": "静岡県",
                "市区町村": "清水町",
                "撮影場所": "",
                "撮影日時": "2025-08-18T21:56:00+09:00",
                "緯度": "35.101",
                "経度": "138.893",
                "夜空の明るさ": "18.21",
                "ばらつき": "0.08",
                "周辺状況": "",
                "備考": "",
                "継続観察登録地点": ""
            }
        },
        {
            "type": "Feature",
            "geometry": {
                "type": "Point",
                "coordinates": [
                    138.097,
                    35.062
                ]
            },
            "properties": {
                "調査時期": "2025_S",
                "No": "365",
                "都道府県": "静岡県",
                "市区町村": "川根本町",
                "撮影場所": "静岡県榛原郡川根本町",
                "撮影日時": "2025-08-26T21:56:00+09:00",
                "緯度": "35.062",
                "経度": "138.097",
                "夜空の明るさ": "21.03",
                "ばらつき": "0.05",
                "周辺状況": "住宅地域",
                "備考": "",
                "継続観察登録地点": "○"
            }
        },
        {
            "type": "Feature",
            "geometry": {
                "type": "Point",
                "coordinates": [
                    138.097,
                    35.062
                ]
            },
            "properties": {
                "調査時期": "2025_S",
                "No": "366",
                "都道府県": "静岡県",
                "市区町村": "川根本町",
                "撮影場所": "静岡県榛原郡川根本町",
                "撮影日時": "2025-08-26T21:42:00+09:00",
                "緯度": "35.062",
                "経度": "138.097",
                "夜空の明るさ": "20.97",
                "ばらつき": "0.01",
                "周辺状況": "住宅地域",
                "備考": "",
                "継続観察登録地点": "○"
            }
        },
        {
            "type": "Feature",
            "geometry": {
                "type": "Point",
                "coordinates": [
                    138.097,
                    35.062
                ]
            },
            "properties": {
                "調査時期": "2025_S",
                "No": "367",
                "都道府県": "静岡県",
                "市区町村": "川根本町",
                "撮影場所": "静岡県榛原郡川根本町",
                "撮影日時": "2025-08-26T21:53:00+09:00",
                "緯度": "35.062",
                "経度": "138.097",
                "夜空の明るさ": "21.01",
                "ばらつき": "0.04",
                "周辺状況": "住宅地域",
                "備考": "",
                "継続観察登録地点": "○"
            }
        },
        {
            "type": "Feature",
            "geometry": {
                "type": "Point",
                "coordinates": [
                    138.097,
                    35.062
                ]
            },
            "properties": {
                "調査時期": "2025_S",
                "No": "368",
                "都道府県": "静岡県",
                "市区町村": "川根本町",
                "撮影場所": "静岡県榛原郡川根本町",
                "撮影日時": "2025-08-26T21:33:00+09:00",
                "緯度": "35.062",
                "経度": "138.097",
                "夜空の明るさ": "21.04",
                "ばらつき": "0.07",
                "周辺状況": "住宅地域",
                "備考": "",
                "継続観察登録地点": "○"
            }
        },
        {
            "type": "Feature",
            "geometry": {
                "type": "Point",
                "coordinates": [
                    136.899,
                    35.165
                ]
            },
            "properties": {
                "調査時期": "2025_S",
                "No": "369",
                "都道府県": "愛知県",
                "市区町村": "名古屋市　中区",
                "撮影場所": "名古屋市科学館",
                "撮影日時": "2025-08-21T20:22:00+09:00",
                "緯度": "35.165",
                "経度": "136.899",
                "夜空の明るさ": "16.11",
                "ばらつき": "0.11",
                "周辺状況": "商業地域",
                "備考": "",
                "継続観察登録地点": "○"
            }
        },
        {
            "type": "Feature",
            "geometry": {
                "type": "Point",
                "coordinates": [
                    137.152,
                    35.08
                ]
            },
            "properties": {
                "調査時期": "2025_S",
                "No": "370",
                "都道府県": "愛知県",
                "市区町村": "豊田市",
                "撮影場所": "",
                "撮影日時": "2025-08-26T19:39:00+09:00",
                "緯度": "35.08",
                "経度": "137.152",
                "夜空の明るさ": "16.19",
                "ばらつき": "0.42",
                "周辺状況": "",
                "備考": "",
                "継続観察登録地点": ""
            }
        },
        {
            "type": "Feature",
            "geometry": {
                "type": "Point",
                "coordinates": [
                    137.604,
                    35.202
                ]
            },
            "properties": {
                "調査時期": "2025_S",
                "No": "371",
                "都道府県": "愛知県",
                "市区町村": "設楽町",
                "撮影場所": "道の駅つぐ高原グリーンパーク",
                "撮影日時": "2025-08-20T21:28:00+09:00",
                "緯度": "35.202",
                "経度": "137.604",
                "夜空の明るさ": "20.6",
                "ばらつき": "0.14",
                "周辺状況": "自然公園等",
                "備考": "",
                "継続観察登録地点": "○"
            }
        },
        {
            "type": "Feature",
            "geometry": {
                "type": "Point",
                "coordinates": [
                    137.604,
                    35.202
                ]
            },
            "properties": {
                "調査時期": "2025_S",
                "No": "372",
                "都道府県": "愛知県",
                "市区町村": "設楽町",
                "撮影場所": "道の駅つぐ高原グリーンパーク",
                "撮影日時": "2025-08-20T21:29:00+09:00",
                "緯度": "35.202",
                "経度": "137.604",
                "夜空の明るさ": "20.4",
                "ばらつき": "0.07",
                "周辺状況": "自然公園等",
                "備考": "",
                "継続観察登録地点": "○"
            }
        },
        {
            "type": "Feature",
            "geometry": {
                "type": "Point",
                "coordinates": [
                    137.604,
                    35.202
                ]
            },
            "properties": {
                "調査時期": "2025_S",
                "No": "373",
                "都道府県": "愛知県",
                "市区町村": "設楽町",
                "撮影場所": "道の駅つぐ高原グリーンパーク",
                "撮影日時": "2025-08-20T21:23:00+09:00",
                "緯度": "35.202",
                "経度": "137.604",
                "夜空の明るさ": "20.75",
                "ばらつき": "0.16",
                "周辺状況": "自然公園等",
                "備考": "",
                "継続観察登録地点": "○"
            }
        },
        {
            "type": "Feature",
            "geometry": {
                "type": "Point",
                "coordinates": [
                    137.574,
                    35.094
                ]
            },
            "properties": {
                "調査時期": "2025_S",
                "No": "374",
                "都道府県": "愛知県",
                "市区町村": "設楽町",
                "撮影場所": "奥三河総合センター",
                "撮影日時": "2025-08-20T22:06:00+09:00",
                "緯度": "35.094",
                "経度": "137.574",
                "夜空の明るさ": "20.19",
                "ばらつき": "0.09",
                "周辺状況": "住宅地域",
                "備考": "",
                "継続観察登録地点": "○"
            }
        },
        {
            "type": "Feature",
            "geometry": {
                "type": "Point",
                "coordinates": [
                    137.604,
                    35.202
                ]
            },
            "properties": {
                "調査時期": "2025_S",
                "No": "375",
                "都道府県": "愛知県",
                "市区町村": "設楽町",
                "撮影場所": "道の駅つぐ高原グリーンパーク",
                "撮影日時": "2025-08-20T21:24:00+09:00",
                "緯度": "35.202",
                "経度": "137.604",
                "夜空の明るさ": "20.7",
                "ばらつき": "0.19",
                "周辺状況": "自然公園等",
                "備考": "",
                "継続観察登録地点": "○"
            }
        },
        {
            "type": "Feature",
            "geometry": {
                "type": "Point",
                "coordinates": [
                    137.574,
                    35.094
                ]
            },
            "properties": {
                "調査時期": "2025_S",
                "No": "376",
                "都道府県": "愛知県",
                "市区町村": "設楽町",
                "撮影場所": "奥三河総合センター",
                "撮影日時": "2025-08-20T22:08:00+09:00",
                "緯度": "35.094",
                "経度": "137.574",
                "夜空の明るさ": "20.17",
                "ばらつき": "0.09",
                "周辺状況": "住宅地域",
                "備考": "",
                "継続観察登録地点": "○"
            }
        },
        {
            "type": "Feature",
            "geometry": {
                "type": "Point",
                "coordinates": [
                    137.659,
                    35.222
                ]
            },
            "properties": {
                "調査時期": "2025_S",
                "No": "377",
                "都道府県": "愛知県",
                "市区町村": "豊根村",
                "撮影場所": "茶臼山高原(愛知県北設楽郡豊根村)",
                "撮影日時": "2025-08-20T21:04:00+09:00",
                "緯度": "35.222",
                "経度": "137.659",
                "夜空の明るさ": "20.72",
                "ばらつき": "0.27",
                "周辺状況": "自然公園等",
                "備考": "",
                "継続観察登録地点": "○"
            }
        },
        {
            "type": "Feature",
            "geometry": {
                "type": "Point",
                "coordinates": [
                    137.659,
                    35.222
                ]
            },
            "properties": {
                "調査時期": "2025_S",
                "No": "378",
                "都道府県": "愛知県",
                "市区町村": "豊根村",
                "撮影場所": "茶臼山高原(愛知県北設楽郡豊根村)",
                "撮影日時": "2025-08-20T21:03:00+09:00",
                "緯度": "35.222",
                "経度": "137.659",
                "夜空の明るさ": "20.65",
                "ばらつき": "0.12",
                "周辺状況": "自然公園等",
                "備考": "",
                "継続観察登録地点": "○"
            }
        },
        {
            "type": "Feature",
            "geometry": {
                "type": "Point",
                "coordinates": [
                    135.904,
                    34.788
                ]
            },
            "properties": {
                "調査時期": "2025_S",
                "No": "379",
                "都道府県": "京都府",
                "市区町村": "和束町",
                "撮影場所": "相楽郡和束町杣田",
                "撮影日時": "2025-08-19T20:47:00+09:00",
                "緯度": "34.788",
                "経度": "135.904",
                "夜空の明るさ": "19.38",
                "ばらつき": "0.11",
                "周辺状況": "農業地域",
                "備考": "",
                "継続観察登録地点": "○"
            }
        },
        {
            "type": "Feature",
            "geometry": {
                "type": "Point",
                "coordinates": [
                    135.383,
                    34.65
                ]
            },
            "properties": {
                "調査時期": "2025_S",
                "No": "380",
                "都道府県": "大阪府",
                "市区町村": "大阪市　此花区",
                "撮影場所": "",
                "撮影日時": "2025-08-26T20:50:00+09:00",
                "緯度": "34.65",
                "経度": "135.383",
                "夜空の明るさ": "16.57",
                "ばらつき": "0.09",
                "周辺状況": "",
                "備考": "",
                "継続観察登録地点": ""
            }
        },
        {
            "type": "Feature",
            "geometry": {
                "type": "Point",
                "coordinates": [
                    135.497,
                    34.734
                ]
            },
            "properties": {
                "調査時期": "2025_S",
                "No": "381",
                "都道府県": "大阪府",
                "市区町村": "大阪市　淀川区",
                "撮影場所": "",
                "撮影日時": "2025-08-21T20:24:00+09:00",
                "緯度": "34.734",
                "経度": "135.497",
                "夜空の明るさ": "16.65",
                "ばらつき": "0.13",
                "周辺状況": "",
                "備考": "",
                "継続観察登録地点": ""
            }
        },
        {
            "type": "Feature",
            "geometry": {
                "type": "Point",
                "coordinates": [
                    135.559,
                    34.818
                ]
            },
            "properties": {
                "調査時期": "2025_S",
                "No": "382",
                "都道府県": "大阪府",
                "市区町村": "茨木市",
                "撮影場所": "",
                "撮影日時": "2025-08-19T21:06:00+09:00",
                "緯度": "34.818",
                "経度": "135.559",
                "夜空の明るさ": "16.59",
                "ばらつき": "0.21",
                "周辺状況": "",
                "備考": "",
                "継続観察登録地点": ""
            }
        },
        {
            "type": "Feature",
            "geometry": {
                "type": "Point",
                "coordinates": [
                    135.054,
                    34.654
                ]
            },
            "properties": {
                "調査時期": "2025_S",
                "No": "383",
                "都道府県": "兵庫県",
                "市区町村": "神戸市　垂水区",
                "撮影場所": "",
                "撮影日時": "2025-08-21T20:03:00+09:00",
                "緯度": "34.654",
                "経度": "135.054",
                "夜空の明るさ": "18.11",
                "ばらつき": "0.06",
                "周辺状況": "",
                "備考": "",
                "継続観察登録地点": ""
            }
        },
        {
            "type": "Feature",
            "geometry": {
                "type": "Point",
                "coordinates": [
                    135.055,
                    34.655
                ]
            },
            "properties": {
                "調査時期": "2025_S",
                "No": "384",
                "都道府県": "兵庫県",
                "市区町村": "神戸市　垂水区",
                "撮影場所": "兵庫県立舞子高等学校屋上",
                "撮影日時": "2025-08-20T20:08:00+09:00",
                "緯度": "34.655",
                "経度": "135.055",
                "夜空の明るさ": "17.15",
                "ばらつき": "0.26",
                "周辺状況": "住宅地域",
                "備考": "",
                "継続観察登録地点": "○"
            }
        },
        {
            "type": "Feature",
            "geometry": {
                "type": "Point",
                "coordinates": [
                    135.055,
                    34.656
                ]
            },
            "properties": {
                "調査時期": "2025_S",
                "No": "385",
                "都道府県": "兵庫県",
                "市区町村": "神戸市　垂水区",
                "撮影場所": "兵庫県立舞子高等学校屋上",
                "撮影日時": "2025-08-19T21:02:00+09:00",
                "緯度": "34.656",
                "経度": "135.055",
                "夜空の明るさ": "19.41",
                "ばらつき": "0.12",
                "周辺状況": "住宅地域",
                "備考": "",
                "継続観察登録地点": "○"
            }
        },
        {
            "type": "Feature",
            "geometry": {
                "type": "Point",
                "coordinates": [
                    135.032,
                    34.698
                ]
            },
            "properties": {
                "調査時期": "2025_S",
                "No": "386",
                "都道府県": "兵庫県",
                "市区町村": "神戸市　西区",
                "撮影場所": "神戸市西区井吹台 西神南",
                "撮影日時": "2025-08-23T22:18:00+09:00",
                "緯度": "34.698",
                "経度": "135.032",
                "夜空の明るさ": "",
                "ばらつき": "",
                "周辺状況": "住宅地域",
                "備考": "測定不可(ピントずれ)",
                "継続観察登録地点": "○"
            }
        },
        {
            "type": "Feature",
            "geometry": {
                "type": "Point",
                "coordinates": [
                    135.032,
                    34.699
                ]
            },
            "properties": {
                "調査時期": "2025_S",
                "No": "387",
                "都道府県": "兵庫県",
                "市区町村": "神戸市　西区",
                "撮影場所": "神戸市西区井吹台 西神南",
                "撮影日時": "2025-08-22T21:22:00+09:00",
                "緯度": "34.699",
                "経度": "135.032",
                "夜空の明るさ": "17.86",
                "ばらつき": "0.12",
                "周辺状況": "住宅地域",
                "備考": "",
                "継続観察登録地点": "○"
            }
        },
        {
            "type": "Feature",
            "geometry": {
                "type": "Point",
                "coordinates": [
                    135.032,
                    34.699
                ]
            },
            "properties": {
                "調査時期": "2025_S",
                "No": "388",
                "都道府県": "兵庫県",
                "市区町村": "神戸市　西区",
                "撮影場所": "神戸市西区井吹台 西神南",
                "撮影日時": "2025-08-26T22:35:00+09:00",
                "緯度": "34.699",
                "経度": "135.032",
                "夜空の明るさ": "",
                "ばらつき": "",
                "周辺状況": "住宅地域",
                "備考": "測定不可(ピントずれ)",
                "継続観察登録地点": "○"
            }
        },
        {
            "type": "Feature",
            "geometry": {
                "type": "Point",
                "coordinates": [
                    135.032,
                    34.698
                ]
            },
            "properties": {
                "調査時期": "2025_S",
                "No": "389",
                "都道府県": "兵庫県",
                "市区町村": "神戸市　西区",
                "撮影場所": "神戸市西区井吹台 西神南",
                "撮影日時": "2025-08-18T22:07:00+09:00",
                "緯度": "34.698",
                "経度": "135.032",
                "夜空の明るさ": "17.93",
                "ばらつき": "0.09",
                "周辺状況": "住宅地域",
                "備考": "",
                "継続観察登録地点": "○"
            }
        },
        {
            "type": "Feature",
            "geometry": {
                "type": "Point",
                "coordinates": [
                    135.133,
                    34.684
                ]
            },
            "properties": {
                "調査時期": "2025_S",
                "No": "390",
                "都道府県": "兵庫県",
                "市区町村": "神戸市　長田区",
                "撮影場所": "神戸市長田区鹿松町",
                "撮影日時": "2025-08-19T20:15:00+09:00",
                "緯度": "34.684",
                "経度": "135.133",
                "夜空の明るさ": "17.96",
                "ばらつき": "0.12",
                "周辺状況": "住宅地域",
                "備考": "",
                "継続観察登録地点": "○"
            }
        },
        {
            "type": "Feature",
            "geometry": {
                "type": "Point",
                "coordinates": [
                    135.133,
                    34.684
                ]
            },
            "properties": {
                "調査時期": "2025_S",
                "No": "391",
                "都道府県": "兵庫県",
                "市区町村": "神戸市　長田区",
                "撮影場所": "神戸市長田区鹿松町",
                "撮影日時": "2025-08-17T22:04:00+09:00",
                "緯度": "34.684",
                "経度": "135.133",
                "夜空の明るさ": "17.6",
                "ばらつき": "0.2",
                "周辺状況": "住宅地域",
                "備考": "",
                "継続観察登録地点": "○"
            }
        },
        {
            "type": "Feature",
            "geometry": {
                "type": "Point",
                "coordinates": [
                    135.133,
                    34.684
                ]
            },
            "properties": {
                "調査時期": "2025_S",
                "No": "392",
                "都道府県": "兵庫県",
                "市区町村": "神戸市　長田区",
                "撮影場所": "神戸市長田区鹿松町",
                "撮影日時": "2025-08-21T20:10:00+09:00",
                "緯度": "34.684",
                "経度": "135.133",
                "夜空の明るさ": "18.03",
                "ばらつき": "0.17",
                "周辺状況": "住宅地域",
                "備考": "",
                "継続観察登録地点": "○"
            }
        },
        {
            "type": "Feature",
            "geometry": {
                "type": "Point",
                "coordinates": [
                    135.133,
                    34.684
                ]
            },
            "properties": {
                "調査時期": "2025_S",
                "No": "393",
                "都道府県": "兵庫県",
                "市区町村": "神戸市　長田区",
                "撮影場所": "神戸市長田区鹿松町",
                "撮影日時": "2025-08-22T21:38:00+09:00",
                "緯度": "34.684",
                "経度": "135.133",
                "夜空の明るさ": "18.16",
                "ばらつき": "0.09",
                "周辺状況": "住宅地域",
                "備考": "",
                "継続観察登録地点": "○"
            }
        },
        {
            "type": "Feature",
            "geometry": {
                "type": "Point",
                "coordinates": [
                    135.133,
                    34.684
                ]
            },
            "properties": {
                "調査時期": "2025_S",
                "No": "394",
                "都道府県": "兵庫県",
                "市区町村": "神戸市　長田区",
                "撮影場所": "神戸市長田区鹿松町",
                "撮影日時": "2025-08-26T20:08:00+09:00",
                "緯度": "34.684",
                "経度": "135.133",
                "夜空の明るさ": "17.27",
                "ばらつき": "0.16",
                "周辺状況": "住宅地域",
                "備考": "",
                "継続観察登録地点": "○"
            }
        },
        {
            "type": "Feature",
            "geometry": {
                "type": "Point",
                "coordinates": [
                    135.133,
                    34.684
                ]
            },
            "properties": {
                "調査時期": "2025_S",
                "No": "395",
                "都道府県": "兵庫県",
                "市区町村": "神戸市　長田区",
                "撮影場所": "神戸市長田区鹿松町",
                "撮影日時": "2025-08-18T20:23:00+09:00",
                "緯度": "34.684",
                "経度": "135.133",
                "夜空の明るさ": "17.65",
                "ばらつき": "0.23",
                "周辺状況": "住宅地域",
                "備考": "",
                "継続観察登録地点": "○"
            }
        },
        {
            "type": "Feature",
            "geometry": {
                "type": "Point",
                "coordinates": [
                    135.133,
                    34.684
                ]
            },
            "properties": {
                "調査時期": "2025_S",
                "No": "396",
                "都道府県": "兵庫県",
                "市区町村": "神戸市　長田区",
                "撮影場所": "神戸市長田区鹿松町",
                "撮影日時": "2025-08-17T22:04:00+09:00",
                "緯度": "34.684",
                "経度": "135.133",
                "夜空の明るさ": "17.6",
                "ばらつき": "0.2",
                "周辺状況": "住宅地域",
                "備考": "",
                "継続観察登録地点": "○"
            }
        },
        {
            "type": "Feature",
            "geometry": {
                "type": "Point",
                "coordinates": [
                    135.133,
                    34.684
                ]
            },
            "properties": {
                "調査時期": "2025_S",
                "No": "397",
                "都道府県": "兵庫県",
                "市区町村": "神戸市　長田区",
                "撮影場所": "神戸市長田区鹿松町",
                "撮影日時": "2025-08-26T20:08:00+09:00",
                "緯度": "34.684",
                "経度": "135.133",
                "夜空の明るさ": "17.23",
                "ばらつき": "0.19",
                "周辺状況": "住宅地域",
                "備考": "",
                "継続観察登録地点": "○"
            }
        },
        {
            "type": "Feature",
            "geometry": {
                "type": "Point",
                "coordinates": [
                    134.879,
                    34.794
                ]
            },
            "properties": {
                "調査時期": "2025_S",
                "No": "398",
                "都道府県": "兵庫県",
                "市区町村": "加古川市",
                "撮影場所": "",
                "撮影日時": "2025-08-20T20:41:00+09:00",
                "緯度": "34.794",
                "経度": "134.879",
                "夜空の明るさ": "18.56",
                "ばらつき": "0.11",
                "周辺状況": "",
                "備考": "",
                "継続観察登録地点": ""
            }
        },
        {
            "type": "Feature",
            "geometry": {
                "type": "Point",
                "coordinates": [
                    134.989,
                    34.517
                ]
            },
            "properties": {
                "調査時期": "2025_S",
                "No": "399",
                "都道府県": "兵庫県",
                "市区町村": "淡路市",
                "撮影場所": "淡路市久留麻 淡路",
                "撮影日時": "2025-08-26T21:51:00+09:00",
                "緯度": "34.517",
                "経度": "134.989",
                "夜空の明るさ": "15.83",
                "ばらつき": "0.1",
                "周辺状況": "その他",
                "備考": "",
                "継続観察登録地点": "○"
            }
        },
        {
            "type": "Feature",
            "geometry": {
                "type": "Point",
                "coordinates": [
                    134.993,
                    34.524
                ]
            },
            "properties": {
                "調査時期": "2025_S",
                "No": "400",
                "都道府県": "兵庫県",
                "市区町村": "淡路市",
                "撮影場所": "淡路市久留麻 淡路",
                "撮影日時": "2025-08-18T19:54:00+09:00",
                "緯度": "34.524",
                "経度": "134.993",
                "夜空の明るさ": "18.62",
                "ばらつき": "0.16",
                "周辺状況": "その他",
                "備考": "",
                "継続観察登録地点": "○"
            }
        },
        {
            "type": "Feature",
            "geometry": {
                "type": "Point",
                "coordinates": [
                    134.993,
                    34.525
                ]
            },
            "properties": {
                "調査時期": "2025_S",
                "No": "401",
                "都道府県": "兵庫県",
                "市区町村": "淡路市",
                "撮影場所": "淡路市久留麻 淡路",
                "撮影日時": "2025-08-21T19:44:00+09:00",
                "緯度": "34.525",
                "経度": "134.993",
                "夜空の明るさ": "17.95",
                "ばらつき": "0.1",
                "周辺状況": "その他",
                "備考": "",
                "継続観察登録地点": "○"
            }
        },
        {
            "type": "Feature",
            "geometry": {
                "type": "Point",
                "coordinates": [
                    134.909,
                    34.733
                ]
            },
            "properties": {
                "調査時期": "2025_S",
                "No": "402",
                "都道府県": "兵庫県",
                "市区町村": "稲美町",
                "撮影場所": "",
                "撮影日時": "2025-08-20T21:05:00+09:00",
                "緯度": "34.733",
                "経度": "134.909",
                "夜空の明るさ": "18.48",
                "ばらつき": "0.11",
                "周辺状況": "",
                "備考": "",
                "継続観察登録地点": ""
            }
        },
        {
            "type": "Feature",
            "geometry": {
                "type": "Point",
                "coordinates": [
                    134.336,
                    35.025
                ]
            },
            "properties": {
                "調査時期": "2025_S",
                "No": "403",
                "都道府県": "兵庫県",
                "市区町村": "佐用町",
                "撮影場所": "",
                "撮影日時": "2025-08-26T21:21:00+09:00",
                "緯度": "35.025",
                "経度": "134.336",
                "夜空の明るさ": "19.19",
                "ばらつき": "0.16",
                "周辺状況": "",
                "備考": "",
                "継続観察登録地点": ""
            }
        },
        {
            "type": "Feature",
            "geometry": {
                "type": "Point",
                "coordinates": [
                    135.407,
                    34.144
                ]
            },
            "properties": {
                "調査時期": "2025_S",
                "No": "404",
                "都道府県": "和歌山県",
                "市区町村": "紀美野町",
                "撮影場所": "和歌山県海草郡紀美野町　みさと天文台",
                "撮影日時": "2025-08-20T20:58:00+09:00",
                "緯度": "34.144",
                "経度": "135.407",
                "夜空の明るさ": "20.65",
                "ばらつき": "0.06",
                "周辺状況": "森林山間地",
                "備考": "",
                "継続観察登録地点": "○"
            }
        },
        {
            "type": "Feature",
            "geometry": {
                "type": "Point",
                "coordinates": [
                    135.407,
                    34.144
                ]
            },
            "properties": {
                "調査時期": "2025_S",
                "No": "405",
                "都道府県": "和歌山県",
                "市区町村": "紀美野町",
                "撮影場所": "和歌山県海草郡紀美野町　みさと天文台",
                "撮影日時": "2025-08-20T21:16:00+09:00",
                "緯度": "34.144",
                "経度": "135.407",
                "夜空の明るさ": "20.63",
                "ばらつき": "0.09",
                "周辺状況": "森林山間地",
                "備考": "",
                "継続観察登録地点": "○"
            }
        },
        {
            "type": "Feature",
            "geometry": {
                "type": "Point",
                "coordinates": [
                    135.698,
                    33.593
                ]
            },
            "properties": {
                "調査時期": "2025_S",
                "No": "406",
                "都道府県": "和歌山県",
                "市区町村": "古座川町",
                "撮影場所": "和歌山県東牟婁郡古座川町佐田",
                "撮影日時": "2025-08-19T21:00:00+09:00",
                "緯度": "33.593",
                "経度": "135.698",
                "夜空の明るさ": "21.86",
                "ばらつき": "0.22",
                "周辺状況": "森林山間地",
                "備考": "",
                "継続観察登録地点": "○"
            }
        },
        {
            "type": "Feature",
            "geometry": {
                "type": "Point",
                "coordinates": [
                    135.698,
                    33.593
                ]
            },
            "properties": {
                "調査時期": "2025_S",
                "No": "407",
                "都道府県": "和歌山県",
                "市区町村": "古座川町",
                "撮影場所": "和歌山県東牟婁郡古座川町佐田",
                "撮影日時": "2025-08-19T20:45:00+09:00",
                "緯度": "33.593",
                "経度": "135.698",
                "夜空の明るさ": "21.89",
                "ばらつき": "0.16",
                "周辺状況": "森林山間地",
                "備考": "",
                "継続観察登録地点": "○"
            }
        },
        {
            "type": "Feature",
            "geometry": {
                "type": "Point",
                "coordinates": [
                    135.698,
                    33.593
                ]
            },
            "properties": {
                "調査時期": "2025_S",
                "No": "408",
                "都道府県": "和歌山県",
                "市区町村": "古座川町",
                "撮影場所": "和歌山県東牟婁郡古座川町佐田",
                "撮影日時": "2025-08-19T20:30:00+09:00",
                "緯度": "33.593",
                "経度": "135.698",
                "夜空の明るさ": "21.96",
                "ばらつき": "0.11",
                "周辺状況": "森林山間地",
                "備考": "",
                "継続観察登録地点": "○"
            }
        },
        {
            "type": "Feature",
            "geometry": {
                "type": "Point",
                "coordinates": [
                    134.256,
                    35.45
                ]
            },
            "properties": {
                "調査時期": "2025_S",
                "No": "409",
                "都道府県": "鳥取県",
                "市区町村": "鳥取市",
                "撮影場所": "",
                "撮影日時": "2025-08-15T21:13:00+09:00",
                "緯度": "35.45",
                "経度": "134.256",
                "夜空の明るさ": "19.3",
                "ばらつき": "0.24",
                "周辺状況": "",
                "備考": "",
                "継続観察登録地点": ""
            }
        },
        {
            "type": "Feature",
            "geometry": {
                "type": "Point",
                "coordinates": [
                    134.16,
                    35.343
                ]
            },
            "properties": {
                "調査時期": "2025_S",
                "No": "410",
                "都道府県": "鳥取県",
                "市区町村": "鳥取市",
                "撮影場所": "",
                "撮影日時": "2025-08-17T22:27:00+09:00",
                "緯度": "35.343",
                "経度": "134.16",
                "夜空の明るさ": "20.97",
                "ばらつき": "0.12",
                "周辺状況": "",
                "備考": "",
                "継続観察登録地点": ""
            }
        },
        {
            "type": "Feature",
            "geometry": {
                "type": "Point",
                "coordinates": [
                    134.266,
                    35.475
                ]
            },
            "properties": {
                "調査時期": "2025_S",
                "No": "411",
                "都道府県": "鳥取県",
                "市区町村": "鳥取市",
                "撮影場所": "",
                "撮影日時": "2025-08-15T21:32:00+09:00",
                "緯度": "35.475",
                "経度": "134.266",
                "夜空の明るさ": "19.54",
                "ばらつき": "0.12",
                "周辺状況": "",
                "備考": "",
                "継続観察登録地点": ""
            }
        },
        {
            "type": "Feature",
            "geometry": {
                "type": "Point",
                "coordinates": [
                    134.119,
                    35.342
                ]
            },
            "properties": {
                "調査時期": "2025_S",
                "No": "412",
                "都道府県": "鳥取県",
                "市区町村": "鳥取市",
                "撮影場所": "さじアストロパーク園地",
                "撮影日時": "2025-08-17T20:34:00+09:00",
                "緯度": "35.342",
                "経度": "134.119",
                "夜空の明るさ": "21.17",
                "ばらつき": "0.13",
                "周辺状況": "森林山間地",
                "備考": "",
                "継続観察登録地点": "○"
            }
        },
        {
            "type": "Feature",
            "geometry": {
                "type": "Point",
                "coordinates": [
                    134.237,
                    35.545
                ]
            },
            "properties": {
                "調査時期": "2025_S",
                "No": "413",
                "都道府県": "鳥取県",
                "市区町村": "鳥取市",
                "撮影場所": "鳥取砂丘駐車場",
                "撮影日時": "2025-08-16T20:55:00+09:00",
                "緯度": "35.545",
                "経度": "134.237",
                "夜空の明るさ": "19.95",
                "ばらつき": "0.12",
                "周辺状況": "自然公園等",
                "備考": "",
                "継続観察登録地点": "○"
            }
        },
        {
            "type": "Feature",
            "geometry": {
                "type": "Point",
                "coordinates": [
                    134.205,
                    35.359
                ]
            },
            "properties": {
                "調査時期": "2025_S",
                "No": "414",
                "都道府県": "鳥取県",
                "市区町村": "鳥取市",
                "撮影場所": "鳥取県鳥取市用瀬町鷹狩",
                "撮影日時": "2025-08-16T22:15:00+09:00",
                "緯度": "35.359",
                "経度": "134.205",
                "夜空の明るさ": "20.91",
                "ばらつき": "0.09",
                "周辺状況": "農業地域",
                "備考": "",
                "継続観察登録地点": "○"
            }
        },
        {
            "type": "Feature",
            "geometry": {
                "type": "Point",
                "coordinates": [
                    134.155,
                    35.498
                ]
            },
            "properties": {
                "調査時期": "2025_S",
                "No": "415",
                "都道府県": "鳥取県",
                "市区町村": "鳥取市",
                "撮影場所": "",
                "撮影日時": "2025-08-16T20:33:00+09:00",
                "緯度": "35.498",
                "経度": "134.155",
                "夜空の明るさ": "20.03",
                "ばらつき": "0.13",
                "周辺状況": "",
                "備考": "",
                "継続観察登録地点": ""
            }
        },
        {
            "type": "Feature",
            "geometry": {
                "type": "Point",
                "coordinates": [
                    134.176,
                    35.357
                ]
            },
            "properties": {
                "調査時期": "2025_S",
                "No": "416",
                "都道府県": "鳥取県",
                "市区町村": "鳥取市",
                "撮影場所": "",
                "撮影日時": "2025-08-16T22:26:00+09:00",
                "緯度": "35.357",
                "経度": "134.176",
                "夜空の明るさ": "21.13",
                "ばらつき": "0.04",
                "周辺状況": "",
                "備考": "",
                "継続観察登録地点": ""
            }
        },
        {
            "type": "Feature",
            "geometry": {
                "type": "Point",
                "coordinates": [
                    134.219,
                    35.494
                ]
            },
            "properties": {
                "調査時期": "2025_S",
                "No": "417",
                "都道府県": "鳥取県",
                "市区町村": "鳥取市",
                "撮影場所": "",
                "撮影日時": "2025-08-16T21:39:00+09:00",
                "緯度": "35.494",
                "経度": "134.219",
                "夜空の明るさ": "18.68",
                "ばらつき": "0.12",
                "周辺状況": "",
                "備考": "",
                "継続観察登録地点": ""
            }
        },
        {
            "type": "Feature",
            "geometry": {
                "type": "Point",
                "coordinates": [
                    134.064,
                    35.333
                ]
            },
            "properties": {
                "調査時期": "2025_S",
                "No": "418",
                "都道府県": "鳥取県",
                "市区町村": "鳥取市",
                "撮影場所": "",
                "撮影日時": "2025-08-17T21:54:00+09:00",
                "緯度": "35.333",
                "経度": "134.064",
                "夜空の明るさ": "21.18",
                "ばらつき": "0.13",
                "周辺状況": "",
                "備考": "",
                "継続観察登録地点": ""
            }
        },
        {
            "type": "Feature",
            "geometry": {
                "type": "Point",
                "coordinates": [
                    134.043,
                    35.329
                ]
            },
            "properties": {
                "調査時期": "2025_S",
                "No": "419",
                "都道府県": "鳥取県",
                "市区町村": "鳥取市",
                "撮影場所": "",
                "撮影日時": "2025-08-17T22:04:00+09:00",
                "緯度": "35.329",
                "経度": "134.043",
                "夜空の明るさ": "21.08",
                "ばらつき": "0.02",
                "周辺状況": "",
                "備考": "",
                "継続観察登録地点": ""
            }
        },
        {
            "type": "Feature",
            "geometry": {
                "type": "Point",
                "coordinates": [
                    134.2,
                    35.393
                ]
            },
            "properties": {
                "調査時期": "2025_S",
                "No": "420",
                "都道府県": "鳥取県",
                "市区町村": "鳥取市",
                "撮影場所": "鳥取市河原町曳田 桜広場駐車場",
                "撮影日時": "2025-08-15T22:03:00+09:00",
                "緯度": "35.393",
                "経度": "134.2",
                "夜空の明るさ": "20",
                "ばらつき": "0.1",
                "周辺状況": "住宅地域",
                "備考": "",
                "継続観察登録地点": "○"
            }
        },
        {
            "type": "Feature",
            "geometry": {
                "type": "Point",
                "coordinates": [
                    134.212,
                    35.448
                ]
            },
            "properties": {
                "調査時期": "2025_S",
                "No": "421",
                "都道府県": "鳥取県",
                "市区町村": "鳥取市",
                "撮影場所": "鳥取市倉田 倉田スポーツ広場",
                "撮影日時": "2025-08-16T21:56:00+09:00",
                "緯度": "35.448",
                "経度": "134.212",
                "夜空の明るさ": "20.18",
                "ばらつき": "0.13",
                "周辺状況": "その他",
                "備考": "",
                "継続観察登録地点": "○"
            }
        },
        {
            "type": "Feature",
            "geometry": {
                "type": "Point",
                "coordinates": [
                    134.106,
                    35.331
                ]
            },
            "properties": {
                "調査時期": "2025_S",
                "No": "422",
                "都道府県": "鳥取県",
                "市区町村": "鳥取市",
                "撮影場所": "",
                "撮影日時": "2025-08-17T21:43:00+09:00",
                "緯度": "35.331",
                "経度": "134.106",
                "夜空の明るさ": "20.94",
                "ばらつき": "0.12",
                "周辺状況": "",
                "備考": "",
                "継続観察登録地点": ""
            }
        },
        {
            "type": "Feature",
            "geometry": {
                "type": "Point",
                "coordinates": [
                    134.237,
                    35.507
                ]
            },
            "properties": {
                "調査時期": "2025_S",
                "No": "423",
                "都道府県": "鳥取県",
                "市区町村": "鳥取市",
                "撮影場所": "",
                "撮影日時": "2025-08-16T21:23:00+09:00",
                "緯度": "35.507",
                "経度": "134.237",
                "夜空の明るさ": "19.04",
                "ばらつき": "0.1",
                "周辺状況": "",
                "備考": "",
                "継続観察登録地点": ""
            }
        },
        {
            "type": "Feature",
            "geometry": {
                "type": "Point",
                "coordinates": [
                    133.33,
                    35.438
                ]
            },
            "properties": {
                "調査時期": "2025_S",
                "No": "424",
                "都道府県": "鳥取県",
                "市区町村": "米子市",
                "撮影場所": "",
                "撮影日時": "2025-08-19T21:49:00+09:00",
                "緯度": "35.438",
                "経度": "133.33",
                "夜空の明るさ": "18",
                "ばらつき": "0.06",
                "周辺状況": "",
                "備考": "",
                "継続観察登録地点": ""
            }
        },
        {
            "type": "Feature",
            "geometry": {
                "type": "Point",
                "coordinates": [
                    134.402,
                    35.344
                ]
            },
            "properties": {
                "調査時期": "2025_S",
                "No": "425",
                "都道府県": "鳥取県",
                "市区町村": "若桜町",
                "撮影場所": "",
                "撮影日時": "2025-08-15T20:26:00+09:00",
                "緯度": "35.344",
                "経度": "134.402",
                "夜空の明るさ": "20.6",
                "ばらつき": "0.1",
                "周辺状況": "",
                "備考": "",
                "継続観察登録地点": ""
            }
        },
        {
            "type": "Feature",
            "geometry": {
                "type": "Point",
                "coordinates": [
                    134.385,
                    35.429
                ]
            },
            "properties": {
                "調査時期": "2025_S",
                "No": "426",
                "都道府県": "鳥取県",
                "市区町村": "八頭町",
                "撮影場所": "",
                "撮影日時": "2025-08-18T21:48:00+09:00",
                "緯度": "35.429",
                "経度": "134.385",
                "夜空の明るさ": "21.11",
                "ばらつき": "0.2",
                "周辺状況": "",
                "備考": "",
                "継続観察登録地点": ""
            }
        },
        {
            "type": "Feature",
            "geometry": {
                "type": "Point",
                "coordinates": [
                    134.249,
                    35.395
                ]
            },
            "properties": {
                "調査時期": "2025_S",
                "No": "427",
                "都道府県": "鳥取県",
                "市区町村": "八頭町",
                "撮影場所": "",
                "撮影日時": "2025-08-15T22:21:00+09:00",
                "緯度": "35.395",
                "経度": "134.249",
                "夜空の明るさ": "20.29",
                "ばらつき": "0.05",
                "周辺状況": "",
                "備考": "",
                "継続観察登録地点": ""
            }
        },
        {
            "type": "Feature",
            "geometry": {
                "type": "Point",
                "coordinates": [
                    134.347,
                    35.4
                ]
            },
            "properties": {
                "調査時期": "2025_S",
                "No": "428",
                "都道府県": "鳥取県",
                "市区町村": "八頭町",
                "撮影場所": "",
                "撮影日時": "2025-08-18T22:07:00+09:00",
                "緯度": "35.4",
                "経度": "134.347",
                "夜空の明るさ": "20.88",
                "ばらつき": "0.11",
                "周辺状況": "",
                "備考": "",
                "継続観察登録地点": ""
            }
        },
        {
            "type": "Feature",
            "geometry": {
                "type": "Point",
                "coordinates": [
                    134.255,
                    35.419
                ]
            },
            "properties": {
                "調査時期": "2025_S",
                "No": "429",
                "都道府県": "鳥取県",
                "市区町村": "八頭町",
                "撮影場所": "",
                "撮影日時": "2025-08-15T21:01:00+09:00",
                "緯度": "35.419",
                "経度": "134.255",
                "夜空の明るさ": "19.76",
                "ばらつき": "0.08",
                "周辺状況": "",
                "備考": "",
                "継続観察登録地点": ""
            }
        },
        {
            "type": "Feature",
            "geometry": {
                "type": "Point",
                "coordinates": [
                    134.385,
                    35.429
                ]
            },
            "properties": {
                "調査時期": "2025_S",
                "No": "430",
                "都道府県": "鳥取県",
                "市区町村": "八頭町",
                "撮影場所": "",
                "撮影日時": "2025-08-18T21:52:00+09:00",
                "緯度": "35.429",
                "経度": "134.385",
                "夜空の明るさ": "21.04",
                "ばらつき": "0.1",
                "周辺状況": "",
                "備考": "",
                "継続観察登録地点": ""
            }
        },
        {
            "type": "Feature",
            "geometry": {
                "type": "Point",
                "coordinates": [
                    134.316,
                    35.363
                ]
            },
            "properties": {
                "調査時期": "2025_S",
                "No": "431",
                "都道府県": "鳥取県",
                "市区町村": "八頭町",
                "撮影場所": "",
                "撮影日時": "2025-08-15T20:43:00+09:00",
                "緯度": "35.363",
                "経度": "134.316",
                "夜空の明るさ": "20.79",
                "ばらつき": "0.08",
                "周辺状況": "",
                "備考": "",
                "継続観察登録地点": ""
            }
        },
        {
            "type": "Feature",
            "geometry": {
                "type": "Point",
                "coordinates": [
                    134.309,
                    35.419
                ]
            },
            "properties": {
                "調査時期": "2025_S",
                "No": "432",
                "都道府県": "鳥取県",
                "市区町村": "八頭町",
                "撮影場所": "",
                "撮影日時": "2025-08-18T22:18:00+09:00",
                "緯度": "35.419",
                "経度": "134.309",
                "夜空の明るさ": "20.79",
                "ばらつき": "0.05",
                "周辺状況": "",
                "備考": "",
                "継続観察登録地点": ""
            }
        },
        {
            "type": "Feature",
            "geometry": {
                "type": "Point",
                "coordinates": [
                    133.159,
                    35.503
                ]
            },
            "properties": {
                "調査時期": "2025_S",
                "No": "433",
                "都道府県": "島根県",
                "市区町村": "松江市",
                "撮影場所": "島根県松江市八束町　八束千本桜公園",
                "撮影日時": "2025-08-15T21:02:00+09:00",
                "緯度": "35.503",
                "経度": "133.159",
                "夜空の明るさ": "20.64",
                "ばらつき": "0.09",
                "周辺状況": "農業地域",
                "備考": "",
                "継続観察登録地点": "○"
            }
        },
        {
            "type": "Feature",
            "geometry": {
                "type": "Point",
                "coordinates": [
                    132.949,
                    35.414
                ]
            },
            "properties": {
                "調査時期": "2025_S",
                "No": "434",
                "都道府県": "島根県",
                "市区町村": "松江市",
                "撮影場所": "",
                "撮影日時": "2025-08-17T21:56:00+09:00",
                "緯度": "35.414",
                "経度": "132.949",
                "夜空の明るさ": "20.43",
                "ばらつき": "0.08",
                "周辺状況": "",
                "備考": "",
                "継続観察登録地点": ""
            }
        },
        {
            "type": "Feature",
            "geometry": {
                "type": "Point",
                "coordinates": [
                    132.894,
                    35.385
                ]
            },
            "properties": {
                "調査時期": "2025_S",
                "No": "435",
                "都道府県": "島根県",
                "市区町村": "松江市",
                "撮影場所": "",
                "撮影日時": "2025-08-17T21:33:00+09:00",
                "緯度": "35.385",
                "経度": "132.894",
                "夜空の明るさ": "20.44",
                "ばらつき": "0.04",
                "周辺状況": "",
                "備考": "",
                "継続観察登録地点": ""
            }
        },
        {
            "type": "Feature",
            "geometry": {
                "type": "Point",
                "coordinates": [
                    131.943,
                    34.789
                ]
            },
            "properties": {
                "調査時期": "2025_S",
                "No": "436",
                "都道府県": "島根県",
                "市区町村": "浜田市",
                "撮影場所": "浜田市三隅町 三保公民館",
                "撮影日時": "2025-08-16T20:28:00+09:00",
                "緯度": "34.789",
                "経度": "131.943",
                "夜空の明るさ": "21",
                "ばらつき": "0.11",
                "周辺状況": "住宅地域",
                "備考": "",
                "継続観察登録地点": "○"
            }
        },
        {
            "type": "Feature",
            "geometry": {
                "type": "Point",
                "coordinates": [
                    132.076,
                    34.887
                ]
            },
            "properties": {
                "調査時期": "2025_S",
                "No": "437",
                "都道府県": "島根県",
                "市区町村": "浜田市",
                "撮影場所": "浜田市竹迫町 海の見える文化公園",
                "撮影日時": "2025-08-25T20:37:00+09:00",
                "緯度": "34.887",
                "経度": "132.076",
                "夜空の明るさ": "19.44",
                "ばらつき": "0.26",
                "周辺状況": "住宅地域",
                "備考": "",
                "継続観察登録地点": "○"
            }
        },
        {
            "type": "Feature",
            "geometry": {
                "type": "Point",
                "coordinates": [
                    132.076,
                    34.887
                ]
            },
            "properties": {
                "調査時期": "2025_S",
                "No": "438",
                "都道府県": "島根県",
                "市区町村": "浜田市",
                "撮影場所": "浜田市竹迫町 海の見える文化公園",
                "撮影日時": "2025-08-25T20:37:00+09:00",
                "緯度": "34.887",
                "経度": "132.076",
                "夜空の明るさ": "19.46",
                "ばらつき": "0.24",
                "周辺状況": "住宅地域",
                "備考": "参考値(薄雲)",
                "継続観察登録地点": "○"
            }
        },
        {
            "type": "Feature",
            "geometry": {
                "type": "Point",
                "coordinates": [
                    133.856,
                    34.824
                ]
            },
            "properties": {
                "調査時期": "2025_S",
                "No": "439",
                "都道府県": "岡山県",
                "市区町村": "岡山市　北区",
                "撮影場所": "河原邸",
                "撮影日時": "2025-08-18T21:32:00+09:00",
                "緯度": "34.824",
                "経度": "133.856",
                "夜空の明るさ": "19.67",
                "ばらつき": "0.11",
                "周辺状況": "森林山間地",
                "備考": "",
                "継続観察登録地点": "○"
            }
        },
        {
            "type": "Feature",
            "geometry": {
                "type": "Point",
                "coordinates": [
                    133.769,
                    34.536
                ]
            },
            "properties": {
                "調査時期": "2025_S",
                "No": "440",
                "都道府県": "岡山県",
                "市区町村": "倉敷市",
                "撮影場所": "倉敷市 ライフパーク倉敷科学センター 屋上",
                "撮影日時": "2025-08-23T21:11:00+09:00",
                "緯度": "34.536",
                "経度": "133.769",
                "夜空の明るさ": "17.01",
                "ばらつき": "0.46",
                "周辺状況": "工業地域",
                "備考": "参考値(薄雲)",
                "継続観察登録地点": "○"
            }
        },
        {
            "type": "Feature",
            "geometry": {
                "type": "Point",
                "coordinates": [
                    133.545,
                    34.672
                ]
            },
            "properties": {
                "調査時期": "2025_S",
                "No": "441",
                "都道府県": "岡山県",
                "市区町村": "井原市",
                "撮影場所": "井原市美星天文台",
                "撮影日時": "2025-08-26T21:39:00+09:00",
                "緯度": "34.672",
                "経度": "133.545",
                "夜空の明るさ": "18.61",
                "ばらつき": "0.3",
                "周辺状況": "森林山間地",
                "備考": "",
                "継続観察登録地点": "○"
            }
        },
        {
            "type": "Feature",
            "geometry": {
                "type": "Point",
                "coordinates": [
                    134.057,
                    34.968
                ]
            },
            "properties": {
                "調査時期": "2025_S",
                "No": "442",
                "都道府県": "岡山県",
                "市区町村": "美咲町",
                "撮影場所": "",
                "撮影日時": "2025-08-22T20:10:00+09:00",
                "緯度": "34.968",
                "経度": "134.057",
                "夜空の明るさ": "19.21",
                "ばらつき": "0.28",
                "周辺状況": "",
                "備考": "",
                "継続観察登録地点": ""
            }
        },
        {
            "type": "Feature",
            "geometry": {
                "type": "Point",
                "coordinates": [
                    132.454,
                    34.398
                ]
            },
            "properties": {
                "調査時期": "2025_S",
                "No": "443",
                "都道府県": "広島県",
                "市区町村": "広島市　中区",
                "撮影場所": "",
                "撮影日時": "2025-08-15T22:00:00+09:00",
                "緯度": "34.398",
                "経度": "132.454",
                "夜空の明るさ": "16.38",
                "ばらつき": "0.07",
                "周辺状況": "",
                "備考": "",
                "継続観察登録地点": ""
            }
        },
        {
            "type": "Feature",
            "geometry": {
                "type": "Point",
                "coordinates": [
                    132.738,
                    34.447
                ]
            },
            "properties": {
                "調査時期": "2025_S",
                "No": "444",
                "都道府県": "広島県",
                "市区町村": "東広島市",
                "撮影場所": "憩いの森公園",
                "撮影日時": "2025-08-21T20:58:00+09:00",
                "緯度": "34.447",
                "経度": "132.738",
                "夜空の明るさ": "18.75",
                "ばらつき": "0.15",
                "周辺状況": "自然公園等",
                "備考": "",
                "継続観察登録地点": "○"
            }
        },
        {
            "type": "Feature",
            "geometry": {
                "type": "Point",
                "coordinates": [
                    132.738,
                    34.447
                ]
            },
            "properties": {
                "調査時期": "2025_S",
                "No": "445",
                "都道府県": "広島県",
                "市区町村": "東広島市",
                "撮影場所": "憩いの森公園",
                "撮影日時": "2025-08-21T21:10:00+09:00",
                "緯度": "34.447",
                "経度": "132.738",
                "夜空の明るさ": "18.4",
                "ばらつき": "0.53",
                "周辺状況": "自然公園等",
                "備考": "",
                "継続観察登録地点": "○"
            }
        },
        {
            "type": "Feature",
            "geometry": {
                "type": "Point",
                "coordinates": [
                    132.738,
                    34.447
                ]
            },
            "properties": {
                "調査時期": "2025_S",
                "No": "446",
                "都道府県": "広島県",
                "市区町村": "東広島市",
                "撮影場所": "憩いの森公園",
                "撮影日時": "2025-08-21T21:07:00+09:00",
                "緯度": "34.447",
                "経度": "132.738",
                "夜空の明るさ": "18.24",
                "ばらつき": "0.42",
                "周辺状況": "自然公園等",
                "備考": "",
                "継続観察登録地点": "○"
            }
        },
        {
            "type": "Feature",
            "geometry": {
                "type": "Point",
                "coordinates": [
                    132.738,
                    34.447
                ]
            },
            "properties": {
                "調査時期": "2025_S",
                "No": "447",
                "都道府県": "広島県",
                "市区町村": "東広島市",
                "撮影場所": "憩いの森公園",
                "撮影日時": "2025-08-21T21:03:00+09:00",
                "緯度": "34.447",
                "経度": "132.738",
                "夜空の明るさ": "18.32",
                "ばらつき": "0.36",
                "周辺状況": "自然公園等",
                "備考": "",
                "継続観察登録地点": "○"
            }
        },
        {
            "type": "Feature",
            "geometry": {
                "type": "Point",
                "coordinates": [
                    131.656,
                    34.474
                ]
            },
            "properties": {
                "調査時期": "2025_S",
                "No": "448",
                "都道府県": "山口県",
                "市区町村": "山口市",
                "撮影場所": "",
                "撮影日時": "2025-08-15T21:32:00+09:00",
                "緯度": "34.474",
                "経度": "131.656",
                "夜空の明るさ": "21.52",
                "ばらつき": "0.21",
                "周辺状況": "",
                "備考": "",
                "継続観察登録地点": ""
            }
        },
        {
            "type": "Feature",
            "geometry": {
                "type": "Point",
                "coordinates": [
                    134.515,
                    34.073
                ]
            },
            "properties": {
                "調査時期": "2025_S",
                "No": "449",
                "都道府県": "徳島県",
                "市区町村": "徳島市",
                "撮影場所": "",
                "撮影日時": "2025-08-19T21:13:00+09:00",
                "緯度": "34.073",
                "経度": "134.515",
                "夜空の明るさ": "18.47",
                "ばらつき": "0.06",
                "周辺状況": "",
                "備考": "",
                "継続観察登録地点": ""
            }
        },
        {
            "type": "Feature",
            "geometry": {
                "type": "Point",
                "coordinates": [
                    134.458,
                    34.098
                ]
            },
            "properties": {
                "調査時期": "2025_S",
                "No": "450",
                "都道府県": "徳島県",
                "市区町村": "徳島市",
                "撮影場所": "",
                "撮影日時": "2025-08-19T21:54:00+09:00",
                "緯度": "34.098",
                "経度": "134.458",
                "夜空の明るさ": "19.26",
                "ばらつき": "0.1",
                "周辺状況": "",
                "備考": "",
                "継続観察登録地点": ""
            }
        },
        {
            "type": "Feature",
            "geometry": {
                "type": "Point",
                "coordinates": [
                    134.603,
                    34.063
                ]
            },
            "properties": {
                "調査時期": "2025_S",
                "No": "451",
                "都道府県": "徳島県",
                "市区町村": "徳島市",
                "撮影場所": "",
                "撮影日時": "2025-08-19T20:48:00+09:00",
                "緯度": "34.063",
                "経度": "134.603",
                "夜空の明るさ": "19.13",
                "ばらつき": "0.13",
                "周辺状況": "",
                "備考": "",
                "継続観察登録地点": ""
            }
        },
        {
            "type": "Feature",
            "geometry": {
                "type": "Point",
                "coordinates": [
                    134.558,
                    34.07
                ]
            },
            "properties": {
                "調査時期": "2025_S",
                "No": "452",
                "都道府県": "徳島県",
                "市区町村": "徳島市",
                "撮影場所": "",
                "撮影日時": "2025-08-19T20:22:00+09:00",
                "緯度": "34.07",
                "経度": "134.558",
                "夜空の明るさ": "17.81",
                "ばらつき": "0.12",
                "周辺状況": "",
                "備考": "",
                "継続観察登録地点": ""
            }
        },
        {
            "type": "Feature",
            "geometry": {
                "type": "Point",
                "coordinates": [
                    134.471,
                    34.062
                ]
            },
            "properties": {
                "調査時期": "2025_S",
                "No": "453",
                "都道府県": "徳島県",
                "市区町村": "徳島市",
                "撮影場所": "",
                "撮影日時": "2025-08-19T21:34:00+09:00",
                "緯度": "34.062",
                "経度": "134.471",
                "夜空の明るさ": "19.01",
                "ばらつき": "0.13",
                "周辺状況": "",
                "備考": "",
                "継続観察登録地点": ""
            }
        },
        {
            "type": "Feature",
            "geometry": {
                "type": "Point",
                "coordinates": [
                    134.408,
                    33.953
                ]
            },
            "properties": {
                "調査時期": "2025_S",
                "No": "454",
                "都道府県": "徳島県",
                "市区町村": "上勝町",
                "撮影場所": "徳島県名東郡佐那河内村上字大川原",
                "撮影日時": "2025-08-23T20:12:00+09:00",
                "緯度": "33.953",
                "経度": "134.408",
                "夜空の明るさ": "20.31",
                "ばらつき": "0.28",
                "周辺状況": "森林山間地",
                "備考": "",
                "継続観察登録地点": "○"
            }
        },
        {
            "type": "Feature",
            "geometry": {
                "type": "Point",
                "coordinates": [
                    134.449,
                    34.068
                ]
            },
            "properties": {
                "調査時期": "2025_S",
                "No": "455",
                "都道府県": "徳島県",
                "市区町村": "石井町",
                "撮影場所": "",
                "撮影日時": "2025-08-16T23:50:00+09:00",
                "緯度": "34.068",
                "経度": "134.449",
                "夜空の明るさ": "18.62",
                "ばらつき": "0.26",
                "周辺状況": "",
                "備考": "参考値（時間外）",
                "継続観察登録地点": ""
            }
        },
        {
            "type": "Feature",
            "geometry": {
                "type": "Point",
                "coordinates": [
                    134.446,
                    34.07
                ]
            },
            "properties": {
                "調査時期": "2025_S",
                "No": "456",
                "都道府県": "徳島県",
                "市区町村": "石井町",
                "撮影場所": "",
                "撮影日時": "2025-08-19T22:11:00+09:00",
                "緯度": "34.07",
                "経度": "134.446",
                "夜空の明るさ": "18.83",
                "ばらつき": "0.08",
                "周辺状況": "",
                "備考": "",
                "継続観察登録地点": ""
            }
        },
        {
            "type": "Feature",
            "geometry": {
                "type": "Point",
                "coordinates": [
                    134.055,
                    34.288
                ]
            },
            "properties": {
                "調査時期": "2025_S",
                "No": "457",
                "都道府県": "香川県",
                "市区町村": "高松市",
                "撮影場所": "香川県高松市多肥上町",
                "撮影日時": "2025-08-19T21:19:00+09:00",
                "緯度": "34.288",
                "経度": "134.055",
                "夜空の明るさ": "18.25",
                "ばらつき": "0.24",
                "周辺状況": "住宅地域",
                "備考": "",
                "継続観察登録地点": "○"
            }
        },
        {
            "type": "Feature",
            "geometry": {
                "type": "Point",
                "coordinates": [
                    133.245,
                    33.909
                ]
            },
            "properties": {
                "調査時期": "2025_S",
                "No": "458",
                "都道府県": "愛媛県",
                "市区町村": "新居浜市",
                "撮影場所": "愛媛県総合科学博物館 屋上（愛媛県新居浜市）",
                "撮影日時": "2025-08-27T22:09:00+09:00",
                "緯度": "33.909",
                "経度": "133.245",
                "夜空の明るさ": "19.87",
                "ばらつき": "0.08",
                "周辺状況": "その他",
                "備考": "",
                "継続観察登録地点": "○"
            }
        },
        {
            "type": "Feature",
            "geometry": {
                "type": "Point",
                "coordinates": [
                    132.94,
                    33.677
                ]
            },
            "properties": {
                "調査時期": "2025_S",
                "No": "459",
                "都道府県": "愛媛県",
                "市区町村": "久万高原町",
                "撮影場所": "久万高原天体観測館",
                "撮影日時": "2025-08-21T20:58:00+09:00",
                "緯度": "33.677",
                "経度": "132.94",
                "夜空の明るさ": "21.14",
                "ばらつき": "0.14",
                "周辺状況": "森林山間地 ",
                "備考": "",
                "継続観察登録地点": "○"
            }
        },
        {
            "type": "Feature",
            "geometry": {
                "type": "Point",
                "coordinates": [
                    133.529,
                    33.536
                ]
            },
            "properties": {
                "調査時期": "2025_S",
                "No": "460",
                "都道府県": "高知県",
                "市区町村": "高知市",
                "撮影場所": "土佐塾中学・高等学校",
                "撮影日時": "2025-08-19T21:20:00+09:00",
                "緯度": "33.536",
                "経度": "133.529",
                "夜空の明るさ": "19.08",
                "ばらつき": "0.07",
                "周辺状況": "その他",
                "備考": "",
                "継続観察登録地点": "○"
            }
        },
        {
            "type": "Feature",
            "geometry": {
                "type": "Point",
                "coordinates": [
                    133.95,
                    33.451
                ]
            },
            "properties": {
                "調査時期": "2025_S",
                "No": "461",
                "都道府県": "高知県",
                "市区町村": "安芸市",
                "撮影場所": "",
                "撮影日時": "2025-08-19T21:23:00+09:00",
                "緯度": "33.451",
                "経度": "133.95",
                "夜空の明るさ": "21.31",
                "ばらつき": "0.14",
                "周辺状況": "",
                "備考": "",
                "継続観察登録地点": ""
            }
        },
        {
            "type": "Feature",
            "geometry": {
                "type": "Point",
                "coordinates": [
                    132.793,
                    33.174
                ]
            },
            "properties": {
                "調査時期": "2025_S",
                "No": "462",
                "都道府県": "高知県",
                "市区町村": "四万十市",
                "撮影場所": "四万十天文台前",
                "撮影日時": "2025-08-18T22:05:00+09:00",
                "緯度": "33.174",
                "経度": "132.793",
                "夜空の明るさ": "20.94",
                "ばらつき": "0.11",
                "周辺状況": "森林山間地",
                "備考": "",
                "継続観察登録地点": "○"
            }
        },
        {
            "type": "Feature",
            "geometry": {
                "type": "Point",
                "coordinates": [
                    132.793,
                    33.174
                ]
            },
            "properties": {
                "調査時期": "2025_S",
                "No": "463",
                "都道府県": "高知県",
                "市区町村": "四万十市",
                "撮影場所": "四万十天文台前",
                "撮影日時": "2025-08-26T21:59:00+09:00",
                "緯度": "33.174",
                "経度": "132.793",
                "夜空の明るさ": "19.68",
                "ばらつき": "0.13",
                "周辺状況": "森林山間地",
                "備考": "参考値(薄雲)",
                "継続観察登録地点": "○"
            }
        },
        {
            "type": "Feature",
            "geometry": {
                "type": "Point",
                "coordinates": [
                    132.793,
                    33.174
                ]
            },
            "properties": {
                "調査時期": "2025_S",
                "No": "464",
                "都道府県": "高知県",
                "市区町村": "四万十市",
                "撮影場所": "四万十天文台前",
                "撮影日時": "2025-08-25T21:06:00+09:00",
                "緯度": "33.174",
                "経度": "132.793",
                "夜空の明るさ": "20.59",
                "ばらつき": "0.3",
                "周辺状況": "森林山間地",
                "備考": "参考値(薄雲)",
                "継続観察登録地点": "○"
            }
        },
        {
            "type": "Feature",
            "geometry": {
                "type": "Point",
                "coordinates": [
                    132.793,
                    33.174
                ]
            },
            "properties": {
                "調査時期": "2025_S",
                "No": "465",
                "都道府県": "高知県",
                "市区町村": "四万十市",
                "撮影場所": "四万十天文台前",
                "撮影日時": "2025-08-14T21:45:00+09:00",
                "緯度": "33.174",
                "経度": "132.793",
                "夜空の明るさ": "19.34",
                "ばらつき": "0.31",
                "周辺状況": "森林山間地",
                "備考": "",
                "継続観察登録地点": "○"
            }
        },
        {
            "type": "Feature",
            "geometry": {
                "type": "Point",
                "coordinates": [
                    132.793,
                    33.174
                ]
            },
            "properties": {
                "調査時期": "2025_S",
                "No": "466",
                "都道府県": "高知県",
                "市区町村": "四万十市",
                "撮影場所": "四万十天文台前",
                "撮影日時": "2025-08-19T22:12:00+09:00",
                "緯度": "33.174",
                "経度": "132.793",
                "夜空の明るさ": "21.32",
                "ばらつき": "0.04",
                "周辺状況": "森林山間地",
                "備考": "",
                "継続観察登録地点": "○"
            }
        },
        {
            "type": "Feature",
            "geometry": {
                "type": "Point",
                "coordinates": [
                    132.793,
                    33.174
                ]
            },
            "properties": {
                "調査時期": "2025_S",
                "No": "467",
                "都道府県": "高知県",
                "市区町村": "四万十市",
                "撮影場所": "四万十天文台前",
                "撮影日時": "2025-08-18T22:07:00+09:00",
                "緯度": "33.174",
                "経度": "132.793",
                "夜空の明るさ": "20.84",
                "ばらつき": "0.13",
                "周辺状況": "森林山間地",
                "備考": "",
                "継続観察登録地点": "○"
            }
        },
        {
            "type": "Feature",
            "geometry": {
                "type": "Point",
                "coordinates": [
                    132.793,
                    33.174
                ]
            },
            "properties": {
                "調査時期": "2025_S",
                "No": "468",
                "都道府県": "高知県",
                "市区町村": "四万十市",
                "撮影場所": "四万十天文台前",
                "撮影日時": "2025-08-21T21:31:00+09:00",
                "緯度": "33.174",
                "経度": "132.793",
                "夜空の明るさ": "19.19",
                "ばらつき": "0.13",
                "周辺状況": "森林山間地",
                "備考": "",
                "継続観察登録地点": "○"
            }
        },
        {
            "type": "Feature",
            "geometry": {
                "type": "Point",
                "coordinates": [
                    132.793,
                    33.174
                ]
            },
            "properties": {
                "調査時期": "2025_S",
                "No": "469",
                "都道府県": "高知県",
                "市区町村": "四万十市",
                "撮影場所": "",
                "撮影日時": "2025-08-15T21:47:00+09:00",
                "緯度": "33.174",
                "経度": "132.793",
                "夜空の明るさ": "20.62",
                "ばらつき": "0.31",
                "周辺状況": "",
                "備考": "",
                "継続観察登録地点": ""
            }
        },
        {
            "type": "Feature",
            "geometry": {
                "type": "Point",
                "coordinates": [
                    132.793,
                    33.174
                ]
            },
            "properties": {
                "調査時期": "2025_S",
                "No": "470",
                "都道府県": "高知県",
                "市区町村": "四万十市",
                "撮影場所": "四万十天文台前",
                "撮影日時": "2025-08-17T21:29:00+09:00",
                "緯度": "33.174",
                "経度": "132.793",
                "夜空の明るさ": "21.28",
                "ばらつき": "0.16",
                "周辺状況": "森林山間地",
                "備考": "",
                "継続観察登録地点": "○"
            }
        },
        {
            "type": "Feature",
            "geometry": {
                "type": "Point",
                "coordinates": [
                    133.823,
                    33.53
                ]
            },
            "properties": {
                "調査時期": "2025_S",
                "No": "471",
                "都道府県": "高知県",
                "市区町村": "芸西村",
                "撮影場所": "芸西天文台",
                "撮影日時": "2025-08-18T22:19:00+09:00",
                "緯度": "33.53",
                "経度": "133.823",
                "夜空の明るさ": "21.12",
                "ばらつき": "0.13",
                "周辺状況": "森林山間地",
                "備考": "",
                "継続観察登録地点": "○"
            }
        },
        {
            "type": "Feature",
            "geometry": {
                "type": "Point",
                "coordinates": [
                    133.825,
                    33.531
                ]
            },
            "properties": {
                "調査時期": "2025_S",
                "No": "472",
                "都道府県": "高知県",
                "市区町村": "芸西村",
                "撮影場所": "芸西天文台",
                "撮影日時": "2025-08-18T22:26:00+09:00",
                "緯度": "33.531",
                "経度": "133.825",
                "夜空の明るさ": "21.13",
                "ばらつき": "0.09",
                "周辺状況": "森林山間地",
                "備考": "",
                "継続観察登録地点": "○"
            }
        },
        {
            "type": "Feature",
            "geometry": {
                "type": "Point",
                "coordinates": [
                    133.002,
                    33.476
                ]
            },
            "properties": {
                "調査時期": "2025_S",
                "No": "473",
                "都道府県": "高知県",
                "市区町村": "津野町",
                "撮影場所": "",
                "撮影日時": "2025-08-20T22:08:00+09:00",
                "緯度": "33.476",
                "経度": "133.002",
                "夜空の明るさ": "21.45",
                "ばらつき": "0.08",
                "周辺状況": "",
                "備考": "",
                "継続観察登録地点": ""
            }
        },
        {
            "type": "Feature",
            "geometry": {
                "type": "Point",
                "coordinates": [
                    132.977,
                    33.398
                ]
            },
            "properties": {
                "調査時期": "2025_S",
                "No": "474",
                "都道府県": "高知県",
                "市区町村": "津野町",
                "撮影場所": "",
                "撮影日時": "2025-08-20T21:11:00+09:00",
                "緯度": "33.398",
                "経度": "132.977",
                "夜空の明るさ": "21.54",
                "ばらつき": "0.18",
                "周辺状況": "",
                "備考": "",
                "継続観察登録地点": ""
            }
        },
        {
            "type": "Feature",
            "geometry": {
                "type": "Point",
                "coordinates": [
                    130.76,
                    33.243
                ]
            },
            "properties": {
                "調査時期": "2025_S",
                "No": "475",
                "都道府県": "福岡県",
                "市区町村": "八女市",
                "撮影場所": "星のふるさと公園 星降る広場",
                "撮影日時": "2025-08-26T21:44:00+09:00",
                "緯度": "33.243",
                "経度": "130.76",
                "夜空の明るさ": "19.74",
                "ばらつき": "0.47",
                "周辺状況": "森林山間地",
                "備考": "測定不可(方向エラー)",
                "継続観察登録地点": "○"
            }
        },
        {
            "type": "Feature",
            "geometry": {
                "type": "Point",
                "coordinates": [
                    129.68,
                    33.174
                ]
            },
            "properties": {
                "調査時期": "2025_S",
                "No": "476",
                "都道府県": "長崎県",
                "市区町村": "佐世保市",
                "撮影場所": "佐世保市星和台町",
                "撮影日時": "2025-08-15T22:37:00+09:00",
                "緯度": "33.174",
                "経度": "129.68",
                "夜空の明るさ": "19.98",
                "ばらつき": "0.04",
                "周辺状況": "住宅地域",
                "備考": "",
                "継続観察登録地点": "○"
            }
        },
        {
            "type": "Feature",
            "geometry": {
                "type": "Point",
                "coordinates": [
                    129.665,
                    33.308
                ]
            },
            "properties": {
                "調査時期": "2025_S",
                "No": "477",
                "都道府県": "長崎県",
                "市区町村": "佐世保市",
                "撮影場所": "佐世保市江迎町奧川内 白岳自然公園",
                "撮影日時": "2025-08-16T21:40:00+09:00",
                "緯度": "33.308",
                "経度": "129.665",
                "夜空の明るさ": "20.77",
                "ばらつき": "0.1",
                "周辺状況": "自然公園等",
                "備考": "",
                "継続観察登録地点": "○"
            }
        },
        {
            "type": "Feature",
            "geometry": {
                "type": "Point",
                "coordinates": [
                    130.733,
                    32.831
                ]
            },
            "properties": {
                "調査時期": "2025_S",
                "No": "478",
                "都道府県": "熊本県",
                "市区町村": "熊本市　北区",
                "撮影場所": "",
                "撮影日時": "2025-08-20T21:20:00+09:00",
                "緯度": "32.831",
                "経度": "130.733",
                "夜空の明るさ": "18.66",
                "ばらつき": "0.17",
                "周辺状況": "",
                "備考": "",
                "継続観察登録地点": ""
            }
        },
        {
            "type": "Feature",
            "geometry": {
                "type": "Point",
                "coordinates": [
                    131.099,
                    32.741
                ]
            },
            "properties": {
                "調査時期": "2025_S",
                "No": "479",
                "都道府県": "熊本県",
                "市区町村": "山都町",
                "撮影場所": "清和高原天文台",
                "撮影日時": "2025-08-17T21:25:00+09:00",
                "緯度": "32.741",
                "経度": "131.099",
                "夜空の明るさ": "21.26",
                "ばらつき": "0.17",
                "周辺状況": "森林山間地",
                "備考": "",
                "継続観察登録地点": "○"
            }
        },
        {
            "type": "Feature",
            "geometry": {
                "type": "Point",
                "coordinates": [
                    131.07,
                    31.88
                ]
            },
            "properties": {
                "調査時期": "2025_S",
                "No": "480",
                "都道府県": "宮崎県",
                "市区町村": "都城市",
                "撮影場所": "宮崎県都城市高崎町",
                "撮影日時": "2025-08-25T21:46:00+09:00",
                "緯度": "31.88",
                "経度": "131.07",
                "夜空の明るさ": "20",
                "ばらつき": "0.11",
                "周辺状況": "住宅地域",
                "備考": "",
                "継続観察登録地点": "○"
            }
        },
        {
            "type": "Feature",
            "geometry": {
                "type": "Point",
                "coordinates": [
                    129.57,
                    28.344
                ]
            },
            "properties": {
                "調査時期": "2025_S",
                "No": "481",
                "都道府県": "鹿児島県",
                "市区町村": "奄美市",
                "撮影場所": "",
                "撮影日時": "2025-08-23T21:46:00+09:00",
                "緯度": "28.344",
                "経度": "129.57",
                "夜空の明るさ": "21.39",
                "ばらつき": "0.21",
                "周辺状況": "",
                "備考": "",
                "継続観察登録地点": ""
            }
        },
        {
            "type": "Feature",
            "geometry": {
                "type": "Point",
                "coordinates": [
                    130.979,
                    30.557
                ]
            },
            "properties": {
                "調査時期": "2025_S",
                "No": "482",
                "都道府県": "鹿児島県",
                "市区町村": "中種子町",
                "撮影場所": "熊毛郡中種子町",
                "撮影日時": "2025-08-17T21:25:00+09:00",
                "緯度": "30.557",
                "経度": "130.979",
                "夜空の明るさ": "21.58",
                "ばらつき": "0.22",
                "周辺状況": "農業地域",
                "備考": "",
                "継続観察登録地点": "○"
            }
        },
        {
            "type": "Feature",
            "geometry": {
                "type": "Point",
                "coordinates": [
                    129.342,
                    28.316
                ]
            },
            "properties": {
                "調査時期": "2025_S",
                "No": "483",
                "都道府県": "鹿児島県",
                "市区町村": "大和村",
                "撮影場所": "",
                "撮影日時": "2025-08-26T21:16:00+09:00",
                "緯度": "28.316",
                "経度": "129.342",
                "夜空の明るさ": "21.7",
                "ばらつき": "0.22",
                "周辺状況": "",
                "備考": "",
                "継続観察登録地点": ""
            }
        },
        {
            "type": "Feature",
            "geometry": {
                "type": "Point",
                "coordinates": [
                    129.398,
                    28.358
                ]
            },
            "properties": {
                "調査時期": "2025_S",
                "No": "484",
                "都道府県": "鹿児島県",
                "市区町村": "大和村",
                "撮影場所": "",
                "撮影日時": "2025-08-26T22:12:00+09:00",
                "緯度": "28.358",
                "経度": "129.398",
                "夜空の明るさ": "19.74",
                "ばらつき": "0.28",
                "周辺状況": "",
                "備考": "",
                "継続観察登録地点": ""
            }
        },
        {
            "type": "Feature",
            "geometry": {
                "type": "Point",
                "coordinates": [
                    129.381,
                    28.365
                ]
            },
            "properties": {
                "調査時期": "2025_S",
                "No": "485",
                "都道府県": "鹿児島県",
                "市区町村": "大和村",
                "撮影場所": "",
                "撮影日時": "2025-08-26T20:25:00+09:00",
                "緯度": "28.365",
                "経度": "129.381",
                "夜空の明るさ": "20.83",
                "ばらつき": "0.12",
                "周辺状況": "",
                "備考": "",
                "継続観察登録地点": ""
            }
        },
        {
            "type": "Feature",
            "geometry": {
                "type": "Point",
                "coordinates": [
                    129.292,
                    28.221
                ]
            },
            "properties": {
                "調査時期": "2025_S",
                "No": "486",
                "都道府県": "鹿児島県",
                "市区町村": "瀬戸内町",
                "撮影場所": "",
                "撮影日時": "2025-08-24T21:20:00+09:00",
                "緯度": "28.221",
                "経度": "129.292",
                "夜空の明るさ": "21.71",
                "ばらつき": "0.04",
                "周辺状況": "",
                "備考": "",
                "継続観察登録地点": ""
            }
        },
        {
            "type": "Feature",
            "geometry": {
                "type": "Point",
                "coordinates": [
                    129.273,
                    28.199
                ]
            },
            "properties": {
                "調査時期": "2025_S",
                "No": "487",
                "都道府県": "鹿児島県",
                "市区町村": "瀬戸内町",
                "撮影場所": "",
                "撮影日時": "2025-08-23T21:49:00+09:00",
                "緯度": "28.199",
                "経度": "129.273",
                "夜空の明るさ": "21.69",
                "ばらつき": "0.35",
                "周辺状況": "",
                "備考": "",
                "継続観察登録地点": ""
            }
        },
        {
            "type": "Feature",
            "geometry": {
                "type": "Point",
                "coordinates": [
                    129.281,
                    28.198
                ]
            },
            "properties": {
                "調査時期": "2025_S",
                "No": "488",
                "都道府県": "鹿児島県",
                "市区町村": "瀬戸内町",
                "撮影場所": "",
                "撮影日時": "2025-08-23T21:38:00+09:00",
                "緯度": "28.198",
                "経度": "129.281",
                "夜空の明るさ": "21.7",
                "ばらつき": "0.08",
                "周辺状況": "",
                "備考": "",
                "継続観察登録地点": ""
            }
        },
        {
            "type": "Feature",
            "geometry": {
                "type": "Point",
                "coordinates": [
                    129.289,
                    28.189
                ]
            },
            "properties": {
                "調査時期": "2025_S",
                "No": "489",
                "都道府県": "鹿児島県",
                "市区町村": "瀬戸内町",
                "撮影場所": "",
                "撮影日時": "2025-08-23T21:34:00+09:00",
                "緯度": "28.189",
                "経度": "129.289",
                "夜空の明るさ": "21.59",
                "ばらつき": "0.25",
                "周辺状況": "",
                "備考": "",
                "継続観察登録地点": ""
            }
        },
        {
            "type": "Feature",
            "geometry": {
                "type": "Point",
                "coordinates": [
                    129.293,
                    28.18
                ]
            },
            "properties": {
                "調査時期": "2025_S",
                "No": "490",
                "都道府県": "鹿児島県",
                "市区町村": "瀬戸内町",
                "撮影場所": "",
                "撮影日時": "2025-08-23T21:30:00+09:00",
                "緯度": "28.18",
                "経度": "129.293",
                "夜空の明るさ": "21.78",
                "ばらつき": "0.17",
                "周辺状況": "",
                "備考": "",
                "継続観察登録地点": ""
            }
        },
        {
            "type": "Feature",
            "geometry": {
                "type": "Point",
                "coordinates": [
                    129.298,
                    28.171
                ]
            },
            "properties": {
                "調査時期": "2025_S",
                "No": "491",
                "都道府県": "鹿児島県",
                "市区町村": "瀬戸内町",
                "撮影場所": "",
                "撮影日時": "2025-08-23T21:25:00+09:00",
                "緯度": "28.171",
                "経度": "129.298",
                "夜空の明るさ": "21.78",
                "ばらつき": "0.14",
                "周辺状況": "",
                "備考": "",
                "継続観察登録地点": ""
            }
        },
        {
            "type": "Feature",
            "geometry": {
                "type": "Point",
                "coordinates": [
                    129.276,
                    28.232
                ]
            },
            "properties": {
                "調査時期": "2025_S",
                "No": "492",
                "都道府県": "鹿児島県",
                "市区町村": "瀬戸内町",
                "撮影場所": "",
                "撮影日時": "2025-08-24T21:13:00+09:00",
                "緯度": "28.232",
                "経度": "129.276",
                "夜空の明るさ": "21.71",
                "ばらつき": "0.16",
                "周辺状況": "",
                "備考": "",
                "継続観察登録地点": ""
            }
        },
        {
            "type": "Feature",
            "geometry": {
                "type": "Point",
                "coordinates": [
                    129.329,
                    28.135
                ]
            },
            "properties": {
                "調査時期": "2025_S",
                "No": "493",
                "都道府県": "鹿児島県",
                "市区町村": "瀬戸内町",
                "撮影場所": "",
                "撮影日時": "2025-08-23T21:03:00+09:00",
                "緯度": "28.135",
                "経度": "129.329",
                "夜空の明るさ": "21.45",
                "ばらつき": "0.12",
                "周辺状況": "",
                "備考": "",
                "継続観察登録地点": ""
            }
        },
        {
            "type": "Feature",
            "geometry": {
                "type": "Point",
                "coordinates": [
                    129.175,
                    28.242
                ]
            },
            "properties": {
                "調査時期": "2025_S",
                "No": "494",
                "都道府県": "鹿児島県",
                "市区町村": "瀬戸内町",
                "撮影場所": "",
                "撮影日時": "2025-08-24T20:29:00+09:00",
                "緯度": "28.242",
                "経度": "129.175",
                "夜空の明るさ": "21.81",
                "ばらつき": "0.16",
                "周辺状況": "",
                "備考": "",
                "継続観察登録地点": ""
            }
        },
        {
            "type": "Feature",
            "geometry": {
                "type": "Point",
                "coordinates": [
                    129.337,
                    28.167
                ]
            },
            "properties": {
                "調査時期": "2025_S",
                "No": "495",
                "都道府県": "鹿児島県",
                "市区町村": "瀬戸内町",
                "撮影場所": "",
                "撮影日時": "2025-08-17T21:04:00+09:00",
                "緯度": "28.167",
                "経度": "129.337",
                "夜空の明るさ": "21.4",
                "ばらつき": "0.27",
                "周辺状況": "",
                "備考": "",
                "継続観察登録地点": ""
            }
        },
        {
            "type": "Feature",
            "geometry": {
                "type": "Point",
                "coordinates": [
                    129.296,
                    28.149
                ]
            },
            "properties": {
                "調査時期": "2025_S",
                "No": "496",
                "都道府県": "鹿児島県",
                "市区町村": "瀬戸内町",
                "撮影場所": "鹿児島県大島郡瀬戸内町瀬戸崎",
                "撮影日時": "2025-08-15T21:39:00+09:00",
                "緯度": "28.149",
                "経度": "129.296",
                "夜空の明るさ": "21.74",
                "ばらつき": "0.2",
                "周辺状況": "森林山間地",
                "備考": "",
                "継続観察登録地点": "○"
            }
        },
        {
            "type": "Feature",
            "geometry": {
                "type": "Point",
                "coordinates": [
                    129.313,
                    28.175
                ]
            },
            "properties": {
                "調査時期": "2025_S",
                "No": "497",
                "都道府県": "鹿児島県",
                "市区町村": "瀬戸内町",
                "撮影場所": "鹿児島県瀬戸内町油井岳",
                "撮影日時": "2025-08-17T20:36:00+09:00",
                "緯度": "28.175",
                "経度": "129.313",
                "夜空の明るさ": "21.99",
                "ばらつき": "0.1",
                "周辺状況": "自然公園等",
                "備考": "",
                "継続観察登録地点": "○"
            }
        },
        {
            "type": "Feature",
            "geometry": {
                "type": "Point",
                "coordinates": [
                    129.296,
                    28.158
                ]
            },
            "properties": {
                "調査時期": "2025_S",
                "No": "498",
                "都道府県": "鹿児島県",
                "市区町村": "瀬戸内町",
                "撮影場所": "",
                "撮影日時": "2025-08-15T21:43:00+09:00",
                "緯度": "28.158",
                "経度": "129.296",
                "夜空の明るさ": "21.83",
                "ばらつき": "0.19",
                "周辺状況": "",
                "備考": "",
                "継続観察登録地点": ""
            }
        },
        {
            "type": "Feature",
            "geometry": {
                "type": "Point",
                "coordinates": [
                    129.311,
                    28.148
                ]
            },
            "properties": {
                "調査時期": "2025_S",
                "No": "499",
                "都道府県": "鹿児島県",
                "市区町村": "瀬戸内町",
                "撮影場所": "鹿児島県大島郡瀬戸内町春日公園",
                "撮影日時": "2025-08-15T21:31:00+09:00",
                "緯度": "28.148",
                "経度": "129.311",
                "夜空の明るさ": "20.43",
                "ばらつき": "0.33",
                "周辺状況": "商業地域",
                "備考": "",
                "継続観察登録地点": "○"
            }
        },
        {
            "type": "Feature",
            "geometry": {
                "type": "Point",
                "coordinates": [
                    129.363,
                    28.124
                ]
            },
            "properties": {
                "調査時期": "2025_S",
                "No": "500",
                "都道府県": "鹿児島県",
                "市区町村": "瀬戸内町",
                "撮影場所": "鹿児島県大島郡瀬戸内町ヤドリ浜",
                "撮影日時": "2025-08-15T21:04:00+09:00",
                "緯度": "28.124",
                "経度": "129.363",
                "夜空の明るさ": "21.97",
                "ばらつき": "0.16",
                "周辺状況": "自然公園等",
                "備考": "",
                "継続観察登録地点": "○"
            }
        },
        {
            "type": "Feature",
            "geometry": {
                "type": "Point",
                "coordinates": [
                    129.316,
                    28.169
                ]
            },
            "properties": {
                "調査時期": "2025_S",
                "No": "501",
                "都道府県": "鹿児島県",
                "市区町村": "瀬戸内町",
                "撮影場所": "鹿児島県 瀬戸内町高知山",
                "撮影日時": "2025-08-17T20:48:00+09:00",
                "緯度": "28.169",
                "経度": "129.316",
                "夜空の明るさ": "21.54",
                "ばらつき": "0.27",
                "周辺状況": "森林山間地",
                "備考": "",
                "継続観察登録地点": "○"
            }
        },
        {
            "type": "Feature",
            "geometry": {
                "type": "Point",
                "coordinates": [
                    129.328,
                    28.14
                ]
            },
            "properties": {
                "調査時期": "2025_S",
                "No": "502",
                "都道府県": "鹿児島県",
                "市区町村": "瀬戸内町",
                "撮影場所": "",
                "撮影日時": "2025-08-23T20:47:00+09:00",
                "緯度": "28.14",
                "経度": "129.328",
                "夜空の明るさ": "21.17",
                "ばらつき": "0.21",
                "周辺状況": "",
                "備考": "",
                "継続観察登録地点": ""
            }
        },
        {
            "type": "Feature",
            "geometry": {
                "type": "Point",
                "coordinates": [
                    129.244,
                    28.107
                ]
            },
            "properties": {
                "調査時期": "2025_S",
                "No": "503",
                "都道府県": "鹿児島県",
                "市区町村": "瀬戸内町",
                "撮影場所": "",
                "撮影日時": "2025-08-26T21:06:00+09:00",
                "緯度": "28.107",
                "経度": "129.244",
                "夜空の明るさ": "21.68",
                "ばらつき": "0.19",
                "周辺状況": "",
                "備考": "",
                "継続観察登録地点": ""
            }
        },
        {
            "type": "Feature",
            "geometry": {
                "type": "Point",
                "coordinates": [
                    129.337,
                    28.131
                ]
            },
            "properties": {
                "調査時期": "2025_S",
                "No": "504",
                "都道府県": "鹿児島県",
                "市区町村": "瀬戸内町",
                "撮影場所": "鹿児島県大島郡瀬戸内町マネン崎",
                "撮影日時": "2025-08-15T21:17:00+09:00",
                "緯度": "28.131",
                "経度": "129.337",
                "夜空の明るさ": "21.93",
                "ばらつき": "0.13",
                "周辺状況": "自然公園等",
                "備考": "",
                "継続観察登録地点": "○"
            }
        },
        {
            "type": "Feature",
            "geometry": {
                "type": "Point",
                "coordinates": [
                    129.195,
                    28.228
                ]
            },
            "properties": {
                "調査時期": "2025_S",
                "No": "505",
                "都道府県": "鹿児島県",
                "市区町村": "瀬戸内町",
                "撮影場所": "",
                "撮影日時": "2025-08-24T20:40:00+09:00",
                "緯度": "28.228",
                "経度": "129.195",
                "夜空の明るさ": "21.83",
                "ばらつき": "0.19",
                "周辺状況": "",
                "備考": "",
                "継続観察登録地点": ""
            }
        },
        {
            "type": "Feature",
            "geometry": {
                "type": "Point",
                "coordinates": [
                    129.245,
                    28.124
                ]
            },
            "properties": {
                "調査時期": "2025_S",
                "No": "506",
                "都道府県": "鹿児島県",
                "市区町村": "瀬戸内町",
                "撮影場所": "",
                "撮影日時": "2025-08-26T20:55:00+09:00",
                "緯度": "28.124",
                "経度": "129.245",
                "夜空の明るさ": "21.82",
                "ばらつき": "0.17",
                "周辺状況": "",
                "備考": "",
                "継続観察登録地点": ""
            }
        },
        {
            "type": "Feature",
            "geometry": {
                "type": "Point",
                "coordinates": [
                    129.252,
                    28.229
                ]
            },
            "properties": {
                "調査時期": "2025_S",
                "No": "507",
                "都道府県": "鹿児島県",
                "市区町村": "瀬戸内町",
                "撮影場所": "",
                "撮影日時": "2025-08-24T21:02:00+09:00",
                "緯度": "28.229",
                "経度": "129.252",
                "夜空の明るさ": "21.76",
                "ばらつき": "0.16",
                "周辺状況": "",
                "備考": "",
                "継続観察登録地点": ""
            }
        },
        {
            "type": "Feature",
            "geometry": {
                "type": "Point",
                "coordinates": [
                    129.347,
                    28.175
                ]
            },
            "properties": {
                "調査時期": "2025_S",
                "No": "508",
                "都道府県": "鹿児島県",
                "市区町村": "瀬戸内町",
                "撮影場所": "",
                "撮影日時": "2025-08-24T21:48:00+09:00",
                "緯度": "28.175",
                "経度": "129.347",
                "夜空の明るさ": "21.73",
                "ばらつき": "0.2",
                "周辺状況": "",
                "備考": "",
                "継続観察登録地点": ""
            }
        },
        {
            "type": "Feature",
            "geometry": {
                "type": "Point",
                "coordinates": [
                    129.369,
                    28.13
                ]
            },
            "properties": {
                "調査時期": "2025_S",
                "No": "509",
                "都道府県": "鹿児島県",
                "市区町村": "瀬戸内町",
                "撮影場所": "鹿児島県大島郡瀬戸内町ホノホシ海岸",
                "撮影日時": "2025-08-15T20:59:00+09:00",
                "緯度": "28.13",
                "経度": "129.369",
                "夜空の明るさ": "22.01",
                "ばらつき": "0.13",
                "周辺状況": "自然公園等",
                "備考": "",
                "継続観察登録地点": "○"
            }
        },
        {
            "type": "Feature",
            "geometry": {
                "type": "Point",
                "coordinates": [
                    129.251,
                    28.111
                ]
            },
            "properties": {
                "調査時期": "2025_S",
                "No": "510",
                "都道府県": "鹿児島県",
                "市区町村": "瀬戸内町",
                "撮影場所": "",
                "撮影日時": "2025-08-26T21:20:00+09:00",
                "緯度": "28.111",
                "経度": "129.251",
                "夜空の明るさ": "21.79",
                "ばらつき": "0.21",
                "周辺状況": "",
                "備考": "",
                "継続観察登録地点": ""
            }
        },
        {
            "type": "Feature",
            "geometry": {
                "type": "Point",
                "coordinates": [
                    129.261,
                    28.101
                ]
            },
            "properties": {
                "調査時期": "2025_S",
                "No": "511",
                "都道府県": "鹿児島県",
                "市区町村": "瀬戸内町",
                "撮影場所": "",
                "撮影日時": "2025-08-26T21:26:00+09:00",
                "緯度": "28.101",
                "経度": "129.261",
                "夜空の明るさ": "21.85",
                "ばらつき": "0.23",
                "周辺状況": "",
                "備考": "",
                "継続観察登録地点": ""
            }
        },
        {
            "type": "Feature",
            "geometry": {
                "type": "Point",
                "coordinates": [
                    129.328,
                    28.139
                ]
            },
            "properties": {
                "調査時期": "2025_S",
                "No": "512",
                "都道府県": "鹿児島県",
                "市区町村": "瀬戸内町",
                "撮影場所": "",
                "撮影日時": "2025-08-23T21:09:00+09:00",
                "緯度": "28.139",
                "経度": "129.328",
                "夜空の明るさ": "21.22",
                "ばらつき": "0.11",
                "周辺状況": "",
                "備考": "",
                "継続観察登録地点": ""
            }
        },
        {
            "type": "Feature",
            "geometry": {
                "type": "Point",
                "coordinates": [
                    129.324,
                    28.094
                ]
            },
            "properties": {
                "調査時期": "2025_S",
                "No": "513",
                "都道府県": "鹿児島県",
                "市区町村": "瀬戸内町",
                "撮影場所": "",
                "撮影日時": "2025-08-27T20:46:00+09:00",
                "緯度": "28.094",
                "経度": "129.324",
                "夜空の明るさ": "21.79",
                "ばらつき": "0.18",
                "周辺状況": "",
                "備考": "",
                "継続観察登録地点": ""
            }
        },
        {
            "type": "Feature",
            "geometry": {
                "type": "Point",
                "coordinates": [
                    129.223,
                    28.111
                ]
            },
            "properties": {
                "調査時期": "2025_S",
                "No": "514",
                "都道府県": "鹿児島県",
                "市区町村": "瀬戸内町",
                "撮影場所": "",
                "撮影日時": "2025-08-26T20:42:00+09:00",
                "緯度": "28.111",
                "経度": "129.223",
                "夜空の明るさ": "21.86",
                "ばらつき": "0.17",
                "周辺状況": "",
                "備考": "",
                "継続観察登録地点": ""
            }
        },
        {
            "type": "Feature",
            "geometry": {
                "type": "Point",
                "coordinates": [
                    129.261,
                    28.232
                ]
            },
            "properties": {
                "調査時期": "2025_S",
                "No": "515",
                "都道府県": "鹿児島県",
                "市区町村": "瀬戸内町",
                "撮影場所": "",
                "撮影日時": "2025-08-24T21:07:00+09:00",
                "緯度": "28.232",
                "経度": "129.261",
                "夜空の明るさ": "21.68",
                "ばらつき": "0.13",
                "周辺状況": "",
                "備考": "",
                "継続観察登録地点": ""
            }
        },
        {
            "type": "Feature",
            "geometry": {
                "type": "Point",
                "coordinates": [
                    129.218,
                    28.141
                ]
            },
            "properties": {
                "調査時期": "2025_S",
                "No": "516",
                "都道府県": "鹿児島県",
                "市区町村": "瀬戸内町",
                "撮影場所": "",
                "撮影日時": "2025-08-27T21:25:00+09:00",
                "緯度": "28.141",
                "経度": "129.218",
                "夜空の明るさ": "21.77",
                "ばらつき": "0.19",
                "周辺状況": "",
                "備考": "",
                "継続観察登録地点": ""
            }
        },
        {
            "type": "Feature",
            "geometry": {
                "type": "Point",
                "coordinates": [
                    129.217,
                    28.229
                ]
            },
            "properties": {
                "調査時期": "2025_S",
                "No": "517",
                "都道府県": "鹿児島県",
                "市区町村": "瀬戸内町",
                "撮影場所": "",
                "撮影日時": "2025-08-24T20:49:00+09:00",
                "緯度": "28.229",
                "経度": "129.217",
                "夜空の明るさ": "21.74",
                "ばらつき": "0.17",
                "周辺状況": "",
                "備考": "",
                "継続観察登録地点": ""
            }
        },
        {
            "type": "Feature",
            "geometry": {
                "type": "Point",
                "coordinates": [
                    129.211,
                    28.166
                ]
            },
            "properties": {
                "調査時期": "2025_S",
                "No": "518",
                "都道府県": "鹿児島県",
                "市区町村": "瀬戸内町",
                "撮影場所": "",
                "撮影日時": "2025-08-27T21:45:00+09:00",
                "緯度": "28.166",
                "経度": "129.211",
                "夜空の明るさ": "21.53",
                "ばらつき": "0.08",
                "周辺状況": "",
                "備考": "",
                "継続観察登録地点": ""
            }
        },
        {
            "type": "Feature",
            "geometry": {
                "type": "Point",
                "coordinates": [
                    129.352,
                    28.106
                ]
            },
            "properties": {
                "調査時期": "2025_S",
                "No": "519",
                "都道府県": "鹿児島県",
                "市区町村": "瀬戸内町",
                "撮影場所": "",
                "撮影日時": "2025-08-27T20:31:00+09:00",
                "緯度": "28.106",
                "経度": "129.352",
                "夜空の明るさ": "21.8",
                "ばらつき": "0.16",
                "周辺状況": "",
                "備考": "",
                "継続観察登録地点": ""
            }
        },
        {
            "type": "Feature",
            "geometry": {
                "type": "Point",
                "coordinates": [
                    129.266,
                    28.088
                ]
            },
            "properties": {
                "調査時期": "2025_S",
                "No": "520",
                "都道府県": "鹿児島県",
                "市区町村": "瀬戸内町",
                "撮影場所": "",
                "撮影日時": "2025-08-26T21:36:00+09:00",
                "緯度": "28.088",
                "経度": "129.266",
                "夜空の明るさ": "21.84",
                "ばらつき": "0.2",
                "周辺状況": "",
                "備考": "",
                "継続観察登録地点": ""
            }
        },
        {
            "type": "Feature",
            "geometry": {
                "type": "Point",
                "coordinates": [
                    129.242,
                    28.135
                ]
            },
            "properties": {
                "調査時期": "2025_S",
                "No": "521",
                "都道府県": "鹿児島県",
                "市区町村": "瀬戸内町",
                "撮影場所": "",
                "撮影日時": "2025-08-27T21:12:00+09:00",
                "緯度": "28.135",
                "経度": "129.242",
                "夜空の明るさ": "21.8",
                "ばらつき": "0.15",
                "周辺状況": "",
                "備考": "",
                "継続観察登録地点": ""
            }
        },
        {
            "type": "Feature",
            "geometry": {
                "type": "Point",
                "coordinates": [
                    129.64,
                    28.418
                ]
            },
            "properties": {
                "調査時期": "2025_S",
                "No": "522",
                "都道府県": "鹿児島県",
                "市区町村": "龍郷町",
                "撮影場所": "鹿児島県大島郡龍郷町赤尾木",
                "撮影日時": "2025-08-26T20:47:00+09:00",
                "緯度": "28.418",
                "経度": "129.64",
                "夜空の明るさ": "21.63",
                "ばらつき": "0.16",
                "周辺状況": "その他",
                "備考": "",
                "継続観察登録地点": "○"
            }
        },
        {
            "type": "Feature",
            "geometry": {
                "type": "Point",
                "coordinates": [
                    124.139,
                    24.373
                ]
            },
            "properties": {
                "調査時期": "2025_S",
                "No": "523",
                "都道府県": "沖縄県",
                "市区町村": "石垣市",
                "撮影場所": "",
                "撮影日時": "2025-08-15T22:16:00+09:00",
                "緯度": "24.373",
                "経度": "124.139",
                "夜空の明るさ": "20.95",
                "ばらつき": "0.04",
                "周辺状況": "",
                "備考": "",
                "継続観察登録地点": ""
            }
        },
        {
            "type": "Feature",
            "geometry": {
                "type": "Point",
                "coordinates": [
                    124.255,
                    24.445
                ]
            },
            "properties": {
                "調査時期": "2025_S",
                "No": "524",
                "都道府県": "沖縄県",
                "市区町村": "石垣市",
                "撮影場所": "",
                "撮影日時": "2025-08-16T21:15:00+09:00",
                "緯度": "24.445",
                "経度": "124.255",
                "夜空の明るさ": "21.55",
                "ばらつき": "0.11",
                "周辺状況": "",
                "備考": "",
                "継続観察登録地点": ""
            }
        },
        {
            "type": "Feature",
            "geometry": {
                "type": "Point",
                "coordinates": [
                    124.244,
                    24.388
                ]
            },
            "properties": {
                "調査時期": "2025_S",
                "No": "525",
                "都道府県": "沖縄県",
                "市区町村": "石垣市",
                "撮影場所": "",
                "撮影日時": "2025-08-25T22:31:00+09:00",
                "緯度": "24.388",
                "経度": "124.244",
                "夜空の明るさ": "19.32",
                "ばらつき": "0.23",
                "周辺状況": "",
                "備考": "",
                "継続観察登録地点": ""
            }
        },
        {
            "type": "Feature",
            "geometry": {
                "type": "Point",
                "coordinates": [
                    128.014,
                    26.631
                ]
            },
            "properties": {
                "調査時期": "2025_S",
                "No": "526",
                "都道府県": "沖縄県",
                "市区町村": "名護市",
                "撮影場所": "",
                "撮影日時": "2025-08-21T02:23:00+09:00",
                "緯度": "26.631",
                "経度": "128.014",
                "夜空の明るさ": "20",
                "ばらつき": "0.24",
                "周辺状況": "",
                "備考": "参考値（時間外）",
                "継続観察登録地点": ""
            }
        },
        {
            "type": "Feature",
            "geometry": {
                "type": "Point",
                "coordinates": [
                    127.912,
                    26.602
                ]
            },
            "properties": {
                "調査時期": "2025_S",
                "No": "527",
                "都道府県": "沖縄県",
                "市区町村": "名護市",
                "撮影場所": "",
                "撮影日時": "2025-08-21T00:24:00+09:00",
                "緯度": "26.602",
                "経度": "127.912",
                "夜空の明るさ": "19.85",
                "ばらつき": "0.17",
                "周辺状況": "",
                "備考": "参考値（時間外）",
                "継続観察登録地点": ""
            }
        },
        {
            "type": "Feature",
            "geometry": {
                "type": "Point",
                "coordinates": [
                    127.988,
                    26.642
                ]
            },
            "properties": {
                "調査時期": "2025_S",
                "No": "528",
                "都道府県": "沖縄県",
                "市区町村": "名護市",
                "撮影場所": "",
                "撮影日時": "2025-08-23T21:53:00+09:00",
                "緯度": "26.642",
                "経度": "127.988",
                "夜空の明るさ": "20.52",
                "ばらつき": "0.13",
                "周辺状況": "",
                "備考": "",
                "継続観察登録地点": ""
            }
        },
        {
            "type": "Feature",
            "geometry": {
                "type": "Point",
                "coordinates": [
                    128.03,
                    26.63
                ]
            },
            "properties": {
                "調査時期": "2025_S",
                "No": "529",
                "都道府県": "沖縄県",
                "市区町村": "名護市",
                "撮影場所": "",
                "撮影日時": "2025-08-23T21:30:00+09:00",
                "緯度": "26.63",
                "経度": "128.03",
                "夜空の明るさ": "20.67",
                "ばらつき": "0.09",
                "周辺状況": "",
                "備考": "",
                "継続観察登録地点": ""
            }
        },
        {
            "type": "Feature",
            "geometry": {
                "type": "Point",
                "coordinates": [
                    128.027,
                    26.588
                ]
            },
            "properties": {
                "調査時期": "2025_S",
                "No": "530",
                "都道府県": "沖縄県",
                "市区町村": "名護市",
                "撮影場所": "",
                "撮影日時": "2025-08-21T01:51:00+09:00",
                "緯度": "26.588",
                "経度": "128.027",
                "夜空の明るさ": "19.99",
                "ばらつき": "0.14",
                "周辺状況": "",
                "備考": "参考値（時間外）",
                "継続観察登録地点": ""
            }
        },
        {
            "type": "Feature",
            "geometry": {
                "type": "Point",
                "coordinates": [
                    128.08,
                    26.623
                ]
            },
            "properties": {
                "調査時期": "2025_S",
                "No": "531",
                "都道府県": "沖縄県",
                "市区町村": "名護市",
                "撮影場所": "",
                "撮影日時": "2025-08-23T22:54:00+09:00",
                "緯度": "26.623",
                "経度": "128.08",
                "夜空の明るさ": "21.2",
                "ばらつき": "0.11",
                "周辺状況": "",
                "備考": "",
                "継続観察登録地点": ""
            }
        },
        {
            "type": "Feature",
            "geometry": {
                "type": "Point",
                "coordinates": [
                    128.009,
                    26.663
                ]
            },
            "properties": {
                "調査時期": "2025_S",
                "No": "532",
                "都道府県": "沖縄県",
                "市区町村": "名護市",
                "撮影場所": "",
                "撮影日時": "2025-08-23T21:09:00+09:00",
                "緯度": "26.663",
                "経度": "128.009",
                "夜空の明るさ": "20.91",
                "ばらつき": "0.13",
                "周辺状況": "",
                "備考": "",
                "継続観察登録地点": ""
            }
        },
        {
            "type": "Feature",
            "geometry": {
                "type": "Point",
                "coordinates": [
                    127.997,
                    26.576
                ]
            },
            "properties": {
                "調査時期": "2025_S",
                "No": "533",
                "都道府県": "沖縄県",
                "市区町村": "名護市",
                "撮影場所": "",
                "撮影日時": "2025-08-21T01:24:00+09:00",
                "緯度": "26.576",
                "経度": "127.997",
                "夜空の明るさ": "19.41",
                "ばらつき": "0.3",
                "周辺状況": "",
                "備考": "参考値（時間外）",
                "継続観察登録地点": ""
            }
        },
        {
            "type": "Feature",
            "geometry": {
                "type": "Point",
                "coordinates": [
                    128.122,
                    26.66
                ]
            },
            "properties": {
                "調査時期": "2025_S",
                "No": "534",
                "都道府県": "沖縄県",
                "市区町村": "大宜味村",
                "撮影場所": "沖縄県国頭郡今帰仁村字与那嶺",
                "撮影日時": "2025-08-24T21:20:00+09:00",
                "緯度": "26.66",
                "経度": "128.122",
                "夜空の明るさ": "21.3",
                "ばらつき": "0.11",
                "周辺状況": "住宅地域",
                "備考": "",
                "継続観察登録地点": "○"
            }
        },
        {
            "type": "Feature",
            "geometry": {
                "type": "Point",
                "coordinates": [
                    128.148,
                    26.653
                ]
            },
            "properties": {
                "調査時期": "2025_S",
                "No": "535",
                "都道府県": "沖縄県",
                "市区町村": "大宜味村",
                "撮影場所": "沖縄県国頭郡今帰仁村字与那嶺",
                "撮影日時": "2025-08-24T21:57:00+09:00",
                "緯度": "26.653",
                "経度": "128.148",
                "夜空の明るさ": "21.36",
                "ばらつき": "0.09",
                "周辺状況": "住宅地域",
                "備考": "",
                "継続観察登録地点": "○"
            }
        },
        {
            "type": "Feature",
            "geometry": {
                "type": "Point",
                "coordinates": [
                    128.146,
                    26.626
                ]
            },
            "properties": {
                "調査時期": "2025_S",
                "No": "536",
                "都道府県": "沖縄県",
                "市区町村": "東村",
                "撮影場所": "",
                "撮影日時": "2025-08-24T21:38:00+09:00",
                "緯度": "26.626",
                "経度": "128.146",
                "夜空の明るさ": "21.48",
                "ばらつき": "0.18",
                "周辺状況": "",
                "備考": "",
                "継続観察登録地点": ""
            }
        },
        {
            "type": "Feature",
            "geometry": {
                "type": "Point",
                "coordinates": [
                    128.156,
                    26.632
                ]
            },
            "properties": {
                "調査時期": "2025_S",
                "No": "537",
                "都道府県": "沖縄県",
                "市区町村": "東村",
                "撮影場所": "",
                "撮影日時": "2025-08-24T22:34:00+09:00",
                "緯度": "26.632",
                "経度": "128.156",
                "夜空の明るさ": "21.38",
                "ばらつき": "0.13",
                "周辺状況": "",
                "備考": "",
                "継続観察登録地点": ""
            }
        },
        {
            "type": "Feature",
            "geometry": {
                "type": "Point",
                "coordinates": [
                    128.246,
                    26.657
                ]
            },
            "properties": {
                "調査時期": "2025_S",
                "No": "538",
                "都道府県": "沖縄県",
                "市区町村": "東村",
                "撮影場所": "",
                "撮影日時": "2025-08-24T23:52:00+09:00",
                "緯度": "26.657",
                "経度": "128.246",
                "夜空の明るさ": "21.76",
                "ばらつき": "0.2",
                "周辺状況": "",
                "備考": "参考値（時間外）",
                "継続観察登録地点": ""
            }
        },
        {
            "type": "Feature",
            "geometry": {
                "type": "Point",
                "coordinates": [
                    128.119,
                    26.607
                ]
            },
            "properties": {
                "調査時期": "2025_S",
                "No": "539",
                "都道府県": "沖縄県",
                "市区町村": "東村",
                "撮影場所": "",
                "撮影日時": "2025-08-24T22:10:00+09:00",
                "緯度": "26.607",
                "経度": "128.119",
                "夜空の明るさ": "21.29",
                "ばらつき": "0.11",
                "周辺状況": "",
                "備考": "",
                "継続観察登録地点": ""
            }
        },
        {
            "type": "Feature",
            "geometry": {
                "type": "Point",
                "coordinates": [
                    128.236,
                    26.637
                ]
            },
            "properties": {
                "調査時期": "2025_S",
                "No": "540",
                "都道府県": "沖縄県",
                "市区町村": "東村",
                "撮影場所": "",
                "撮影日時": "2025-08-24T23:28:00+09:00",
                "緯度": "26.637",
                "経度": "128.236",
                "夜空の明るさ": "21.73",
                "ばらつき": "0.23",
                "周辺状況": "",
                "備考": "参考値（時間外）",
                "継続観察登録地点": ""
            }
        },
        {
            "type": "Feature",
            "geometry": {
                "type": "Point",
                "coordinates": [
                    128.179,
                    26.634
                ]
            },
            "properties": {
                "調査時期": "2025_S",
                "No": "541",
                "都道府県": "沖縄県",
                "市区町村": "東村",
                "撮影場所": "",
                "撮影日時": "2025-08-24T23:02:00+09:00",
                "緯度": "26.634",
                "経度": "128.179",
                "夜空の明るさ": "21.15",
                "ばらつき": "0.15",
                "周辺状況": "",
                "備考": "参考値（時間外）",
                "継続観察登録地点": ""
            }
        },
        {
            "type": "Feature",
            "geometry": {
                "type": "Point",
                "coordinates": [
                    128.013,
                    26.713
                ]
            },
            "properties": {
                "調査時期": "2025_S",
                "No": "542",
                "都道府県": "沖縄県",
                "市区町村": "今帰仁村",
                "撮影場所": "",
                "撮影日時": "2025-08-23T20:35:00+09:00",
                "緯度": "26.713",
                "経度": "128.013",
                "夜空の明るさ": "21.25",
                "ばらつき": "0.17",
                "周辺状況": "",
                "備考": "",
                "継続観察登録地点": ""
            }
        },
        {
            "type": "Feature",
            "geometry": {
                "type": "Point",
                "coordinates": [
                    127.927,
                    26.691
                ]
            },
            "properties": {
                "調査時期": "2025_S",
                "No": "543",
                "都道府県": "沖縄県",
                "市区町村": "今帰仁村",
                "撮影場所": "",
                "撮影日時": "2025-08-20T21:52:00+09:00",
                "緯度": "26.691",
                "経度": "127.927",
                "夜空の明るさ": "20.67",
                "ばらつき": "0.19",
                "周辺状況": "",
                "備考": "",
                "継続観察登録地点": ""
            }
        },
        {
            "type": "Feature",
            "geometry": {
                "type": "Point",
                "coordinates": [
                    127.949,
                    26.708
                ]
            },
            "properties": {
                "調査時期": "2025_S",
                "No": "544",
                "都道府県": "沖縄県",
                "市区町村": "今帰仁村",
                "撮影場所": "沖縄県国頭郡今帰仁村字与那嶺",
                "撮影日時": "2025-08-20T21:23:00+09:00",
                "緯度": "26.708",
                "経度": "127.949",
                "夜空の明るさ": "20.77",
                "ばらつき": "0.11",
                "周辺状況": "住宅地域",
                "備考": "",
                "継続観察登録地点": "○"
            }
        },
        {
            "type": "Feature",
            "geometry": {
                "type": "Point",
                "coordinates": [
                    127.97,
                    26.65
                ]
            },
            "properties": {
                "調査時期": "2025_S",
                "No": "545",
                "都道府県": "沖縄県",
                "市区町村": "今帰仁村",
                "撮影場所": "",
                "撮影日時": "2025-08-23T22:18:00+09:00",
                "緯度": "26.65",
                "経度": "127.97",
                "夜空の明るさ": "20.38",
                "ばらつき": "0.16",
                "周辺状況": "",
                "備考": "",
                "継続観察登録地点": ""
            }
        },
        {
            "type": "Feature",
            "geometry": {
                "type": "Point",
                "coordinates": [
                    127.863,
                    26.637
                ]
            },
            "properties": {
                "調査時期": "2025_S",
                "No": "546",
                "都道府県": "沖縄県",
                "市区町村": "本部町",
                "撮影場所": "",
                "撮影日時": "2025-08-20T23:05:00+09:00",
                "緯度": "26.637",
                "経度": "127.863",
                "夜空の明るさ": "20.53",
                "ばらつき": "0.1",
                "周辺状況": "",
                "備考": "参考値（時間外）",
                "継続観察登録地点": ""
            }
        },
        {
            "type": "Feature",
            "geometry": {
                "type": "Point",
                "coordinates": [
                    127.888,
                    26.634
                ]
            },
            "properties": {
                "調査時期": "2025_S",
                "No": "547",
                "都道府県": "沖縄県",
                "市区町村": "本部町",
                "撮影場所": "",
                "撮影日時": "2025-08-20T23:59:00+09:00",
                "緯度": "26.634",
                "経度": "127.888",
                "夜空の明るさ": "19.89",
                "ばらつき": "0.22",
                "周辺状況": "",
                "備考": "参考値（時間外）",
                "継続観察登録地点": ""
            }
        },
        {
            "type": "Feature",
            "geometry": {
                "type": "Point",
                "coordinates": [
                    127.918,
                    26.658
                ]
            },
            "properties": {
                "調査時期": "2025_S",
                "No": "548",
                "都道府県": "沖縄県",
                "市区町村": "本部町",
                "撮影場所": "沖縄県国頭郡今帰仁村字与那嶺",
                "撮影日時": "2025-08-24T20:29:00+09:00",
                "緯度": "26.658",
                "経度": "127.918",
                "夜空の明るさ": "20.69",
                "ばらつき": "0.11",
                "周辺状況": "住宅地域",
                "備考": "",
                "継続観察登録地点": "○"
            }
        },
        {
            "type": "Feature",
            "geometry": {
                "type": "Point",
                "coordinates": [
                    127.883,
                    26.702
                ]
            },
            "properties": {
                "調査時期": "2025_S",
                "No": "549",
                "都道府県": "沖縄県",
                "市区町村": "本部町",
                "撮影場所": "",
                "撮影日時": "2025-08-20T22:19:00+09:00",
                "緯度": "26.702",
                "経度": "127.883",
                "夜空の明るさ": "20.11",
                "ばらつき": "0.4",
                "周辺状況": "",
                "備考": "",
                "継続観察登録地点": ""
            }
        },
        {
            "type": "Feature",
            "geometry": {
                "type": "Point",
                "coordinates": [
                    127.88,
                    26.691
                ]
            },
            "properties": {
                "調査時期": "2025_S",
                "No": "550",
                "都道府県": "沖縄県",
                "市区町村": "本部町",
                "撮影場所": "",
                "撮影日時": "2025-08-20T22:34:00+09:00",
                "緯度": "26.691",
                "経度": "127.88",
                "夜空の明るさ": "19.1",
                "ばらつき": "0.12",
                "周辺状況": "",
                "備考": "",
                "継続観察登録地点": ""
            }
        },
        {
            "type": "Feature",
            "geometry": {
                "type": "Point",
                "coordinates": [
                    123.804,
                    24.06
                ]
            },
            "properties": {
                "調査時期": "2025_S",
                "No": "551",
                "都道府県": "沖縄県",
                "市区町村": "竹富町",
                "撮影場所": "波照間島星空観測タワー広場",
                "撮影日時": "2025-08-25T21:30:00+09:00",
                "緯度": "24.06",
                "経度": "123.804",
                "夜空の明るさ": "21.41",
                "ばらつき": "0.3",
                "周辺状況": "その他",
                "備考": "",
                "継続観察登録地点": "○"
            }
        }
    ]
}