{
    "type": "FeatureCollection",
    "features": [
        {
            "type": "Feature",
            "geometry": {
                "type": "Point",
                "coordinates": [
                    141.3536111,
                    43.12333333
                ]
            },
            "properties": {
                "調査時期": "2023_W",
                "都道府県": "北海道",
                "市区町村": "札幌市　東区",
                "撮影場所": "",
                "撮影日時": "2023-01-24T20:57:00+09:00",
                "緯度": "43.12333333",
                "経度": "141.3536111",
                "夜空の明るさ": "16.71",
                "ばらつき": "0.1",
                "周辺状況": "",
                "備考": "参考値（時間外）",
                "継続観察登録地点": ""
            }
        },
        {
            "type": "Feature",
            "geometry": {
                "type": "Point",
                "coordinates": [
                    141.3536111,
                    43.12333333
                ]
            },
            "properties": {
                "調査時期": "2023_W",
                "都道府県": "北海道",
                "市区町村": "札幌市　東区",
                "撮影場所": "",
                "撮影日時": "2023-01-24T20:57:00+09:00",
                "緯度": "43.12333333",
                "経度": "141.3536111",
                "夜空の明るさ": "16.71",
                "ばらつき": "0.09",
                "周辺状況": "",
                "備考": "参考値（時間外）",
                "継続観察登録地点": ""
            }
        },
        {
            "type": "Feature",
            "geometry": {
                "type": "Point",
                "coordinates": [
                    142.4827778,
                    44.37388889
                ]
            },
            "properties": {
                "調査時期": "2023_W",
                "都道府県": "北海道",
                "市区町村": "名寄市",
                "撮影場所": "なよろ市立天文台",
                "撮影日時": "2023-01-15T19:10:00+09:00",
                "緯度": "44.37388889",
                "経度": "142.4827778",
                "夜空の明るさ": "20.02",
                "ばらつき": "0.06",
                "周辺状況": "住宅地域",
                "備考": "",
                "継続観察登録地点": "○"
            }
        },
        {
            "type": "Feature",
            "geometry": {
                "type": "Point",
                "coordinates": [
                    141.1025,
                    42.46027778
                ]
            },
            "properties": {
                "調査時期": "2023_W",
                "都道府県": "北海道",
                "市区町村": "登別市",
                "撮影場所": "",
                "撮影日時": "2023-01-16T19:31:00+09:00",
                "緯度": "42.46027778",
                "経度": "141.1025",
                "夜空の明るさ": "20.58",
                "ばらつき": "0.05",
                "周辺状況": "",
                "備考": "",
                "継続観察登録地点": ""
            }
        },
        {
            "type": "Feature",
            "geometry": {
                "type": "Point",
                "coordinates": [
                    141.0252778,
                    42.62388889
                ]
            },
            "properties": {
                "調査時期": "2023_W",
                "都道府県": "北海道",
                "市区町村": "伊達市",
                "撮影場所": "北湯沢温泉",
                "撮影日時": "2023-01-12T19:11:00+09:00",
                "緯度": "42.62388889",
                "経度": "141.0252778",
                "夜空の明るさ": "20.19",
                "ばらつき": "0.06",
                "周辺状況": "森林山間地",
                "備考": "",
                "継続観察登録地点": "○"
            }
        },
        {
            "type": "Feature",
            "geometry": {
                "type": "Point",
                "coordinates": [
                    141.0252778,
                    42.62388889
                ]
            },
            "properties": {
                "調査時期": "2023_W",
                "都道府県": "北海道",
                "市区町村": "伊達市",
                "撮影場所": "北湯沢温泉",
                "撮影日時": "2023-01-18T19:07:00+09:00",
                "緯度": "42.62388889",
                "経度": "141.0252778",
                "夜空の明るさ": "20.09",
                "ばらつき": "0.06",
                "周辺状況": "森林山間地",
                "備考": "",
                "継続観察登録地点": "○"
            }
        },
        {
            "type": "Feature",
            "geometry": {
                "type": "Point",
                "coordinates": [
                    141.905,
                    42.58638889
                ]
            },
            "properties": {
                "調査時期": "2023_W",
                "都道府県": "北海道",
                "市区町村": "むかわ町",
                "撮影場所": "",
                "撮影日時": "2023-01-29T01:25:00+09:00",
                "緯度": "42.58638889",
                "経度": "141.905",
                "夜空の明るさ": "20.65",
                "ばらつき": "0.05",
                "周辺状況": "",
                "備考": "参考値（時間外）",
                "継続観察登録地点": ""
            }
        },
        {
            "type": "Feature",
            "geometry": {
                "type": "Point",
                "coordinates": [
                    143.7661111,
                    43.45638889
                ]
            },
            "properties": {
                "調査時期": "2023_W",
                "都道府県": "北海道",
                "市区町村": "陸別町",
                "撮影場所": "りくべつ宇宙地球科学館（銀河の森天文台）",
                "撮影日時": "2022-01-12T18:14:00+09:00",
                "緯度": "43.45638889",
                "経度": "143.7661111",
                "夜空の明るさ": "21.15",
                "ばらつき": "0.11",
                "周辺状況": "森林山間地",
                "備考": "",
                "継続観察登録地点": "○"
            }
        },
        {
            "type": "Feature",
            "geometry": {
                "type": "Point",
                "coordinates": [
                    143.7661111,
                    43.45638889
                ]
            },
            "properties": {
                "調査時期": "2023_W",
                "都道府県": "北海道",
                "市区町村": "陸別町",
                "撮影場所": "りくべつ宇宙地球科学館（銀河の森天文台）",
                "撮影日時": "2022-01-18T18:58:00+09:00",
                "緯度": "43.45638889",
                "経度": "143.7661111",
                "夜空の明るさ": "20.44",
                "ばらつき": "0.08",
                "周辺状況": "森林山間地",
                "備考": "",
                "継続観察登録地点": "○"
            }
        },
        {
            "type": "Feature",
            "geometry": {
                "type": "Point",
                "coordinates": [
                    143.7661111,
                    43.45638889
                ]
            },
            "properties": {
                "調査時期": "2023_W",
                "都道府県": "北海道",
                "市区町村": "陸別町",
                "撮影場所": "りくべつ宇宙地球科学館（銀河の森天文台）",
                "撮影日時": "2022-01-19T18:45:00+09:00",
                "緯度": "43.45638889",
                "経度": "143.7661111",
                "夜空の明るさ": "20.25",
                "ばらつき": "0.06",
                "周辺状況": "森林山間地",
                "備考": "",
                "継続観察登録地点": "○"
            }
        },
        {
            "type": "Feature",
            "geometry": {
                "type": "Point",
                "coordinates": [
                    143.7661111,
                    43.45638889
                ]
            },
            "properties": {
                "調査時期": "2023_W",
                "都道府県": "北海道",
                "市区町村": "陸別町",
                "撮影場所": "りくべつ宇宙地球科学館（銀河の森天文台）",
                "撮影日時": "2022-01-21T19:27:00+09:00",
                "緯度": "43.45638889",
                "経度": "143.7661111",
                "夜空の明るさ": "20.3",
                "ばらつき": "0.07",
                "周辺状況": "森林山間地",
                "備考": "",
                "継続観察登録地点": "○"
            }
        },
        {
            "type": "Feature",
            "geometry": {
                "type": "Point",
                "coordinates": [
                    143.7661111,
                    43.45638889
                ]
            },
            "properties": {
                "調査時期": "2023_W",
                "都道府県": "北海道",
                "市区町村": "陸別町",
                "撮影場所": "りくべつ宇宙地球科学館（銀河の森天文台）",
                "撮影日時": "2022-01-22T19:42:00+09:00",
                "緯度": "43.45638889",
                "経度": "143.7661111",
                "夜空の明るさ": "20.04",
                "ばらつき": "0.3",
                "周辺状況": "森林山間地",
                "備考": "",
                "継続観察登録地点": "○"
            }
        },
        {
            "type": "Feature",
            "geometry": {
                "type": "Point",
                "coordinates": [
                    144.4025,
                    43.52472222
                ]
            },
            "properties": {
                "調査時期": "2023_W",
                "都道府県": "北海道",
                "市区町村": "弟子屈町",
                "撮影場所": "北海道川上郡弟子屈町",
                "撮影日時": "2023-01-12T19:40:00+09:00",
                "緯度": "43.52472222",
                "経度": "144.4025",
                "夜空の明るさ": "21.3",
                "ばらつき": "0.1",
                "周辺状況": "農業地域",
                "備考": "",
                "継続観察登録地点": "○"
            }
        },
        {
            "type": "Feature",
            "geometry": {
                "type": "Point",
                "coordinates": [
                    141.5402778,
                    40.50527778
                ]
            },
            "properties": {
                "調査時期": "2023_W",
                "都道府県": "青森県",
                "市区町村": "八戸市",
                "撮影場所": "",
                "撮影日時": "2023-01-22T19:02:00+09:00",
                "緯度": "40.50527778",
                "経度": "141.5402778",
                "夜空の明るさ": "17.34",
                "ばらつき": "0.06",
                "周辺状況": "",
                "備考": "参考値（薄雲）",
                "継続観察登録地点": ""
            }
        },
        {
            "type": "Feature",
            "geometry": {
                "type": "Point",
                "coordinates": [
                    141.5330556,
                    40.49472222
                ]
            },
            "properties": {
                "調査時期": "2023_W",
                "都道府県": "青森県",
                "市区町村": "八戸市",
                "撮影場所": "",
                "撮影日時": "2023-01-22T19:04:00+09:00",
                "緯度": "40.49472222",
                "経度": "141.5330556",
                "夜空の明るさ": "18.42",
                "ばらつき": "0.1",
                "周辺状況": "",
                "備考": "",
                "継続観察登録地点": ""
            }
        },
        {
            "type": "Feature",
            "geometry": {
                "type": "Point",
                "coordinates": [
                    140.8975,
                    40.42527778
                ]
            },
            "properties": {
                "調査時期": "2023_W",
                "都道府県": "青森県",
                "市区町村": "十和田市",
                "撮影場所": "十和田湖付近",
                "撮影日時": "2023-01-26T19:15:00+09:00",
                "緯度": "40.42527778",
                "経度": "140.8975",
                "夜空の明るさ": "18.72",
                "ばらつき": "0.12",
                "周辺状況": "自然公園等",
                "備考": "",
                "継続観察登録地点": "○"
            }
        },
        {
            "type": "Feature",
            "geometry": {
                "type": "Point",
                "coordinates": [
                    141.79,
                    40.18611111
                ]
            },
            "properties": {
                "調査時期": "2023_W",
                "都道府県": "岩手県",
                "市区町村": "久慈市",
                "撮影場所": "久慈市長内町",
                "撮影日時": "2023-01-22T18:13:00+09:00",
                "緯度": "40.18611111",
                "経度": "141.79",
                "夜空の明るさ": "18.99",
                "ばらつき": "0.12",
                "周辺状況": "住宅地域",
                "備考": "",
                "継続観察登録地点": "○"
            }
        },
        {
            "type": "Feature",
            "geometry": {
                "type": "Point",
                "coordinates": [
                    141.6891667,
                    39.01166667
                ]
            },
            "properties": {
                "調査時期": "2023_W",
                "都道府県": "岩手県",
                "市区町村": "陸前高田市",
                "撮影場所": "",
                "撮影日時": "2023-01-21T19:26:00+09:00",
                "緯度": "39.01166667",
                "経度": "141.6891667",
                "夜空の明るさ": "20.96",
                "ばらつき": "0.06",
                "周辺状況": "",
                "備考": "",
                "継続観察登録地点": ""
            }
        },
        {
            "type": "Feature",
            "geometry": {
                "type": "Point",
                "coordinates": [
                    141.6947222,
                    39.01361111
                ]
            },
            "properties": {
                "調査時期": "2023_W",
                "都道府県": "岩手県",
                "市区町村": "陸前高田市",
                "撮影場所": "箱根山展望台",
                "撮影日時": "2023-01-21T20:03:00+09:00",
                "緯度": "39.01361111",
                "経度": "141.6947222",
                "夜空の明るさ": "20.82",
                "ばらつき": "0.08",
                "周辺状況": "自然公園等",
                "備考": "",
                "継続観察登録地点": "○"
            }
        },
        {
            "type": "Feature",
            "geometry": {
                "type": "Point",
                "coordinates": [
                    140.8744444,
                    38.27805556
                ]
            },
            "properties": {
                "調査時期": "2023_W",
                "都道府県": "宮城県",
                "市区町村": "仙台市　青葉区",
                "撮影場所": "",
                "撮影日時": "2023-01-12T20:03:00+09:00",
                "緯度": "38.27805556",
                "経度": "140.8744444",
                "夜空の明るさ": "17.55",
                "ばらつき": "0.07",
                "周辺状況": "",
                "備考": "参考値（薄雲）",
                "継続観察登録地点": ""
            }
        },
        {
            "type": "Feature",
            "geometry": {
                "type": "Point",
                "coordinates": [
                    140.7552778,
                    38.25666667
                ]
            },
            "properties": {
                "調査時期": "2023_W",
                "都道府県": "宮城県",
                "市区町村": "仙台市　青葉区",
                "撮影場所": "",
                "撮影日時": "2023-01-21T19:05:00+09:00",
                "緯度": "38.25666667",
                "経度": "140.7552778",
                "夜空の明るさ": "19.26",
                "ばらつき": "0.06",
                "周辺状況": "",
                "備考": "",
                "継続観察登録地点": ""
            }
        },
        {
            "type": "Feature",
            "geometry": {
                "type": "Point",
                "coordinates": [
                    140.8980556,
                    38.26555556
                ]
            },
            "properties": {
                "調査時期": "2023_W",
                "都道府県": "宮城県",
                "市区町村": "仙台市　宮城野区",
                "撮影場所": "",
                "撮影日時": "2023-01-19T18:03:00+09:00",
                "緯度": "38.26555556",
                "経度": "140.8980556",
                "夜空の明るさ": "17.49",
                "ばらつき": "0.06",
                "周辺状況": "",
                "備考": "",
                "継続観察登録地点": ""
            }
        },
        {
            "type": "Feature",
            "geometry": {
                "type": "Point",
                "coordinates": [
                    140.7558333,
                    38.07555556
                ]
            },
            "properties": {
                "調査時期": "2023_W",
                "都道府県": "宮城県",
                "市区町村": "柴田町",
                "撮影場所": "柴田郡柴田町本船迫",
                "撮影日時": "2023-01-23T19:08:00+09:00",
                "緯度": "38.07555556",
                "経度": "140.7558333",
                "夜空の明るさ": "18.98",
                "ばらつき": "0.1",
                "周辺状況": "自然公園等",
                "備考": "",
                "継続観察登録地点": "○"
            }
        },
        {
            "type": "Feature",
            "geometry": {
                "type": "Point",
                "coordinates": [
                    140.0575,
                    38.30777778
                ]
            },
            "properties": {
                "調査時期": "2023_W",
                "都道府県": "山形県",
                "市区町村": "朝日町",
                "撮影場所": "山形県朝日町　Asahi自然観",
                "撮影日時": "2023-01-19T18:47:00+09:00",
                "緯度": "38.30777778",
                "経度": "140.0575",
                "夜空の明るさ": "20.48",
                "ばらつき": "0.08",
                "周辺状況": "その他",
                "備考": "",
                "継続観察登録地点": "○"
            }
        },
        {
            "type": "Feature",
            "geometry": {
                "type": "Point",
                "coordinates": [
                    140.0572222,
                    38.30805556
                ]
            },
            "properties": {
                "調査時期": "2023_W",
                "都道府県": "山形県",
                "市区町村": "朝日町",
                "撮影場所": "山形県朝日町　Asahi自然観",
                "撮影日時": "2023-01-19T18:44:00+09:00",
                "緯度": "38.30805556",
                "経度": "140.0572222",
                "夜空の明るさ": "20.53",
                "ばらつき": "0.08",
                "周辺状況": "その他",
                "備考": "",
                "継続観察登録地点": "○"
            }
        },
        {
            "type": "Feature",
            "geometry": {
                "type": "Point",
                "coordinates": [
                    140.0575,
                    38.30777778
                ]
            },
            "properties": {
                "調査時期": "2023_W",
                "都道府県": "山形県",
                "市区町村": "朝日町",
                "撮影場所": "山形県朝日町　Asahi自然観",
                "撮影日時": "2023-01-19T19:07:00+09:00",
                "緯度": "38.30777778",
                "経度": "140.0575",
                "夜空の明るさ": "20.51",
                "ばらつき": "0.09",
                "周辺状況": "その他",
                "備考": "",
                "継続観察登録地点": "○"
            }
        },
        {
            "type": "Feature",
            "geometry": {
                "type": "Point",
                "coordinates": [
                    140.0575,
                    38.3075
                ]
            },
            "properties": {
                "調査時期": "2023_W",
                "都道府県": "山形県",
                "市区町村": "朝日町",
                "撮影場所": "山形県朝日町　Asahi自然観",
                "撮影日時": "2023-01-19T19:15:00+09:00",
                "緯度": "38.3075",
                "経度": "140.0575",
                "夜空の明るさ": "20.52",
                "ばらつき": "0.09",
                "周辺状況": "その他",
                "備考": "",
                "継続観察登録地点": "○"
            }
        },
        {
            "type": "Feature",
            "geometry": {
                "type": "Point",
                "coordinates": [
                    140.9241667,
                    37.0075
                ]
            },
            "properties": {
                "調査時期": "2023_W",
                "都道府県": "福島県",
                "市区町村": "いわき市",
                "撮影場所": "いわき市中央台鹿島",
                "撮影日時": "2023-01-17T18:46:00+09:00",
                "緯度": "37.0075",
                "経度": "140.9241667",
                "夜空の明るさ": "18.9",
                "ばらつき": "0.08",
                "周辺状況": "住宅地域",
                "備考": "",
                "継続観察登録地点": "○"
            }
        },
        {
            "type": "Feature",
            "geometry": {
                "type": "Point",
                "coordinates": [
                    140.9241667,
                    37.0075
                ]
            },
            "properties": {
                "調査時期": "2023_W",
                "都道府県": "福島県",
                "市区町村": "いわき市",
                "撮影場所": "いわき市中央台鹿島",
                "撮影日時": "2023-01-19T20:01:00+09:00",
                "緯度": "37.0075",
                "経度": "140.9241667",
                "夜空の明るさ": "18.62",
                "ばらつき": "0.23",
                "周辺状況": "住宅地域",
                "備考": "",
                "継続観察登録地点": "○"
            }
        },
        {
            "type": "Feature",
            "geometry": {
                "type": "Point",
                "coordinates": [
                    140.9241667,
                    37.0075
                ]
            },
            "properties": {
                "調査時期": "2023_W",
                "都道府県": "福島県",
                "市区町村": "いわき市",
                "撮影場所": "いわき市中央台鹿島",
                "撮影日時": "2023-01-20T20:15:00+09:00",
                "緯度": "37.0075",
                "経度": "140.9241667",
                "夜空の明るさ": "19.23",
                "ばらつき": "0.09",
                "周辺状況": "住宅地域",
                "備考": "参考値（薄雲）",
                "継続観察登録地点": "○"
            }
        },
        {
            "type": "Feature",
            "geometry": {
                "type": "Point",
                "coordinates": [
                    140.9241667,
                    37.0075
                ]
            },
            "properties": {
                "調査時期": "2023_W",
                "都道府県": "福島県",
                "市区町村": "いわき市",
                "撮影場所": "いわき市中央台鹿島",
                "撮影日時": "2023-01-21T20:16:00+09:00",
                "緯度": "37.0075",
                "経度": "140.9241667",
                "夜空の明るさ": "19.28",
                "ばらつき": "0.13",
                "周辺状況": "住宅地域",
                "備考": "",
                "継続観察登録地点": "○"
            }
        },
        {
            "type": "Feature",
            "geometry": {
                "type": "Point",
                "coordinates": [
                    140.2297222,
                    37.045
                ]
            },
            "properties": {
                "調査時期": "2023_W",
                "都道府県": "福島県",
                "市区町村": "白河市",
                "撮影場所": "白河関の森公園駐車場",
                "撮影日時": "2023-01-21T18:59:00+09:00",
                "緯度": "37.045",
                "経度": "140.2297222",
                "夜空の明るさ": "20.63",
                "ばらつき": "0.06",
                "周辺状況": "農業地域",
                "備考": "",
                "継続観察登録地点": "○"
            }
        },
        {
            "type": "Feature",
            "geometry": {
                "type": "Point",
                "coordinates": [
                    140.9930556,
                    37.21555556
                ]
            },
            "properties": {
                "調査時期": "2023_W",
                "都道府県": "福島県",
                "市区町村": "広野町",
                "撮影場所": "双葉郡広野町",
                "撮影日時": "2023-01-16T20:09:00+09:00",
                "緯度": "37.21555556",
                "経度": "140.9930556",
                "夜空の明るさ": "19.99",
                "ばらつき": "0.07",
                "周辺状況": "住宅地域",
                "備考": "",
                "継続観察登録地点": "○"
            }
        },
        {
            "type": "Feature",
            "geometry": {
                "type": "Point",
                "coordinates": [
                    140.9930556,
                    37.21555556
                ]
            },
            "properties": {
                "調査時期": "2023_W",
                "都道府県": "福島県",
                "市区町村": "広野町",
                "撮影場所": "双葉郡広野町",
                "撮影日時": "2023-01-17T19:26:00+09:00",
                "緯度": "37.21555556",
                "経度": "140.9930556",
                "夜空の明るさ": "18.73",
                "ばらつき": "0.17",
                "周辺状況": "住宅地域",
                "備考": "",
                "継続観察登録地点": "○"
            }
        },
        {
            "type": "Feature",
            "geometry": {
                "type": "Point",
                "coordinates": [
                    140.9930556,
                    37.21555556
                ]
            },
            "properties": {
                "調査時期": "2023_W",
                "都道府県": "福島県",
                "市区町村": "広野町",
                "撮影場所": "双葉郡広野町",
                "撮影日時": "2023-01-19T19:49:00+09:00",
                "緯度": "37.21555556",
                "経度": "140.9930556",
                "夜空の明るさ": "19.85",
                "ばらつき": "0.07",
                "周辺状況": "住宅地域",
                "備考": "",
                "継続観察登録地点": "○"
            }
        },
        {
            "type": "Feature",
            "geometry": {
                "type": "Point",
                "coordinates": [
                    140.9513889,
                    37.19166667
                ]
            },
            "properties": {
                "調査時期": "2023_W",
                "都道府県": "福島県",
                "市区町村": "広野町",
                "撮影場所": "SUZUKI天体観測所",
                "撮影日時": "2023-01-19T18:54:00+09:00",
                "緯度": "37.19166667",
                "経度": "140.9513889",
                "夜空の明るさ": "20.44",
                "ばらつき": "0.07",
                "周辺状況": "森林山間地",
                "備考": "",
                "継続観察登録地点": "○"
            }
        },
        {
            "type": "Feature",
            "geometry": {
                "type": "Point",
                "coordinates": [
                    140.9930556,
                    37.21555556
                ]
            },
            "properties": {
                "調査時期": "2023_W",
                "都道府県": "福島県",
                "市区町村": "広野町",
                "撮影場所": "双葉郡広野町",
                "撮影日時": "2023-01-20T19:08:00+09:00",
                "緯度": "37.21555556",
                "経度": "140.9930556",
                "夜空の明るさ": "20.11",
                "ばらつき": "0.08",
                "周辺状況": "住宅地域",
                "備考": "",
                "継続観察登録地点": "○"
            }
        },
        {
            "type": "Feature",
            "geometry": {
                "type": "Point",
                "coordinates": [
                    140.9511111,
                    37.19166667
                ]
            },
            "properties": {
                "調査時期": "2023_W",
                "都道府県": "福島県",
                "市区町村": "広野町",
                "撮影場所": "SUZUKI天体観測所",
                "撮影日時": "2023-01-20T18:37:00+09:00",
                "緯度": "37.19166667",
                "経度": "140.9511111",
                "夜空の明るさ": "20.66",
                "ばらつき": "0.1",
                "周辺状況": "森林山間地",
                "備考": "",
                "継続観察登録地点": "○"
            }
        },
        {
            "type": "Feature",
            "geometry": {
                "type": "Point",
                "coordinates": [
                    140.1180556,
                    36.08333333
                ]
            },
            "properties": {
                "調査時期": "2023_W",
                "都道府県": "茨城県",
                "市区町村": "つくば市",
                "撮影場所": "つくば市吾妻",
                "撮影日時": "2023-01-20T19:34:00+09:00",
                "緯度": "36.08333333",
                "経度": "140.1180556",
                "夜空の明るさ": "17.79",
                "ばらつき": "0.03",
                "周辺状況": "住宅地域",
                "備考": "",
                "継続観察登録地点": "○"
            }
        },
        {
            "type": "Feature",
            "geometry": {
                "type": "Point",
                "coordinates": [
                    140.1166667,
                    36.08444444
                ]
            },
            "properties": {
                "調査時期": "2023_W",
                "都道府県": "茨城県",
                "市区町村": "つくば市",
                "撮影場所": "つくば市吾妻",
                "撮影日時": "2023-01-22T18:42:00+09:00",
                "緯度": "36.08444444",
                "経度": "140.1166667",
                "夜空の明るさ": "17.03",
                "ばらつき": "0.13",
                "周辺状況": "住宅地域",
                "備考": "参考値（薄雲）",
                "継続観察登録地点": "○"
            }
        },
        {
            "type": "Feature",
            "geometry": {
                "type": "Point",
                "coordinates": [
                    140.1183333,
                    36.08361111
                ]
            },
            "properties": {
                "調査時期": "2023_W",
                "都道府県": "茨城県",
                "市区町村": "つくば市",
                "撮影場所": "つくば市吾妻",
                "撮影日時": "2023-01-23T20:03:00+09:00",
                "緯度": "36.08361111",
                "経度": "140.1183333",
                "夜空の明るさ": "17.63",
                "ばらつき": "0.13",
                "周辺状況": "住宅地域",
                "備考": "",
                "継続観察登録地点": "○"
            }
        },
        {
            "type": "Feature",
            "geometry": {
                "type": "Point",
                "coordinates": [
                    140.1183333,
                    36.08333333
                ]
            },
            "properties": {
                "調査時期": "2023_W",
                "都道府県": "茨城県",
                "市区町村": "つくば市",
                "撮影場所": "つくば市吾妻",
                "撮影日時": "2023-01-25T20:14:00+09:00",
                "緯度": "36.08333333",
                "経度": "140.1183333",
                "夜空の明るさ": "18.2",
                "ばらつき": "0.11",
                "周辺状況": "住宅地域",
                "備考": "",
                "継続観察登録地点": "○"
            }
        },
        {
            "type": "Feature",
            "geometry": {
                "type": "Point",
                "coordinates": [
                    140.2888889,
                    36.65111111
                ]
            },
            "properties": {
                "調査時期": "2023_W",
                "都道府県": "茨城県",
                "市区町村": "常陸大宮市",
                "撮影場所": "",
                "撮影日時": "2023-01-21T19:53:00+09:00",
                "緯度": "36.65111111",
                "経度": "140.2888889",
                "夜空の明るさ": "20.7",
                "ばらつき": "0.06",
                "周辺状況": "",
                "備考": "",
                "継続観察登録地点": ""
            }
        },
        {
            "type": "Feature",
            "geometry": {
                "type": "Point",
                "coordinates": [
                    140.3575,
                    36.43777778
                ]
            },
            "properties": {
                "調査時期": "2023_W",
                "都道府県": "茨城県",
                "市区町村": "城里町",
                "撮影場所": "",
                "撮影日時": "2023-01-21T20:20:00+09:00",
                "緯度": "36.43777778",
                "経度": "140.3575",
                "夜空の明るさ": "19.96",
                "ばらつき": "0.05",
                "周辺状況": "",
                "備考": "",
                "継続観察登録地点": ""
            }
        },
        {
            "type": "Feature",
            "geometry": {
                "type": "Point",
                "coordinates": [
                    139.8766667,
                    36.5575
                ]
            },
            "properties": {
                "調査時期": "2023_W",
                "都道府県": "栃木県",
                "市区町村": "宇都宮市",
                "撮影場所": "",
                "撮影日時": "2023-01-20T19:10:00+09:00",
                "緯度": "36.5575",
                "経度": "139.8766667",
                "夜空の明るさ": "17.14",
                "ばらつき": "0.11",
                "周辺状況": "",
                "備考": "参考値（薄雲）",
                "継続観察登録地点": ""
            }
        },
        {
            "type": "Feature",
            "geometry": {
                "type": "Point",
                "coordinates": [
                    139.8786111,
                    36.55805556
                ]
            },
            "properties": {
                "調査時期": "2023_W",
                "都道府県": "栃木県",
                "市区町村": "宇都宮市",
                "撮影場所": "",
                "撮影日時": "2023-01-21T19:45:00+09:00",
                "緯度": "36.55805556",
                "経度": "139.8786111",
                "夜空の明るさ": "17.79",
                "ばらつき": "0.16",
                "周辺状況": "",
                "備考": "",
                "継続観察登録地点": ""
            }
        },
        {
            "type": "Feature",
            "geometry": {
                "type": "Point",
                "coordinates": [
                    139.8786111,
                    36.55805556
                ]
            },
            "properties": {
                "調査時期": "2023_W",
                "都道府県": "栃木県",
                "市区町村": "宇都宮市",
                "撮影場所": "",
                "撮影日時": "2023-01-25T20:40:00+09:00",
                "緯度": "36.55805556",
                "経度": "139.8786111",
                "夜空の明るさ": "18",
                "ばらつき": "0",
                "周辺状況": "",
                "備考": "",
                "継続観察登録地点": ""
            }
        },
        {
            "type": "Feature",
            "geometry": {
                "type": "Point",
                "coordinates": [
                    139.6813889,
                    36.25444444
                ]
            },
            "properties": {
                "調査時期": "2023_W",
                "都道府県": "栃木県",
                "市区町村": "栃木市",
                "撮影場所": "",
                "撮影日時": "2023-01-21T18:54:00+09:00",
                "緯度": "36.25444444",
                "経度": "139.6813889",
                "夜空の明るさ": "19.86",
                "ばらつき": "0.07",
                "周辺状況": "",
                "備考": "",
                "継続観察登録地点": ""
            }
        },
        {
            "type": "Feature",
            "geometry": {
                "type": "Point",
                "coordinates": [
                    139.6094444,
                    36.35416667
                ]
            },
            "properties": {
                "調査時期": "2023_W",
                "都道府県": "栃木県",
                "市区町村": "佐野市",
                "撮影場所": "佐野市 梅林公園",
                "撮影日時": "2023-01-16T19:48:00+09:00",
                "緯度": "36.35416667",
                "経度": "139.6094444",
                "夜空の明るさ": "19.31",
                "ばらつき": "0.08",
                "周辺状況": "農業地域",
                "備考": "",
                "継続観察登録地点": "○"
            }
        },
        {
            "type": "Feature",
            "geometry": {
                "type": "Point",
                "coordinates": [
                    139.5772222,
                    36.29694444
                ]
            },
            "properties": {
                "調査時期": "2023_W",
                "都道府県": "栃木県",
                "市区町村": "佐野市",
                "撮影場所": "佐野市 赤城神社",
                "撮影日時": "2023-01-21T20:15:00+09:00",
                "緯度": "36.29694444",
                "経度": "139.5772222",
                "夜空の明るさ": "18.74",
                "ばらつき": "0.08",
                "周辺状況": "住宅地域",
                "備考": "",
                "継続観察登録地点": "○"
            }
        },
        {
            "type": "Feature",
            "geometry": {
                "type": "Point",
                "coordinates": [
                    139.4691667,
                    36.56416667
                ]
            },
            "properties": {
                "調査時期": "2023_W",
                "都道府県": "栃木県",
                "市区町村": "佐野市",
                "撮影場所": "作原自然環境保全地域",
                "撮影日時": "2023-01-12T18:20:00+09:00",
                "緯度": "36.56416667",
                "経度": "139.4691667",
                "夜空の明るさ": "20.4",
                "ばらつき": "0.1",
                "周辺状況": "自然公園等",
                "備考": "",
                "継続観察登録地点": "○"
            }
        },
        {
            "type": "Feature",
            "geometry": {
                "type": "Point",
                "coordinates": [
                    139.4691667,
                    36.56416667
                ]
            },
            "properties": {
                "調査時期": "2023_W",
                "都道府県": "栃木県",
                "市区町村": "佐野市",
                "撮影場所": "作原自然環境保全地域",
                "撮影日時": "2023-01-21T18:21:00+09:00",
                "緯度": "36.56416667",
                "経度": "139.4691667",
                "夜空の明るさ": "20.4",
                "ばらつき": "0.1",
                "周辺状況": "自然公園等",
                "備考": "",
                "継続観察登録地点": "○"
            }
        },
        {
            "type": "Feature",
            "geometry": {
                "type": "Point",
                "coordinates": [
                    139.3533333,
                    36.41166667
                ]
            },
            "properties": {
                "調査時期": "2023_W",
                "都道府県": "群馬県",
                "市区町村": "桐生市",
                "撮影場所": "",
                "撮影日時": "2022-12-31T00:32:00+09:00",
                "緯度": "36.41166667",
                "経度": "139.3533333",
                "夜空の明るさ": "",
                "ばらつき": "",
                "周辺状況": "",
                "備考": "測定不可（設定エラー）",
                "継続観察登録地点": ""
            }
        },
        {
            "type": "Feature",
            "geometry": {
                "type": "Point",
                "coordinates": [
                    138.9561111,
                    36.62416667
                ]
            },
            "properties": {
                "調査時期": "2023_W",
                "都道府県": "群馬県",
                "市区町村": "高山村",
                "撮影場所": "",
                "撮影日時": "2023-01-17T18:41:00+09:00",
                "緯度": "36.62416667",
                "経度": "138.9561111",
                "夜空の明るさ": "19.27",
                "ばらつき": "0.08",
                "周辺状況": "",
                "備考": "",
                "継続観察登録地点": ""
            }
        },
        {
            "type": "Feature",
            "geometry": {
                "type": "Point",
                "coordinates": [
                    138.9741667,
                    36.59694444
                ]
            },
            "properties": {
                "調査時期": "2023_W",
                "都道府県": "群馬県",
                "市区町村": "高山村",
                "撮影場所": "群馬県吾妻郡高山村ぐんま天文台",
                "撮影日時": "2023-01-21T19:49:00+09:00",
                "緯度": "36.59694444",
                "経度": "138.9741667",
                "夜空の明るさ": "20.12",
                "ばらつき": "0.15",
                "周辺状況": "森林山間地",
                "備考": "",
                "継続観察登録地点": "○"
            }
        },
        {
            "type": "Feature",
            "geometry": {
                "type": "Point",
                "coordinates": [
                    139.0958333,
                    36.30805556
                ]
            },
            "properties": {
                "調査時期": "2023_W",
                "都道府県": "群馬県",
                "市区町村": "玉村町",
                "撮影場所": "群馬県佐波郡玉村町道の駅玉村宿",
                "撮影日時": "2023-01-16T18:45:00+09:00",
                "緯度": "36.30805556",
                "経度": "139.0958333",
                "夜空の明るさ": "18.32",
                "ばらつき": "0.08",
                "周辺状況": "農業地域",
                "備考": "",
                "継続観察登録地点": "○"
            }
        },
        {
            "type": "Feature",
            "geometry": {
                "type": "Point",
                "coordinates": [
                    139.6633333,
                    35.96027778
                ]
            },
            "properties": {
                "調査時期": "2023_W",
                "都道府県": "埼玉県",
                "市区町村": "さいたま市　見沼区",
                "撮影場所": "",
                "撮影日時": "2023-01-20T19:24:00+09:00",
                "緯度": "35.96027778",
                "経度": "139.6633333",
                "夜空の明るさ": "17.65",
                "ばらつき": "0.09",
                "周辺状況": "",
                "備考": "",
                "継続観察登録地点": ""
            }
        },
        {
            "type": "Feature",
            "geometry": {
                "type": "Point",
                "coordinates": [
                    139.7322222,
                    35.89611111
                ]
            },
            "properties": {
                "調査時期": "2023_W",
                "都道府県": "埼玉県",
                "市区町村": "さいたま市　緑区",
                "撮影場所": "浦和美園４丁目公園",
                "撮影日時": "2023-01-20T20:08:00+09:00",
                "緯度": "35.89611111",
                "経度": "139.7322222",
                "夜空の明るさ": "17.52",
                "ばらつき": "0.09",
                "周辺状況": "住宅地域",
                "備考": "参考値（薄雲）",
                "継続観察登録地点": "○"
            }
        },
        {
            "type": "Feature",
            "geometry": {
                "type": "Point",
                "coordinates": [
                    139.4080556,
                    35.85583333
                ]
            },
            "properties": {
                "調査時期": "2023_W",
                "都道府県": "埼玉県",
                "市区町村": "狭山市",
                "撮影場所": "",
                "撮影日時": "2023-01-20T20:12:00+09:00",
                "緯度": "35.85583333",
                "経度": "139.4080556",
                "夜空の明るさ": "18",
                "ばらつき": "0.04",
                "周辺状況": "",
                "備考": "",
                "継続観察登録地点": ""
            }
        },
        {
            "type": "Feature",
            "geometry": {
                "type": "Point",
                "coordinates": [
                    139.8002778,
                    35.81694444
                ]
            },
            "properties": {
                "調査時期": "2023_W",
                "都道府県": "埼玉県",
                "市区町村": "草加市",
                "撮影場所": "東武スカイツリーライン谷塚駅前",
                "撮影日時": "2023-01-20T20:07:00+09:00",
                "緯度": "35.81694444",
                "経度": "139.8002778",
                "夜空の明るさ": "17.17",
                "ばらつき": "0.08",
                "周辺状況": "商業地域",
                "備考": "",
                "継続観察登録地点": "○"
            }
        },
        {
            "type": "Feature",
            "geometry": {
                "type": "Point",
                "coordinates": [
                    139.8075,
                    35.86583333
                ]
            },
            "properties": {
                "調査時期": "2023_W",
                "都道府県": "埼玉県",
                "市区町村": "越谷市",
                "撮影場所": "越天蒲生観測所",
                "撮影日時": "2023-01-20T20:03:00+09:00",
                "緯度": "35.86583333",
                "経度": "139.8075",
                "夜空の明るさ": "17.49",
                "ばらつき": "0.06",
                "周辺状況": "住宅地域",
                "備考": "",
                "継続観察登録地点": "○"
            }
        },
        {
            "type": "Feature",
            "geometry": {
                "type": "Point",
                "coordinates": [
                    140.8661111,
                    35.71555556
                ]
            },
            "properties": {
                "調査時期": "2023_W",
                "都道府県": "千葉県",
                "市区町村": "銚子市",
                "撮影場所": "",
                "撮影日時": "2023-01-21T18:47:00+09:00",
                "緯度": "35.71555556",
                "経度": "140.8661111",
                "夜空の明るさ": "19.98",
                "ばらつき": "0.07",
                "周辺状況": "",
                "備考": "",
                "継続観察登録地点": ""
            }
        },
        {
            "type": "Feature",
            "geometry": {
                "type": "Point",
                "coordinates": [
                    139.9044444,
                    35.77944444
                ]
            },
            "properties": {
                "調査時期": "2023_W",
                "都道府県": "千葉県",
                "市区町村": "松戸市",
                "撮影場所": "松戸市内",
                "撮影日時": "2023-01-21T18:45:00+09:00",
                "緯度": "35.77944444",
                "経度": "139.9044444",
                "夜空の明るさ": "17.16",
                "ばらつき": "0.08",
                "周辺状況": "住宅地域",
                "備考": "参考値（薄雲）",
                "継続観察登録地点": "○"
            }
        },
        {
            "type": "Feature",
            "geometry": {
                "type": "Point",
                "coordinates": [
                    140.2352778,
                    35.74694444
                ]
            },
            "properties": {
                "調査時期": "2023_W",
                "都道府県": "千葉県",
                "市区町村": "佐倉市",
                "撮影場所": "",
                "撮影日時": "2023-01-26T02:17:00+09:00",
                "緯度": "35.74694444",
                "経度": "140.2352778",
                "夜空の明るさ": "19.54",
                "ばらつき": "0.04",
                "周辺状況": "",
                "備考": "参考値（時間外）",
                "継続観察登録地点": ""
            }
        },
        {
            "type": "Feature",
            "geometry": {
                "type": "Point",
                "coordinates": [
                    140.0672222,
                    35.72805556
                ]
            },
            "properties": {
                "調査時期": "2023_W",
                "都道府県": "千葉県",
                "市区町村": "八千代市",
                "撮影場所": "",
                "撮影日時": "2023-01-16T21:53:00+09:00",
                "緯度": "35.72805556",
                "経度": "140.0672222",
                "夜空の明るさ": "",
                "ばらつき": "",
                "周辺状況": "",
                "備考": "測定不可（設定エラー）",
                "継続観察登録地点": ""
            }
        },
        {
            "type": "Feature",
            "geometry": {
                "type": "Point",
                "coordinates": [
                    139.9966667,
                    35.13916667
                ]
            },
            "properties": {
                "調査時期": "2023_W",
                "都道府県": "千葉県",
                "市区町村": "鴨川市",
                "撮影場所": "鴨川市内",
                "撮影日時": "2023-01-20T20:00:00+09:00",
                "緯度": "35.13916667",
                "経度": "139.9966667",
                "夜空の明るさ": "17.17",
                "ばらつき": "0.48",
                "周辺状況": "農業地域",
                "備考": "参考値（薄雲）",
                "継続観察登録地点": "○"
            }
        },
        {
            "type": "Feature",
            "geometry": {
                "type": "Point",
                "coordinates": [
                    139.9908333,
                    35.77805556
                ]
            },
            "properties": {
                "調査時期": "2023_W",
                "都道府県": "千葉県",
                "市区町村": "鎌ケ谷市",
                "撮影場所": "鎌ケ谷市内",
                "撮影日時": "2023-01-12T18:37:00+09:00",
                "緯度": "35.77805556",
                "経度": "139.9908333",
                "夜空の明るさ": "17.5",
                "ばらつき": "0.05",
                "周辺状況": "住宅地域",
                "備考": "参考値（薄雲）",
                "継続観察登録地点": "○"
            }
        },
        {
            "type": "Feature",
            "geometry": {
                "type": "Point",
                "coordinates": [
                    139.765,
                    35.68138889
                ]
            },
            "properties": {
                "調査時期": "2023_W",
                "都道府県": "東京都",
                "市区町村": "千代田区",
                "撮影場所": "",
                "撮影日時": "2023-01-25T18:49:00+09:00",
                "緯度": "35.68138889",
                "経度": "139.765",
                "夜空の明るさ": "16.34",
                "ばらつき": "0.08",
                "周辺状況": "",
                "備考": "",
                "継続観察登録地点": ""
            }
        },
        {
            "type": "Feature",
            "geometry": {
                "type": "Point",
                "coordinates": [
                    139.7505556,
                    35.72305556
                ]
            },
            "properties": {
                "調査時期": "2023_W",
                "都道府県": "東京都",
                "市区町村": "文京区",
                "撮影場所": "東洋大学白山キャンパス１号館屋上",
                "撮影日時": "2023-01-20T18:56:00+09:00",
                "緯度": "35.72305556",
                "経度": "139.7505556",
                "夜空の明るさ": "16.78",
                "ばらつき": "0.08",
                "周辺状況": "商業地域",
                "備考": "参考値（薄雲）",
                "継続観察登録地点": "○"
            }
        },
        {
            "type": "Feature",
            "geometry": {
                "type": "Point",
                "coordinates": [
                    139.6711111,
                    35.70444444
                ]
            },
            "properties": {
                "調査時期": "2023_W",
                "都道府県": "東京都",
                "市区町村": "中野区",
                "撮影場所": "なかのZERO",
                "撮影日時": "2023-01-21T19:54:00+09:00",
                "緯度": "35.70444444",
                "経度": "139.6711111",
                "夜空の明るさ": "16.54",
                "ばらつき": "0.26",
                "周辺状況": "商業地域",
                "備考": "参考値（薄雲）",
                "継続観察登録地点": "○"
            }
        },
        {
            "type": "Feature",
            "geometry": {
                "type": "Point",
                "coordinates": [
                    139.3902778,
                    35.69638889
                ]
            },
            "properties": {
                "調査時期": "2023_W",
                "都道府県": "東京都",
                "市区町村": "立川市",
                "撮影場所": "立川市 お庭天文台",
                "撮影日時": "2023-01-20T19:41:00+09:00",
                "緯度": "35.69638889",
                "経度": "139.3902778",
                "夜空の明るさ": "17.36",
                "ばらつき": "0.1",
                "周辺状況": "住宅地域",
                "備考": "",
                "継続観察登録地点": "○"
            }
        },
        {
            "type": "Feature",
            "geometry": {
                "type": "Point",
                "coordinates": [
                    139.3902778,
                    35.69638889
                ]
            },
            "properties": {
                "調査時期": "2023_W",
                "都道府県": "東京都",
                "市区町村": "立川市",
                "撮影場所": "立川市 お庭天文台",
                "撮影日時": "2023-01-25T20:22:00+09:00",
                "緯度": "35.69638889",
                "経度": "139.3902778",
                "夜空の明るさ": "17.59",
                "ばらつき": "0.13",
                "周辺状況": "住宅地域",
                "備考": "",
                "継続観察登録地点": "○"
            }
        },
        {
            "type": "Feature",
            "geometry": {
                "type": "Point",
                "coordinates": [
                    139.5377778,
                    35.67416667
                ]
            },
            "properties": {
                "調査時期": "2023_W",
                "都道府県": "東京都",
                "市区町村": "三鷹市",
                "撮影場所": "",
                "撮影日時": "2023-01-25T19:16:00+09:00",
                "緯度": "35.67416667",
                "経度": "139.5377778",
                "夜空の明るさ": "17.3",
                "ばらつき": "0.09",
                "周辺状況": "",
                "備考": "",
                "継続観察登録地点": ""
            }
        },
        {
            "type": "Feature",
            "geometry": {
                "type": "Point",
                "coordinates": [
                    139.5166667,
                    35.71611111
                ]
            },
            "properties": {
                "調査時期": "2023_W",
                "都道府県": "東京都",
                "市区町村": "小金井市",
                "撮影場所": "都立小金井公園　いこいの広場",
                "撮影日時": "2023-01-12T18:28:00+09:00",
                "緯度": "35.71611111",
                "経度": "139.5166667",
                "夜空の明るさ": "17.18",
                "ばらつき": "0.08",
                "周辺状況": "自然公園等",
                "備考": "",
                "継続観察登録地点": "○"
            }
        },
        {
            "type": "Feature",
            "geometry": {
                "type": "Point",
                "coordinates": [
                    139.3005556,
                    35.77194444
                ]
            },
            "properties": {
                "調査時期": "2023_W",
                "都道府県": "東京都",
                "市区町村": "羽村市",
                "撮影場所": "羽村市",
                "撮影日時": "2023-01-20T20:06:00+09:00",
                "緯度": "35.77194444",
                "経度": "139.3005556",
                "夜空の明るさ": "18.08",
                "ばらつき": "0.09",
                "周辺状況": "住宅地域",
                "備考": "",
                "継続観察登録地点": "○"
            }
        },
        {
            "type": "Feature",
            "geometry": {
                "type": "Point",
                "coordinates": [
                    139.0433333,
                    35.78972222
                ]
            },
            "properties": {
                "調査時期": "2023_W",
                "都道府県": "東京都",
                "市区町村": "奥多摩町",
                "撮影場所": "西多摩郡奥多摩町 奥多摩湖大麦代園地駐車場",
                "撮影日時": "2023-01-21T18:36:00+09:00",
                "緯度": "35.78972222",
                "経度": "139.0433333",
                "夜空の明るさ": "20.08",
                "ばらつき": "0.06",
                "周辺状況": "森林山間地",
                "備考": "",
                "継続観察登録地点": "○"
            }
        },
        {
            "type": "Feature",
            "geometry": {
                "type": "Point",
                "coordinates": [
                    139.1391667,
                    34.20472222
                ]
            },
            "properties": {
                "調査時期": "2023_W",
                "都道府県": "東京都",
                "市区町村": "神津島村",
                "撮影場所": "神津島村 よたね広場",
                "撮影日時": "2023-01-25T19:25:00+09:00",
                "緯度": "34.20472222",
                "経度": "139.1391667",
                "夜空の明るさ": "21.23",
                "ばらつき": "0.13",
                "周辺状況": "住宅地域",
                "備考": "",
                "継続観察登録地点": "○"
            }
        },
        {
            "type": "Feature",
            "geometry": {
                "type": "Point",
                "coordinates": [
                    139.1266667,
                    34.19861111
                ]
            },
            "properties": {
                "調査時期": "2023_W",
                "都道府県": "東京都",
                "市区町村": "神津島村",
                "撮影場所": "神津島村 ヘリポート",
                "撮影日時": "2023-01-25T19:48:00+09:00",
                "緯度": "34.19861111",
                "経度": "139.1266667",
                "夜空の明るさ": "21.44",
                "ばらつき": "0.14",
                "周辺状況": "農業地域",
                "備考": "",
                "継続観察登録地点": "○"
            }
        },
        {
            "type": "Feature",
            "geometry": {
                "type": "Point",
                "coordinates": [
                    139.1438889,
                    34.19166667
                ]
            },
            "properties": {
                "調査時期": "2023_W",
                "都道府県": "東京都",
                "市区町村": "神津島村",
                "撮影場所": "神津島村 三浦湾展望台",
                "撮影日時": "2023-01-25T20:06:00+09:00",
                "緯度": "34.19166667",
                "経度": "139.1438889",
                "夜空の明るさ": "21.47",
                "ばらつき": "0.12",
                "周辺状況": "その他",
                "備考": "",
                "継続観察登録地点": "○"
            }
        },
        {
            "type": "Feature",
            "geometry": {
                "type": "Point",
                "coordinates": [
                    139.1375,
                    34.23944444
                ]
            },
            "properties": {
                "調査時期": "2023_W",
                "都道府県": "東京都",
                "市区町村": "神津島村",
                "撮影場所": "神津島村 赤崎遊歩道",
                "撮影日時": "2023-01-25T20:32:00+09:00",
                "緯度": "34.23944444",
                "経度": "139.1375",
                "夜空の明るさ": "21.39",
                "ばらつき": "0.14",
                "周辺状況": "その他",
                "備考": "",
                "継続観察登録地点": "○"
            }
        },
        {
            "type": "Feature",
            "geometry": {
                "type": "Point",
                "coordinates": [
                    142.1930556,
                    27.06444444
                ]
            },
            "properties": {
                "調査時期": "2023_W",
                "都道府県": "東京都",
                "市区町村": "小笠原村",
                "撮影場所": "",
                "撮影日時": "2023-01-23T19:19:00+09:00",
                "緯度": "27.06444444",
                "経度": "142.1930556",
                "夜空の明るさ": "21.64",
                "ばらつき": "0.09",
                "周辺状況": "",
                "備考": "",
                "継続観察登録地点": ""
            }
        },
        {
            "type": "Feature",
            "geometry": {
                "type": "Point",
                "coordinates": [
                    139.6616667,
                    35.43583333
                ]
            },
            "properties": {
                "調査時期": "2023_W",
                "都道府県": "神奈川県",
                "市区町村": "横浜市　中区",
                "撮影場所": "",
                "撮影日時": "2023-01-13T00:20:00+09:00",
                "緯度": "35.43583333",
                "経度": "139.6616667",
                "夜空の明るさ": "",
                "ばらつき": "",
                "周辺状況": "",
                "備考": "測定不可（方向エラー）",
                "継続観察登録地点": ""
            }
        },
        {
            "type": "Feature",
            "geometry": {
                "type": "Point",
                "coordinates": [
                    139.5733333,
                    35.61416667
                ]
            },
            "properties": {
                "調査時期": "2023_W",
                "都道府県": "神奈川県",
                "市区町村": "川崎市　多摩区",
                "撮影場所": "",
                "撮影日時": "2023-01-20T19:30:00+09:00",
                "緯度": "35.61416667",
                "経度": "139.5733333",
                "夜空の明るさ": "18.05",
                "ばらつき": "0.1",
                "周辺状況": "",
                "備考": "",
                "継続観察登録地点": ""
            }
        },
        {
            "type": "Feature",
            "geometry": {
                "type": "Point",
                "coordinates": [
                    139.5733333,
                    35.61416667
                ]
            },
            "properties": {
                "調査時期": "2023_W",
                "都道府県": "神奈川県",
                "市区町村": "川崎市　多摩区",
                "撮影場所": "",
                "撮影日時": "2023-01-21T19:29:00+09:00",
                "緯度": "35.61416667",
                "経度": "139.5733333",
                "夜空の明るさ": "17.99",
                "ばらつき": "0.14",
                "周辺状況": "",
                "備考": "",
                "継続観察登録地点": ""
            }
        },
        {
            "type": "Feature",
            "geometry": {
                "type": "Point",
                "coordinates": [
                    139.5608333,
                    35.60861111
                ]
            },
            "properties": {
                "調査時期": "2023_W",
                "都道府県": "神奈川県",
                "市区町村": "川崎市　多摩区",
                "撮影場所": "",
                "撮影日時": "2023-01-12T18:37:00+09:00",
                "緯度": "35.60861111",
                "経度": "139.5608333",
                "夜空の明るさ": "17.35",
                "ばらつき": "0.05",
                "周辺状況": "",
                "備考": "",
                "継続観察登録地点": ""
            }
        },
        {
            "type": "Feature",
            "geometry": {
                "type": "Point",
                "coordinates": [
                    139.6347222,
                    35.56916667
                ]
            },
            "properties": {
                "調査時期": "2023_W",
                "都道府県": "神奈川県",
                "市区町村": "川崎市　高津区",
                "撮影場所": "",
                "撮影日時": "2023-01-12T19:05:00+09:00",
                "緯度": "35.56916667",
                "経度": "139.6347222",
                "夜空の明るさ": "16.96",
                "ばらつき": "0.09",
                "周辺状況": "",
                "備考": "",
                "継続観察登録地点": ""
            }
        },
        {
            "type": "Feature",
            "geometry": {
                "type": "Point",
                "coordinates": [
                    139.6588889,
                    35.56583333
                ]
            },
            "properties": {
                "調査時期": "2023_W",
                "都道府県": "神奈川県",
                "市区町村": "川崎市　中原区",
                "撮影場所": "",
                "撮影日時": "2023-01-12T19:25:00+09:00",
                "緯度": "35.56583333",
                "経度": "139.6588889",
                "夜空の明るさ": "17",
                "ばらつき": "0.07",
                "周辺状況": "",
                "備考": "",
                "継続観察登録地点": ""
            }
        },
        {
            "type": "Feature",
            "geometry": {
                "type": "Point",
                "coordinates": [
                    139.6888889,
                    35.53638889
                ]
            },
            "properties": {
                "調査時期": "2023_W",
                "都道府県": "神奈川県",
                "市区町村": "川崎市　幸区",
                "撮影場所": "",
                "撮影日時": "2023-01-12T19:56:00+09:00",
                "緯度": "35.53638889",
                "経度": "139.6888889",
                "夜空の明るさ": "16.97",
                "ばらつき": "0.04",
                "周辺状況": "",
                "備考": "参考値（薄雲）",
                "継続観察登録地点": ""
            }
        },
        {
            "type": "Feature",
            "geometry": {
                "type": "Point",
                "coordinates": [
                    139.7088889,
                    35.52888889
                ]
            },
            "properties": {
                "調査時期": "2023_W",
                "都道府県": "神奈川県",
                "市区町村": "川崎市　川崎区",
                "撮影場所": "",
                "撮影日時": "2023-01-12T20:11:00+09:00",
                "緯度": "35.52888889",
                "経度": "139.7088889",
                "夜空の明るさ": "16.82",
                "ばらつき": "0.14",
                "周辺状況": "",
                "備考": "参考値（薄雲）",
                "継続観察登録地点": ""
            }
        },
        {
            "type": "Feature",
            "geometry": {
                "type": "Point",
                "coordinates": [
                    139.7083333,
                    35.51055556
                ]
            },
            "properties": {
                "調査時期": "2023_W",
                "都道府県": "神奈川県",
                "市区町村": "川崎市　川崎区",
                "撮影場所": "",
                "撮影日時": "2023-01-12T20:17:00+09:00",
                "緯度": "35.51055556",
                "経度": "139.7083333",
                "夜空の明るさ": "17.27",
                "ばらつき": "0.1",
                "周辺状況": "",
                "備考": "",
                "継続観察登録地点": ""
            }
        },
        {
            "type": "Feature",
            "geometry": {
                "type": "Point",
                "coordinates": [
                    139.5044444,
                    35.60805556
                ]
            },
            "properties": {
                "調査時期": "2023_W",
                "都道府県": "神奈川県",
                "市区町村": "川崎市　麻生区",
                "撮影場所": "",
                "撮影日時": "2023-01-21T18:34:00+09:00",
                "緯度": "35.60805556",
                "経度": "139.5044444",
                "夜空の明るさ": "17.36",
                "ばらつき": "0.03",
                "周辺状況": "",
                "備考": "",
                "継続観察登録地点": ""
            }
        },
        {
            "type": "Feature",
            "geometry": {
                "type": "Point",
                "coordinates": [
                    139.3730556,
                    35.53722222
                ]
            },
            "properties": {
                "調査時期": "2023_W",
                "都道府県": "神奈川県",
                "市区町村": "相模原市　南区",
                "撮影場所": "相模原市南区下溝",
                "撮影日時": "2023-01-25T20:15:00+09:00",
                "緯度": "35.53722222",
                "経度": "139.3730556",
                "夜空の明るさ": "17.97",
                "ばらつき": "0.07",
                "周辺状況": "農業地域",
                "備考": "",
                "継続観察登録地点": "○"
            }
        },
        {
            "type": "Feature",
            "geometry": {
                "type": "Point",
                "coordinates": [
                    139.3205556,
                    35.36888889
                ]
            },
            "properties": {
                "調査時期": "2023_W",
                "都道府県": "神奈川県",
                "市区町村": "平塚市",
                "撮影場所": "平塚市岡崎",
                "撮影日時": "2023-01-12T19:50:00+09:00",
                "緯度": "35.36888889",
                "経度": "139.3205556",
                "夜空の明るさ": "18.3",
                "ばらつき": "0.07",
                "周辺状況": "農業地域",
                "備考": "",
                "継続観察登録地点": "○"
            }
        },
        {
            "type": "Feature",
            "geometry": {
                "type": "Point",
                "coordinates": [
                    139.4697222,
                    35.3975
                ]
            },
            "properties": {
                "調査時期": "2023_W",
                "都道府県": "神奈川県",
                "市区町村": "藤沢市",
                "撮影場所": "藤沢市内",
                "撮影日時": "2023-01-12T19:53:00+09:00",
                "緯度": "35.3975",
                "経度": "139.4697222",
                "夜空の明るさ": "17.36",
                "ばらつき": "0.08",
                "周辺状況": "商業地域",
                "備考": "",
                "継続観察登録地点": "○"
            }
        },
        {
            "type": "Feature",
            "geometry": {
                "type": "Point",
                "coordinates": [
                    139.46,
                    35.33555556
                ]
            },
            "properties": {
                "調査時期": "2023_W",
                "都道府県": "神奈川県",
                "市区町村": "藤沢市",
                "撮影場所": "",
                "撮影日時": "2023-01-13T00:22:00+09:00",
                "緯度": "35.33555556",
                "経度": "139.46",
                "夜空の明るさ": "18.25",
                "ばらつき": "0.07",
                "周辺状況": "",
                "備考": "参考値（薄雲）",
                "継続観察登録地点": ""
            }
        },
        {
            "type": "Feature",
            "geometry": {
                "type": "Point",
                "coordinates": [
                    139.2136111,
                    35.46222222
                ]
            },
            "properties": {
                "調査時期": "2023_W",
                "都道府県": "神奈川県",
                "市区町村": "清川村",
                "撮影場所": "神奈川県清川村内",
                "撮影日時": "2023-01-25T18:38:00+09:00",
                "緯度": "35.46222222",
                "経度": "139.2136111",
                "夜空の明るさ": "19.3",
                "ばらつき": "0.08",
                "周辺状況": "森林山間地",
                "備考": "",
                "継続観察登録地点": "○"
            }
        },
        {
            "type": "Feature",
            "geometry": {
                "type": "Point",
                "coordinates": [
                    137.2116667,
                    36.68027778
                ]
            },
            "properties": {
                "調査時期": "2023_W",
                "都道府県": "富山県",
                "市区町村": "富山市",
                "撮影場所": "",
                "撮影日時": "2023-01-21T20:24:00+09:00",
                "緯度": "36.68027778",
                "経度": "137.2116667",
                "夜空の明るさ": "17.47",
                "ばらつき": "0.07",
                "周辺状況": "",
                "備考": "参考値（薄雲）",
                "継続観察登録地点": ""
            }
        },
        {
            "type": "Feature",
            "geometry": {
                "type": "Point",
                "coordinates": [
                    137.4252778,
                    36.90138889
                ]
            },
            "properties": {
                "調査時期": "2023_W",
                "都道府県": "富山県",
                "市区町村": "黒部市",
                "撮影場所": "富山県黒部市黒部市吉田科学館",
                "撮影日時": "2023-01-21T19:50:00+09:00",
                "緯度": "36.90138889",
                "経度": "137.4252778",
                "夜空の明るさ": "19.94",
                "ばらつき": "0.07",
                "周辺状況": "住宅地域",
                "備考": "",
                "継続観察登録地点": "○"
            }
        },
        {
            "type": "Feature",
            "geometry": {
                "type": "Point",
                "coordinates": [
                    136.6683333,
                    36.59833333
                ]
            },
            "properties": {
                "調査時期": "2023_W",
                "都道府県": "石川県",
                "市区町村": "金沢市",
                "撮影場所": "",
                "撮影日時": "2023-01-12T20:24:00+09:00",
                "緯度": "36.59833333",
                "経度": "136.6683333",
                "夜空の明るさ": "17.96",
                "ばらつき": "0.09",
                "周辺状況": "",
                "備考": "",
                "継続観察登録地点": ""
            }
        },
        {
            "type": "Feature",
            "geometry": {
                "type": "Point",
                "coordinates": [
                    136.7044444,
                    36.71861111
                ]
            },
            "properties": {
                "調査時期": "2023_W",
                "都道府県": "石川県",
                "市区町村": "かほく市",
                "撮影場所": "",
                "撮影日時": "2023-01-17T20:02:00+09:00",
                "緯度": "36.71861111",
                "経度": "136.7044444",
                "夜空の明るさ": "19.08",
                "ばらつき": "0.09",
                "周辺状況": "",
                "備考": "",
                "継続観察登録地点": ""
            }
        },
        {
            "type": "Feature",
            "geometry": {
                "type": "Point",
                "coordinates": [
                    136.7044444,
                    36.71861111
                ]
            },
            "properties": {
                "調査時期": "2023_W",
                "都道府県": "石川県",
                "市区町村": "かほく市",
                "撮影場所": "",
                "撮影日時": "2023-01-21T19:03:00+09:00",
                "緯度": "36.71861111",
                "経度": "136.7044444",
                "夜空の明るさ": "19.08",
                "ばらつき": "0.08",
                "周辺状況": "",
                "備考": "",
                "継続観察登録地点": ""
            }
        },
        {
            "type": "Feature",
            "geometry": {
                "type": "Point",
                "coordinates": [
                    137.1369444,
                    37.335
                ]
            },
            "properties": {
                "調査時期": "2023_W",
                "都道府県": "石川県",
                "市区町村": "能登町",
                "撮影場所": "石川県柳田星の観察館「満天星」 ",
                "撮影日時": "2023-01-12T18:50:00+09:00",
                "緯度": "37.335",
                "経度": "137.1369444",
                "夜空の明るさ": "21.26",
                "ばらつき": "0.09",
                "周辺状況": "自然公園等",
                "備考": "",
                "継続観察登録地点": "○"
            }
        },
        {
            "type": "Feature",
            "geometry": {
                "type": "Point",
                "coordinates": [
                    137.1369444,
                    37.335
                ]
            },
            "properties": {
                "調査時期": "2023_W",
                "都道府県": "石川県",
                "市区町村": "能登町",
                "撮影場所": "石川県柳田星の観察館「満天星」 ",
                "撮影日時": "2023-01-12T19:35:00+09:00",
                "緯度": "37.335",
                "経度": "137.1369444",
                "夜空の明るさ": "21.39",
                "ばらつき": "0.06",
                "周辺状況": "自然公園等",
                "備考": "",
                "継続観察登録地点": "○"
            }
        },
        {
            "type": "Feature",
            "geometry": {
                "type": "Point",
                "coordinates": [
                    137.1369444,
                    37.335
                ]
            },
            "properties": {
                "調査時期": "2023_W",
                "都道府県": "石川県",
                "市区町村": "能登町",
                "撮影場所": "石川県柳田星の観察館「満天星」 ",
                "撮影日時": "2023-01-12T20:19:00+09:00",
                "緯度": "37.335",
                "経度": "137.1369444",
                "夜空の明るさ": "21.34",
                "ばらつき": "0.06",
                "周辺状況": "自然公園等",
                "備考": "",
                "継続観察登録地点": "○"
            }
        },
        {
            "type": "Feature",
            "geometry": {
                "type": "Point",
                "coordinates": [
                    137.1369444,
                    37.335
                ]
            },
            "properties": {
                "調査時期": "2023_W",
                "都道府県": "石川県",
                "市区町村": "能登町",
                "撮影場所": "石川県柳田星の観察館「満天星」 ",
                "撮影日時": "2023-01-21T20:03:00+09:00",
                "緯度": "37.335",
                "経度": "137.1369444",
                "夜空の明るさ": "21.59",
                "ばらつき": "0.1",
                "周辺状況": "自然公園等",
                "備考": "",
                "継続観察登録地点": "○"
            }
        },
        {
            "type": "Feature",
            "geometry": {
                "type": "Point",
                "coordinates": [
                    137.1369444,
                    37.335
                ]
            },
            "properties": {
                "調査時期": "2023_W",
                "都道府県": "石川県",
                "市区町村": "能登町",
                "撮影場所": "石川県柳田星の観察館「満天星」 ",
                "撮影日時": "2023-01-21T20:02:00+09:00",
                "緯度": "37.335",
                "経度": "137.1369444",
                "夜空の明るさ": "21.54",
                "ばらつき": "0.07",
                "周辺状況": "自然公園等",
                "備考": "",
                "継続観察登録地点": "○"
            }
        },
        {
            "type": "Feature",
            "geometry": {
                "type": "Point",
                "coordinates": [
                    136.5822222,
                    36.02138889
                ]
            },
            "properties": {
                "調査時期": "2023_W",
                "都道府県": "福井県",
                "市区町村": "大野市",
                "撮影場所": "福井県自然保護センター観察棟",
                "撮影日時": "2023-01-12T19:09:00+09:00",
                "緯度": "36.02138889",
                "経度": "136.5822222",
                "夜空の明るさ": "20.67",
                "ばらつき": "0.07",
                "周辺状況": "自然公園等",
                "備考": "",
                "継続観察登録地点": "○"
            }
        },
        {
            "type": "Feature",
            "geometry": {
                "type": "Point",
                "coordinates": [
                    136.5822222,
                    36.02138889
                ]
            },
            "properties": {
                "調査時期": "2023_W",
                "都道府県": "福井県",
                "市区町村": "大野市",
                "撮影場所": "福井県自然保護センター観察棟",
                "撮影日時": "2023-01-12T19:30:00+09:00",
                "緯度": "36.02138889",
                "経度": "136.5822222",
                "夜空の明るさ": "20.65",
                "ばらつき": "0.06",
                "周辺状況": "自然公園等",
                "備考": "",
                "継続観察登録地点": "○"
            }
        },
        {
            "type": "Feature",
            "geometry": {
                "type": "Point",
                "coordinates": [
                    136.5822222,
                    36.02138889
                ]
            },
            "properties": {
                "調査時期": "2023_W",
                "都道府県": "福井県",
                "市区町村": "大野市",
                "撮影場所": "福井県自然保護センター観察棟",
                "撮影日時": "2023-01-12T20:00:00+09:00",
                "緯度": "36.02138889",
                "経度": "136.5822222",
                "夜空の明るさ": "20.58",
                "ばらつき": "0.08",
                "周辺状況": "自然公園等",
                "備考": "",
                "継続観察登録地点": "○"
            }
        },
        {
            "type": "Feature",
            "geometry": {
                "type": "Point",
                "coordinates": [
                    136.5822222,
                    36.02138889
                ]
            },
            "properties": {
                "調査時期": "2023_W",
                "都道府県": "福井県",
                "市区町村": "大野市",
                "撮影場所": "福井県自然保護センター観察棟",
                "撮影日時": "2023-01-17T19:25:00+09:00",
                "緯度": "36.02138889",
                "経度": "136.5822222",
                "夜空の明るさ": "20.47",
                "ばらつき": "0.05",
                "周辺状況": "自然公園等",
                "備考": "",
                "継続観察登録地点": "○"
            }
        },
        {
            "type": "Feature",
            "geometry": {
                "type": "Point",
                "coordinates": [
                    136.5822222,
                    36.02138889
                ]
            },
            "properties": {
                "調査時期": "2023_W",
                "都道府県": "福井県",
                "市区町村": "大野市",
                "撮影場所": "福井県自然保護センター観察棟",
                "撮影日時": "2023-01-12T20:30:00+09:00",
                "緯度": "36.02138889",
                "経度": "136.5822222",
                "夜空の明るさ": "20.73",
                "ばらつき": "0.04",
                "周辺状況": "自然公園等",
                "備考": "",
                "継続観察登録地点": "○"
            }
        },
        {
            "type": "Feature",
            "geometry": {
                "type": "Point",
                "coordinates": [
                    136.5822222,
                    36.02138889
                ]
            },
            "properties": {
                "調査時期": "2023_W",
                "都道府県": "福井県",
                "市区町村": "大野市",
                "撮影場所": "福井県自然保護センター観察棟",
                "撮影日時": "2023-01-17T19:40:00+09:00",
                "緯度": "36.02138889",
                "経度": "136.5822222",
                "夜空の明るさ": "20.15",
                "ばらつき": "0.1",
                "周辺状況": "自然公園等",
                "備考": "",
                "継続観察登録地点": "○"
            }
        },
        {
            "type": "Feature",
            "geometry": {
                "type": "Point",
                "coordinates": [
                    136.5822222,
                    36.02138889
                ]
            },
            "properties": {
                "調査時期": "2023_W",
                "都道府県": "福井県",
                "市区町村": "大野市",
                "撮影場所": "福井県自然保護センター観察棟",
                "撮影日時": "2023-01-17T20:01:00+09:00",
                "緯度": "36.02138889",
                "経度": "136.5822222",
                "夜空の明るさ": "20.66",
                "ばらつき": "0.06",
                "周辺状況": "自然公園等",
                "備考": "",
                "継続観察登録地点": "○"
            }
        },
        {
            "type": "Feature",
            "geometry": {
                "type": "Point",
                "coordinates": [
                    136.5822222,
                    36.02138889
                ]
            },
            "properties": {
                "調査時期": "2023_W",
                "都道府県": "福井県",
                "市区町村": "大野市",
                "撮影場所": "福井県自然保護センター観察棟",
                "撮影日時": "2023-01-17T20:29:00+09:00",
                "緯度": "36.02138889",
                "経度": "136.5822222",
                "夜空の明るさ": "20.76",
                "ばらつき": "0.09",
                "周辺状況": "自然公園等",
                "備考": "",
                "継続観察登録地点": "○"
            }
        },
        {
            "type": "Feature",
            "geometry": {
                "type": "Point",
                "coordinates": [
                    136.5822222,
                    36.02138889
                ]
            },
            "properties": {
                "調査時期": "2023_W",
                "都道府県": "福井県",
                "市区町村": "大野市",
                "撮影場所": "福井県自然保護センター観察棟",
                "撮影日時": "2023-01-17T20:33:00+09:00",
                "緯度": "36.02138889",
                "経度": "136.5822222",
                "夜空の明るさ": "20.81",
                "ばらつき": "0.1",
                "周辺状況": "自然公園等",
                "備考": "",
                "継続観察登録地点": "○"
            }
        },
        {
            "type": "Feature",
            "geometry": {
                "type": "Point",
                "coordinates": [
                    136.5822222,
                    36.02138889
                ]
            },
            "properties": {
                "調査時期": "2023_W",
                "都道府県": "福井県",
                "市区町村": "大野市",
                "撮影場所": "福井県自然保護センター観察棟",
                "撮影日時": "2023-01-21T19:14:00+09:00",
                "緯度": "36.02138889",
                "経度": "136.5822222",
                "夜空の明るさ": "20.8",
                "ばらつき": "0.07",
                "周辺状況": "自然公園等",
                "備考": "",
                "継続観察登録地点": "○"
            }
        },
        {
            "type": "Feature",
            "geometry": {
                "type": "Point",
                "coordinates": [
                    136.5822222,
                    36.02138889
                ]
            },
            "properties": {
                "調査時期": "2023_W",
                "都道府県": "福井県",
                "市区町村": "大野市",
                "撮影場所": "福井県自然保護センター観察棟",
                "撮影日時": "2023-01-21T19:30:00+09:00",
                "緯度": "36.02138889",
                "経度": "136.5822222",
                "夜空の明るさ": "20.84",
                "ばらつき": "0.07",
                "周辺状況": "自然公園等",
                "備考": "",
                "継続観察登録地点": "○"
            }
        },
        {
            "type": "Feature",
            "geometry": {
                "type": "Point",
                "coordinates": [
                    136.5822222,
                    36.02138889
                ]
            },
            "properties": {
                "調査時期": "2023_W",
                "都道府県": "福井県",
                "市区町村": "大野市",
                "撮影場所": "福井県自然保護センター観察棟",
                "撮影日時": "2023-01-21T20:00:00+09:00",
                "緯度": "36.02138889",
                "経度": "136.5822222",
                "夜空の明るさ": "20.83",
                "ばらつき": "0.11",
                "周辺状況": "自然公園等",
                "備考": "",
                "継続観察登録地点": "○"
            }
        },
        {
            "type": "Feature",
            "geometry": {
                "type": "Point",
                "coordinates": [
                    136.5822222,
                    36.02138889
                ]
            },
            "properties": {
                "調査時期": "2023_W",
                "都道府県": "福井県",
                "市区町村": "大野市",
                "撮影場所": "福井県自然保護センター観察棟",
                "撮影日時": "2023-01-21T20:30:00+09:00",
                "緯度": "36.02138889",
                "経度": "136.5822222",
                "夜空の明るさ": "20.89",
                "ばらつき": "0.06",
                "周辺状況": "自然公園等",
                "備考": "",
                "継続観察登録地点": "○"
            }
        },
        {
            "type": "Feature",
            "geometry": {
                "type": "Point",
                "coordinates": [
                    136.5822222,
                    36.02138889
                ]
            },
            "properties": {
                "調査時期": "2023_W",
                "都道府県": "福井県",
                "市区町村": "大野市",
                "撮影場所": "福井県自然保護センター観察棟",
                "撮影日時": "2023-01-21T20:38:00+09:00",
                "緯度": "36.02138889",
                "経度": "136.5822222",
                "夜空の明るさ": "20.94",
                "ばらつき": "0.1",
                "周辺状況": "自然公園等",
                "備考": "",
                "継続観察登録地点": "○"
            }
        },
        {
            "type": "Feature",
            "geometry": {
                "type": "Point",
                "coordinates": [
                    135.6819444,
                    35.41361111
                ]
            },
            "properties": {
                "調査時期": "2023_W",
                "都道府県": "福井県",
                "市区町村": "おおい町",
                "撮影場所": "大飯郡おおい町名田庄三重",
                "撮影日時": "2023-01-12T19:46:00+09:00",
                "緯度": "35.41361111",
                "経度": "135.6819444",
                "夜空の明るさ": "20.58",
                "ばらつき": "0.1",
                "周辺状況": "農業地域",
                "備考": "",
                "継続観察登録地点": "○"
            }
        },
        {
            "type": "Feature",
            "geometry": {
                "type": "Point",
                "coordinates": [
                    135.6402778,
                    35.40527778
                ]
            },
            "properties": {
                "調査時期": "2023_W",
                "都道府県": "福井県",
                "市区町村": "おおい町",
                "撮影場所": "大飯郡おおい町名田庄中",
                "撮影日時": "2023-01-12T20:24:00+09:00",
                "緯度": "35.40527778",
                "経度": "135.6402778",
                "夜空の明るさ": "20.82",
                "ばらつき": "0.11",
                "周辺状況": "農業地域",
                "備考": "",
                "継続観察登録地点": "○"
            }
        },
        {
            "type": "Feature",
            "geometry": {
                "type": "Point",
                "coordinates": [
                    135.5702778,
                    35.39611111
                ]
            },
            "properties": {
                "調査時期": "2023_W",
                "都道府県": "福井県",
                "市区町村": "おおい町",
                "撮影場所": "大飯郡おおい町名田庄納田終",
                "撮影日時": "2023-01-12T20:28:00+09:00",
                "緯度": "35.39611111",
                "経度": "135.5702778",
                "夜空の明るさ": "20.9",
                "ばらつき": "0.09",
                "周辺状況": "森林山間地",
                "備考": "",
                "継続観察登録地点": "○"
            }
        },
        {
            "type": "Feature",
            "geometry": {
                "type": "Point",
                "coordinates": [
                    138.7672222,
                    35.45666667
                ]
            },
            "properties": {
                "調査時期": "2023_W",
                "都道府県": "山梨県",
                "市区町村": "富士吉田市",
                "撮影場所": "富士北麓公園駐車場",
                "撮影日時": "2023-01-19T20:03:00+09:00",
                "緯度": "35.45666667",
                "経度": "138.7672222",
                "夜空の明るさ": "19.78",
                "ばらつき": "0.07",
                "周辺状況": "自然公園等",
                "備考": "",
                "継続観察登録地点": "○"
            }
        },
        {
            "type": "Feature",
            "geometry": {
                "type": "Point",
                "coordinates": [
                    138.8041667,
                    35.45611111
                ]
            },
            "properties": {
                "調査時期": "2023_W",
                "都道府県": "山梨県",
                "市区町村": "富士吉田市",
                "撮影場所": "富士散策公園",
                "撮影日時": "2023-01-19T20:23:00+09:00",
                "緯度": "35.45611111",
                "経度": "138.8041667",
                "夜空の明るさ": "19.54",
                "ばらつき": "0.1",
                "周辺状況": "自然公園等",
                "備考": "",
                "継続観察登録地点": "○"
            }
        },
        {
            "type": "Feature",
            "geometry": {
                "type": "Point",
                "coordinates": [
                    138.8180556,
                    35.48444444
                ]
            },
            "properties": {
                "調査時期": "2023_W",
                "都道府県": "山梨県",
                "市区町村": "富士吉田市",
                "撮影場所": "富士吉田市大明見地内",
                "撮影日時": "2023-01-19T20:35:00+09:00",
                "緯度": "35.48444444",
                "経度": "138.8180556",
                "夜空の明るさ": "19.42",
                "ばらつき": "0.07",
                "周辺状況": "住宅地域",
                "備考": "",
                "継続観察登録地点": "○"
            }
        },
        {
            "type": "Feature",
            "geometry": {
                "type": "Point",
                "coordinates": [
                    138.9391667,
                    35.71027778
                ]
            },
            "properties": {
                "調査時期": "2023_W",
                "都道府県": "山梨県",
                "市区町村": "大月市",
                "撮影場所": "",
                "撮影日時": "2023-02-09T19:21:00+09:00",
                "緯度": "35.71027778",
                "経度": "138.9391667",
                "夜空の明るさ": "20.29",
                "ばらつき": "0.04",
                "周辺状況": "",
                "備考": "",
                "継続観察登録地点": ""
            }
        },
        {
            "type": "Feature",
            "geometry": {
                "type": "Point",
                "coordinates": [
                    138.3166667,
                    35.78805556
                ]
            },
            "properties": {
                "調査時期": "2023_W",
                "都道府県": "山梨県",
                "市区町村": "北杜市",
                "撮影場所": "北杜市白州町横手",
                "撮影日時": "2023-01-12T20:10:00+09:00",
                "緯度": "35.78805556",
                "経度": "138.3166667",
                "夜空の明るさ": "19.81",
                "ばらつき": "0.09",
                "周辺状況": "農業地域",
                "備考": "",
                "継続観察登録地点": "○"
            }
        },
        {
            "type": "Feature",
            "geometry": {
                "type": "Point",
                "coordinates": [
                    138.4286111,
                    35.80083333
                ]
            },
            "properties": {
                "調査時期": "2023_W",
                "都道府県": "山梨県",
                "市区町村": "北杜市",
                "撮影場所": "",
                "撮影日時": "2023-01-12T19:20:00+09:00",
                "緯度": "35.80083333",
                "経度": "138.4286111",
                "夜空の明るさ": "20.09",
                "ばらつき": "0.1",
                "周辺状況": "",
                "備考": "",
                "継続観察登録地点": ""
            }
        },
        {
            "type": "Feature",
            "geometry": {
                "type": "Point",
                "coordinates": [
                    138.4286111,
                    35.80083333
                ]
            },
            "properties": {
                "調査時期": "2023_W",
                "都道府県": "山梨県",
                "市区町村": "北杜市",
                "撮影場所": "",
                "撮影日時": "2023-01-12T19:20:00+09:00",
                "緯度": "35.80083333",
                "経度": "138.4286111",
                "夜空の明るさ": "20.1",
                "ばらつき": "0.11",
                "周辺状況": "",
                "備考": "",
                "継続観察登録地点": ""
            }
        },
        {
            "type": "Feature",
            "geometry": {
                "type": "Point",
                "coordinates": [
                    139.0425,
                    35.62833333
                ]
            },
            "properties": {
                "調査時期": "2023_W",
                "都道府県": "山梨県",
                "市区町村": "上野原市",
                "撮影場所": "",
                "撮影日時": "2023-01-21T00:54:00+09:00",
                "緯度": "35.62833333",
                "経度": "139.0425",
                "夜空の明るさ": "20.16",
                "ばらつき": "0.12",
                "周辺状況": "",
                "備考": "参考値（時間外）",
                "継続観察登録地点": ""
            }
        },
        {
            "type": "Feature",
            "geometry": {
                "type": "Point",
                "coordinates": [
                    138.73,
                    35.52416667
                ]
            },
            "properties": {
                "調査時期": "2023_W",
                "都道府県": "山梨県",
                "市区町村": "富士河口湖町",
                "撮影場所": "南都留郡富士河口湖町大石",
                "撮影日時": "2023-01-20T18:34:00+09:00",
                "緯度": "35.52416667",
                "経度": "138.73",
                "夜空の明るさ": "20",
                "ばらつき": "0.1",
                "周辺状況": "農業地域",
                "備考": "",
                "継続観察登録地点": "○"
            }
        },
        {
            "type": "Feature",
            "geometry": {
                "type": "Point",
                "coordinates": [
                    138.9402778,
                    35.76361111
                ]
            },
            "properties": {
                "調査時期": "2023_W",
                "都道府県": "山梨県",
                "市区町村": "小菅村",
                "撮影場所": "北都留郡小菅村 小菅村ヘリポート",
                "撮影日時": "2023-01-21T19:09:00+09:00",
                "緯度": "35.76361111",
                "経度": "138.9402778",
                "夜空の明るさ": "20.56",
                "ばらつき": "0.13",
                "周辺状況": "森林山間地",
                "備考": "",
                "継続観察登録地点": "○"
            }
        },
        {
            "type": "Feature",
            "geometry": {
                "type": "Point",
                "coordinates": [
                    138.9783333,
                    35.78527778
                ]
            },
            "properties": {
                "調査時期": "2023_W",
                "都道府県": "山梨県",
                "市区町村": "丹波山村",
                "撮影場所": "北都留郡丹波山村",
                "撮影日時": "2023-01-21T20:00:00+09:00",
                "緯度": "35.78527778",
                "経度": "138.9783333",
                "夜空の明るさ": "20.62",
                "ばらつき": "0.05",
                "周辺状況": "森林山間地",
                "備考": "",
                "継続観察登録地点": "○"
            }
        },
        {
            "type": "Feature",
            "geometry": {
                "type": "Point",
                "coordinates": [
                    138.0402778,
                    36.71972222
                ]
            },
            "properties": {
                "調査時期": "2023_W",
                "都道府県": "長野県",
                "市区町村": "長野市",
                "撮影場所": "鬼無里　大望峠",
                "撮影日時": "2023-01-12T18:31:00+09:00",
                "緯度": "36.71972222",
                "経度": "138.0402778",
                "夜空の明るさ": "20.71",
                "ばらつき": "0.1",
                "周辺状況": "森林山間地",
                "備考": "",
                "継続観察登録地点": "○"
            }
        },
        {
            "type": "Feature",
            "geometry": {
                "type": "Point",
                "coordinates": [
                    138.015,
                    36.69083333
                ]
            },
            "properties": {
                "調査時期": "2023_W",
                "都道府県": "長野県",
                "市区町村": "長野市",
                "撮影場所": "鬼無里　文道　ふるさとの館跡駐車場",
                "撮影日時": "2023-01-12T19:09:00+09:00",
                "緯度": "36.69083333",
                "経度": "138.015",
                "夜空の明るさ": "20.7",
                "ばらつき": "0.06",
                "周辺状況": "森林山間地",
                "備考": "",
                "継続観察登録地点": "○"
            }
        },
        {
            "type": "Feature",
            "geometry": {
                "type": "Point",
                "coordinates": [
                    138.0025,
                    36.68277778
                ]
            },
            "properties": {
                "調査時期": "2023_W",
                "都道府県": "長野県",
                "市区町村": "長野市",
                "撮影場所": "旧鬼無里中学校跡地駐車場",
                "撮影日時": "2023-01-12T19:41:00+09:00",
                "緯度": "36.68277778",
                "経度": "138.0025",
                "夜空の明るさ": "20.56",
                "ばらつき": "0.11",
                "周辺状況": "その他",
                "備考": "",
                "継続観察登録地点": "○"
            }
        },
        {
            "type": "Feature",
            "geometry": {
                "type": "Point",
                "coordinates": [
                    138.0036111,
                    36.67972222
                ]
            },
            "properties": {
                "調査時期": "2023_W",
                "都道府県": "長野県",
                "市区町村": "長野市",
                "撮影場所": "鬼無里小中学校横グランド",
                "撮影日時": "2023-01-12T20:09:00+09:00",
                "緯度": "36.67972222",
                "経度": "138.0036111",
                "夜空の明るさ": "20.5",
                "ばらつき": "0.1",
                "周辺状況": "その他",
                "備考": "",
                "継続観察登録地点": "○"
            }
        },
        {
            "type": "Feature",
            "geometry": {
                "type": "Point",
                "coordinates": [
                    137.9911111,
                    36.67805556
                ]
            },
            "properties": {
                "調査時期": "2023_W",
                "都道府県": "長野県",
                "市区町村": "長野市",
                "撮影場所": "鬼無里　松原",
                "撮影日時": "2023-01-12T20:21:00+09:00",
                "緯度": "36.67805556",
                "経度": "137.9911111",
                "夜空の明るさ": "20.79",
                "ばらつき": "0.12",
                "周辺状況": "その他",
                "備考": "",
                "継続観察登録地点": "○"
            }
        },
        {
            "type": "Feature",
            "geometry": {
                "type": "Point",
                "coordinates": [
                    137.9661111,
                    36.68805556
                ]
            },
            "properties": {
                "調査時期": "2023_W",
                "都道府県": "長野県",
                "市区町村": "長野市",
                "撮影場所": "鬼無里東京　加茂神社参道",
                "撮影日時": "2023-01-12T20:32:00+09:00",
                "緯度": "36.68805556",
                "経度": "137.9661111",
                "夜空の明るさ": "20.88",
                "ばらつき": "0.08",
                "周辺状況": "その他",
                "備考": "",
                "継続観察登録地点": "○"
            }
        },
        {
            "type": "Feature",
            "geometry": {
                "type": "Point",
                "coordinates": [
                    137.9275,
                    36.66777778
                ]
            },
            "properties": {
                "調査時期": "2023_W",
                "都道府県": "長野県",
                "市区町村": "長野市",
                "撮影場所": "鬼無里日影　押切",
                "撮影日時": "2023-01-12T20:48:00+09:00",
                "緯度": "36.66777778",
                "経度": "137.9275",
                "夜空の明るさ": "20.82",
                "ばらつき": "0.14",
                "周辺状況": "その他",
                "備考": "",
                "継続観察登録地点": "○"
            }
        },
        {
            "type": "Feature",
            "geometry": {
                "type": "Point",
                "coordinates": [
                    137.9930556,
                    36.66416667
                ]
            },
            "properties": {
                "調査時期": "2023_W",
                "都道府県": "長野県",
                "市区町村": "長野市",
                "撮影場所": "",
                "撮影日時": "2023-01-19T19:33:00+09:00",
                "緯度": "36.66416667",
                "経度": "137.9930556",
                "夜空の明るさ": "20.63",
                "ばらつき": "0.08",
                "周辺状況": "",
                "備考": "",
                "継続観察登録地点": ""
            }
        },
        {
            "type": "Feature",
            "geometry": {
                "type": "Point",
                "coordinates": [
                    137.9661111,
                    36.68805556
                ]
            },
            "properties": {
                "調査時期": "2023_W",
                "都道府県": "長野県",
                "市区町村": "長野市",
                "撮影場所": "鬼無里東京　加茂神社参道",
                "撮影日時": "2023-01-19T18:55:00+09:00",
                "緯度": "36.68805556",
                "経度": "137.9661111",
                "夜空の明るさ": "20.52",
                "ばらつき": "0.13",
                "周辺状況": "その他",
                "備考": "",
                "継続観察登録地点": "○"
            }
        },
        {
            "type": "Feature",
            "geometry": {
                "type": "Point",
                "coordinates": [
                    137.9930556,
                    36.66416667
                ]
            },
            "properties": {
                "調査時期": "2023_W",
                "都道府県": "長野県",
                "市区町村": "長野市",
                "撮影場所": "",
                "撮影日時": "2023-01-21T20:54:00+09:00",
                "緯度": "36.66416667",
                "経度": "137.9930556",
                "夜空の明るさ": "19.69",
                "ばらつき": "0.16",
                "周辺状況": "",
                "備考": "",
                "継続観察登録地点": ""
            }
        },
        {
            "type": "Feature",
            "geometry": {
                "type": "Point",
                "coordinates": [
                    137.9275,
                    36.66777778
                ]
            },
            "properties": {
                "調査時期": "2023_W",
                "都道府県": "長野県",
                "市区町村": "長野市",
                "撮影場所": "鬼無里日影　押切",
                "撮影日時": "2023-01-19T20:21:00+09:00",
                "緯度": "36.66777778",
                "経度": "137.9275",
                "夜空の明るさ": "20.69",
                "ばらつき": "0.07",
                "周辺状況": "その他",
                "備考": "",
                "継続観察登録地点": "○"
            }
        },
        {
            "type": "Feature",
            "geometry": {
                "type": "Point",
                "coordinates": [
                    138.2455556,
                    36.68972222
                ]
            },
            "properties": {
                "調査時期": "2023_W",
                "都道府県": "長野県",
                "市区町村": "長野市",
                "撮影場所": "",
                "撮影日時": "2023-01-12T18:59:00+09:00",
                "緯度": "36.68972222",
                "経度": "138.2455556",
                "夜空の明るさ": "19.15",
                "ばらつき": "0.06",
                "周辺状況": "",
                "備考": "",
                "継続観察登録地点": ""
            }
        },
        {
            "type": "Feature",
            "geometry": {
                "type": "Point",
                "coordinates": [
                    138.1458333,
                    36.72083333
                ]
            },
            "properties": {
                "調査時期": "2023_W",
                "都道府県": "長野県",
                "市区町村": "長野市",
                "撮影場所": "",
                "撮影日時": "2023-01-19T19:28:00+09:00",
                "緯度": "36.72083333",
                "経度": "138.1458333",
                "夜空の明るさ": "20.03",
                "ばらつき": "0.07",
                "周辺状況": "",
                "備考": "",
                "継続観察登録地点": ""
            }
        },
        {
            "type": "Feature",
            "geometry": {
                "type": "Point",
                "coordinates": [
                    138.0927778,
                    36.75416667
                ]
            },
            "properties": {
                "調査時期": "2023_W",
                "都道府県": "長野県",
                "市区町村": "長野市",
                "撮影場所": "",
                "撮影日時": "2023-01-19T19:58:00+09:00",
                "緯度": "36.75416667",
                "経度": "138.0927778",
                "夜空の明るさ": "20.71",
                "ばらつき": "0.07",
                "周辺状況": "",
                "備考": "",
                "継続観察登録地点": ""
            }
        },
        {
            "type": "Feature",
            "geometry": {
                "type": "Point",
                "coordinates": [
                    138.0958333,
                    36.78666667
                ]
            },
            "properties": {
                "調査時期": "2023_W",
                "都道府県": "長野県",
                "市区町村": "長野市",
                "撮影場所": "",
                "撮影日時": "2023-01-19T20:31:00+09:00",
                "緯度": "36.78666667",
                "経度": "138.0958333",
                "夜空の明るさ": "20.93",
                "ばらつき": "0.08",
                "周辺状況": "",
                "備考": "",
                "継続観察登録地点": ""
            }
        },
        {
            "type": "Feature",
            "geometry": {
                "type": "Point",
                "coordinates": [
                    138.2711111,
                    36.67333333
                ]
            },
            "properties": {
                "調査時期": "2023_W",
                "都道府県": "長野県",
                "市区町村": "長野市",
                "撮影場所": "",
                "撮影日時": "2023-01-21T20:04:00+09:00",
                "緯度": "36.67333333",
                "経度": "138.2711111",
                "夜空の明るさ": "19.43",
                "ばらつき": "0.06",
                "周辺状況": "",
                "備考": "",
                "継続観察登録地点": ""
            }
        },
        {
            "type": "Feature",
            "geometry": {
                "type": "Point",
                "coordinates": [
                    137.9661111,
                    36.68805556
                ]
            },
            "properties": {
                "調査時期": "2023_W",
                "都道府県": "長野県",
                "市区町村": "長野市",
                "撮影場所": "鬼無里東京　加茂神社参道",
                "撮影日時": "2023-01-19T18:55:00+09:00",
                "緯度": "36.68805556",
                "経度": "137.9661111",
                "夜空の明るさ": "20.46",
                "ばらつき": "0.1",
                "周辺状況": "その他",
                "備考": "",
                "継続観察登録地点": "○"
            }
        },
        {
            "type": "Feature",
            "geometry": {
                "type": "Point",
                "coordinates": [
                    138.0036111,
                    36.67972222
                ]
            },
            "properties": {
                "調査時期": "2023_W",
                "都道府県": "長野県",
                "市区町村": "長野市",
                "撮影場所": "鬼無里小中学校横グランド",
                "撮影日時": "2023-01-19T19:28:00+09:00",
                "緯度": "36.67972222",
                "経度": "138.0036111",
                "夜空の明るさ": "20.37",
                "ばらつき": "0.09",
                "周辺状況": "その他",
                "備考": "",
                "継続観察登録地点": "○"
            }
        },
        {
            "type": "Feature",
            "geometry": {
                "type": "Point",
                "coordinates": [
                    138.0036111,
                    36.67972222
                ]
            },
            "properties": {
                "調査時期": "2023_W",
                "都道府県": "長野県",
                "市区町村": "長野市",
                "撮影場所": "鬼無里小中学校横グランド",
                "撮影日時": "2023-01-19T19:28:00+09:00",
                "緯度": "36.67972222",
                "経度": "138.0036111",
                "夜空の明るさ": "20.35",
                "ばらつき": "0.09",
                "周辺状況": "その他",
                "備考": "",
                "継続観察登録地点": "○"
            }
        },
        {
            "type": "Feature",
            "geometry": {
                "type": "Point",
                "coordinates": [
                    137.9911111,
                    36.67805556
                ]
            },
            "properties": {
                "調査時期": "2023_W",
                "都道府県": "長野県",
                "市区町村": "長野市",
                "撮影場所": "鬼無里　松原",
                "撮影日時": "2023-01-19T19:10:00+09:00",
                "緯度": "36.67805556",
                "経度": "137.9911111",
                "夜空の明るさ": "20.43",
                "ばらつき": "0.11",
                "周辺状況": "その他",
                "備考": "",
                "継続観察登録地点": "○"
            }
        },
        {
            "type": "Feature",
            "geometry": {
                "type": "Point",
                "coordinates": [
                    138.1783333,
                    36.63527778
                ]
            },
            "properties": {
                "調査時期": "2023_W",
                "都道府県": "長野県",
                "市区町村": "長野市",
                "撮影場所": "",
                "撮影日時": "2023-01-19T18:34:00+09:00",
                "緯度": "36.63527778",
                "経度": "138.1783333",
                "夜空の明るさ": "18.46",
                "ばらつき": "0.09",
                "周辺状況": "",
                "備考": "",
                "継続観察登録地点": ""
            }
        },
        {
            "type": "Feature",
            "geometry": {
                "type": "Point",
                "coordinates": [
                    137.8583333,
                    36.18361111
                ]
            },
            "properties": {
                "調査時期": "2023_W",
                "都道府県": "長野県",
                "市区町村": "松本市",
                "撮影場所": "",
                "撮影日時": "2023-01-12T07:16:00+09:00",
                "緯度": "36.18361111",
                "経度": "137.8583333",
                "夜空の明るさ": "",
                "ばらつき": "",
                "周辺状況": "",
                "備考": "測定不可（設定エラー）",
                "継続観察登録地点": ""
            }
        },
        {
            "type": "Feature",
            "geometry": {
                "type": "Point",
                "coordinates": [
                    137.9183333,
                    36.18333333
                ]
            },
            "properties": {
                "調査時期": "2023_W",
                "都道府県": "長野県",
                "市区町村": "松本市",
                "撮影場所": "西南公園",
                "撮影日時": "2023-01-12T07:33:00+09:00",
                "緯度": "36.18333333",
                "経度": "137.9183333",
                "夜空の明るさ": "",
                "ばらつき": "",
                "周辺状況": "自然公園等",
                "備考": "測定不可（設定エラー）",
                "継続観察登録地点": "○"
            }
        },
        {
            "type": "Feature",
            "geometry": {
                "type": "Point",
                "coordinates": [
                    137.9622222,
                    36.19222222
                ]
            },
            "properties": {
                "調査時期": "2023_W",
                "都道府県": "長野県",
                "市区町村": "松本市",
                "撮影場所": "",
                "撮影日時": "2023-01-19T07:39:00+09:00",
                "緯度": "36.19222222",
                "経度": "137.9622222",
                "夜空の明るさ": "",
                "ばらつき": "",
                "周辺状況": "",
                "備考": "測定不可（設定エラー）",
                "継続観察登録地点": ""
            }
        },
        {
            "type": "Feature",
            "geometry": {
                "type": "Point",
                "coordinates": [
                    137.9775,
                    36.23416667
                ]
            },
            "properties": {
                "調査時期": "2023_W",
                "都道府県": "長野県",
                "市区町村": "松本市",
                "撮影場所": "松本市中央",
                "撮影日時": "2023-01-19T18:24:00+09:00",
                "緯度": "36.23416667",
                "経度": "137.9775",
                "夜空の明るさ": "17.99",
                "ばらつき": "0.1",
                "周辺状況": "商業地域",
                "備考": "",
                "継続観察登録地点": "○"
            }
        },
        {
            "type": "Feature",
            "geometry": {
                "type": "Point",
                "coordinates": [
                    137.9633333,
                    36.23055556
                ]
            },
            "properties": {
                "調査時期": "2023_W",
                "都道府県": "長野県",
                "市区町村": "松本市",
                "撮影場所": "松本駅西口",
                "撮影日時": "2023-01-19T18:43:00+09:00",
                "緯度": "36.23055556",
                "経度": "137.9633333",
                "夜空の明るさ": "17.69",
                "ばらつき": "0.09",
                "周辺状況": "商業地域",
                "備考": "",
                "継続観察登録地点": "○"
            }
        },
        {
            "type": "Feature",
            "geometry": {
                "type": "Point",
                "coordinates": [
                    137.9611111,
                    36.19222222
                ]
            },
            "properties": {
                "調査時期": "2023_W",
                "都道府県": "長野県",
                "市区町村": "松本市",
                "撮影場所": "平田駅西口",
                "撮影日時": "2023-01-19T19:39:00+09:00",
                "緯度": "36.19222222",
                "経度": "137.9611111",
                "夜空の明るさ": "18.53",
                "ばらつき": "0.06",
                "周辺状況": "住宅地域",
                "備考": "",
                "継続観察登録地点": "○"
            }
        },
        {
            "type": "Feature",
            "geometry": {
                "type": "Point",
                "coordinates": [
                    137.9552778,
                    36.25666667
                ]
            },
            "properties": {
                "調査時期": "2023_W",
                "都道府県": "長野県",
                "市区町村": "松本市",
                "撮影場所": "アルプス公園駐車場",
                "撮影日時": "2023-01-19T19:04:00+09:00",
                "緯度": "36.25666667",
                "経度": "137.9552778",
                "夜空の明るさ": "19.18",
                "ばらつき": "0.09",
                "周辺状況": "自然公園等",
                "備考": "",
                "継続観察登録地点": "○"
            }
        },
        {
            "type": "Feature",
            "geometry": {
                "type": "Point",
                "coordinates": [
                    137.8558333,
                    36.20277778
                ]
            },
            "properties": {
                "調査時期": "2023_W",
                "都道府県": "長野県",
                "市区町村": "松本市",
                "撮影場所": "",
                "撮影日時": "2023-01-12T18:33:00+09:00",
                "緯度": "36.20277778",
                "経度": "137.8558333",
                "夜空の明るさ": "19.47",
                "ばらつき": "0.09",
                "周辺状況": "",
                "備考": "",
                "継続観察登録地点": ""
            }
        },
        {
            "type": "Feature",
            "geometry": {
                "type": "Point",
                "coordinates": [
                    137.8038889,
                    36.18333333
                ]
            },
            "properties": {
                "調査時期": "2023_W",
                "都道府県": "長野県",
                "市区町村": "松本市",
                "撮影場所": "",
                "撮影日時": "2023-01-12T18:46:00+09:00",
                "緯度": "36.18333333",
                "経度": "137.8038889",
                "夜空の明るさ": "20.49",
                "ばらつき": "0.11",
                "周辺状況": "",
                "備考": "",
                "継続観察登録地点": ""
            }
        },
        {
            "type": "Feature",
            "geometry": {
                "type": "Point",
                "coordinates": [
                    137.7491667,
                    36.15305556
                ]
            },
            "properties": {
                "調査時期": "2023_W",
                "都道府県": "長野県",
                "市区町村": "松本市",
                "撮影場所": "",
                "撮影日時": "2023-01-12T19:02:00+09:00",
                "緯度": "36.15305556",
                "経度": "137.7491667",
                "夜空の明るさ": "20.95",
                "ばらつき": "0.13",
                "周辺状況": "",
                "備考": "",
                "継続観察登録地点": ""
            }
        },
        {
            "type": "Feature",
            "geometry": {
                "type": "Point",
                "coordinates": [
                    137.7025,
                    36.04583333
                ]
            },
            "properties": {
                "調査時期": "2023_W",
                "都道府県": "長野県",
                "市区町村": "松本市",
                "撮影場所": "奈川高原",
                "撮影日時": "2023-01-12T19:38:00+09:00",
                "緯度": "36.04583333",
                "経度": "137.7025",
                "夜空の明るさ": "21.23",
                "ばらつき": "0.05",
                "周辺状況": "自然公園等",
                "備考": "",
                "継続観察登録地点": "○"
            }
        },
        {
            "type": "Feature",
            "geometry": {
                "type": "Point",
                "coordinates": [
                    137.7180556,
                    36.13111111
                ]
            },
            "properties": {
                "調査時期": "2023_W",
                "都道府県": "長野県",
                "市区町村": "松本市",
                "撮影場所": "奈川渡ダム駐車場",
                "撮影日時": "2023-01-12T19:56:00+09:00",
                "緯度": "36.13111111",
                "経度": "137.7180556",
                "夜空の明るさ": "21.16",
                "ばらつき": "0.11",
                "周辺状況": "森林山間地",
                "備考": "",
                "継続観察登録地点": "○"
            }
        },
        {
            "type": "Feature",
            "geometry": {
                "type": "Point",
                "coordinates": [
                    137.6422222,
                    36.12027778
                ]
            },
            "properties": {
                "調査時期": "2023_W",
                "都道府県": "長野県",
                "市区町村": "松本市",
                "撮影場所": "乗鞍高原・いがや",
                "撮影日時": "2023-01-12T20:16:00+09:00",
                "緯度": "36.12027778",
                "経度": "137.6422222",
                "夜空の明るさ": "21.38",
                "ばらつき": "0.09",
                "周辺状況": "自然公園等",
                "備考": "",
                "継続観察登録地点": "○"
            }
        },
        {
            "type": "Feature",
            "geometry": {
                "type": "Point",
                "coordinates": [
                    137.6166667,
                    36.11888889
                ]
            },
            "properties": {
                "調査時期": "2023_W",
                "都道府県": "長野県",
                "市区町村": "松本市",
                "撮影場所": "",
                "撮影日時": "2023-01-12T20:28:00+09:00",
                "緯度": "36.11888889",
                "経度": "137.6166667",
                "夜空の明るさ": "21.32",
                "ばらつき": "0.13",
                "周辺状況": "",
                "備考": "",
                "継続観察登録地点": ""
            }
        },
        {
            "type": "Feature",
            "geometry": {
                "type": "Point",
                "coordinates": [
                    137.9630556,
                    36.23055556
                ]
            },
            "properties": {
                "調査時期": "2023_W",
                "都道府県": "長野県",
                "市区町村": "松本市",
                "撮影場所": "松本駅西口",
                "撮影日時": "2023-01-19T18:37:00+09:00",
                "緯度": "36.23055556",
                "経度": "137.9630556",
                "夜空の明るさ": "17.73",
                "ばらつき": "0.09",
                "周辺状況": "商業地域",
                "備考": "",
                "継続観察登録地点": "○"
            }
        },
        {
            "type": "Feature",
            "geometry": {
                "type": "Point",
                "coordinates": [
                    137.9788889,
                    36.23416667
                ]
            },
            "properties": {
                "調査時期": "2023_W",
                "都道府県": "長野県",
                "市区町村": "松本市",
                "撮影場所": "松本市中央",
                "撮影日時": "2023-01-19T18:54:00+09:00",
                "緯度": "36.23416667",
                "経度": "137.9788889",
                "夜空の明るさ": "18.14",
                "ばらつき": "0.07",
                "周辺状況": "商業地域",
                "備考": "",
                "継続観察登録地点": "○"
            }
        },
        {
            "type": "Feature",
            "geometry": {
                "type": "Point",
                "coordinates": [
                    137.9547222,
                    36.25777778
                ]
            },
            "properties": {
                "調査時期": "2023_W",
                "都道府県": "長野県",
                "市区町村": "松本市",
                "撮影場所": "アルプス公園駐車場",
                "撮影日時": "2023-01-19T19:17:00+09:00",
                "緯度": "36.25777778",
                "経度": "137.9547222",
                "夜空の明るさ": "19.25",
                "ばらつき": "0.12",
                "周辺状況": "自然公園等",
                "備考": "",
                "継続観察登録地点": "○"
            }
        },
        {
            "type": "Feature",
            "geometry": {
                "type": "Point",
                "coordinates": [
                    137.9983333,
                    36.31722222
                ]
            },
            "properties": {
                "調査時期": "2023_W",
                "都道府県": "長野県",
                "市区町村": "松本市",
                "撮影場所": "",
                "撮影日時": "2023-01-19T19:39:00+09:00",
                "緯度": "36.31722222",
                "経度": "137.9983333",
                "夜空の明るさ": "20.24",
                "ばらつき": "0.11",
                "周辺状況": "",
                "備考": "",
                "継続観察登録地点": ""
            }
        },
        {
            "type": "Feature",
            "geometry": {
                "type": "Point",
                "coordinates": [
                    137.9966667,
                    36.35805556
                ]
            },
            "properties": {
                "調査時期": "2023_W",
                "都道府県": "長野県",
                "市区町村": "松本市",
                "撮影場所": "",
                "撮影日時": "2023-01-19T19:55:00+09:00",
                "緯度": "36.35805556",
                "経度": "137.9966667",
                "夜空の明るさ": "20.41",
                "ばらつき": "0.09",
                "周辺状況": "",
                "備考": "",
                "継続観察登録地点": ""
            }
        },
        {
            "type": "Feature",
            "geometry": {
                "type": "Point",
                "coordinates": [
                    138.0025,
                    36.23388889
                ]
            },
            "properties": {
                "調査時期": "2023_W",
                "都道府県": "長野県",
                "市区町村": "松本市",
                "撮影場所": "",
                "撮影日時": "2023-01-23T19:07:00+09:00",
                "緯度": "36.23388889",
                "経度": "138.0025",
                "夜空の明るさ": "17.77",
                "ばらつき": "0.06",
                "周辺状況": "",
                "備考": "参考値（薄雲）",
                "継続観察登録地点": ""
            }
        },
        {
            "type": "Feature",
            "geometry": {
                "type": "Point",
                "coordinates": [
                    138.0038889,
                    36.23472222
                ]
            },
            "properties": {
                "調査時期": "2023_W",
                "都道府県": "長野県",
                "市区町村": "松本市",
                "撮影場所": "",
                "撮影日時": "2023-01-23T19:14:00+09:00",
                "緯度": "36.23472222",
                "経度": "138.0038889",
                "夜空の明るさ": "18.21",
                "ばらつき": "0.08",
                "周辺状況": "",
                "備考": "",
                "継続観察登録地点": ""
            }
        },
        {
            "type": "Feature",
            "geometry": {
                "type": "Point",
                "coordinates": [
                    138.0241667,
                    36.22888889
                ]
            },
            "properties": {
                "調査時期": "2023_W",
                "都道府県": "長野県",
                "市区町村": "松本市",
                "撮影場所": "",
                "撮影日時": "2023-01-23T19:26:00+09:00",
                "緯度": "36.22888889",
                "経度": "138.0241667",
                "夜空の明るさ": "18.53",
                "ばらつき": "0.09",
                "周辺状況": "",
                "備考": "",
                "継続観察登録地点": ""
            }
        },
        {
            "type": "Feature",
            "geometry": {
                "type": "Point",
                "coordinates": [
                    138.2186111,
                    36.35111111
                ]
            },
            "properties": {
                "調査時期": "2023_W",
                "都道府県": "長野県",
                "市区町村": "上田市",
                "撮影場所": "古安曽観測所前",
                "撮影日時": "2023-01-19T20:25:00+09:00",
                "緯度": "36.35111111",
                "経度": "138.2186111",
                "夜空の明るさ": "19.77",
                "ばらつき": "0.11",
                "周辺状況": "農業地域",
                "備考": "",
                "継続観察登録地点": "○"
            }
        },
        {
            "type": "Feature",
            "geometry": {
                "type": "Point",
                "coordinates": [
                    138.2186111,
                    36.35111111
                ]
            },
            "properties": {
                "調査時期": "2023_W",
                "都道府県": "長野県",
                "市区町村": "上田市",
                "撮影場所": "古安曽観測所前",
                "撮影日時": "2023-01-19T20:28:00+09:00",
                "緯度": "36.35111111",
                "経度": "138.2186111",
                "夜空の明るさ": "19.76",
                "ばらつき": "0.13",
                "周辺状況": "農業地域",
                "備考": "",
                "継続観察登録地点": "○"
            }
        },
        {
            "type": "Feature",
            "geometry": {
                "type": "Point",
                "coordinates": [
                    138.2283333,
                    36.40333333
                ]
            },
            "properties": {
                "調査時期": "2023_W",
                "都道府県": "長野県",
                "市区町村": "上田市",
                "撮影場所": "上田千曲高校周辺",
                "撮影日時": "2023-01-18T18:58:00+09:00",
                "緯度": "36.40333333",
                "経度": "138.2283333",
                "夜空の明るさ": "18.77",
                "ばらつき": "0.07",
                "周辺状況": "住宅地域",
                "備考": "",
                "継続観察登録地点": "○"
            }
        },
        {
            "type": "Feature",
            "geometry": {
                "type": "Point",
                "coordinates": [
                    138.0161111,
                    36.0625
                ]
            },
            "properties": {
                "調査時期": "2023_W",
                "都道府県": "長野県",
                "市区町村": "岡谷市",
                "撮影場所": "塩嶺王城パーク駐車場",
                "撮影日時": "2023-01-19T18:35:00+09:00",
                "緯度": "36.0625",
                "経度": "138.0161111",
                "夜空の明るさ": "19.81",
                "ばらつき": "0.06",
                "周辺状況": "自然公園等",
                "備考": "",
                "継続観察登録地点": "○"
            }
        },
        {
            "type": "Feature",
            "geometry": {
                "type": "Point",
                "coordinates": [
                    138.0497222,
                    36.06722222
                ]
            },
            "properties": {
                "調査時期": "2023_W",
                "都道府県": "長野県",
                "市区町村": "岡谷市",
                "撮影場所": "",
                "撮影日時": "2023-01-19T20:27:00+09:00",
                "緯度": "36.06722222",
                "経度": "138.0497222",
                "夜空の明るさ": "18.95",
                "ばらつき": "0.06",
                "周辺状況": "",
                "備考": "",
                "継続観察登録地点": ""
            }
        },
        {
            "type": "Feature",
            "geometry": {
                "type": "Point",
                "coordinates": [
                    138.0247222,
                    36.03833333
                ]
            },
            "properties": {
                "調査時期": "2023_W",
                "都道府県": "長野県",
                "市区町村": "岡谷市",
                "撮影場所": "",
                "撮影日時": "2023-01-25T20:58:00+09:00",
                "緯度": "36.03833333",
                "経度": "138.0247222",
                "夜空の明るさ": "20.06",
                "ばらつき": "0.09",
                "周辺状況": "",
                "備考": "",
                "継続観察登録地点": ""
            }
        },
        {
            "type": "Feature",
            "geometry": {
                "type": "Point",
                "coordinates": [
                    138.0258333,
                    35.44138889
                ]
            },
            "properties": {
                "調査時期": "2023_W",
                "都道府県": "長野県",
                "市区町村": "飯田市",
                "撮影場所": "",
                "撮影日時": "2023-01-19T19:43:00+09:00",
                "緯度": "35.44138889",
                "経度": "138.0258333",
                "夜空の明るさ": "20.98",
                "ばらつき": "0.06",
                "周辺状況": "",
                "備考": "",
                "継続観察登録地点": ""
            }
        },
        {
            "type": "Feature",
            "geometry": {
                "type": "Point",
                "coordinates": [
                    138.0258333,
                    35.44138889
                ]
            },
            "properties": {
                "調査時期": "2023_W",
                "都道府県": "長野県",
                "市区町村": "飯田市",
                "撮影場所": "",
                "撮影日時": "2023-01-19T19:47:00+09:00",
                "緯度": "35.44138889",
                "経度": "138.0258333",
                "夜空の明るさ": "21.06",
                "ばらつき": "0.08",
                "周辺状況": "",
                "備考": "",
                "継続観察登録地点": ""
            }
        },
        {
            "type": "Feature",
            "geometry": {
                "type": "Point",
                "coordinates": [
                    137.8538889,
                    35.5325
                ]
            },
            "properties": {
                "調査時期": "2023_W",
                "都道府県": "長野県",
                "市区町村": "飯田市",
                "撮影場所": "",
                "撮影日時": "2023-01-25T19:28:00+09:00",
                "緯度": "35.5325",
                "経度": "137.8538889",
                "夜空の明るさ": "19.35",
                "ばらつき": "0.12",
                "周辺状況": "",
                "備考": "",
                "継続観察登録地点": ""
            }
        },
        {
            "type": "Feature",
            "geometry": {
                "type": "Point",
                "coordinates": [
                    138.1686111,
                    36.09805556
                ]
            },
            "properties": {
                "調査時期": "2023_W",
                "都道府県": "長野県",
                "市区町村": "諏訪市",
                "撮影場所": "長野県霧ヶ峰自然保護センター",
                "撮影日時": "2023-01-19T18:50:00+09:00",
                "緯度": "36.09805556",
                "経度": "138.1686111",
                "夜空の明るさ": "20.49",
                "ばらつき": "0.09",
                "周辺状況": "自然公園等",
                "備考": "",
                "継続観察登録地点": "○"
            }
        },
        {
            "type": "Feature",
            "geometry": {
                "type": "Point",
                "coordinates": [
                    138.1866667,
                    36.10361111
                ]
            },
            "properties": {
                "調査時期": "2023_W",
                "都道府県": "長野県",
                "市区町村": "諏訪市",
                "撮影場所": "諏訪市四賀霧ヶ峰車山肩",
                "撮影日時": "2023-01-19T19:24:00+09:00",
                "緯度": "36.10361111",
                "経度": "138.1866667",
                "夜空の明るさ": "20.58",
                "ばらつき": "0.11",
                "周辺状況": "自然公園等",
                "備考": "",
                "継続観察登録地点": "○"
            }
        },
        {
            "type": "Feature",
            "geometry": {
                "type": "Point",
                "coordinates": [
                    138.1686111,
                    36.09805556
                ]
            },
            "properties": {
                "調査時期": "2023_W",
                "都道府県": "長野県",
                "市区町村": "諏訪市",
                "撮影場所": "長野県霧ヶ峰自然保護センター",
                "撮影日時": "2023-01-21T20:02:00+09:00",
                "緯度": "36.09805556",
                "経度": "138.1686111",
                "夜空の明るさ": "20.98",
                "ばらつき": "0.08",
                "周辺状況": "自然公園等",
                "備考": "",
                "継続観察登録地点": "○"
            }
        },
        {
            "type": "Feature",
            "geometry": {
                "type": "Point",
                "coordinates": [
                    138.1869444,
                    36.10361111
                ]
            },
            "properties": {
                "調査時期": "2023_W",
                "都道府県": "長野県",
                "市区町村": "諏訪市",
                "撮影場所": "諏訪市四賀霧ヶ峰車山肩",
                "撮影日時": "2023-01-21T20:29:00+09:00",
                "緯度": "36.10361111",
                "経度": "138.1869444",
                "夜空の明るさ": "20.82",
                "ばらつき": "0.2",
                "周辺状況": "自然公園等",
                "備考": "",
                "継続観察登録地点": "○"
            }
        },
        {
            "type": "Feature",
            "geometry": {
                "type": "Point",
                "coordinates": [
                    138.1222222,
                    36.05305556
                ]
            },
            "properties": {
                "調査時期": "2023_W",
                "都道府県": "長野県",
                "市区町村": "諏訪市",
                "撮影場所": "",
                "撮影日時": "2023-01-19T19:18:00+09:00",
                "緯度": "36.05305556",
                "経度": "138.1222222",
                "夜空の明るさ": "19.51",
                "ばらつき": "0.08",
                "周辺状況": "",
                "備考": "",
                "継続観察登録地点": ""
            }
        },
        {
            "type": "Feature",
            "geometry": {
                "type": "Point",
                "coordinates": [
                    138.09,
                    36.0275
                ]
            },
            "properties": {
                "調査時期": "2023_W",
                "都道府県": "長野県",
                "市区町村": "諏訪市",
                "撮影場所": "",
                "撮影日時": "2023-01-21T18:34:00+09:00",
                "緯度": "36.0275",
                "経度": "138.09",
                "夜空の明るさ": "19.57",
                "ばらつき": "0.06",
                "周辺状況": "",
                "備考": "",
                "継続観察登録地点": ""
            }
        },
        {
            "type": "Feature",
            "geometry": {
                "type": "Point",
                "coordinates": [
                    138.11,
                    36.04444444
                ]
            },
            "properties": {
                "調査時期": "2023_W",
                "都道府県": "長野県",
                "市区町村": "諏訪市",
                "撮影場所": "",
                "撮影日時": "2023-01-21T19:11:00+09:00",
                "緯度": "36.04444444",
                "経度": "138.11",
                "夜空の明るさ": "19.32",
                "ばらつき": "0.1",
                "周辺状況": "",
                "備考": "",
                "継続観察登録地点": ""
            }
        },
        {
            "type": "Feature",
            "geometry": {
                "type": "Point",
                "coordinates": [
                    138.3572222,
                    36.55555556
                ]
            },
            "properties": {
                "調査時期": "2023_W",
                "都道府県": "長野県",
                "市区町村": "須坂市",
                "撮影場所": "",
                "撮影日時": "2023-01-23T18:48:00+09:00",
                "緯度": "36.55555556",
                "経度": "138.3572222",
                "夜空の明るさ": "19.94",
                "ばらつき": "0.09",
                "周辺状況": "",
                "備考": "",
                "継続観察登録地点": ""
            }
        },
        {
            "type": "Feature",
            "geometry": {
                "type": "Point",
                "coordinates": [
                    138.4061111,
                    36.29888889
                ]
            },
            "properties": {
                "調査時期": "2023_W",
                "都道府県": "長野県",
                "市区町村": "小諸市",
                "撮影場所": "",
                "撮影日時": "2023-01-19T19:18:00+09:00",
                "緯度": "36.29888889",
                "経度": "138.4061111",
                "夜空の明るさ": "19.8",
                "ばらつき": "0.11",
                "周辺状況": "",
                "備考": "",
                "継続観察登録地点": ""
            }
        },
        {
            "type": "Feature",
            "geometry": {
                "type": "Point",
                "coordinates": [
                    138.4213889,
                    36.34194444
                ]
            },
            "properties": {
                "調査時期": "2023_W",
                "都道府県": "長野県",
                "市区町村": "小諸市",
                "撮影場所": "",
                "撮影日時": "2023-01-23T19:24:00+09:00",
                "緯度": "36.34194444",
                "経度": "138.4213889",
                "夜空の明るさ": "19.14",
                "ばらつき": "0.11",
                "周辺状況": "",
                "備考": "",
                "継続観察登録地点": ""
            }
        },
        {
            "type": "Feature",
            "geometry": {
                "type": "Point",
                "coordinates": [
                    138.4061111,
                    36.29861111
                ]
            },
            "properties": {
                "調査時期": "2023_W",
                "都道府県": "長野県",
                "市区町村": "小諸市",
                "撮影場所": "",
                "撮影日時": "2023-01-25T18:31:00+09:00",
                "緯度": "36.29861111",
                "経度": "138.4061111",
                "夜空の明るさ": "19.47",
                "ばらつき": "0.09",
                "周辺状況": "",
                "備考": "",
                "継続観察登録地点": ""
            }
        },
        {
            "type": "Feature",
            "geometry": {
                "type": "Point",
                "coordinates": [
                    138.4211111,
                    36.34194444
                ]
            },
            "properties": {
                "調査時期": "2023_W",
                "都道府県": "長野県",
                "市区町村": "小諸市",
                "撮影場所": "",
                "撮影日時": "2023-01-25T20:03:00+09:00",
                "緯度": "36.34194444",
                "経度": "138.4211111",
                "夜空の明るさ": "19.47",
                "ばらつき": "0.09",
                "周辺状況": "",
                "備考": "",
                "継続観察登録地点": ""
            }
        },
        {
            "type": "Feature",
            "geometry": {
                "type": "Point",
                "coordinates": [
                    137.9922222,
                    35.81277778
                ]
            },
            "properties": {
                "調査時期": "2023_W",
                "都道府県": "長野県",
                "市区町村": "伊那市",
                "撮影場所": "",
                "撮影日時": "2023-01-19T19:14:00+09:00",
                "緯度": "35.81277778",
                "経度": "137.9922222",
                "夜空の明るさ": "19.8",
                "ばらつき": "0.07",
                "周辺状況": "",
                "備考": "",
                "継続観察登録地点": ""
            }
        },
        {
            "type": "Feature",
            "geometry": {
                "type": "Point",
                "coordinates": [
                    137.9372222,
                    35.81972222
                ]
            },
            "properties": {
                "調査時期": "2023_W",
                "都道府県": "長野県",
                "市区町村": "伊那市",
                "撮影場所": "伊那市 西春近北小学校グランド",
                "撮影日時": "2023-01-19T19:39:00+09:00",
                "緯度": "35.81972222",
                "経度": "137.9372222",
                "夜空の明るさ": "19.35",
                "ばらつき": "0.19",
                "周辺状況": "農業地域",
                "備考": "",
                "継続観察登録地点": "○"
            }
        },
        {
            "type": "Feature",
            "geometry": {
                "type": "Point",
                "coordinates": [
                    137.895,
                    35.84361111
                ]
            },
            "properties": {
                "調査時期": "2023_W",
                "都道府県": "長野県",
                "市区町村": "伊那市",
                "撮影場所": "",
                "撮影日時": "2023-01-19T20:03:00+09:00",
                "緯度": "35.84361111",
                "経度": "137.895",
                "夜空の明るさ": "20.09",
                "ばらつき": "0.1",
                "周辺状況": "",
                "備考": "",
                "継続観察登録地点": ""
            }
        },
        {
            "type": "Feature",
            "geometry": {
                "type": "Point",
                "coordinates": [
                    137.8997222,
                    35.72972222
                ]
            },
            "properties": {
                "調査時期": "2023_W",
                "都道府県": "長野県",
                "市区町村": "駒ヶ根市",
                "撮影場所": "駒ヶ根高原家族旅行村アルプスの丘周辺",
                "撮影日時": "2023-01-12T19:23:00+09:00",
                "緯度": "35.72972222",
                "経度": "137.8997222",
                "夜空の明るさ": "20.65",
                "ばらつき": "0.13",
                "周辺状況": "自然公園等",
                "備考": "",
                "継続観察登録地点": "○"
            }
        },
        {
            "type": "Feature",
            "geometry": {
                "type": "Point",
                "coordinates": [
                    137.8991667,
                    35.73027778
                ]
            },
            "properties": {
                "調査時期": "2023_W",
                "都道府県": "長野県",
                "市区町村": "駒ヶ根市",
                "撮影場所": "駒ヶ根高原家族旅行村アルプスの丘周辺",
                "撮影日時": "2023-01-12T19:23:00+09:00",
                "緯度": "35.73027778",
                "経度": "137.8991667",
                "夜空の明るさ": "20.7",
                "ばらつき": "0.2",
                "周辺状況": "自然公園等",
                "備考": "",
                "継続観察登録地点": "○"
            }
        },
        {
            "type": "Feature",
            "geometry": {
                "type": "Point",
                "coordinates": [
                    137.9266667,
                    35.71027778
                ]
            },
            "properties": {
                "調査時期": "2023_W",
                "都道府県": "長野県",
                "市区町村": "駒ヶ根市",
                "撮影場所": "長野県駒ヶ根工業高等学校周辺",
                "撮影日時": "2023-01-12T19:35:00+09:00",
                "緯度": "35.71027778",
                "経度": "137.9266667",
                "夜空の明るさ": "20.39",
                "ばらつき": "0.11",
                "周辺状況": "住宅地域",
                "備考": "",
                "継続観察登録地点": "○"
            }
        },
        {
            "type": "Feature",
            "geometry": {
                "type": "Point",
                "coordinates": [
                    137.9108333,
                    35.71944444
                ]
            },
            "properties": {
                "調査時期": "2023_W",
                "都道府県": "長野県",
                "市区町村": "駒ヶ根市",
                "撮影場所": "日本電産長野技術研究開発センター周辺",
                "撮影日時": "2023-01-12T19:35:00+09:00",
                "緯度": "35.71944444",
                "経度": "137.9108333",
                "夜空の明るさ": "20.36",
                "ばらつき": "0.09",
                "周辺状況": "農業地域",
                "備考": "",
                "継続観察登録地点": "○"
            }
        },
        {
            "type": "Feature",
            "geometry": {
                "type": "Point",
                "coordinates": [
                    138.3425,
                    36.74944444
                ]
            },
            "properties": {
                "調査時期": "2023_W",
                "都道府県": "長野県",
                "市区町村": "中野市",
                "撮影場所": "",
                "撮影日時": "2023-01-12T19:28:00+09:00",
                "緯度": "36.74944444",
                "経度": "138.3425",
                "夜空の明るさ": "19.47",
                "ばらつき": "0.08",
                "周辺状況": "",
                "備考": "",
                "継続観察登録地点": ""
            }
        },
        {
            "type": "Feature",
            "geometry": {
                "type": "Point",
                "coordinates": [
                    137.8769444,
                    36.445
                ]
            },
            "properties": {
                "調査時期": "2023_W",
                "都道府県": "長野県",
                "市区町村": "大町市",
                "撮影場所": "大町市社 大町観測所",
                "撮影日時": "2023-01-12T19:19:00+09:00",
                "緯度": "36.445",
                "経度": "137.8769444",
                "夜空の明るさ": "20.63",
                "ばらつき": "0.08",
                "周辺状況": "農業地域",
                "備考": "",
                "継続観察登録地点": "○"
            }
        },
        {
            "type": "Feature",
            "geometry": {
                "type": "Point",
                "coordinates": [
                    137.8511111,
                    36.50222222
                ]
            },
            "properties": {
                "調査時期": "2023_W",
                "都道府県": "長野県",
                "市区町村": "大町市",
                "撮影場所": "大町市大町 大町市役所",
                "撮影日時": "2023-01-12T19:00:00+09:00",
                "緯度": "36.50222222",
                "経度": "137.8511111",
                "夜空の明るさ": "19.61",
                "ばらつき": "0.07",
                "周辺状況": "住宅地域",
                "備考": "",
                "継続観察登録地点": "○"
            }
        },
        {
            "type": "Feature",
            "geometry": {
                "type": "Point",
                "coordinates": [
                    137.8358333,
                    36.57277778
                ]
            },
            "properties": {
                "調査時期": "2023_W",
                "都道府県": "長野県",
                "市区町村": "大町市",
                "撮影場所": "",
                "撮影日時": "2023-01-17T18:34:00+09:00",
                "緯度": "36.57277778",
                "経度": "137.8358333",
                "夜空の明るさ": "18.07",
                "ばらつき": "0.44",
                "周辺状況": "",
                "備考": "参考値（薄雲）",
                "継続観察登録地点": ""
            }
        },
        {
            "type": "Feature",
            "geometry": {
                "type": "Point",
                "coordinates": [
                    138.2305556,
                    36.01305556
                ]
            },
            "properties": {
                "調査時期": "2023_W",
                "都道府県": "長野県",
                "市区町村": "茅野市",
                "撮影場所": "",
                "撮影日時": "2023-01-16T19:14:00+09:00",
                "緯度": "36.01305556",
                "経度": "138.2305556",
                "夜空の明るさ": "20.46",
                "ばらつき": "0.09",
                "周辺状況": "",
                "備考": "",
                "継続観察登録地点": ""
            }
        },
        {
            "type": "Feature",
            "geometry": {
                "type": "Point",
                "coordinates": [
                    138.1791667,
                    36.00638889
                ]
            },
            "properties": {
                "調査時期": "2023_W",
                "都道府県": "長野県",
                "市区町村": "茅野市",
                "撮影場所": "",
                "撮影日時": "2023-01-18T19:17:00+09:00",
                "緯度": "36.00638889",
                "経度": "138.1791667",
                "夜空の明るさ": "18.98",
                "ばらつき": "0.11",
                "周辺状況": "",
                "備考": "",
                "継続観察登録地点": ""
            }
        },
        {
            "type": "Feature",
            "geometry": {
                "type": "Point",
                "coordinates": [
                    138.1594444,
                    35.99583333
                ]
            },
            "properties": {
                "調査時期": "2023_W",
                "都道府県": "長野県",
                "市区町村": "茅野市",
                "撮影場所": "",
                "撮影日時": "2023-01-18T19:32:00+09:00",
                "緯度": "35.99583333",
                "経度": "138.1594444",
                "夜空の明るさ": "18.78",
                "ばらつき": "0.08",
                "周辺状況": "",
                "備考": "",
                "継続観察登録地点": ""
            }
        },
        {
            "type": "Feature",
            "geometry": {
                "type": "Point",
                "coordinates": [
                    137.81,
                    35.93416667
                ]
            },
            "properties": {
                "調査時期": "2023_W",
                "都道府県": "長野県",
                "市区町村": "塩尻市",
                "撮影場所": "奈良井ダム",
                "撮影日時": "2023-01-12T18:40:00+09:00",
                "緯度": "35.93416667",
                "経度": "137.81",
                "夜空の明るさ": "21.06",
                "ばらつき": "0.08",
                "周辺状況": "森林山間地",
                "備考": "",
                "継続観察登録地点": "○"
            }
        },
        {
            "type": "Feature",
            "geometry": {
                "type": "Point",
                "coordinates": [
                    137.8088889,
                    35.96055556
                ]
            },
            "properties": {
                "調査時期": "2023_W",
                "都道府県": "長野県",
                "市区町村": "塩尻市",
                "撮影場所": "",
                "撮影日時": "2023-01-12T18:59:00+09:00",
                "緯度": "35.96055556",
                "経度": "137.8088889",
                "夜空の明るさ": "20.84",
                "ばらつき": "0.07",
                "周辺状況": "",
                "備考": "",
                "継続観察登録地点": ""
            }
        },
        {
            "type": "Feature",
            "geometry": {
                "type": "Point",
                "coordinates": [
                    137.8422222,
                    35.98638889
                ]
            },
            "properties": {
                "調査時期": "2023_W",
                "都道府県": "長野県",
                "市区町村": "塩尻市",
                "撮影場所": "",
                "撮影日時": "2023-01-12T19:14:00+09:00",
                "緯度": "35.98638889",
                "経度": "137.8422222",
                "夜空の明るさ": "20.76",
                "ばらつき": "0.04",
                "周辺状況": "",
                "備考": "",
                "継続観察登録地点": ""
            }
        },
        {
            "type": "Feature",
            "geometry": {
                "type": "Point",
                "coordinates": [
                    137.8591667,
                    36.01277778
                ]
            },
            "properties": {
                "調査時期": "2023_W",
                "都道府県": "長野県",
                "市区町村": "塩尻市",
                "撮影場所": "",
                "撮影日時": "2023-01-12T19:31:00+09:00",
                "緯度": "36.01277778",
                "経度": "137.8591667",
                "夜空の明るさ": "20.79",
                "ばらつき": "0.06",
                "周辺状況": "",
                "備考": "",
                "継続観察登録地点": ""
            }
        },
        {
            "type": "Feature",
            "geometry": {
                "type": "Point",
                "coordinates": [
                    137.9,
                    36.06472222
                ]
            },
            "properties": {
                "調査時期": "2023_W",
                "都道府県": "長野県",
                "市区町村": "塩尻市",
                "撮影場所": "",
                "撮影日時": "2023-01-12T19:49:00+09:00",
                "緯度": "36.06472222",
                "経度": "137.9",
                "夜空の明るさ": "20.58",
                "ばらつき": "0.06",
                "周辺状況": "",
                "備考": "",
                "継続観察登録地点": ""
            }
        },
        {
            "type": "Feature",
            "geometry": {
                "type": "Point",
                "coordinates": [
                    137.9425,
                    36.10361111
                ]
            },
            "properties": {
                "調査時期": "2023_W",
                "都道府県": "長野県",
                "市区町村": "塩尻市",
                "撮影場所": "",
                "撮影日時": "2023-01-12T20:13:00+09:00",
                "緯度": "36.10361111",
                "経度": "137.9425",
                "夜空の明るさ": "19.84",
                "ばらつき": "0.05",
                "周辺状況": "",
                "備考": "",
                "継続観察登録地点": ""
            }
        },
        {
            "type": "Feature",
            "geometry": {
                "type": "Point",
                "coordinates": [
                    137.9222222,
                    36.15666667
                ]
            },
            "properties": {
                "調査時期": "2023_W",
                "都道府県": "長野県",
                "市区町村": "塩尻市",
                "撮影場所": "信州スカイパーク",
                "撮影日時": "2023-01-12T07:45:00+09:00",
                "緯度": "36.15666667",
                "経度": "137.9222222",
                "夜空の明るさ": "",
                "ばらつき": "",
                "周辺状況": "自然公園等",
                "備考": "測定不可（設定エラー）",
                "継続観察登録地点": "○"
            }
        },
        {
            "type": "Feature",
            "geometry": {
                "type": "Point",
                "coordinates": [
                    137.9447222,
                    36.15277778
                ]
            },
            "properties": {
                "調査時期": "2023_W",
                "都道府県": "長野県",
                "市区町村": "塩尻市",
                "撮影場所": "広丘小学校校庭",
                "撮影日時": "2023-01-12T07:55:00+09:00",
                "緯度": "36.15277778",
                "経度": "137.9447222",
                "夜空の明るさ": "",
                "ばらつき": "",
                "周辺状況": "住宅地域",
                "備考": "測定不可（設定エラー）",
                "継続観察登録地点": "○"
            }
        },
        {
            "type": "Feature",
            "geometry": {
                "type": "Point",
                "coordinates": [
                    137.9463889,
                    36.16472222
                ]
            },
            "properties": {
                "調査時期": "2023_W",
                "都道府県": "長野県",
                "市区町村": "塩尻市",
                "撮影場所": "長者原公園",
                "撮影日時": "2023-01-12T08:05:00+09:00",
                "緯度": "36.16472222",
                "経度": "137.9463889",
                "夜空の明るさ": "",
                "ばらつき": "",
                "周辺状況": "住宅地域",
                "備考": "測定不可（設定エラー）",
                "継続観察登録地点": "○"
            }
        },
        {
            "type": "Feature",
            "geometry": {
                "type": "Point",
                "coordinates": [
                    137.9375,
                    36.13888889
                ]
            },
            "properties": {
                "調査時期": "2023_W",
                "都道府県": "長野県",
                "市区町村": "塩尻市",
                "撮影場所": "堅石公民館",
                "撮影日時": "2023-01-18T07:45:00+09:00",
                "緯度": "36.13888889",
                "経度": "137.9375",
                "夜空の明るさ": "",
                "ばらつき": "",
                "周辺状況": "農業地域",
                "備考": "測定不可（設定エラー）",
                "継続観察登録地点": "○"
            }
        },
        {
            "type": "Feature",
            "geometry": {
                "type": "Point",
                "coordinates": [
                    137.9533333,
                    36.11527778
                ]
            },
            "properties": {
                "調査時期": "2023_W",
                "都道府県": "長野県",
                "市区町村": "塩尻市",
                "撮影場所": "塩尻市役所北側駐車場",
                "撮影日時": "2023-01-12T19:36:00+09:00",
                "緯度": "36.11527778",
                "経度": "137.9533333",
                "夜空の明るさ": "18.86",
                "ばらつき": "0.05",
                "周辺状況": "住宅地域",
                "備考": "",
                "継続観察登録地点": "○"
            }
        },
        {
            "type": "Feature",
            "geometry": {
                "type": "Point",
                "coordinates": [
                    137.975,
                    36.10111111
                ]
            },
            "properties": {
                "調査時期": "2023_W",
                "都道府県": "長野県",
                "市区町村": "塩尻市",
                "撮影場所": "塩尻東地区センター",
                "撮影日時": "2023-01-18T19:18:00+09:00",
                "緯度": "36.10111111",
                "経度": "137.975",
                "夜空の明るさ": "19.24",
                "ばらつき": "0.07",
                "周辺状況": "農業地域",
                "備考": "",
                "継続観察登録地点": "○"
            }
        },
        {
            "type": "Feature",
            "geometry": {
                "type": "Point",
                "coordinates": [
                    137.9686111,
                    36.05083333
                ]
            },
            "properties": {
                "調査時期": "2023_W",
                "都道府県": "長野県",
                "市区町村": "塩尻市",
                "撮影場所": "",
                "撮影日時": "2023-01-19T19:19:00+09:00",
                "緯度": "36.05083333",
                "経度": "137.9686111",
                "夜空の明るさ": "20.18",
                "ばらつき": "0.07",
                "周辺状況": "",
                "備考": "",
                "継続観察登録地点": ""
            }
        },
        {
            "type": "Feature",
            "geometry": {
                "type": "Point",
                "coordinates": [
                    138.0036111,
                    36.07138889
                ]
            },
            "properties": {
                "調査時期": "2023_W",
                "都道府県": "長野県",
                "市区町村": "塩尻市",
                "撮影場所": "いこいの森公園",
                "撮影日時": "2023-01-19T18:47:00+09:00",
                "緯度": "36.07138889",
                "経度": "138.0036111",
                "夜空の明るさ": "19.91",
                "ばらつき": "0.05",
                "周辺状況": "自然公園等",
                "備考": "",
                "継続観察登録地点": "○"
            }
        },
        {
            "type": "Feature",
            "geometry": {
                "type": "Point",
                "coordinates": [
                    137.9666667,
                    36.05472222
                ]
            },
            "properties": {
                "調査時期": "2023_W",
                "都道府県": "長野県",
                "市区町村": "塩尻市",
                "撮影場所": "",
                "撮影日時": "2023-01-19T19:28:00+09:00",
                "緯度": "36.05472222",
                "経度": "137.9666667",
                "夜空の明るさ": "20.22",
                "ばらつき": "0.06",
                "周辺状況": "",
                "備考": "",
                "継続観察登録地点": ""
            }
        },
        {
            "type": "Feature",
            "geometry": {
                "type": "Point",
                "coordinates": [
                    137.9641667,
                    36.14388889
                ]
            },
            "properties": {
                "調査時期": "2023_W",
                "都道府県": "長野県",
                "市区町村": "塩尻市",
                "撮影場所": "",
                "撮影日時": "2023-01-19T19:15:00+09:00",
                "緯度": "36.14388889",
                "経度": "137.9641667",
                "夜空の明るさ": "19.15",
                "ばらつき": "0.06",
                "周辺状況": "",
                "備考": "",
                "継続観察登録地点": ""
            }
        },
        {
            "type": "Feature",
            "geometry": {
                "type": "Point",
                "coordinates": [
                    137.9141667,
                    36.11388889
                ]
            },
            "properties": {
                "調査時期": "2023_W",
                "都道府県": "長野県",
                "市区町村": "塩尻市",
                "撮影場所": "洗馬小学校校庭",
                "撮影日時": "2023-01-19T06:45:00+09:00",
                "緯度": "36.11388889",
                "経度": "137.9141667",
                "夜空の明るさ": "",
                "ばらつき": "",
                "周辺状況": "農業地域",
                "備考": "測定不可（設定エラー）",
                "継続観察登録地点": "○"
            }
        },
        {
            "type": "Feature",
            "geometry": {
                "type": "Point",
                "coordinates": [
                    137.9133333,
                    36.13638889
                ]
            },
            "properties": {
                "調査時期": "2023_W",
                "都道府県": "長野県",
                "市区町村": "塩尻市",
                "撮影場所": "",
                "撮影日時": "2023-01-19T06:59:00+09:00",
                "緯度": "36.13638889",
                "経度": "137.9133333",
                "夜空の明るさ": "",
                "ばらつき": "",
                "周辺状況": "",
                "備考": "測定不可（設定エラー）",
                "継続観察登録地点": ""
            }
        },
        {
            "type": "Feature",
            "geometry": {
                "type": "Point",
                "coordinates": [
                    137.96,
                    36.12888889
                ]
            },
            "properties": {
                "調査時期": "2023_W",
                "都道府県": "長野県",
                "市区町村": "塩尻市",
                "撮影場所": "",
                "撮影日時": "2023-01-19T07:12:00+09:00",
                "緯度": "36.12888889",
                "経度": "137.96",
                "夜空の明るさ": "",
                "ばらつき": "",
                "周辺状況": "",
                "備考": "測定不可（設定エラー）",
                "継続観察登録地点": ""
            }
        },
        {
            "type": "Feature",
            "geometry": {
                "type": "Point",
                "coordinates": [
                    137.9841667,
                    36.10055556
                ]
            },
            "properties": {
                "調査時期": "2023_W",
                "都道府県": "長野県",
                "市区町村": "塩尻市",
                "撮影場所": "",
                "撮影日時": "2023-01-23T19:52:00+09:00",
                "緯度": "36.10055556",
                "経度": "137.9841667",
                "夜空の明るさ": "18.7",
                "ばらつき": "0.07",
                "周辺状況": "",
                "備考": "参考値（薄雲）",
                "継続観察登録地点": ""
            }
        },
        {
            "type": "Feature",
            "geometry": {
                "type": "Point",
                "coordinates": [
                    137.9705556,
                    36.09722222
                ]
            },
            "properties": {
                "調査時期": "2023_W",
                "都道府県": "長野県",
                "市区町村": "塩尻市",
                "撮影場所": "",
                "撮影日時": "2023-01-23T20:04:00+09:00",
                "緯度": "36.09722222",
                "経度": "137.9705556",
                "夜空の明るさ": "19.39",
                "ばらつき": "0.08",
                "周辺状況": "",
                "備考": "",
                "継続観察登録地点": ""
            }
        },
        {
            "type": "Feature",
            "geometry": {
                "type": "Point",
                "coordinates": [
                    137.9561111,
                    36.08861111
                ]
            },
            "properties": {
                "調査時期": "2023_W",
                "都道府県": "長野県",
                "市区町村": "塩尻市",
                "撮影場所": "",
                "撮影日時": "2023-01-23T20:16:00+09:00",
                "緯度": "36.08861111",
                "経度": "137.9561111",
                "夜空の明るさ": "19.56",
                "ばらつき": "0.18",
                "周辺状況": "",
                "備考": "",
                "継続観察登録地点": ""
            }
        },
        {
            "type": "Feature",
            "geometry": {
                "type": "Point",
                "coordinates": [
                    137.9797222,
                    36.14416667
                ]
            },
            "properties": {
                "調査時期": "2023_W",
                "都道府県": "長野県",
                "市区町村": "塩尻市",
                "撮影場所": "片丘小学校東",
                "撮影日時": "2023-01-18T19:17:00+09:00",
                "緯度": "36.14416667",
                "経度": "137.9797222",
                "夜空の明るさ": "19.18",
                "ばらつき": "0.08",
                "周辺状況": "農業地域",
                "備考": "",
                "継続観察登録地点": "○"
            }
        },
        {
            "type": "Feature",
            "geometry": {
                "type": "Point",
                "coordinates": [
                    138.4822222,
                    36.19166667
                ]
            },
            "properties": {
                "調査時期": "2023_W",
                "都道府県": "長野県",
                "市区町村": "佐久市",
                "撮影場所": "",
                "撮影日時": "2023-01-19T18:59:00+09:00",
                "緯度": "36.19166667",
                "経度": "138.4822222",
                "夜空の明るさ": "19.66",
                "ばらつき": "0.03",
                "周辺状況": "",
                "備考": "",
                "継続観察登録地点": ""
            }
        },
        {
            "type": "Feature",
            "geometry": {
                "type": "Point",
                "coordinates": [
                    138.4863889,
                    36.19805556
                ]
            },
            "properties": {
                "調査時期": "2023_W",
                "都道府県": "長野県",
                "市区町村": "佐久市",
                "撮影場所": "",
                "撮影日時": "2023-01-19T19:17:00+09:00",
                "緯度": "36.19805556",
                "経度": "138.4863889",
                "夜空の明るさ": "19.72",
                "ばらつき": "0.04",
                "周辺状況": "",
                "備考": "",
                "継続観察登録地点": ""
            }
        },
        {
            "type": "Feature",
            "geometry": {
                "type": "Point",
                "coordinates": [
                    138.4291667,
                    36.19305556
                ]
            },
            "properties": {
                "調査時期": "2023_W",
                "都道府県": "長野県",
                "市区町村": "佐久市",
                "撮影場所": "うすだスタードーム",
                "撮影日時": "2023-01-19T20:20:00+09:00",
                "緯度": "36.19305556",
                "経度": "138.4291667",
                "夜空の明るさ": "20.52",
                "ばらつき": "0.08",
                "周辺状況": "森林山間地",
                "備考": "",
                "継続観察登録地点": "○"
            }
        },
        {
            "type": "Feature",
            "geometry": {
                "type": "Point",
                "coordinates": [
                    138.4041667,
                    36.25805556
                ]
            },
            "properties": {
                "調査時期": "2023_W",
                "都道府県": "長野県",
                "市区町村": "佐久市",
                "撮影場所": "",
                "撮影日時": "2023-01-12T19:07:00+09:00",
                "緯度": "36.25805556",
                "経度": "138.4041667",
                "夜空の明るさ": "19.94",
                "ばらつき": "0.08",
                "周辺状況": "",
                "備考": "",
                "継続観察登録地点": ""
            }
        },
        {
            "type": "Feature",
            "geometry": {
                "type": "Point",
                "coordinates": [
                    138.4291667,
                    36.24944444
                ]
            },
            "properties": {
                "調査時期": "2023_W",
                "都道府県": "長野県",
                "市区町村": "佐久市",
                "撮影場所": "",
                "撮影日時": "2023-01-12T19:31:00+09:00",
                "緯度": "36.24944444",
                "経度": "138.4291667",
                "夜空の明るさ": "19.91",
                "ばらつき": "0.07",
                "周辺状況": "",
                "備考": "",
                "継続観察登録地点": ""
            }
        },
        {
            "type": "Feature",
            "geometry": {
                "type": "Point",
                "coordinates": [
                    138.4683333,
                    36.23555556
                ]
            },
            "properties": {
                "調査時期": "2023_W",
                "都道府県": "長野県",
                "市区町村": "佐久市",
                "撮影場所": "",
                "撮影日時": "2023-01-12T19:53:00+09:00",
                "緯度": "36.23555556",
                "経度": "138.4683333",
                "夜空の明るさ": "19.53",
                "ばらつき": "0.08",
                "周辺状況": "",
                "備考": "",
                "継続観察登録地点": ""
            }
        },
        {
            "type": "Feature",
            "geometry": {
                "type": "Point",
                "coordinates": [
                    138.4869444,
                    36.25583333
                ]
            },
            "properties": {
                "調査時期": "2023_W",
                "都道府県": "長野県",
                "市区町村": "佐久市",
                "撮影場所": "",
                "撮影日時": "2023-01-19T18:32:00+09:00",
                "緯度": "36.25583333",
                "経度": "138.4869444",
                "夜空の明るさ": "18.77",
                "ばらつき": "0.09",
                "周辺状況": "",
                "備考": "",
                "継続観察登録地点": ""
            }
        },
        {
            "type": "Feature",
            "geometry": {
                "type": "Point",
                "coordinates": [
                    138.3991667,
                    36.26972222
                ]
            },
            "properties": {
                "調査時期": "2023_W",
                "都道府県": "長野県",
                "市区町村": "佐久市",
                "撮影場所": "",
                "撮影日時": "2023-01-19T19:39:00+09:00",
                "緯度": "36.26972222",
                "経度": "138.3991667",
                "夜空の明るさ": "19.89",
                "ばらつき": "0.09",
                "周辺状況": "",
                "備考": "",
                "継続観察登録地点": ""
            }
        },
        {
            "type": "Feature",
            "geometry": {
                "type": "Point",
                "coordinates": [
                    138.5088889,
                    36.27916667
                ]
            },
            "properties": {
                "調査時期": "2023_W",
                "都道府県": "長野県",
                "市区町村": "佐久市",
                "撮影場所": "",
                "撮影日時": "2023-01-23T18:31:00+09:00",
                "緯度": "36.27916667",
                "経度": "138.5088889",
                "夜空の明るさ": "18.44",
                "ばらつき": "0.08",
                "周辺状況": "",
                "備考": "",
                "継続観察登録地点": ""
            }
        },
        {
            "type": "Feature",
            "geometry": {
                "type": "Point",
                "coordinates": [
                    138.4644444,
                    36.2775
                ]
            },
            "properties": {
                "調査時期": "2023_W",
                "都道府県": "長野県",
                "市区町村": "佐久市",
                "撮影場所": "",
                "撮影日時": "2023-01-23T18:51:00+09:00",
                "緯度": "36.2775",
                "経度": "138.4644444",
                "夜空の明るさ": "17.31",
                "ばらつき": "0.12",
                "周辺状況": "",
                "備考": "",
                "継続観察登録地点": ""
            }
        },
        {
            "type": "Feature",
            "geometry": {
                "type": "Point",
                "coordinates": [
                    138.4805556,
                    36.1875
                ]
            },
            "properties": {
                "調査時期": "2023_W",
                "都道府県": "長野県",
                "市区町村": "佐久市",
                "撮影場所": "",
                "撮影日時": "2023-01-21T18:43:00+09:00",
                "緯度": "36.1875",
                "経度": "138.4805556",
                "夜空の明るさ": "19.33",
                "ばらつき": "0.11",
                "周辺状況": "",
                "備考": "",
                "継続観察登録地点": ""
            }
        },
        {
            "type": "Feature",
            "geometry": {
                "type": "Point",
                "coordinates": [
                    138.43,
                    36.19277778
                ]
            },
            "properties": {
                "調査時期": "2023_W",
                "都道府県": "長野県",
                "市区町村": "佐久市",
                "撮影場所": "",
                "撮影日時": "2023-01-21T19:01:00+09:00",
                "緯度": "36.19277778",
                "経度": "138.43",
                "夜空の明るさ": "20.47",
                "ばらつき": "0.1",
                "周辺状況": "",
                "備考": "",
                "継続観察登録地点": ""
            }
        },
        {
            "type": "Feature",
            "geometry": {
                "type": "Point",
                "coordinates": [
                    138.1108333,
                    36.52861111
                ]
            },
            "properties": {
                "調査時期": "2023_W",
                "都道府県": "長野県",
                "市区町村": "千曲市",
                "撮影場所": "千曲市 中央公園",
                "撮影日時": "2023-01-19T20:29:00+09:00",
                "緯度": "36.52861111",
                "経度": "138.1108333",
                "夜空の明るさ": "19.46",
                "ばらつき": "0.06",
                "周辺状況": "住宅地域",
                "備考": "",
                "継続観察登録地点": "○"
            }
        },
        {
            "type": "Feature",
            "geometry": {
                "type": "Point",
                "coordinates": [
                    138.1369444,
                    36.53416667
                ]
            },
            "properties": {
                "調査時期": "2023_W",
                "都道府県": "長野県",
                "市区町村": "千曲市",
                "撮影場所": "",
                "撮影日時": "2023-01-19T20:44:00+09:00",
                "緯度": "36.53416667",
                "経度": "138.1369444",
                "夜空の明るさ": "19.55",
                "ばらつき": "0.04",
                "周辺状況": "",
                "備考": "",
                "継続観察登録地点": ""
            }
        },
        {
            "type": "Feature",
            "geometry": {
                "type": "Point",
                "coordinates": [
                    138.3775,
                    36.36916667
                ]
            },
            "properties": {
                "調査時期": "2023_W",
                "都道府県": "長野県",
                "市区町村": "東御市",
                "撮影場所": "",
                "撮影日時": "2023-01-23T19:53:00+09:00",
                "緯度": "36.36916667",
                "経度": "138.3775",
                "夜空の明るさ": "19.61",
                "ばらつき": "0.13",
                "周辺状況": "",
                "備考": "",
                "継続観察登録地点": ""
            }
        },
        {
            "type": "Feature",
            "geometry": {
                "type": "Point",
                "coordinates": [
                    138.3327778,
                    36.36
                ]
            },
            "properties": {
                "調査時期": "2023_W",
                "都道府県": "長野県",
                "市区町村": "東御市",
                "撮影場所": "",
                "撮影日時": "2023-01-25T19:12:00+09:00",
                "緯度": "36.36",
                "経度": "138.3327778",
                "夜空の明るさ": "18.96",
                "ばらつき": "0.11",
                "周辺状況": "",
                "備考": "",
                "継続観察登録地点": ""
            }
        },
        {
            "type": "Feature",
            "geometry": {
                "type": "Point",
                "coordinates": [
                    138.3775,
                    36.36944444
                ]
            },
            "properties": {
                "調査時期": "2023_W",
                "都道府県": "長野県",
                "市区町村": "東御市",
                "撮影場所": "",
                "撮影日時": "2023-01-25T19:35:00+09:00",
                "緯度": "36.36944444",
                "経度": "138.3775",
                "夜空の明るさ": "19.83",
                "ばらつき": "0.12",
                "周辺状況": "",
                "備考": "",
                "継続観察登録地点": ""
            }
        },
        {
            "type": "Feature",
            "geometry": {
                "type": "Point",
                "coordinates": [
                    138.3394444,
                    36.36083333
                ]
            },
            "properties": {
                "調査時期": "2023_W",
                "都道府県": "長野県",
                "市区町村": "東御市",
                "撮影場所": "",
                "撮影日時": "2023-01-21T19:42:00+09:00",
                "緯度": "36.36083333",
                "経度": "138.3394444",
                "夜空の明るさ": "19.74",
                "ばらつき": "0.06",
                "周辺状況": "",
                "備考": "",
                "継続観察登録地点": ""
            }
        },
        {
            "type": "Feature",
            "geometry": {
                "type": "Point",
                "coordinates": [
                    137.8838889,
                    36.34583333
                ]
            },
            "properties": {
                "調査時期": "2023_W",
                "都道府県": "長野県",
                "市区町村": "安曇野市",
                "撮影場所": "安曇野市穂高 穂高会館",
                "撮影日時": "2023-01-12T20:19:00+09:00",
                "緯度": "36.34583333",
                "経度": "137.8838889",
                "夜空の明るさ": "19.57",
                "ばらつき": "0.08",
                "周辺状況": "住宅地域",
                "備考": "",
                "継続観察登録地点": "○"
            }
        },
        {
            "type": "Feature",
            "geometry": {
                "type": "Point",
                "coordinates": [
                    137.8438889,
                    36.32111111
                ]
            },
            "properties": {
                "調査時期": "2023_W",
                "都道府県": "長野県",
                "市区町村": "安曇野市",
                "撮影場所": "安曇野市穂高牧 安曇野公園穂高",
                "撮影日時": "2023-01-12T19:51:00+09:00",
                "緯度": "36.32111111",
                "経度": "137.8438889",
                "夜空の明るさ": "20.21",
                "ばらつき": "0.06",
                "周辺状況": "農業地域",
                "備考": "",
                "継続観察登録地点": "○"
            }
        },
        {
            "type": "Feature",
            "geometry": {
                "type": "Point",
                "coordinates": [
                    137.9052778,
                    36.30416667
                ]
            },
            "properties": {
                "調査時期": "2023_W",
                "都道府県": "長野県",
                "市区町村": "安曇野市",
                "撮影場所": "安曇野市豊科 安曇野市役所",
                "撮影日時": "2023-01-12T20:05:00+09:00",
                "緯度": "36.30416667",
                "経度": "137.9052778",
                "夜空の明るさ": "19.22",
                "ばらつき": "0.08",
                "周辺状況": "住宅地域",
                "備考": "",
                "継続観察登録地点": "○"
            }
        },
        {
            "type": "Feature",
            "geometry": {
                "type": "Point",
                "coordinates": [
                    137.9525,
                    36.34361111
                ]
            },
            "properties": {
                "調査時期": "2023_W",
                "都道府県": "長野県",
                "市区町村": "安曇野市",
                "撮影場所": "",
                "撮影日時": "2023-01-19T20:09:00+09:00",
                "緯度": "36.34361111",
                "経度": "137.9525",
                "夜空の明るさ": "20.32",
                "ばらつき": "0.08",
                "周辺状況": "",
                "備考": "",
                "継続観察登録地点": ""
            }
        },
        {
            "type": "Feature",
            "geometry": {
                "type": "Point",
                "coordinates": [
                    137.9372222,
                    36.36611111
                ]
            },
            "properties": {
                "調査時期": "2023_W",
                "都道府県": "長野県",
                "市区町村": "安曇野市",
                "撮影場所": "",
                "撮影日時": "2023-01-19T20:17:00+09:00",
                "緯度": "36.36611111",
                "経度": "137.9372222",
                "夜空の明るさ": "20.19",
                "ばらつき": "0.09",
                "周辺状況": "",
                "備考": "",
                "継続観察登録地点": ""
            }
        },
        {
            "type": "Feature",
            "geometry": {
                "type": "Point",
                "coordinates": [
                    137.9158333,
                    36.33944444
                ]
            },
            "properties": {
                "調査時期": "2023_W",
                "都道府県": "長野県",
                "市区町村": "安曇野市",
                "撮影場所": "",
                "撮影日時": "2023-01-19T20:26:00+09:00",
                "緯度": "36.33944444",
                "経度": "137.9158333",
                "夜空の明るさ": "20.13",
                "ばらつき": "0.05",
                "周辺状況": "",
                "備考": "",
                "継続観察登録地点": ""
            }
        },
        {
            "type": "Feature",
            "geometry": {
                "type": "Point",
                "coordinates": [
                    138.4636111,
                    35.96111111
                ]
            },
            "properties": {
                "調査時期": "2023_W",
                "都道府県": "長野県",
                "市区町村": "南牧村",
                "撮影場所": "南佐久郡南牧村野辺山",
                "撮影日時": "2023-01-19T19:03:00+09:00",
                "緯度": "35.96111111",
                "経度": "138.4636111",
                "夜空の明るさ": "20.55",
                "ばらつき": "0.05",
                "周辺状況": "住宅地域",
                "備考": "",
                "継続観察登録地点": "○"
            }
        },
        {
            "type": "Feature",
            "geometry": {
                "type": "Point",
                "coordinates": [
                    138.4727778,
                    35.94138889
                ]
            },
            "properties": {
                "調査時期": "2023_W",
                "都道府県": "長野県",
                "市区町村": "南牧村",
                "撮影場所": "国立天文台野辺山宇宙電波観測所内",
                "撮影日時": "2023-01-12T18:36:00+09:00",
                "緯度": "35.94138889",
                "経度": "138.4727778",
                "夜空の明るさ": "20.69",
                "ばらつき": "0.09",
                "周辺状況": "農業地域",
                "備考": "",
                "継続観察登録地点": "○"
            }
        },
        {
            "type": "Feature",
            "geometry": {
                "type": "Point",
                "coordinates": [
                    138.4761111,
                    35.97666667
                ]
            },
            "properties": {
                "調査時期": "2023_W",
                "都道府県": "長野県",
                "市区町村": "南牧村",
                "撮影場所": "",
                "撮影日時": "2023-01-21T23:09:00+09:00",
                "緯度": "35.97666667",
                "経度": "138.4761111",
                "夜空の明るさ": "21.15",
                "ばらつき": "0.04",
                "周辺状況": "",
                "備考": "参考値（時間外）",
                "継続観察登録地点": ""
            }
        },
        {
            "type": "Feature",
            "geometry": {
                "type": "Point",
                "coordinates": [
                    138.4752778,
                    35.97777778
                ]
            },
            "properties": {
                "調査時期": "2023_W",
                "都道府県": "長野県",
                "市区町村": "南牧村",
                "撮影場所": "",
                "撮影日時": "2023-01-23T18:41:00+09:00",
                "緯度": "35.97777778",
                "経度": "138.4752778",
                "夜空の明るさ": "20.73",
                "ばらつき": "0.07",
                "周辺状況": "",
                "備考": "",
                "継続観察登録地点": ""
            }
        },
        {
            "type": "Feature",
            "geometry": {
                "type": "Point",
                "coordinates": [
                    138.5166667,
                    36.06138889
                ]
            },
            "properties": {
                "調査時期": "2023_W",
                "都道府県": "長野県",
                "市区町村": "北相木村",
                "撮影場所": "南佐久郡北相木村栃原",
                "撮影日時": "2023-01-12T20:35:00+09:00",
                "緯度": "36.06138889",
                "経度": "138.5166667",
                "夜空の明るさ": "21.04",
                "ばらつき": "0.09",
                "周辺状況": "森林山間地",
                "備考": "",
                "継続観察登録地点": "○"
            }
        },
        {
            "type": "Feature",
            "geometry": {
                "type": "Point",
                "coordinates": [
                    138.4888889,
                    36.15222222
                ]
            },
            "properties": {
                "調査時期": "2023_W",
                "都道府県": "長野県",
                "市区町村": "佐久穂町",
                "撮影場所": "",
                "撮影日時": "2023-01-19T18:36:00+09:00",
                "緯度": "36.15222222",
                "経度": "138.4888889",
                "夜空の明るさ": "19.95",
                "ばらつき": "0.05",
                "周辺状況": "",
                "備考": "",
                "継続観察登録地点": ""
            }
        },
        {
            "type": "Feature",
            "geometry": {
                "type": "Point",
                "coordinates": [
                    138.2983333,
                    36.29361111
                ]
            },
            "properties": {
                "調査時期": "2023_W",
                "都道府県": "長野県",
                "市区町村": "立科町",
                "撮影場所": "",
                "撮影日時": "2023-01-21T18:43:00+09:00",
                "緯度": "36.29361111",
                "経度": "138.2983333",
                "夜空の明るさ": "20.29",
                "ばらつき": "0.07",
                "周辺状況": "",
                "備考": "",
                "継続観察登録地点": ""
            }
        },
        {
            "type": "Feature",
            "geometry": {
                "type": "Point",
                "coordinates": [
                    138.1594444,
                    36.12027778
                ]
            },
            "properties": {
                "調査時期": "2023_W",
                "都道府県": "長野県",
                "市区町村": "下諏訪町",
                "撮影場所": "諏訪郡下諏訪町八島湿原",
                "撮影日時": "2023-01-19T19:04:00+09:00",
                "緯度": "36.12027778",
                "経度": "138.1594444",
                "夜空の明るさ": "20.55",
                "ばらつき": "0.11",
                "周辺状況": "自然公園等",
                "備考": "",
                "継続観察登録地点": "○"
            }
        },
        {
            "type": "Feature",
            "geometry": {
                "type": "Point",
                "coordinates": [
                    138.1594444,
                    36.12027778
                ]
            },
            "properties": {
                "調査時期": "2023_W",
                "都道府県": "長野県",
                "市区町村": "下諏訪町",
                "撮影場所": "諏訪郡下諏訪町八島湿原",
                "撮影日時": "2023-01-21T20:15:00+09:00",
                "緯度": "36.12027778",
                "経度": "138.1594444",
                "夜空の明るさ": "20.96",
                "ばらつき": "0.19",
                "周辺状況": "自然公園等",
                "備考": "",
                "継続観察登録地点": "○"
            }
        },
        {
            "type": "Feature",
            "geometry": {
                "type": "Point",
                "coordinates": [
                    138.0783333,
                    36.05916667
                ]
            },
            "properties": {
                "調査時期": "2023_W",
                "都道府県": "長野県",
                "市区町村": "下諏訪町",
                "撮影場所": "下諏訪町赤砂崎公園",
                "撮影日時": "2023-01-18T20:12:00+09:00",
                "緯度": "36.05916667",
                "経度": "138.0783333",
                "夜空の明るさ": "19.45",
                "ばらつき": "0.05",
                "周辺状況": "自然公園等",
                "備考": "",
                "継続観察登録地点": "○"
            }
        },
        {
            "type": "Feature",
            "geometry": {
                "type": "Point",
                "coordinates": [
                    138.0786111,
                    36.06972222
                ]
            },
            "properties": {
                "調査時期": "2023_W",
                "都道府県": "長野県",
                "市区町村": "下諏訪町",
                "撮影場所": "",
                "撮影日時": "2023-01-18T20:35:00+09:00",
                "緯度": "36.06972222",
                "経度": "138.0786111",
                "夜空の明るさ": "19.21",
                "ばらつき": "0.06",
                "周辺状況": "",
                "備考": "",
                "継続観察登録地点": ""
            }
        },
        {
            "type": "Feature",
            "geometry": {
                "type": "Point",
                "coordinates": [
                    138.1272222,
                    36.08333333
                ]
            },
            "properties": {
                "調査時期": "2023_W",
                "都道府県": "長野県",
                "市区町村": "下諏訪町",
                "撮影場所": "",
                "撮影日時": "2023-01-19T19:54:00+09:00",
                "緯度": "36.08333333",
                "経度": "138.1272222",
                "夜空の明るさ": "20.22",
                "ばらつき": "0.05",
                "周辺状況": "",
                "備考": "",
                "継続観察登録地点": ""
            }
        },
        {
            "type": "Feature",
            "geometry": {
                "type": "Point",
                "coordinates": [
                    138.2805556,
                    35.91861111
                ]
            },
            "properties": {
                "調査時期": "2023_W",
                "都道府県": "長野県",
                "市区町村": "富士見町",
                "撮影場所": "",
                "撮影日時": "2023-01-12T19:41:00+09:00",
                "緯度": "35.91861111",
                "経度": "138.2805556",
                "夜空の明るさ": "20.77",
                "ばらつき": "0.07",
                "周辺状況": "",
                "備考": "",
                "継続観察登録地点": ""
            }
        },
        {
            "type": "Feature",
            "geometry": {
                "type": "Point",
                "coordinates": [
                    138.24,
                    35.91361111
                ]
            },
            "properties": {
                "調査時期": "2023_W",
                "都道府県": "長野県",
                "市区町村": "富士見町",
                "撮影場所": "",
                "撮影日時": "2023-01-17T18:44:00+09:00",
                "緯度": "35.91361111",
                "経度": "138.24",
                "夜空の明るさ": "19.31",
                "ばらつき": "0.09",
                "周辺状況": "",
                "備考": "",
                "継続観察登録地点": ""
            }
        },
        {
            "type": "Feature",
            "geometry": {
                "type": "Point",
                "coordinates": [
                    138.1708333,
                    35.90277778
                ]
            },
            "properties": {
                "調査時期": "2023_W",
                "都道府県": "長野県",
                "市区町村": "富士見町",
                "撮影場所": "マナスル山荘天文館コテージ広場",
                "撮影日時": "2023-01-21T20:08:00+09:00",
                "緯度": "35.90277778",
                "経度": "138.1708333",
                "夜空の明るさ": "20.68",
                "ばらつき": "0.07",
                "周辺状況": "森林山間地",
                "備考": "",
                "継続観察登録地点": "○"
            }
        },
        {
            "type": "Feature",
            "geometry": {
                "type": "Point",
                "coordinates": [
                    138.2786111,
                    35.8775
                ]
            },
            "properties": {
                "調査時期": "2023_W",
                "都道府県": "長野県",
                "市区町村": "富士見町",
                "撮影場所": "",
                "撮影日時": "2023-01-25T19:34:00+09:00",
                "緯度": "35.8775",
                "経度": "138.2786111",
                "夜空の明るさ": "20.43",
                "ばらつき": "0.09",
                "周辺状況": "",
                "備考": "",
                "継続観察登録地点": ""
            }
        },
        {
            "type": "Feature",
            "geometry": {
                "type": "Point",
                "coordinates": [
                    138.2661111,
                    35.97194444
                ]
            },
            "properties": {
                "調査時期": "2023_W",
                "都道府県": "長野県",
                "市区町村": "原村",
                "撮影場所": "八ヶ岳自然文化園",
                "撮影日時": "2023-01-12T20:05:00+09:00",
                "緯度": "35.97194444",
                "経度": "138.2661111",
                "夜空の明るさ": "20.79",
                "ばらつき": "0.07",
                "周辺状況": "自然公園等",
                "備考": "",
                "継続観察登録地点": "○"
            }
        },
        {
            "type": "Feature",
            "geometry": {
                "type": "Point",
                "coordinates": [
                    138.2630556,
                    35.97305556
                ]
            },
            "properties": {
                "調査時期": "2023_W",
                "都道府県": "長野県",
                "市区町村": "原村",
                "撮影場所": "",
                "撮影日時": "2023-01-21T19:53:00+09:00",
                "緯度": "35.97305556",
                "経度": "138.2630556",
                "夜空の明るさ": "20.78",
                "ばらつき": "0.09",
                "周辺状況": "",
                "備考": "",
                "継続観察登録地点": ""
            }
        },
        {
            "type": "Feature",
            "geometry": {
                "type": "Point",
                "coordinates": [
                    138.27,
                    35.97083333
                ]
            },
            "properties": {
                "調査時期": "2023_W",
                "都道府県": "長野県",
                "市区町村": "原村",
                "撮影場所": "",
                "撮影日時": "2023-01-21T19:26:00+09:00",
                "緯度": "35.97083333",
                "経度": "138.27",
                "夜空の明るさ": "20.36",
                "ばらつき": "0.08",
                "周辺状況": "",
                "備考": "",
                "継続観察登録地点": ""
            }
        },
        {
            "type": "Feature",
            "geometry": {
                "type": "Point",
                "coordinates": [
                    138.2630556,
                    35.97361111
                ]
            },
            "properties": {
                "調査時期": "2023_W",
                "都道府県": "長野県",
                "市区町村": "原村",
                "撮影場所": "",
                "撮影日時": "2023-01-21T19:39:00+09:00",
                "緯度": "35.97361111",
                "経度": "138.2630556",
                "夜空の明るさ": "20.4",
                "ばらつき": "0.11",
                "周辺状況": "",
                "備考": "",
                "継続観察登録地点": ""
            }
        },
        {
            "type": "Feature",
            "geometry": {
                "type": "Point",
                "coordinates": [
                    138.2630556,
                    35.97361111
                ]
            },
            "properties": {
                "調査時期": "2023_W",
                "都道府県": "長野県",
                "市区町村": "原村",
                "撮影場所": "",
                "撮影日時": "2023-01-12T20:12:00+09:00",
                "緯度": "35.97361111",
                "経度": "138.2630556",
                "夜空の明るさ": "20.77",
                "ばらつき": "0.08",
                "周辺状況": "",
                "備考": "",
                "継続観察登録地点": ""
            }
        },
        {
            "type": "Feature",
            "geometry": {
                "type": "Point",
                "coordinates": [
                    138.2183333,
                    35.96416667
                ]
            },
            "properties": {
                "調査時期": "2023_W",
                "都道府県": "長野県",
                "市区町村": "原村",
                "撮影場所": "",
                "撮影日時": "2023-01-18T18:41:00+09:00",
                "緯度": "35.96416667",
                "経度": "138.2183333",
                "夜空の明るさ": "19.82",
                "ばらつき": "0.09",
                "周辺状況": "",
                "備考": "",
                "継続観察登録地点": ""
            }
        },
        {
            "type": "Feature",
            "geometry": {
                "type": "Point",
                "coordinates": [
                    137.9808333,
                    35.98888889
                ]
            },
            "properties": {
                "調査時期": "2023_W",
                "都道府県": "長野県",
                "市区町村": "辰野町",
                "撮影場所": "",
                "撮影日時": "2023-01-19T19:44:00+09:00",
                "緯度": "35.98888889",
                "経度": "137.9808333",
                "夜空の明るさ": "20.15",
                "ばらつき": "0.07",
                "周辺状況": "",
                "備考": "",
                "継続観察登録地点": ""
            }
        },
        {
            "type": "Feature",
            "geometry": {
                "type": "Point",
                "coordinates": [
                    137.9825,
                    35.97944444
                ]
            },
            "properties": {
                "調査時期": "2023_W",
                "都道府県": "長野県",
                "市区町村": "辰野町",
                "撮影場所": "",
                "撮影日時": "2023-01-19T19:54:00+09:00",
                "緯度": "35.97944444",
                "経度": "137.9825",
                "夜空の明るさ": "19.87",
                "ばらつき": "0.09",
                "周辺状況": "",
                "備考": "",
                "継続観察登録地点": ""
            }
        },
        {
            "type": "Feature",
            "geometry": {
                "type": "Point",
                "coordinates": [
                    137.9875,
                    35.98222222
                ]
            },
            "properties": {
                "調査時期": "2023_W",
                "都道府県": "長野県",
                "市区町村": "辰野町",
                "撮影場所": "",
                "撮影日時": "2023-01-19T20:01:00+09:00",
                "緯度": "35.98222222",
                "経度": "137.9875",
                "夜空の明るさ": "19.47",
                "ばらつき": "0.13",
                "周辺状況": "",
                "備考": "",
                "継続観察登録地点": ""
            }
        },
        {
            "type": "Feature",
            "geometry": {
                "type": "Point",
                "coordinates": [
                    137.9875,
                    35.89944444
                ]
            },
            "properties": {
                "調査時期": "2023_W",
                "都道府県": "長野県",
                "市区町村": "箕輪町",
                "撮影場所": "JR木ノ下駅周辺",
                "撮影日時": "2023-01-18T19:58:00+09:00",
                "緯度": "35.89944444",
                "経度": "137.9875",
                "夜空の明るさ": "19.3",
                "ばらつき": "0.12",
                "周辺状況": "住宅地域",
                "備考": "",
                "継続観察登録地点": "○"
            }
        },
        {
            "type": "Feature",
            "geometry": {
                "type": "Point",
                "coordinates": [
                    137.9433333,
                    35.88527778
                ]
            },
            "properties": {
                "調査時期": "2023_W",
                "都道府県": "長野県",
                "市区町村": "南箕輪村",
                "撮影場所": "上伊那郡南箕輪村 大芝公園",
                "撮影日時": "2023-01-19T20:22:00+09:00",
                "緯度": "35.88527778",
                "経度": "137.9433333",
                "夜空の明るさ": "19.9",
                "ばらつき": "0.22",
                "周辺状況": "自然公園等",
                "備考": "",
                "継続観察登録地点": "○"
            }
        },
        {
            "type": "Feature",
            "geometry": {
                "type": "Point",
                "coordinates": [
                    137.9305556,
                    35.605
                ]
            },
            "properties": {
                "調査時期": "2023_W",
                "都道府県": "長野県",
                "市区町村": "中川村",
                "撮影場所": "",
                "撮影日時": "2023-01-25T20:27:00+09:00",
                "緯度": "35.605",
                "経度": "137.9305556",
                "夜空の明るさ": "20.34",
                "ばらつき": "0.1",
                "周辺状況": "",
                "備考": "",
                "継続観察登録地点": ""
            }
        },
        {
            "type": "Feature",
            "geometry": {
                "type": "Point",
                "coordinates": [
                    137.8744444,
                    35.61416667
                ]
            },
            "properties": {
                "調査時期": "2023_W",
                "都道府県": "長野県",
                "市区町村": "松川町",
                "撮影場所": "",
                "撮影日時": "2023-01-25T18:43:00+09:00",
                "緯度": "35.61416667",
                "経度": "137.8744444",
                "夜空の明るさ": "20.48",
                "ばらつき": "0.12",
                "周辺状況": "",
                "備考": "",
                "継続観察登録地点": ""
            }
        },
        {
            "type": "Feature",
            "geometry": {
                "type": "Point",
                "coordinates": [
                    137.9091667,
                    35.59722222
                ]
            },
            "properties": {
                "調査時期": "2023_W",
                "都道府県": "長野県",
                "市区町村": "松川町",
                "撮影場所": "",
                "撮影日時": "2023-01-25T20:17:00+09:00",
                "緯度": "35.59722222",
                "経度": "137.9091667",
                "夜空の明るさ": "20.1",
                "ばらつき": "0.09",
                "周辺状況": "",
                "備考": "",
                "継続観察登録地点": ""
            }
        },
        {
            "type": "Feature",
            "geometry": {
                "type": "Point",
                "coordinates": [
                    137.7502778,
                    35.41111111
                ]
            },
            "properties": {
                "調査時期": "2023_W",
                "都道府県": "長野県",
                "市区町村": "阿智村",
                "撮影場所": "下伊那郡阿智村伍和 栗矢観測所",
                "撮影日時": "2023-01-16T19:08:00+09:00",
                "緯度": "35.41111111",
                "経度": "137.7502778",
                "夜空の明るさ": "20.88",
                "ばらつき": "0.06",
                "周辺状況": "農業地域",
                "備考": "",
                "継続観察登録地点": "○"
            }
        },
        {
            "type": "Feature",
            "geometry": {
                "type": "Point",
                "coordinates": [
                    137.7502778,
                    35.41111111
                ]
            },
            "properties": {
                "調査時期": "2023_W",
                "都道府県": "長野県",
                "市区町村": "阿智村",
                "撮影場所": "下伊那郡阿智村伍和 栗矢観測所",
                "撮影日時": "2023-01-16T19:11:00+09:00",
                "緯度": "35.41111111",
                "経度": "137.7502778",
                "夜空の明るさ": "20.79",
                "ばらつき": "0.02",
                "周辺状況": "農業地域",
                "備考": "",
                "継続観察登録地点": "○"
            }
        },
        {
            "type": "Feature",
            "geometry": {
                "type": "Point",
                "coordinates": [
                    137.6702778,
                    35.5125
                ]
            },
            "properties": {
                "調査時期": "2023_W",
                "都道府県": "長野県",
                "市区町村": "阿智村",
                "撮影場所": "下伊那郡阿智村清内路 流星観測場所",
                "撮影日時": "2023-01-18T18:49:00+09:00",
                "緯度": "35.5125",
                "経度": "137.6702778",
                "夜空の明るさ": "20.65",
                "ばらつき": "0.07",
                "周辺状況": "森林山間地",
                "備考": "",
                "継続観察登録地点": "○"
            }
        },
        {
            "type": "Feature",
            "geometry": {
                "type": "Point",
                "coordinates": [
                    137.6702778,
                    35.5125
                ]
            },
            "properties": {
                "調査時期": "2023_W",
                "都道府県": "長野県",
                "市区町村": "阿智村",
                "撮影場所": "下伊那郡阿智村清内路 流星観測場所",
                "撮影日時": "2023-01-18T18:52:00+09:00",
                "緯度": "35.5125",
                "経度": "137.6702778",
                "夜空の明るさ": "20.67",
                "ばらつき": "0.03",
                "周辺状況": "森林山間地",
                "備考": "",
                "継続観察登録地点": "○"
            }
        },
        {
            "type": "Feature",
            "geometry": {
                "type": "Point",
                "coordinates": [
                    137.8755556,
                    35.51472222
                ]
            },
            "properties": {
                "調査時期": "2023_W",
                "都道府県": "長野県",
                "市区町村": "喬木村",
                "撮影場所": "",
                "撮影日時": "2023-01-25T19:44:00+09:00",
                "緯度": "35.51472222",
                "経度": "137.8755556",
                "夜空の明るさ": "19.66",
                "ばらつき": "0.11",
                "周辺状況": "",
                "備考": "",
                "継続観察登録地点": ""
            }
        },
        {
            "type": "Feature",
            "geometry": {
                "type": "Point",
                "coordinates": [
                    137.8958333,
                    35.55194444
                ]
            },
            "properties": {
                "調査時期": "2023_W",
                "都道府県": "長野県",
                "市区町村": "豊丘村",
                "撮影場所": "",
                "撮影日時": "2023-01-25T19:57:00+09:00",
                "緯度": "35.55194444",
                "経度": "137.8958333",
                "夜空の明るさ": "20.03",
                "ばらつき": "0.06",
                "周辺状況": "",
                "備考": "",
                "継続観察登録地点": ""
            }
        },
        {
            "type": "Feature",
            "geometry": {
                "type": "Point",
                "coordinates": [
                    138.035,
                    35.56111111
                ]
            },
            "properties": {
                "調査時期": "2023_W",
                "都道府県": "長野県",
                "市区町村": "大鹿村",
                "撮影場所": "",
                "撮影日時": "2023-01-17T19:19:00+09:00",
                "緯度": "35.56111111",
                "経度": "138.035",
                "夜空の明るさ": "20.02",
                "ばらつき": "0.12",
                "周辺状況": "",
                "備考": "",
                "継続観察登録地点": ""
            }
        },
        {
            "type": "Feature",
            "geometry": {
                "type": "Point",
                "coordinates": [
                    138.0711111,
                    35.60194444
                ]
            },
            "properties": {
                "調査時期": "2023_W",
                "都道府県": "長野県",
                "市区町村": "大鹿村",
                "撮影場所": "",
                "撮影日時": "2023-01-21T19:17:00+09:00",
                "緯度": "35.60194444",
                "経度": "138.0711111",
                "夜空の明るさ": "21.13",
                "ばらつき": "0.14",
                "周辺状況": "",
                "備考": "",
                "継続観察登録地点": ""
            }
        },
        {
            "type": "Feature",
            "geometry": {
                "type": "Point",
                "coordinates": [
                    138.0677778,
                    35.60083333
                ]
            },
            "properties": {
                "調査時期": "2023_W",
                "都道府県": "長野県",
                "市区町村": "大鹿村",
                "撮影場所": "",
                "撮影日時": "2023-01-21T19:30:00+09:00",
                "緯度": "35.60083333",
                "経度": "138.0677778",
                "夜空の明るさ": "21.18",
                "ばらつき": "0.11",
                "周辺状況": "",
                "備考": "",
                "継続観察登録地点": ""
            }
        },
        {
            "type": "Feature",
            "geometry": {
                "type": "Point",
                "coordinates": [
                    138.0683333,
                    35.6
                ]
            },
            "properties": {
                "調査時期": "2023_W",
                "都道府県": "長野県",
                "市区町村": "大鹿村",
                "撮影場所": "",
                "撮影日時": "2023-01-21T19:41:00+09:00",
                "緯度": "35.6",
                "経度": "138.0683333",
                "夜空の明るさ": "21.25",
                "ばらつき": "0.11",
                "周辺状況": "",
                "備考": "",
                "継続観察登録地点": ""
            }
        },
        {
            "type": "Feature",
            "geometry": {
                "type": "Point",
                "coordinates": [
                    138.0586111,
                    35.59
                ]
            },
            "properties": {
                "調査時期": "2023_W",
                "都道府県": "長野県",
                "市区町村": "大鹿村",
                "撮影場所": "",
                "撮影日時": "2023-01-21T20:04:00+09:00",
                "緯度": "35.59",
                "経度": "138.0586111",
                "夜空の明るさ": "21.16",
                "ばらつき": "0.1",
                "周辺状況": "",
                "備考": "",
                "継続観察登録地点": ""
            }
        },
        {
            "type": "Feature",
            "geometry": {
                "type": "Point",
                "coordinates": [
                    137.6875,
                    35.8075
                ]
            },
            "properties": {
                "調査時期": "2023_W",
                "都道府県": "長野県",
                "市区町村": "上松町",
                "撮影場所": "木曽の桟",
                "撮影日時": "2023-01-12T21:08:00+09:00",
                "緯度": "35.8075",
                "経度": "137.6875",
                "夜空の明るさ": "20.96",
                "ばらつき": "0.1",
                "周辺状況": "森林山間地",
                "備考": "参考値（時間外）",
                "継続観察登録地点": "○"
            }
        },
        {
            "type": "Feature",
            "geometry": {
                "type": "Point",
                "coordinates": [
                    137.7152778,
                    35.7225
                ]
            },
            "properties": {
                "調査時期": "2023_W",
                "都道府県": "長野県",
                "市区町村": "上松町",
                "撮影場所": "木曽郡上松町倉本",
                "撮影日時": "2023-01-12T21:29:00+09:00",
                "緯度": "35.7225",
                "経度": "137.7152778",
                "夜空の明るさ": "21.1",
                "ばらつき": "0.13",
                "周辺状況": "その他",
                "備考": "参考値（時間外）",
                "継続観察登録地点": "○"
            }
        },
        {
            "type": "Feature",
            "geometry": {
                "type": "Point",
                "coordinates": [
                    137.6936111,
                    35.78388889
                ]
            },
            "properties": {
                "調査時期": "2023_W",
                "都道府県": "長野県",
                "市区町村": "上松町",
                "撮影場所": "上松駅前",
                "撮影日時": "2023-01-12T21:18:00+09:00",
                "緯度": "35.78388889",
                "経度": "137.6936111",
                "夜空の明るさ": "19.71",
                "ばらつき": "0.09",
                "周辺状況": "商業地域",
                "備考": "参考値（時間外）",
                "継続観察登録地点": "○"
            }
        },
        {
            "type": "Feature",
            "geometry": {
                "type": "Point",
                "coordinates": [
                    137.7152778,
                    35.7225
                ]
            },
            "properties": {
                "調査時期": "2023_W",
                "都道府県": "長野県",
                "市区町村": "上松町",
                "撮影場所": "木曽郡上松町倉本",
                "撮影日時": "2023-01-12T19:25:00+09:00",
                "緯度": "35.7225",
                "経度": "137.7152778",
                "夜空の明るさ": "21.05",
                "ばらつき": "0.06",
                "周辺状況": "その他",
                "備考": "",
                "継続観察登録地点": "○"
            }
        },
        {
            "type": "Feature",
            "geometry": {
                "type": "Point",
                "coordinates": [
                    137.6933333,
                    35.78361111
                ]
            },
            "properties": {
                "調査時期": "2023_W",
                "都道府県": "長野県",
                "市区町村": "上松町",
                "撮影場所": "上松駅前",
                "撮影日時": "2023-01-18T20:31:00+09:00",
                "緯度": "35.78361111",
                "経度": "137.6933333",
                "夜空の明るさ": "20.23",
                "ばらつき": "0.04",
                "周辺状況": "商業地域",
                "備考": "",
                "継続観察登録地点": "○"
            }
        },
        {
            "type": "Feature",
            "geometry": {
                "type": "Point",
                "coordinates": [
                    137.6847222,
                    35.81027778
                ]
            },
            "properties": {
                "調査時期": "2023_W",
                "都道府県": "長野県",
                "市区町村": "上松町",
                "撮影場所": "木曽の桟",
                "撮影日時": "2023-01-18T20:41:00+09:00",
                "緯度": "35.81027778",
                "経度": "137.6847222",
                "夜空の明るさ": "20.97",
                "ばらつき": "0.03",
                "周辺状況": "森林山間地",
                "備考": "",
                "継続観察登録地点": "○"
            }
        },
        {
            "type": "Feature",
            "geometry": {
                "type": "Point",
                "coordinates": [
                    137.6269444,
                    35.56277778
                ]
            },
            "properties": {
                "調査時期": "2023_W",
                "都道府県": "長野県",
                "市区町村": "南木曽町",
                "撮影場所": "",
                "撮影日時": "2023-01-25T21:46:00+09:00",
                "緯度": "35.56277778",
                "経度": "137.6269444",
                "夜空の明るさ": "20.69",
                "ばらつき": "0.07",
                "周辺状況": "",
                "備考": "参考値（時間外）",
                "継続観察登録地点": ""
            }
        },
        {
            "type": "Feature",
            "geometry": {
                "type": "Point",
                "coordinates": [
                    137.6061111,
                    35.59916667
                ]
            },
            "properties": {
                "調査時期": "2023_W",
                "都道府県": "長野県",
                "市区町村": "南木曽町",
                "撮影場所": "天白公園駐車場",
                "撮影日時": "2023-01-12T20:11:00+09:00",
                "緯度": "35.59916667",
                "経度": "137.6061111",
                "夜空の明るさ": "20.6",
                "ばらつき": "0.05",
                "周辺状況": "自然公園等",
                "備考": "",
                "継続観察登録地点": "○"
            }
        },
        {
            "type": "Feature",
            "geometry": {
                "type": "Point",
                "coordinates": [
                    137.55,
                    35.59055556
                ]
            },
            "properties": {
                "調査時期": "2023_W",
                "都道府県": "長野県",
                "市区町村": "南木曽町",
                "撮影場所": "田立小学校",
                "撮影日時": "2023-01-12T20:27:00+09:00",
                "緯度": "35.59055556",
                "経度": "137.55",
                "夜空の明るさ": "20.75",
                "ばらつき": "0.03",
                "周辺状況": "住宅地域",
                "備考": "",
                "継続観察登録地点": "○"
            }
        },
        {
            "type": "Feature",
            "geometry": {
                "type": "Point",
                "coordinates": [
                    137.7836111,
                    35.93166667
                ]
            },
            "properties": {
                "調査時期": "2023_W",
                "都道府県": "長野県",
                "市区町村": "木祖村",
                "撮影場所": "木祖村郷土館脇",
                "撮影日時": "2023-01-12T19:41:00+09:00",
                "緯度": "35.93166667",
                "経度": "137.7836111",
                "夜空の明るさ": "20.42",
                "ばらつき": "0.12",
                "周辺状況": "商業地域",
                "備考": "",
                "継続観察登録地点": "○"
            }
        },
        {
            "type": "Feature",
            "geometry": {
                "type": "Point",
                "coordinates": [
                    137.7833333,
                    35.93138889
                ]
            },
            "properties": {
                "調査時期": "2023_W",
                "都道府県": "長野県",
                "市区町村": "木祖村",
                "撮影場所": "木祖村郷土館脇",
                "撮影日時": "2023-01-19T19:08:00+09:00",
                "緯度": "35.93138889",
                "経度": "137.7833333",
                "夜空の明るさ": "20.42",
                "ばらつき": "0.06",
                "周辺状況": "商業地域",
                "備考": "",
                "継続観察登録地点": "○"
            }
        },
        {
            "type": "Feature",
            "geometry": {
                "type": "Point",
                "coordinates": [
                    137.5077778,
                    35.79583333
                ]
            },
            "properties": {
                "調査時期": "2023_W",
                "都道府県": "長野県",
                "市区町村": "王滝村",
                "撮影場所": "王滝村氷ケ瀬",
                "撮影日時": "2023-01-19T21:26:00+09:00",
                "緯度": "35.79583333",
                "経度": "137.5077778",
                "夜空の明るさ": "21.04",
                "ばらつき": "0.11",
                "周辺状況": "森林山間地",
                "備考": "参考値（時間外）",
                "継続観察登録地点": "○"
            }
        },
        {
            "type": "Feature",
            "geometry": {
                "type": "Point",
                "coordinates": [
                    137.6236111,
                    35.79666667
                ]
            },
            "properties": {
                "調査時期": "2023_W",
                "都道府県": "長野県",
                "市区町村": "王滝村",
                "撮影場所": "東京大学木曽観測所",
                "撮影日時": "2023-01-12T18:49:00+09:00",
                "緯度": "35.79666667",
                "経度": "137.6236111",
                "夜空の明るさ": "21.16",
                "ばらつき": "0.1",
                "周辺状況": "森林山間地",
                "備考": "",
                "継続観察登録地点": "○"
            }
        },
        {
            "type": "Feature",
            "geometry": {
                "type": "Point",
                "coordinates": [
                    137.6236111,
                    35.79666667
                ]
            },
            "properties": {
                "調査時期": "2023_W",
                "都道府県": "長野県",
                "市区町村": "王滝村",
                "撮影場所": "東京大学木曽観測所",
                "撮影日時": "2023-01-16T20:19:00+09:00",
                "緯度": "35.79666667",
                "経度": "137.6236111",
                "夜空の明るさ": "21.33",
                "ばらつき": "0.06",
                "周辺状況": "森林山間地",
                "備考": "",
                "継続観察登録地点": "○"
            }
        },
        {
            "type": "Feature",
            "geometry": {
                "type": "Point",
                "coordinates": [
                    137.6236111,
                    35.79666667
                ]
            },
            "properties": {
                "調査時期": "2023_W",
                "都道府県": "長野県",
                "市区町村": "王滝村",
                "撮影場所": "東京大学木曽観測所",
                "撮影日時": "2023-01-21T19:58:00+09:00",
                "緯度": "35.79666667",
                "経度": "137.6236111",
                "夜空の明るさ": "21.23",
                "ばらつき": "0.07",
                "周辺状況": "森林山間地",
                "備考": "",
                "継続観察登録地点": "○"
            }
        },
        {
            "type": "Feature",
            "geometry": {
                "type": "Point",
                "coordinates": [
                    137.6705556,
                    35.68805556
                ]
            },
            "properties": {
                "調査時期": "2023_W",
                "都道府県": "長野県",
                "市区町村": "大桑村",
                "撮影場所": "大桑中学校",
                "撮影日時": "2023-01-12T19:40:00+09:00",
                "緯度": "35.68805556",
                "経度": "137.6705556",
                "夜空の明るさ": "20.93",
                "ばらつき": "0.06",
                "周辺状況": "住宅地域",
                "備考": "",
                "継続観察登録地点": "○"
            }
        },
        {
            "type": "Feature",
            "geometry": {
                "type": "Point",
                "coordinates": [
                    137.7627778,
                    35.8875
                ]
            },
            "properties": {
                "調査時期": "2023_W",
                "都道府県": "長野県",
                "市区町村": "木曽町",
                "撮影場所": "宮ノ越駅前",
                "撮影日時": "2023-01-12T19:56:00+09:00",
                "緯度": "35.8875",
                "経度": "137.7627778",
                "夜空の明るさ": "20.65",
                "ばらつき": "0.08",
                "周辺状況": "住宅地域",
                "備考": "",
                "継続観察登録地点": "○"
            }
        },
        {
            "type": "Feature",
            "geometry": {
                "type": "Point",
                "coordinates": [
                    137.7402778,
                    35.86638889
                ]
            },
            "properties": {
                "調査時期": "2023_W",
                "都道府県": "長野県",
                "市区町村": "木曽町",
                "撮影場所": "道の駅日義木曽駒高原",
                "撮影日時": "2023-01-12T20:08:00+09:00",
                "緯度": "35.86638889",
                "経度": "137.7402778",
                "夜空の明るさ": "20.4",
                "ばらつき": "0.09",
                "周辺状況": "住宅地域",
                "備考": "",
                "継続観察登録地点": "○"
            }
        },
        {
            "type": "Feature",
            "geometry": {
                "type": "Point",
                "coordinates": [
                    137.7558333,
                    35.83083333
                ]
            },
            "properties": {
                "調査時期": "2023_W",
                "都道府県": "長野県",
                "市区町村": "木曽町",
                "撮影場所": "キビオ峠",
                "撮影日時": "2023-01-12T20:28:00+09:00",
                "緯度": "35.83083333",
                "経度": "137.7558333",
                "夜空の明るさ": "21.1",
                "ばらつき": "0.04",
                "周辺状況": "森林山間地",
                "備考": "",
                "継続観察登録地点": "○"
            }
        },
        {
            "type": "Feature",
            "geometry": {
                "type": "Point",
                "coordinates": [
                    137.7036111,
                    35.84972222
                ]
            },
            "properties": {
                "調査時期": "2023_W",
                "都道府県": "長野県",
                "市区町村": "木曽町",
                "撮影場所": "関山公園",
                "撮影日時": "2023-01-12T20:47:00+09:00",
                "緯度": "35.84972222",
                "経度": "137.7036111",
                "夜空の明るさ": "20.76",
                "ばらつき": "0.09",
                "周辺状況": "自然公園等",
                "備考": "",
                "継続観察登録地点": "○"
            }
        },
        {
            "type": "Feature",
            "geometry": {
                "type": "Point",
                "coordinates": [
                    137.6875,
                    35.83888889
                ]
            },
            "properties": {
                "調査時期": "2023_W",
                "都道府県": "長野県",
                "市区町村": "木曽町",
                "撮影場所": "木曽合同庁舎脇",
                "撮影日時": "2023-01-12T20:57:00+09:00",
                "緯度": "35.83888889",
                "経度": "137.6875",
                "夜空の明るさ": "20.2",
                "ばらつき": "0.09",
                "周辺状況": "商業地域",
                "備考": "参考値（時間外）",
                "継続観察登録地点": "○"
            }
        },
        {
            "type": "Feature",
            "geometry": {
                "type": "Point",
                "coordinates": [
                    137.5747222,
                    35.96583333
                ]
            },
            "properties": {
                "調査時期": "2023_W",
                "都道府県": "長野県",
                "市区町村": "木曽町",
                "撮影場所": "開田高原水芭蕉園",
                "撮影日時": "2023-01-12T19:21:00+09:00",
                "緯度": "35.96583333",
                "経度": "137.5747222",
                "夜空の明るさ": "21.38",
                "ばらつき": "0.13",
                "周辺状況": "自然公園等",
                "備考": "",
                "継続観察登録地点": "○"
            }
        },
        {
            "type": "Feature",
            "geometry": {
                "type": "Point",
                "coordinates": [
                    137.5861111,
                    35.89611111
                ]
            },
            "properties": {
                "調査時期": "2023_W",
                "都道府県": "長野県",
                "市区町村": "木曽町",
                "撮影場所": "木曽町三岳倉本",
                "撮影日時": "2023-01-12T18:38:00+09:00",
                "緯度": "35.89611111",
                "経度": "137.5861111",
                "夜空の明るさ": "21.42",
                "ばらつき": "0.11",
                "周辺状況": "森林山間地",
                "備考": "",
                "継続観察登録地点": "○"
            }
        },
        {
            "type": "Feature",
            "geometry": {
                "type": "Point",
                "coordinates": [
                    137.5861111,
                    35.89611111
                ]
            },
            "properties": {
                "調査時期": "2023_W",
                "都道府県": "長野県",
                "市区町村": "木曽町",
                "撮影場所": "木曽町三岳倉本",
                "撮影日時": "2023-01-19T18:38:00+09:00",
                "緯度": "35.89611111",
                "経度": "137.5861111",
                "夜空の明るさ": "20.95",
                "ばらつき": "0.11",
                "周辺状況": "森林山間地",
                "備考": "",
                "継続観察登録地点": "○"
            }
        },
        {
            "type": "Feature",
            "geometry": {
                "type": "Point",
                "coordinates": [
                    137.5561111,
                    35.91944444
                ]
            },
            "properties": {
                "調査時期": "2023_W",
                "都道府県": "長野県",
                "市区町村": "木曽町",
                "撮影場所": "開田高原保健休養地テニスコート",
                "撮影日時": "2023-01-12T20:00:00+09:00",
                "緯度": "35.91944444",
                "経度": "137.5561111",
                "夜空の明るさ": "21.31",
                "ばらつき": "0.09",
                "周辺状況": "森林山間地",
                "備考": "",
                "継続観察登録地点": "○"
            }
        },
        {
            "type": "Feature",
            "geometry": {
                "type": "Point",
                "coordinates": [
                    137.6291667,
                    35.93277778
                ]
            },
            "properties": {
                "調査時期": "2023_W",
                "都道府県": "長野県",
                "市区町村": "木曽町",
                "撮影場所": "木曽馬の里",
                "撮影日時": "2023-01-16T20:14:00+09:00",
                "緯度": "35.93277778",
                "経度": "137.6291667",
                "夜空の明るさ": "21.39",
                "ばらつき": "0.08",
                "周辺状況": "その他",
                "備考": "",
                "継続観察登録地点": "○"
            }
        },
        {
            "type": "Feature",
            "geometry": {
                "type": "Point",
                "coordinates": [
                    137.7630556,
                    35.88805556
                ]
            },
            "properties": {
                "調査時期": "2023_W",
                "都道府県": "長野県",
                "市区町村": "木曽町",
                "撮影場所": "宮ノ越駅前",
                "撮影日時": "2023-01-19T19:23:00+09:00",
                "緯度": "35.88805556",
                "経度": "137.7630556",
                "夜空の明るさ": "20.56",
                "ばらつき": "0.07",
                "周辺状況": "住宅地域",
                "備考": "",
                "継続観察登録地点": "○"
            }
        },
        {
            "type": "Feature",
            "geometry": {
                "type": "Point",
                "coordinates": [
                    137.7411111,
                    35.86527778
                ]
            },
            "properties": {
                "調査時期": "2023_W",
                "都道府県": "長野県",
                "市区町村": "木曽町",
                "撮影場所": "道の駅日義木曽駒高原",
                "撮影日時": "2023-01-19T19:48:00+09:00",
                "緯度": "35.86527778",
                "経度": "137.7411111",
                "夜空の明るさ": "20.49",
                "ばらつき": "0.08",
                "周辺状況": "住宅地域",
                "備考": "",
                "継続観察登録地点": "○"
            }
        },
        {
            "type": "Feature",
            "geometry": {
                "type": "Point",
                "coordinates": [
                    137.7558333,
                    35.83
                ]
            },
            "properties": {
                "調査時期": "2023_W",
                "都道府県": "長野県",
                "市区町村": "木曽町",
                "撮影場所": "キビオ峠",
                "撮影日時": "2023-01-19T20:17:00+09:00",
                "緯度": "35.83",
                "経度": "137.7558333",
                "夜空の明るさ": "20.95",
                "ばらつき": "0.03",
                "周辺状況": "森林山間地",
                "備考": "",
                "継続観察登録地点": "○"
            }
        },
        {
            "type": "Feature",
            "geometry": {
                "type": "Point",
                "coordinates": [
                    137.6875,
                    35.83888889
                ]
            },
            "properties": {
                "調査時期": "2023_W",
                "都道府県": "長野県",
                "市区町村": "木曽町",
                "撮影場所": "木曽合同庁舎脇",
                "撮影日時": "2023-01-19T20:46:00+09:00",
                "緯度": "35.83888889",
                "経度": "137.6875",
                "夜空の明るさ": "20.25",
                "ばらつき": "0.07",
                "周辺状況": "商業地域",
                "備考": "",
                "継続観察登録地点": "○"
            }
        },
        {
            "type": "Feature",
            "geometry": {
                "type": "Point",
                "coordinates": [
                    137.8786111,
                    36.16972222
                ]
            },
            "properties": {
                "調査時期": "2023_W",
                "都道府県": "長野県",
                "市区町村": "山形村",
                "撮影場所": "山形村 ミラ フード館 ",
                "撮影日時": "2023-01-12T07:07:00+09:00",
                "緯度": "36.16972222",
                "経度": "137.8786111",
                "夜空の明るさ": "",
                "ばらつき": "",
                "周辺状況": "農業地域",
                "備考": "測定不可（設定エラー）",
                "継続観察登録地点": "○"
            }
        },
        {
            "type": "Feature",
            "geometry": {
                "type": "Point",
                "coordinates": [
                    137.8630556,
                    36.1275
                ]
            },
            "properties": {
                "調査時期": "2023_W",
                "都道府県": "長野県",
                "市区町村": "朝日村",
                "撮影場所": "朝日小学校付近",
                "撮影日時": "2023-01-12T20:02:00+09:00",
                "緯度": "36.1275",
                "経度": "137.8630556",
                "夜空の明るさ": "20.25",
                "ばらつき": "0.12",
                "周辺状況": "住宅地域",
                "備考": "",
                "継続観察登録地点": "○"
            }
        },
        {
            "type": "Feature",
            "geometry": {
                "type": "Point",
                "coordinates": [
                    137.8933333,
                    36.45194444
                ]
            },
            "properties": {
                "調査時期": "2023_W",
                "都道府県": "長野県",
                "市区町村": "池田町",
                "撮影場所": "",
                "撮影日時": "2023-01-18T19:23:00+09:00",
                "緯度": "36.45194444",
                "経度": "137.8933333",
                "夜空の明るさ": "20.24",
                "ばらつき": "0.1",
                "周辺状況": "",
                "備考": "",
                "継続観察登録地点": ""
            }
        },
        {
            "type": "Feature",
            "geometry": {
                "type": "Point",
                "coordinates": [
                    137.8816667,
                    36.43694444
                ]
            },
            "properties": {
                "調査時期": "2023_W",
                "都道府県": "長野県",
                "市区町村": "池田町",
                "撮影場所": "",
                "撮影日時": "2023-01-18T19:08:00+09:00",
                "緯度": "36.43694444",
                "経度": "137.8816667",
                "夜空の明るさ": "20.09",
                "ばらつき": "0.07",
                "周辺状況": "",
                "備考": "",
                "継続観察登録地点": ""
            }
        },
        {
            "type": "Feature",
            "geometry": {
                "type": "Point",
                "coordinates": [
                    137.8766667,
                    36.4275
                ]
            },
            "properties": {
                "調査時期": "2023_W",
                "都道府県": "長野県",
                "市区町村": "池田町",
                "撮影場所": "",
                "撮影日時": "2023-01-18T19:39:00+09:00",
                "緯度": "36.4275",
                "経度": "137.8766667",
                "夜空の明るさ": "19.82",
                "ばらつき": "0.07",
                "周辺状況": "",
                "備考": "",
                "継続観察登録地点": ""
            }
        },
        {
            "type": "Feature",
            "geometry": {
                "type": "Point",
                "coordinates": [
                    137.8752778,
                    36.42138889
                ]
            },
            "properties": {
                "調査時期": "2023_W",
                "都道府県": "長野県",
                "市区町村": "池田町",
                "撮影場所": "",
                "撮影日時": "2023-01-18T19:45:00+09:00",
                "緯度": "36.42138889",
                "経度": "137.8752778",
                "夜空の明るさ": "19.58",
                "ばらつき": "0.06",
                "周辺状況": "",
                "備考": "",
                "継続観察登録地点": ""
            }
        },
        {
            "type": "Feature",
            "geometry": {
                "type": "Point",
                "coordinates": [
                    137.8577778,
                    36.42555556
                ]
            },
            "properties": {
                "調査時期": "2023_W",
                "都道府県": "長野県",
                "市区町村": "松川村",
                "撮影場所": "",
                "撮影日時": "2023-01-18T19:54:00+09:00",
                "緯度": "36.42555556",
                "経度": "137.8577778",
                "夜空の明るさ": "19.44",
                "ばらつき": "0.05",
                "周辺状況": "",
                "備考": "",
                "継続観察登録地点": ""
            }
        },
        {
            "type": "Feature",
            "geometry": {
                "type": "Point",
                "coordinates": [
                    137.8575,
                    36.63305556
                ]
            },
            "properties": {
                "調査時期": "2023_W",
                "都道府県": "長野県",
                "市区町村": "白馬村",
                "撮影場所": "",
                "撮影日時": "2023-01-17T18:52:00+09:00",
                "緯度": "36.63305556",
                "経度": "137.8575",
                "夜空の明るさ": "18.79",
                "ばらつき": "0.09",
                "周辺状況": "",
                "備考": "参考値（薄雲）",
                "継続観察登録地点": ""
            }
        },
        {
            "type": "Feature",
            "geometry": {
                "type": "Point",
                "coordinates": [
                    137.8516667,
                    36.68111111
                ]
            },
            "properties": {
                "調査時期": "2023_W",
                "都道府県": "長野県",
                "市区町村": "白馬村",
                "撮影場所": "",
                "撮影日時": "2023-01-17T19:05:00+09:00",
                "緯度": "36.68111111",
                "経度": "137.8516667",
                "夜空の明るさ": "18.25",
                "ばらつき": "0.09",
                "周辺状況": "",
                "備考": "参考値（薄雲）",
                "継続観察登録地点": ""
            }
        },
        {
            "type": "Feature",
            "geometry": {
                "type": "Point",
                "coordinates": [
                    137.8469444,
                    36.70833333
                ]
            },
            "properties": {
                "調査時期": "2023_W",
                "都道府県": "長野県",
                "市区町村": "白馬村",
                "撮影場所": "",
                "撮影日時": "2023-01-17T19:15:00+09:00",
                "緯度": "36.70833333",
                "経度": "137.8469444",
                "夜空の明るさ": "19.74",
                "ばらつき": "0.12",
                "周辺状況": "",
                "備考": "参考値（薄雲）",
                "継続観察登録地点": ""
            }
        },
        {
            "type": "Feature",
            "geometry": {
                "type": "Point",
                "coordinates": [
                    137.8602778,
                    36.71638889
                ]
            },
            "properties": {
                "調査時期": "2023_W",
                "都道府県": "長野県",
                "市区町村": "白馬村",
                "撮影場所": "",
                "撮影日時": "2023-01-17T19:23:00+09:00",
                "緯度": "36.71638889",
                "経度": "137.8602778",
                "夜空の明るさ": "19.29",
                "ばらつき": "0.13",
                "周辺状況": "",
                "備考": "",
                "継続観察登録地点": ""
            }
        },
        {
            "type": "Feature",
            "geometry": {
                "type": "Point",
                "coordinates": [
                    137.8727778,
                    36.75361111
                ]
            },
            "properties": {
                "調査時期": "2023_W",
                "都道府県": "長野県",
                "市区町村": "小谷村",
                "撮影場所": "",
                "撮影日時": "2023-01-17T19:38:00+09:00",
                "緯度": "36.75361111",
                "経度": "137.8727778",
                "夜空の明るさ": "17.91",
                "ばらつき": "0.35",
                "周辺状況": "",
                "備考": "参考値（薄雲）",
                "継続観察登録地点": ""
            }
        },
        {
            "type": "Feature",
            "geometry": {
                "type": "Point",
                "coordinates": [
                    137.8969444,
                    36.76111111
                ]
            },
            "properties": {
                "調査時期": "2023_W",
                "都道府県": "長野県",
                "市区町村": "小谷村",
                "撮影場所": "",
                "撮影日時": "2023-01-17T19:53:00+09:00",
                "緯度": "36.76111111",
                "経度": "137.8969444",
                "夜空の明るさ": "19.67",
                "ばらつき": "0.22",
                "周辺状況": "",
                "備考": "",
                "継続観察登録地点": ""
            }
        },
        {
            "type": "Feature",
            "geometry": {
                "type": "Point",
                "coordinates": [
                    137.9086111,
                    36.80472222
                ]
            },
            "properties": {
                "調査時期": "2023_W",
                "都道府県": "長野県",
                "市区町村": "小谷村",
                "撮影場所": "",
                "撮影日時": "2023-01-17T20:05:00+09:00",
                "緯度": "36.80472222",
                "経度": "137.9086111",
                "夜空の明るさ": "20.65",
                "ばらつき": "0.09",
                "周辺状況": "",
                "備考": "",
                "継続観察登録地点": ""
            }
        },
        {
            "type": "Feature",
            "geometry": {
                "type": "Point",
                "coordinates": [
                    137.9008333,
                    36.83861111
                ]
            },
            "properties": {
                "調査時期": "2023_W",
                "都道府県": "長野県",
                "市区町村": "小谷村",
                "撮影場所": "",
                "撮影日時": "2023-01-17T20:23:00+09:00",
                "緯度": "36.83861111",
                "経度": "137.9008333",
                "夜空の明るさ": "20.68",
                "ばらつき": "0.08",
                "周辺状況": "",
                "備考": "",
                "継続観察登録地点": ""
            }
        },
        {
            "type": "Feature",
            "geometry": {
                "type": "Point",
                "coordinates": [
                    138.1947222,
                    36.43444444
                ]
            },
            "properties": {
                "調査時期": "2023_W",
                "都道府県": "長野県",
                "市区町村": "坂城町",
                "撮影場所": "",
                "撮影日時": "2023-01-18T19:57:00+09:00",
                "緯度": "36.43444444",
                "経度": "138.1947222",
                "夜空の明るさ": "19.76",
                "ばらつき": "0.05",
                "周辺状況": "",
                "備考": "",
                "継続観察登録地点": ""
            }
        },
        {
            "type": "Feature",
            "geometry": {
                "type": "Point",
                "coordinates": [
                    138.4436111,
                    36.72777778
                ]
            },
            "properties": {
                "調査時期": "2023_W",
                "都道府県": "長野県",
                "市区町村": "山ノ内町",
                "撮影場所": "",
                "撮影日時": "2023-01-12T20:00:00+09:00",
                "緯度": "36.72777778",
                "経度": "138.4436111",
                "夜空の明るさ": "20.42",
                "ばらつき": "0.07",
                "周辺状況": "",
                "備考": "",
                "継続観察登録地点": ""
            }
        },
        {
            "type": "Feature",
            "geometry": {
                "type": "Point",
                "coordinates": [
                    138.4713889,
                    36.72138889
                ]
            },
            "properties": {
                "調査時期": "2023_W",
                "都道府県": "長野県",
                "市区町村": "山ノ内町",
                "撮影場所": "",
                "撮影日時": "2023-01-12T20:50:00+09:00",
                "緯度": "36.72138889",
                "経度": "138.4713889",
                "夜空の明るさ": "20.91",
                "ばらつき": "0.07",
                "周辺状況": "",
                "備考": "",
                "継続観察登録地点": ""
            }
        },
        {
            "type": "Feature",
            "geometry": {
                "type": "Point",
                "coordinates": [
                    138.4905556,
                    36.70944444
                ]
            },
            "properties": {
                "調査時期": "2023_W",
                "都道府県": "長野県",
                "市区町村": "山ノ内町",
                "撮影場所": "",
                "撮影日時": "2023-01-12T21:21:00+09:00",
                "緯度": "36.70944444",
                "経度": "138.4905556",
                "夜空の明るさ": "21.23",
                "ばらつき": "0.04",
                "周辺状況": "",
                "備考": "参考値（時間外）",
                "継続観察登録地点": ""
            }
        },
        {
            "type": "Feature",
            "geometry": {
                "type": "Point",
                "coordinates": [
                    137.9872222,
                    36.65972222
                ]
            },
            "properties": {
                "調査時期": "2023_W",
                "都道府県": "長野県",
                "市区町村": "小川村",
                "撮影場所": "小川天文台",
                "撮影日時": "2023-01-12T19:46:00+09:00",
                "緯度": "36.65972222",
                "経度": "137.9872222",
                "夜空の明るさ": "20.91",
                "ばらつき": "0.08",
                "周辺状況": "森林山間地",
                "備考": "",
                "継続観察登録地点": "○"
            }
        },
        {
            "type": "Feature",
            "geometry": {
                "type": "Point",
                "coordinates": [
                    137.8611111,
                    35.56611111
                ]
            },
            "properties": {
                "調査時期": "2023_W",
                "都道府県": "長野県",
                "市区町村": "高森町",
                "撮影場所": "",
                "撮影日時": "2023-01-25T19:01:00+09:00",
                "緯度": "35.56611111",
                "経度": "137.8611111",
                "夜空の明るさ": "20.15",
                "ばらつき": "0.11",
                "周辺状況": "",
                "備考": "",
                "継続観察登録地点": ""
            }
        },
        {
            "type": "Feature",
            "geometry": {
                "type": "Point",
                "coordinates": [
                    137.0586111,
                    35.39666667
                ]
            },
            "properties": {
                "調査時期": "2023_W",
                "都道府県": "岐阜県",
                "市区町村": "可児市",
                "撮影場所": "",
                "撮影日時": "2023-01-25T20:18:00+09:00",
                "緯度": "35.39666667",
                "経度": "137.0586111",
                "夜空の明るさ": "18.89",
                "ばらつき": "0.09",
                "周辺状況": "",
                "備考": "",
                "継続観察登録地点": ""
            }
        },
        {
            "type": "Feature",
            "geometry": {
                "type": "Point",
                "coordinates": [
                    137.0586111,
                    35.39666667
                ]
            },
            "properties": {
                "調査時期": "2023_W",
                "都道府県": "岐阜県",
                "市区町村": "可児市",
                "撮影場所": "可児市 天体ドーム横",
                "撮影日時": "2023-01-25T20:18:00+09:00",
                "緯度": "35.39666667",
                "経度": "137.0586111",
                "夜空の明るさ": "18.89",
                "ばらつき": "0.08",
                "周辺状況": "住宅地域",
                "備考": "",
                "継続観察登録地点": "○"
            }
        },
        {
            "type": "Feature",
            "geometry": {
                "type": "Point",
                "coordinates": [
                    136.4575,
                    35.57583333
                ]
            },
            "properties": {
                "調査時期": "2023_W",
                "都道府県": "岐阜県",
                "市区町村": "揖斐川町",
                "撮影場所": "揖斐川町西横山",
                "撮影日時": "2023-01-17T20:17:00+09:00",
                "緯度": "35.57583333",
                "経度": "136.4575",
                "夜空の明るさ": "20.56",
                "ばらつき": "0.13",
                "周辺状況": "森林山間地",
                "備考": "",
                "継続観察登録地点": "○"
            }
        },
        {
            "type": "Feature",
            "geometry": {
                "type": "Point",
                "coordinates": [
                    138.8933333,
                    35.10138889
                ]
            },
            "properties": {
                "調査時期": "2023_W",
                "都道府県": "静岡県",
                "市区町村": "清水町",
                "撮影場所": "",
                "撮影日時": "2023-01-18T20:18:00+09:00",
                "緯度": "35.10138889",
                "経度": "138.8933333",
                "夜空の明るさ": "17.89",
                "ばらつき": "0.09",
                "周辺状況": "",
                "備考": "",
                "継続観察登録地点": ""
            }
        },
        {
            "type": "Feature",
            "geometry": {
                "type": "Point",
                "coordinates": [
                    136.8994444,
                    35.165
                ]
            },
            "properties": {
                "調査時期": "2023_W",
                "都道府県": "愛知県",
                "市区町村": "名古屋市　中区",
                "撮影場所": "名古屋市科学館",
                "撮影日時": "2023-01-18T19:31:00+09:00",
                "緯度": "35.165",
                "経度": "136.8994444",
                "夜空の明るさ": "16.19",
                "ばらつき": "0.08",
                "周辺状況": "商業地域",
                "備考": "",
                "継続観察登録地点": "○"
            }
        },
        {
            "type": "Feature",
            "geometry": {
                "type": "Point",
                "coordinates": [
                    137.4394444,
                    34.66777778
                ]
            },
            "properties": {
                "調査時期": "2023_W",
                "都道府県": "愛知県",
                "市区町村": "豊橋市",
                "撮影場所": "",
                "撮影日時": "2023-01-18T18:55:00+09:00",
                "緯度": "34.66777778",
                "経度": "137.4394444",
                "夜空の明るさ": "19.13",
                "ばらつき": "0.08",
                "周辺状況": "",
                "備考": "",
                "継続観察登録地点": ""
            }
        },
        {
            "type": "Feature",
            "geometry": {
                "type": "Point",
                "coordinates": [
                    137.0491667,
                    35.13555556
                ]
            },
            "properties": {
                "調査時期": "2023_W",
                "都道府県": "愛知県",
                "市区町村": "日進市",
                "撮影場所": "",
                "撮影日時": "2023-01-16T20:15:00+09:00",
                "緯度": "35.13555556",
                "経度": "137.0491667",
                "夜空の明るさ": "17.72",
                "ばらつき": "0.04",
                "周辺状況": "",
                "備考": "",
                "継続観察登録地点": ""
            }
        },
        {
            "type": "Feature",
            "geometry": {
                "type": "Point",
                "coordinates": [
                    137.5736111,
                    35.09361111
                ]
            },
            "properties": {
                "調査時期": "2023_W",
                "都道府県": "愛知県",
                "市区町村": "設楽町",
                "撮影場所": "奥三河総合センター",
                "撮影日時": "2023-01-16T19:44:00+09:00",
                "緯度": "35.09361111",
                "経度": "137.5736111",
                "夜空の明るさ": "20.29",
                "ばらつき": "0.07",
                "周辺状況": "住宅地域",
                "備考": "",
                "継続観察登録地点": "○"
            }
        },
        {
            "type": "Feature",
            "geometry": {
                "type": "Point",
                "coordinates": [
                    137.5502778,
                    35.06361111
                ]
            },
            "properties": {
                "調査時期": "2023_W",
                "都道府県": "愛知県",
                "市区町村": "設楽町",
                "撮影場所": "",
                "撮影日時": "2023-01-16T19:23:00+09:00",
                "緯度": "35.06361111",
                "経度": "137.5502778",
                "夜空の明るさ": "20.25",
                "ばらつき": "0.08",
                "周辺状況": "",
                "備考": "",
                "継続観察登録地点": ""
            }
        },
        {
            "type": "Feature",
            "geometry": {
                "type": "Point",
                "coordinates": [
                    137.6061111,
                    35.19861111
                ]
            },
            "properties": {
                "調査時期": "2023_W",
                "都道府県": "愛知県",
                "市区町村": "設楽町",
                "撮影場所": "道の駅つぐ高原グリーンパーク",
                "撮影日時": "2023-01-16T20:14:00+09:00",
                "緯度": "35.19861111",
                "経度": "137.6061111",
                "夜空の明るさ": "20.76",
                "ばらつき": "0.08",
                "周辺状況": "自然公園等",
                "備考": "",
                "継続観察登録地点": "○"
            }
        },
        {
            "type": "Feature",
            "geometry": {
                "type": "Point",
                "coordinates": [
                    137.5913889,
                    35.18888889
                ]
            },
            "properties": {
                "調査時期": "2023_W",
                "都道府県": "愛知県",
                "市区町村": "設楽町",
                "撮影場所": "",
                "撮影日時": "2023-01-16T20:26:00+09:00",
                "緯度": "35.18888889",
                "経度": "137.5913889",
                "夜空の明るさ": "20.73",
                "ばらつき": "0.06",
                "周辺状況": "",
                "備考": "",
                "継続観察登録地点": ""
            }
        },
        {
            "type": "Feature",
            "geometry": {
                "type": "Point",
                "coordinates": [
                    137.6044444,
                    35.20194444
                ]
            },
            "properties": {
                "調査時期": "2023_W",
                "都道府県": "愛知県",
                "市区町村": "設楽町",
                "撮影場所": "道の駅つぐ高原グリーンパーク",
                "撮影日時": "2023-01-19T20:45:00+09:00",
                "緯度": "35.20194444",
                "経度": "137.6044444",
                "夜空の明るさ": "20.4",
                "ばらつき": "0.17",
                "周辺状況": "自然公園等",
                "備考": "",
                "継続観察登録地点": "○"
            }
        },
        {
            "type": "Feature",
            "geometry": {
                "type": "Point",
                "coordinates": [
                    137.7225,
                    35.12027778
                ]
            },
            "properties": {
                "調査時期": "2023_W",
                "都道府県": "愛知県",
                "市区町村": "東栄町",
                "撮影場所": "",
                "撮影日時": "2023-01-18T19:48:00+09:00",
                "緯度": "35.12027778",
                "経度": "137.7225",
                "夜空の明るさ": "20.73",
                "ばらつき": "0.11",
                "周辺状況": "",
                "備考": "",
                "継続観察登録地点": ""
            }
        },
        {
            "type": "Feature",
            "geometry": {
                "type": "Point",
                "coordinates": [
                    137.7161111,
                    35.08083333
                ]
            },
            "properties": {
                "調査時期": "2023_W",
                "都道府県": "愛知県",
                "市区町村": "東栄町",
                "撮影場所": "",
                "撮影日時": "2023-01-19T19:13:00+09:00",
                "緯度": "35.08083333",
                "経度": "137.7161111",
                "夜空の明るさ": "20.55",
                "ばらつき": "0.1",
                "周辺状況": "",
                "備考": "",
                "継続観察登録地点": ""
            }
        },
        {
            "type": "Feature",
            "geometry": {
                "type": "Point",
                "coordinates": [
                    137.6591667,
                    35.22194444
                ]
            },
            "properties": {
                "調査時期": "2023_W",
                "都道府県": "愛知県",
                "市区町村": "豊根村",
                "撮影場所": "茶臼山高原(愛知県北設楽郡豊根村)",
                "撮影日時": "2023-01-19T20:27:00+09:00",
                "緯度": "35.22194444",
                "経度": "137.6591667",
                "夜空の明るさ": "20.54",
                "ばらつき": "0.18",
                "周辺状況": "自然公園等",
                "備考": "",
                "継続観察登録地点": "○"
            }
        },
        {
            "type": "Feature",
            "geometry": {
                "type": "Point",
                "coordinates": [
                    136.7125,
                    34.49694444
                ]
            },
            "properties": {
                "調査時期": "2023_W",
                "都道府県": "三重県",
                "市区町村": "伊勢市",
                "撮影場所": "",
                "撮影日時": "2023-01-21T22:58:00+09:00",
                "緯度": "34.49694444",
                "経度": "136.7125",
                "夜空の明るさ": "19.25",
                "ばらつき": "0.04",
                "周辺状況": "",
                "備考": "参考値（時間外）",
                "継続観察登録地点": ""
            }
        },
        {
            "type": "Feature",
            "geometry": {
                "type": "Point",
                "coordinates": [
                    136.36,
                    34.88194444
                ]
            },
            "properties": {
                "調査時期": "2023_W",
                "都道府県": "三重県",
                "市区町村": "亀山市",
                "撮影場所": "鈴鹿峠自然の家",
                "撮影日時": "2023-01-21T20:15:00+09:00",
                "緯度": "34.88194444",
                "経度": "136.36",
                "夜空の明るさ": "19.96",
                "ばらつき": "0.09",
                "周辺状況": "森林山間地",
                "備考": "",
                "継続観察登録地点": "○"
            }
        },
        {
            "type": "Feature",
            "geometry": {
                "type": "Point",
                "coordinates": [
                    136.36,
                    34.88222222
                ]
            },
            "properties": {
                "調査時期": "2023_W",
                "都道府県": "三重県",
                "市区町村": "亀山市",
                "撮影場所": "鈴鹿峠自然の家",
                "撮影日時": "2023-01-21T20:30:00+09:00",
                "緯度": "34.88222222",
                "経度": "136.36",
                "夜空の明るさ": "20.01",
                "ばらつき": "0.07",
                "周辺状況": "森林山間地",
                "備考": "",
                "継続観察登録地点": "○"
            }
        },
        {
            "type": "Feature",
            "geometry": {
                "type": "Point",
                "coordinates": [
                    136.2911111,
                    34.16638889
                ]
            },
            "properties": {
                "調査時期": "2023_W",
                "都道府県": "三重県",
                "市区町村": "紀北町",
                "撮影場所": "",
                "撮影日時": "2023-01-21T21:55:00+09:00",
                "緯度": "34.16638889",
                "経度": "136.2911111",
                "夜空の明るさ": "20.82",
                "ばらつき": "0.06",
                "周辺状況": "",
                "備考": "参考値（時間外）",
                "継続観察登録地点": ""
            }
        },
        {
            "type": "Feature",
            "geometry": {
                "type": "Point",
                "coordinates": [
                    135.7186111,
                    34.99916667
                ]
            },
            "properties": {
                "調査時期": "2023_W",
                "都道府県": "京都府",
                "市区町村": "京都市　右京区",
                "撮影場所": "",
                "撮影日時": "2023-01-12T20:18:00+09:00",
                "緯度": "34.99916667",
                "経度": "135.7186111",
                "夜空の明るさ": "16.83",
                "ばらつき": "0.09",
                "周辺状況": "",
                "備考": "参考値（薄雲）",
                "継続観察登録地点": ""
            }
        },
        {
            "type": "Feature",
            "geometry": {
                "type": "Point",
                "coordinates": [
                    135.6975,
                    35.02361111
                ]
            },
            "properties": {
                "調査時期": "2023_W",
                "都道府県": "京都府",
                "市区町村": "京都市　右京区",
                "撮影場所": "",
                "撮影日時": "2023-01-19T19:34:00+09:00",
                "緯度": "35.02361111",
                "経度": "135.6975",
                "夜空の明るさ": "17.71",
                "ばらつき": "0.12",
                "周辺状況": "",
                "備考": "参考値（薄雲）",
                "継続観察登録地点": ""
            }
        },
        {
            "type": "Feature",
            "geometry": {
                "type": "Point",
                "coordinates": [
                    135.6875,
                    35.02555556
                ]
            },
            "properties": {
                "調査時期": "2023_W",
                "都道府県": "京都府",
                "市区町村": "京都市　右京区",
                "撮影場所": "",
                "撮影日時": "2023-01-19T19:45:00+09:00",
                "緯度": "35.02555556",
                "経度": "135.6875",
                "夜空の明るさ": "17.8",
                "ばらつき": "0.04",
                "周辺状況": "",
                "備考": "参考値（薄雲）",
                "継続観察登録地点": ""
            }
        },
        {
            "type": "Feature",
            "geometry": {
                "type": "Point",
                "coordinates": [
                    135.6636111,
                    35.0275
                ]
            },
            "properties": {
                "調査時期": "2023_W",
                "都道府県": "京都府",
                "市区町村": "京都市　右京区",
                "撮影場所": "",
                "撮影日時": "2023-01-19T19:57:00+09:00",
                "緯度": "35.0275",
                "経度": "135.6636111",
                "夜空の明るさ": "18.63",
                "ばらつき": "0.06",
                "周辺状況": "",
                "備考": "",
                "継続観察登録地点": ""
            }
        },
        {
            "type": "Feature",
            "geometry": {
                "type": "Point",
                "coordinates": [
                    135.6772222,
                    35.05361111
                ]
            },
            "properties": {
                "調査時期": "2023_W",
                "都道府県": "京都府",
                "市区町村": "京都市　右京区",
                "撮影場所": "",
                "撮影日時": "2023-01-20T20:15:00+09:00",
                "緯度": "35.05361111",
                "経度": "135.6772222",
                "夜空の明るさ": "19.01",
                "ばらつき": "0.1",
                "周辺状況": "",
                "備考": "",
                "継続観察登録地点": ""
            }
        },
        {
            "type": "Feature",
            "geometry": {
                "type": "Point",
                "coordinates": [
                    135.7716667,
                    35.01444444
                ]
            },
            "properties": {
                "調査時期": "2023_W",
                "都道府県": "京都府",
                "市区町村": "京都市　中京区",
                "撮影場所": "京都市左京区 鴨川河川敷",
                "撮影日時": "2023-01-18T18:33:00+09:00",
                "緯度": "35.01444444",
                "経度": "135.7716667",
                "夜空の明るさ": "17.19",
                "ばらつき": "0.08",
                "周辺状況": "住宅地域",
                "備考": "参考値（薄雲）",
                "継続観察登録地点": "○"
            }
        },
        {
            "type": "Feature",
            "geometry": {
                "type": "Point",
                "coordinates": [
                    135.7461111,
                    35.01666667
                ]
            },
            "properties": {
                "調査時期": "2023_W",
                "都道府県": "京都府",
                "市区町村": "京都市　上京区",
                "撮影場所": "上京区主税町",
                "撮影日時": "2023-01-12T19:29:00+09:00",
                "緯度": "35.01666667",
                "経度": "135.7461111",
                "夜空の明るさ": "17.08",
                "ばらつき": "0.09",
                "周辺状況": "商業地域",
                "備考": "",
                "継続観察登録地点": "○"
            }
        },
        {
            "type": "Feature",
            "geometry": {
                "type": "Point",
                "coordinates": [
                    135.7461111,
                    35.01666667
                ]
            },
            "properties": {
                "調査時期": "2023_W",
                "都道府県": "京都府",
                "市区町村": "京都市　上京区",
                "撮影場所": "上京区主税町",
                "撮影日時": "2023-01-12T19:29:00+09:00",
                "緯度": "35.01666667",
                "経度": "135.7461111",
                "夜空の明るさ": "17.09",
                "ばらつき": "0.1",
                "周辺状況": "商業地域",
                "備考": "",
                "継続観察登録地点": "○"
            }
        },
        {
            "type": "Feature",
            "geometry": {
                "type": "Point",
                "coordinates": [
                    135.7461111,
                    35.01694444
                ]
            },
            "properties": {
                "調査時期": "2023_W",
                "都道府県": "京都府",
                "市区町村": "京都市　上京区",
                "撮影場所": "上京区主税町",
                "撮影日時": "2023-01-12T19:36:00+09:00",
                "緯度": "35.01694444",
                "経度": "135.7461111",
                "夜空の明るさ": "17.08",
                "ばらつき": "0.08",
                "周辺状況": "商業地域",
                "備考": "",
                "継続観察登録地点": "○"
            }
        },
        {
            "type": "Feature",
            "geometry": {
                "type": "Point",
                "coordinates": [
                    135.7461111,
                    35.01694444
                ]
            },
            "properties": {
                "調査時期": "2023_W",
                "都道府県": "京都府",
                "市区町村": "京都市　上京区",
                "撮影場所": "上京区主税町",
                "撮影日時": "2023-01-12T20:24:00+09:00",
                "緯度": "35.01694444",
                "経度": "135.7461111",
                "夜空の明るさ": "17.15",
                "ばらつき": "0.09",
                "周辺状況": "商業地域",
                "備考": "",
                "継続観察登録地点": "○"
            }
        },
        {
            "type": "Feature",
            "geometry": {
                "type": "Point",
                "coordinates": [
                    135.9041667,
                    34.78833333
                ]
            },
            "properties": {
                "調査時期": "2023_W",
                "都道府県": "京都府",
                "市区町村": "和束町",
                "撮影場所": "相楽郡和束町杣田",
                "撮影日時": "2023-01-19T19:53:00+09:00",
                "緯度": "34.78833333",
                "経度": "135.9041667",
                "夜空の明るさ": "19.09",
                "ばらつき": "0.13",
                "周辺状況": "農業地域",
                "備考": "",
                "継続観察登録地点": "○"
            }
        },
        {
            "type": "Feature",
            "geometry": {
                "type": "Point",
                "coordinates": [
                    135.4594444,
                    34.8075
                ]
            },
            "properties": {
                "調査時期": "2023_W",
                "都道府県": "大阪府",
                "市区町村": "豊中市",
                "撮影場所": "",
                "撮影日時": "2023-01-13T23:30:00+09:00",
                "緯度": "34.8075",
                "経度": "135.4594444",
                "夜空の明るさ": "17.49",
                "ばらつき": "0.16",
                "周辺状況": "",
                "備考": "参考値（薄雲）",
                "継続観察登録地点": ""
            }
        },
        {
            "type": "Feature",
            "geometry": {
                "type": "Point",
                "coordinates": [
                    135.4563889,
                    34.80916667
                ]
            },
            "properties": {
                "調査時期": "2023_W",
                "都道府県": "大阪府",
                "市区町村": "箕面市",
                "撮影場所": "",
                "撮影日時": "2023-01-17T22:51:00+09:00",
                "緯度": "34.80916667",
                "経度": "135.4563889",
                "夜空の明るさ": "17.76",
                "ばらつき": "0.19",
                "周辺状況": "",
                "備考": "参考値（薄雲）",
                "継続観察登録地点": ""
            }
        },
        {
            "type": "Feature",
            "geometry": {
                "type": "Point",
                "coordinates": [
                    135.4586111,
                    34.83333333
                ]
            },
            "properties": {
                "調査時期": "2023_W",
                "都道府県": "大阪府",
                "市区町村": "箕面市",
                "撮影場所": "",
                "撮影日時": "2023-01-16T22:20:00+09:00",
                "緯度": "34.83333333",
                "経度": "135.4586111",
                "夜空の明るさ": "19.14",
                "ばらつき": "0.01",
                "周辺状況": "",
                "備考": "参考値（時間外）",
                "継続観察登録地点": ""
            }
        },
        {
            "type": "Feature",
            "geometry": {
                "type": "Point",
                "coordinates": [
                    135.4586111,
                    34.83333333
                ]
            },
            "properties": {
                "調査時期": "2023_W",
                "都道府県": "大阪府",
                "市区町村": "箕面市",
                "撮影場所": "",
                "撮影日時": "2023-01-17T22:24:00+09:00",
                "緯度": "34.83333333",
                "経度": "135.4586111",
                "夜空の明るさ": "17.95",
                "ばらつき": "0.14",
                "周辺状況": "",
                "備考": "参考値（時間外）",
                "継続観察登録地点": ""
            }
        },
        {
            "type": "Feature",
            "geometry": {
                "type": "Point",
                "coordinates": [
                    135.5830556,
                    34.73666667
                ]
            },
            "properties": {
                "調査時期": "2023_W",
                "都道府県": "大阪府",
                "市区町村": "門真市",
                "撮影場所": "",
                "撮影日時": "2023-01-16T18:49:00+09:00",
                "緯度": "34.73666667",
                "経度": "135.5830556",
                "夜空の明るさ": "17.93",
                "ばらつき": "0.04",
                "周辺状況": "",
                "備考": "参考値（薄雲）",
                "継続観察登録地点": ""
            }
        },
        {
            "type": "Feature",
            "geometry": {
                "type": "Point",
                "coordinates": [
                    135.1330556,
                    34.68361111
                ]
            },
            "properties": {
                "調査時期": "2023_W",
                "都道府県": "兵庫県",
                "市区町村": "神戸市　長田区",
                "撮影場所": "神戸市長田区鹿松町",
                "撮影日時": "2023-01-12T19:24:00+09:00",
                "緯度": "34.68361111",
                "経度": "135.1330556",
                "夜空の明るさ": "17.75",
                "ばらつき": "0.1",
                "周辺状況": "住宅地域",
                "備考": "参考値（薄雲）",
                "継続観察登録地点": "○"
            }
        },
        {
            "type": "Feature",
            "geometry": {
                "type": "Point",
                "coordinates": [
                    135.1333333,
                    34.68361111
                ]
            },
            "properties": {
                "調査時期": "2023_W",
                "都道府県": "兵庫県",
                "市区町村": "神戸市　長田区",
                "撮影場所": "神戸市長田区鹿松町",
                "撮影日時": "2023-01-16T20:58:00+09:00",
                "緯度": "34.68361111",
                "経度": "135.1333333",
                "夜空の明るさ": "18.32",
                "ばらつき": "0.08",
                "周辺状況": "住宅地域",
                "備考": "",
                "継続観察登録地点": "○"
            }
        },
        {
            "type": "Feature",
            "geometry": {
                "type": "Point",
                "coordinates": [
                    135.1330556,
                    34.68361111
                ]
            },
            "properties": {
                "調査時期": "2023_W",
                "都道府県": "兵庫県",
                "市区町村": "神戸市　長田区",
                "撮影場所": "神戸市長田区鹿松町",
                "撮影日時": "2023-01-19T19:48:00+09:00",
                "緯度": "34.68361111",
                "経度": "135.1330556",
                "夜空の明るさ": "17.89",
                "ばらつき": "0.13",
                "周辺状況": "住宅地域",
                "備考": "",
                "継続観察登録地点": "○"
            }
        },
        {
            "type": "Feature",
            "geometry": {
                "type": "Point",
                "coordinates": [
                    135.1330556,
                    34.68361111
                ]
            },
            "properties": {
                "調査時期": "2023_W",
                "都道府県": "兵庫県",
                "市区町村": "神戸市　長田区",
                "撮影場所": "神戸市長田区鹿松町",
                "撮影日時": "2023-01-19T19:48:00+09:00",
                "緯度": "34.68361111",
                "経度": "135.1330556",
                "夜空の明るさ": "17.85",
                "ばらつき": "0.08",
                "周辺状況": "住宅地域",
                "備考": "",
                "継続観察登録地点": "○"
            }
        },
        {
            "type": "Feature",
            "geometry": {
                "type": "Point",
                "coordinates": [
                    135.1336111,
                    34.68361111
                ]
            },
            "properties": {
                "調査時期": "2023_W",
                "都道府県": "兵庫県",
                "市区町村": "神戸市　長田区",
                "撮影場所": "神戸市長田区鹿松町",
                "撮影日時": "2023-01-21T19:31:00+09:00",
                "緯度": "34.68361111",
                "経度": "135.1336111",
                "夜空の明るさ": "18.22",
                "ばらつき": "0.11",
                "周辺状況": "住宅地域",
                "備考": "参考値（薄雲）",
                "継続観察登録地点": "○"
            }
        },
        {
            "type": "Feature",
            "geometry": {
                "type": "Point",
                "coordinates": [
                    135.1327778,
                    34.68361111
                ]
            },
            "properties": {
                "調査時期": "2023_W",
                "都道府県": "兵庫県",
                "市区町村": "神戸市　長田区",
                "撮影場所": "神戸市長田区鹿松町",
                "撮影日時": "2023-01-19T19:45:00+09:00",
                "緯度": "34.68361111",
                "経度": "135.1327778",
                "夜空の明るさ": "17.92",
                "ばらつき": "0.06",
                "周辺状況": "住宅地域",
                "備考": "",
                "継続観察登録地点": "○"
            }
        },
        {
            "type": "Feature",
            "geometry": {
                "type": "Point",
                "coordinates": [
                    135.0552778,
                    34.65527778
                ]
            },
            "properties": {
                "調査時期": "2023_W",
                "都道府県": "兵庫県",
                "市区町村": "神戸市　垂水区",
                "撮影場所": "兵庫県立舞子高等学校屋上",
                "撮影日時": "2023-01-16T18:30:00+09:00",
                "緯度": "34.65527778",
                "経度": "135.0552778",
                "夜空の明るさ": "17.9",
                "ばらつき": "0.02",
                "周辺状況": "住宅地域",
                "備考": "",
                "継続観察登録地点": "○"
            }
        },
        {
            "type": "Feature",
            "geometry": {
                "type": "Point",
                "coordinates": [
                    135.0552778,
                    34.65527778
                ]
            },
            "properties": {
                "調査時期": "2023_W",
                "都道府県": "兵庫県",
                "市区町村": "神戸市　垂水区",
                "撮影場所": "兵庫県立舞子高等学校屋上",
                "撮影日時": "2023-01-18T18:40:00+09:00",
                "緯度": "34.65527778",
                "経度": "135.0552778",
                "夜空の明るさ": "17.46",
                "ばらつき": "0.12",
                "周辺状況": "住宅地域",
                "備考": "",
                "継続観察登録地点": "○"
            }
        },
        {
            "type": "Feature",
            "geometry": {
                "type": "Point",
                "coordinates": [
                    135.0552778,
                    34.65555556
                ]
            },
            "properties": {
                "調査時期": "2023_W",
                "都道府県": "兵庫県",
                "市区町村": "神戸市　垂水区",
                "撮影場所": "兵庫県立舞子高等学校屋上",
                "撮影日時": "2023-01-19T18:59:00+09:00",
                "緯度": "34.65555556",
                "経度": "135.0552778",
                "夜空の明るさ": "17.28",
                "ばらつき": "0.21",
                "周辺状況": "住宅地域",
                "備考": "",
                "継続観察登録地点": "○"
            }
        },
        {
            "type": "Feature",
            "geometry": {
                "type": "Point",
                "coordinates": [
                    135.0552778,
                    34.65527778
                ]
            },
            "properties": {
                "調査時期": "2023_W",
                "都道府県": "兵庫県",
                "市区町村": "神戸市　垂水区",
                "撮影場所": "兵庫県立舞子高等学校屋上",
                "撮影日時": "2023-01-20T18:34:00+09:00",
                "緯度": "34.65527778",
                "経度": "135.0552778",
                "夜空の明るさ": "",
                "ばらつき": "",
                "周辺状況": "住宅地域",
                "備考": "測定不可（雲量大）",
                "継続観察登録地点": "○"
            }
        },
        {
            "type": "Feature",
            "geometry": {
                "type": "Point",
                "coordinates": [
                    135.0552778,
                    34.65555556
                ]
            },
            "properties": {
                "調査時期": "2023_W",
                "都道府県": "兵庫県",
                "市区町村": "神戸市　垂水区",
                "撮影場所": "兵庫県立舞子高等学校屋上",
                "撮影日時": "2023-01-21T18:07:00+09:00",
                "緯度": "34.65555556",
                "経度": "135.0552778",
                "夜空の明るさ": "",
                "ばらつき": "",
                "周辺状況": "住宅地域",
                "備考": "測定不可（ピンボケ）",
                "継続観察登録地点": "○"
            }
        },
        {
            "type": "Feature",
            "geometry": {
                "type": "Point",
                "coordinates": [
                    135.0552778,
                    34.65527778
                ]
            },
            "properties": {
                "調査時期": "2023_W",
                "都道府県": "兵庫県",
                "市区町村": "神戸市　垂水区",
                "撮影場所": "兵庫県立舞子高等学校屋上",
                "撮影日時": "2023-01-22T19:07:00+09:00",
                "緯度": "34.65527778",
                "経度": "135.0552778",
                "夜空の明るさ": "",
                "ばらつき": "",
                "周辺状況": "住宅地域",
                "備考": "測定不可（ピンボケ）",
                "継続観察登録地点": "○"
            }
        },
        {
            "type": "Feature",
            "geometry": {
                "type": "Point",
                "coordinates": [
                    135.055,
                    34.65555556
                ]
            },
            "properties": {
                "調査時期": "2023_W",
                "都道府県": "兵庫県",
                "市区町村": "神戸市　垂水区",
                "撮影場所": "兵庫県立舞子高等学校屋上",
                "撮影日時": "2023-01-25T18:54:00+09:00",
                "緯度": "34.65555556",
                "経度": "135.055",
                "夜空の明るさ": "",
                "ばらつき": "",
                "周辺状況": "住宅地域",
                "備考": "測定不可（ピンボケ）",
                "継続観察登録地点": "○"
            }
        },
        {
            "type": "Feature",
            "geometry": {
                "type": "Point",
                "coordinates": [
                    135.0358333,
                    34.69861111
                ]
            },
            "properties": {
                "調査時期": "2023_W",
                "都道府県": "兵庫県",
                "市区町村": "神戸市　西区",
                "撮影場所": "神戸市西区井吹台 西神南",
                "撮影日時": "2023-01-16T19:00:00+09:00",
                "緯度": "34.69861111",
                "経度": "135.0358333",
                "夜空の明るさ": "18.21",
                "ばらつき": "0.07",
                "周辺状況": "住宅地域",
                "備考": "",
                "継続観察登録地点": "○"
            }
        },
        {
            "type": "Feature",
            "geometry": {
                "type": "Point",
                "coordinates": [
                    135.0361111,
                    34.69833333
                ]
            },
            "properties": {
                "調査時期": "2023_W",
                "都道府県": "兵庫県",
                "市区町村": "神戸市　西区",
                "撮影場所": "神戸市西区井吹台 西神南",
                "撮影日時": "2023-01-18T19:27:00+09:00",
                "緯度": "34.69833333",
                "経度": "135.0361111",
                "夜空の明るさ": "17.72",
                "ばらつき": "0.1",
                "周辺状況": "住宅地域",
                "備考": "",
                "継続観察登録地点": "○"
            }
        },
        {
            "type": "Feature",
            "geometry": {
                "type": "Point",
                "coordinates": [
                    135.0361111,
                    34.69833333
                ]
            },
            "properties": {
                "調査時期": "2023_W",
                "都道府県": "兵庫県",
                "市区町村": "神戸市　西区",
                "撮影場所": "神戸市西区井吹台 西神南",
                "撮影日時": "2023-01-19T19:35:00+09:00",
                "緯度": "34.69833333",
                "経度": "135.0361111",
                "夜空の明るさ": "17.94",
                "ばらつき": "0.08",
                "周辺状況": "住宅地域",
                "備考": "",
                "継続観察登録地点": "○"
            }
        },
        {
            "type": "Feature",
            "geometry": {
                "type": "Point",
                "coordinates": [
                    135.0358333,
                    34.69833333
                ]
            },
            "properties": {
                "調査時期": "2023_W",
                "都道府県": "兵庫県",
                "市区町村": "神戸市　西区",
                "撮影場所": "神戸市西区井吹台 西神南",
                "撮影日時": "2023-01-20T20:42:00+09:00",
                "緯度": "34.69833333",
                "経度": "135.0358333",
                "夜空の明るさ": "17.21",
                "ばらつき": "0.08",
                "周辺状況": "住宅地域",
                "備考": "参考値（薄雲）",
                "継続観察登録地点": "○"
            }
        },
        {
            "type": "Feature",
            "geometry": {
                "type": "Point",
                "coordinates": [
                    135.0358333,
                    34.69861111
                ]
            },
            "properties": {
                "調査時期": "2023_W",
                "都道府県": "兵庫県",
                "市区町村": "神戸市　西区",
                "撮影場所": "神戸市西区井吹台 西神南",
                "撮影日時": "2023-01-21T18:42:00+09:00",
                "緯度": "34.69861111",
                "経度": "135.0358333",
                "夜空の明るさ": "",
                "ばらつき": "",
                "周辺状況": "住宅地域",
                "備考": "測定不可（ピンボケ）",
                "継続観察登録地点": "○"
            }
        },
        {
            "type": "Feature",
            "geometry": {
                "type": "Point",
                "coordinates": [
                    135.0355556,
                    34.69861111
                ]
            },
            "properties": {
                "調査時期": "2023_W",
                "都道府県": "兵庫県",
                "市区町村": "神戸市　西区",
                "撮影場所": "神戸市西区井吹台 西神南",
                "撮影日時": "2023-01-25T20:53:00+09:00",
                "緯度": "34.69861111",
                "経度": "135.0355556",
                "夜空の明るさ": "",
                "ばらつき": "",
                "周辺状況": "住宅地域",
                "備考": "測定不可（ピンボケ）",
                "継続観察登録地点": "○"
            }
        },
        {
            "type": "Feature",
            "geometry": {
                "type": "Point",
                "coordinates": [
                    134.9986111,
                    34.99972222
                ]
            },
            "properties": {
                "調査時期": "2023_W",
                "都道府県": "兵庫県",
                "市区町村": "西脇市",
                "撮影場所": "にしわき経緯度地球科学館屋上",
                "撮影日時": "2023-01-21T20:24:00+09:00",
                "緯度": "34.99972222",
                "経度": "134.9986111",
                "夜空の明るさ": "19.98",
                "ばらつき": "0.05",
                "周辺状況": "農業地域",
                "備考": "",
                "継続観察登録地点": "○"
            }
        },
        {
            "type": "Feature",
            "geometry": {
                "type": "Point",
                "coordinates": [
                    135.0222222,
                    34.5725
                ]
            },
            "properties": {
                "調査時期": "2023_W",
                "都道府県": "兵庫県",
                "市区町村": "淡路市",
                "撮影場所": "淡路市久留麻 淡路",
                "撮影日時": "2023-01-17T23:43:00+09:00",
                "緯度": "34.5725",
                "経度": "135.0222222",
                "夜空の明るさ": "19.24",
                "ばらつき": "0.07",
                "周辺状況": "その他",
                "備考": "参考値（時間外）",
                "継続観察登録地点": "○"
            }
        },
        {
            "type": "Feature",
            "geometry": {
                "type": "Point",
                "coordinates": [
                    135.0197222,
                    34.57333333
                ]
            },
            "properties": {
                "調査時期": "2023_W",
                "都道府県": "兵庫県",
                "市区町村": "淡路市",
                "撮影場所": "淡路市久留麻 淡路",
                "撮影日時": "2023-01-18T23:23:00+09:00",
                "緯度": "34.57333333",
                "経度": "135.0197222",
                "夜空の明るさ": "19.22",
                "ばらつき": "0.02",
                "周辺状況": "その他",
                "備考": "参考値（時間外）",
                "継続観察登録地点": "○"
            }
        },
        {
            "type": "Feature",
            "geometry": {
                "type": "Point",
                "coordinates": [
                    135.0191667,
                    34.57111111
                ]
            },
            "properties": {
                "調査時期": "2023_W",
                "都道府県": "兵庫県",
                "市区町村": "淡路市",
                "撮影場所": "淡路市久留麻 淡路",
                "撮影日時": "2023-01-19T23:49:00+09:00",
                "緯度": "34.57111111",
                "経度": "135.0191667",
                "夜空の明るさ": "18.98",
                "ばらつき": "0.05",
                "周辺状況": "その他",
                "備考": "参考値（時間外）",
                "継続観察登録地点": "○"
            }
        },
        {
            "type": "Feature",
            "geometry": {
                "type": "Point",
                "coordinates": [
                    135.0183333,
                    34.57027778
                ]
            },
            "properties": {
                "調査時期": "2023_W",
                "都道府県": "兵庫県",
                "市区町村": "淡路市",
                "撮影場所": "淡路市久留麻 淡路",
                "撮影日時": "2023-01-25T23:50:00+09:00",
                "緯度": "34.57027778",
                "経度": "135.0183333",
                "夜空の明るさ": "19.67",
                "ばらつき": "0.14",
                "周辺状況": "その他",
                "備考": "参考値（時間外）",
                "継続観察登録地点": "○"
            }
        },
        {
            "type": "Feature",
            "geometry": {
                "type": "Point",
                "coordinates": [
                    135.1833333,
                    34.24527778
                ]
            },
            "properties": {
                "調査時期": "2023_W",
                "都道府県": "和歌山県",
                "市区町村": "和歌山市",
                "撮影場所": "和歌山県和歌山市中之島",
                "撮影日時": "2023-01-19T19:36:00+09:00",
                "緯度": "34.24527778",
                "経度": "135.1833333",
                "夜空の明るさ": "17.87",
                "ばらつき": "0.13",
                "周辺状況": "住宅地域",
                "備考": "",
                "継続観察登録地点": "○"
            }
        },
        {
            "type": "Feature",
            "geometry": {
                "type": "Point",
                "coordinates": [
                    135.4063889,
                    34.14416667
                ]
            },
            "properties": {
                "調査時期": "2023_W",
                "都道府県": "和歌山県",
                "市区町村": "紀美野町",
                "撮影場所": "和歌山県海草郡紀美野町　みさと天文台",
                "撮影日時": "2023-01-18T19:58:00+09:00",
                "緯度": "34.14416667",
                "経度": "135.4063889",
                "夜空の明るさ": "20.46",
                "ばらつき": "0.04",
                "周辺状況": "森林山間地",
                "備考": "",
                "継続観察登録地点": "○"
            }
        },
        {
            "type": "Feature",
            "geometry": {
                "type": "Point",
                "coordinates": [
                    135.4061111,
                    34.14416667
                ]
            },
            "properties": {
                "調査時期": "2023_W",
                "都道府県": "和歌山県",
                "市区町村": "紀美野町",
                "撮影場所": "和歌山県海草郡紀美野町　みさと天文台",
                "撮影日時": "2023-01-19T20:12:00+09:00",
                "緯度": "34.14416667",
                "経度": "135.4061111",
                "夜空の明るさ": "20.35",
                "ばらつき": "0.08",
                "周辺状況": "森林山間地",
                "備考": "",
                "継続観察登録地点": "○"
            }
        },
        {
            "type": "Feature",
            "geometry": {
                "type": "Point",
                "coordinates": [
                    135.6975,
                    33.59277778
                ]
            },
            "properties": {
                "調査時期": "2023_W",
                "都道府県": "和歌山県",
                "市区町村": "古座川町",
                "撮影場所": "和歌山県東牟婁郡古座川町佐田",
                "撮影日時": "2023-01-18T20:46:00+09:00",
                "緯度": "33.59277778",
                "経度": "135.6975",
                "夜空の明るさ": "21.09",
                "ばらつき": "0.17",
                "周辺状況": "森林山間地",
                "備考": "参考値（薄雲）",
                "継続観察登録地点": "○"
            }
        },
        {
            "type": "Feature",
            "geometry": {
                "type": "Point",
                "coordinates": [
                    135.6975,
                    33.59333333
                ]
            },
            "properties": {
                "調査時期": "2023_W",
                "都道府県": "和歌山県",
                "市区町村": "古座川町",
                "撮影場所": "和歌山県東牟婁郡古座川町佐田",
                "撮影日時": "2023-01-18T21:03:00+09:00",
                "緯度": "33.59333333",
                "経度": "135.6975",
                "夜空の明るさ": "21.06",
                "ばらつき": "0.17",
                "周辺状況": "森林山間地",
                "備考": "",
                "継続観察登録地点": "○"
            }
        },
        {
            "type": "Feature",
            "geometry": {
                "type": "Point",
                "coordinates": [
                    135.6975,
                    33.59333333
                ]
            },
            "properties": {
                "調査時期": "2023_W",
                "都道府県": "和歌山県",
                "市区町村": "古座川町",
                "撮影場所": "和歌山県東牟婁郡古座川町佐田",
                "撮影日時": "2023-01-25T21:09:00+09:00",
                "緯度": "33.59333333",
                "経度": "135.6975",
                "夜空の明るさ": "21.26",
                "ばらつき": "0.12",
                "周辺状況": "森林山間地",
                "備考": "",
                "継続観察登録地点": "○"
            }
        },
        {
            "type": "Feature",
            "geometry": {
                "type": "Point",
                "coordinates": [
                    135.6975,
                    33.59333333
                ]
            },
            "properties": {
                "調査時期": "2023_W",
                "都道府県": "和歌山県",
                "市区町村": "古座川町",
                "撮影場所": "和歌山県東牟婁郡古座川町佐田",
                "撮影日時": "2023-01-25T21:19:00+09:00",
                "緯度": "33.59333333",
                "経度": "135.6975",
                "夜空の明るさ": "21.23",
                "ばらつき": "0.06",
                "周辺状況": "森林山間地",
                "備考": "",
                "継続観察登録地点": "○"
            }
        },
        {
            "type": "Feature",
            "geometry": {
                "type": "Point",
                "coordinates": [
                    135.6975,
                    33.59333333
                ]
            },
            "properties": {
                "調査時期": "2023_W",
                "都道府県": "和歌山県",
                "市区町村": "古座川町",
                "撮影場所": "和歌山県東牟婁郡古座川町佐田",
                "撮影日時": "2023-01-25T21:30:00+09:00",
                "緯度": "33.59333333",
                "経度": "135.6975",
                "夜空の明るさ": "21.23",
                "ばらつき": "0.03",
                "周辺状況": "森林山間地",
                "備考": "参考値（時間外）",
                "継続観察登録地点": "○"
            }
        },
        {
            "type": "Feature",
            "geometry": {
                "type": "Point",
                "coordinates": [
                    135.6975,
                    33.59333333
                ]
            },
            "properties": {
                "調査時期": "2023_W",
                "都道府県": "和歌山県",
                "市区町村": "古座川町",
                "撮影場所": "和歌山県東牟婁郡古座川町佐田",
                "撮影日時": "2023-01-25T21:39:00+09:00",
                "緯度": "33.59333333",
                "経度": "135.6975",
                "夜空の明るさ": "21.27",
                "ばらつき": "0.02",
                "周辺状況": "森林山間地",
                "備考": "参考値（時間外）",
                "継続観察登録地点": "○"
            }
        },
        {
            "type": "Feature",
            "geometry": {
                "type": "Point",
                "coordinates": [
                    134.1052778,
                    35.33055556
                ]
            },
            "properties": {
                "調査時期": "2023_W",
                "都道府県": "鳥取県",
                "市区町村": "鳥取市",
                "撮影場所": "",
                "撮影日時": "2023-01-17T19:44:00+09:00",
                "緯度": "35.33055556",
                "経度": "134.1052778",
                "夜空の明るさ": "20.97",
                "ばらつき": "0.07",
                "周辺状況": "",
                "備考": "",
                "継続観察登録地点": ""
            }
        },
        {
            "type": "Feature",
            "geometry": {
                "type": "Point",
                "coordinates": [
                    134.1197222,
                    35.34194444
                ]
            },
            "properties": {
                "調査時期": "2023_W",
                "都道府県": "鳥取県",
                "市区町村": "鳥取市",
                "撮影場所": "さじアストロパーク園地",
                "撮影日時": "2023-01-17T19:55:00+09:00",
                "緯度": "35.34194444",
                "経度": "134.1197222",
                "夜空の明るさ": "20.95",
                "ばらつき": "0.06",
                "周辺状況": "森林山間地",
                "備考": "",
                "継続観察登録地点": "○"
            }
        },
        {
            "type": "Feature",
            "geometry": {
                "type": "Point",
                "coordinates": [
                    134.1755556,
                    35.35694444
                ]
            },
            "properties": {
                "調査時期": "2023_W",
                "都道府県": "鳥取県",
                "市区町村": "鳥取市",
                "撮影場所": "",
                "撮影日時": "2023-01-17T19:49:00+09:00",
                "緯度": "35.35694444",
                "経度": "134.1755556",
                "夜空の明るさ": "20.79",
                "ばらつき": "0.07",
                "周辺状況": "",
                "備考": "",
                "継続観察登録地点": ""
            }
        },
        {
            "type": "Feature",
            "geometry": {
                "type": "Point",
                "coordinates": [
                    134.2002778,
                    35.39333333
                ]
            },
            "properties": {
                "調査時期": "2023_W",
                "都道府県": "鳥取県",
                "市区町村": "鳥取市",
                "撮影場所": "鳥取市河原町曳田 桜広場駐車場",
                "撮影日時": "2023-01-17T20:05:00+09:00",
                "緯度": "35.39333333",
                "経度": "134.2002778",
                "夜空の明るさ": "20.27",
                "ばらつき": "0.07",
                "周辺状況": "住宅地域",
                "備考": "",
                "継続観察登録地点": "○"
            }
        },
        {
            "type": "Feature",
            "geometry": {
                "type": "Point",
                "coordinates": [
                    134.0419444,
                    35.32777778
                ]
            },
            "properties": {
                "調査時期": "2023_W",
                "都道府県": "鳥取県",
                "市区町村": "鳥取市",
                "撮影場所": "",
                "撮影日時": "2023-01-17T19:28:00+09:00",
                "緯度": "35.32777778",
                "経度": "134.0419444",
                "夜空の明るさ": "20.38",
                "ばらつき": "0.23",
                "周辺状況": "",
                "備考": "",
                "継続観察登録地点": ""
            }
        },
        {
            "type": "Feature",
            "geometry": {
                "type": "Point",
                "coordinates": [
                    134.2119444,
                    35.4475
                ]
            },
            "properties": {
                "調査時期": "2023_W",
                "都道府県": "鳥取県",
                "市区町村": "鳥取市",
                "撮影場所": "",
                "撮影日時": "2023-01-17T20:21:00+09:00",
                "緯度": "35.4475",
                "経度": "134.2119444",
                "夜空の明るさ": "20.05",
                "ばらつき": "0.08",
                "周辺状況": "",
                "備考": "",
                "継続観察登録地点": ""
            }
        },
        {
            "type": "Feature",
            "geometry": {
                "type": "Point",
                "coordinates": [
                    134.16,
                    35.34277778
                ]
            },
            "properties": {
                "調査時期": "2023_W",
                "都道府県": "鳥取県",
                "市区町村": "鳥取市",
                "撮影場所": "",
                "撮影日時": "2023-01-17T19:11:00+09:00",
                "緯度": "35.34277778",
                "経度": "134.16",
                "夜空の明るさ": "20.81",
                "ばらつき": "0.08",
                "周辺状況": "",
                "備考": "",
                "継続観察登録地点": ""
            }
        },
        {
            "type": "Feature",
            "geometry": {
                "type": "Point",
                "coordinates": [
                    134.0591667,
                    35.33027778
                ]
            },
            "properties": {
                "調査時期": "2023_W",
                "都道府県": "鳥取県",
                "市区町村": "鳥取市",
                "撮影場所": "",
                "撮影日時": "2023-01-17T20:21:00+09:00",
                "緯度": "35.33027778",
                "経度": "134.0591667",
                "夜空の明るさ": "21.08",
                "ばらつき": "0.05",
                "周辺状況": "",
                "備考": "",
                "継続観察登録地点": ""
            }
        },
        {
            "type": "Feature",
            "geometry": {
                "type": "Point",
                "coordinates": [
                    134.205,
                    35.35888889
                ]
            },
            "properties": {
                "調査時期": "2023_W",
                "都道府県": "鳥取県",
                "市区町村": "鳥取市",
                "撮影場所": "鳥取県鳥取市用瀬町鷹狩",
                "撮影日時": "2023-01-17T19:29:00+09:00",
                "緯度": "35.35888889",
                "経度": "134.205",
                "夜空の明るさ": "20.57",
                "ばらつき": "0.08",
                "周辺状況": "農業地域",
                "備考": "",
                "継続観察登録地点": "○"
            }
        },
        {
            "type": "Feature",
            "geometry": {
                "type": "Point",
                "coordinates": [
                    133.4177778,
                    35.39861111
                ]
            },
            "properties": {
                "調査時期": "2023_W",
                "都道府県": "鳥取県",
                "市区町村": "米子市",
                "撮影場所": "",
                "撮影日時": "2023-01-12T19:00:00+09:00",
                "緯度": "35.39861111",
                "経度": "133.4177778",
                "夜空の明るさ": "20.16",
                "ばらつき": "0.08",
                "周辺状況": "",
                "備考": "",
                "継続観察登録地点": ""
            }
        },
        {
            "type": "Feature",
            "geometry": {
                "type": "Point",
                "coordinates": [
                    133.3672222,
                    35.40444444
                ]
            },
            "properties": {
                "調査時期": "2023_W",
                "都道府県": "鳥取県",
                "市区町村": "米子市",
                "撮影場所": "",
                "撮影日時": "2023-01-12T19:14:00+09:00",
                "緯度": "35.40444444",
                "経度": "133.3672222",
                "夜空の明るさ": "19.48",
                "ばらつき": "0.06",
                "周辺状況": "",
                "備考": "",
                "継続観察登録地点": ""
            }
        },
        {
            "type": "Feature",
            "geometry": {
                "type": "Point",
                "coordinates": [
                    133.3458333,
                    35.43027778
                ]
            },
            "properties": {
                "調査時期": "2023_W",
                "都道府県": "鳥取県",
                "市区町村": "米子市",
                "撮影場所": "",
                "撮影日時": "2023-01-12T19:27:00+09:00",
                "緯度": "35.43027778",
                "経度": "133.3458333",
                "夜空の明るさ": "18.45",
                "ばらつき": "0.06",
                "周辺状況": "",
                "備考": "",
                "継続観察登録地点": ""
            }
        },
        {
            "type": "Feature",
            "geometry": {
                "type": "Point",
                "coordinates": [
                    133.3311111,
                    35.42833333
                ]
            },
            "properties": {
                "調査時期": "2023_W",
                "都道府県": "鳥取県",
                "市区町村": "米子市",
                "撮影場所": "",
                "撮影日時": "2023-01-21T19:06:00+09:00",
                "緯度": "35.42833333",
                "経度": "133.3311111",
                "夜空の明るさ": "18.61",
                "ばらつき": "0.08",
                "周辺状況": "",
                "備考": "",
                "継続観察登録地点": ""
            }
        },
        {
            "type": "Feature",
            "geometry": {
                "type": "Point",
                "coordinates": [
                    133.3211111,
                    35.42944444
                ]
            },
            "properties": {
                "調査時期": "2023_W",
                "都道府県": "鳥取県",
                "市区町村": "米子市",
                "撮影場所": "",
                "撮影日時": "2023-01-21T19:13:00+09:00",
                "緯度": "35.42944444",
                "経度": "133.3211111",
                "夜空の明るさ": "19.07",
                "ばらつき": "0.07",
                "周辺状況": "",
                "備考": "",
                "継続観察登録地点": ""
            }
        },
        {
            "type": "Feature",
            "geometry": {
                "type": "Point",
                "coordinates": [
                    133.3475,
                    35.45305556
                ]
            },
            "properties": {
                "調査時期": "2023_W",
                "都道府県": "鳥取県",
                "市区町村": "米子市",
                "撮影場所": "",
                "撮影日時": "2023-01-21T20:19:00+09:00",
                "緯度": "35.45305556",
                "経度": "133.3475",
                "夜空の明るさ": "19.01",
                "ばらつき": "0.09",
                "周辺状況": "",
                "備考": "",
                "継続観察登録地点": ""
            }
        },
        {
            "type": "Feature",
            "geometry": {
                "type": "Point",
                "coordinates": [
                    133.4183333,
                    35.45222222
                ]
            },
            "properties": {
                "調査時期": "2023_W",
                "都道府県": "鳥取県",
                "市区町村": "米子市",
                "撮影場所": "",
                "撮影日時": "2023-01-21T20:34:00+09:00",
                "緯度": "35.45222222",
                "経度": "133.4183333",
                "夜空の明るさ": "20.24",
                "ばらつき": "0.05",
                "周辺状況": "",
                "備考": "参考値（薄雲）",
                "継続観察登録地点": ""
            }
        },
        {
            "type": "Feature",
            "geometry": {
                "type": "Point",
                "coordinates": [
                    133.4402778,
                    35.45472222
                ]
            },
            "properties": {
                "調査時期": "2023_W",
                "都道府県": "鳥取県",
                "市区町村": "米子市",
                "撮影場所": "",
                "撮影日時": "2023-01-21T20:43:00+09:00",
                "緯度": "35.45472222",
                "経度": "133.4402778",
                "夜空の明るさ": "20.68",
                "ばらつき": "0.07",
                "周辺状況": "",
                "備考": "",
                "継続観察登録地点": ""
            }
        },
        {
            "type": "Feature",
            "geometry": {
                "type": "Point",
                "coordinates": [
                    133.76,
                    35.35611111
                ]
            },
            "properties": {
                "調査時期": "2023_W",
                "都道府県": "鳥取県",
                "市区町村": "倉吉市",
                "撮影場所": "倉吉市関金町関金宿",
                "撮影日時": "2023-01-12T20:27:00+09:00",
                "緯度": "35.35611111",
                "経度": "133.76",
                "夜空の明るさ": "21.08",
                "ばらつき": "0.13",
                "周辺状況": "農業地域",
                "備考": "",
                "継続観察登録地点": "○"
            }
        },
        {
            "type": "Feature",
            "geometry": {
                "type": "Point",
                "coordinates": [
                    133.2322222,
                    35.53861111
                ]
            },
            "properties": {
                "調査時期": "2023_W",
                "都道府県": "鳥取県",
                "市区町村": "境港市",
                "撮影場所": "",
                "撮影日時": "2023-01-12T20:32:00+09:00",
                "緯度": "35.53861111",
                "経度": "133.2322222",
                "夜空の明るさ": "18.55",
                "ばらつき": "0.03",
                "周辺状況": "",
                "備考": "",
                "継続観察登録地点": ""
            }
        },
        {
            "type": "Feature",
            "geometry": {
                "type": "Point",
                "coordinates": [
                    133.2425,
                    35.54666667
                ]
            },
            "properties": {
                "調査時期": "2023_W",
                "都道府県": "鳥取県",
                "市区町村": "境港市",
                "撮影場所": "",
                "撮影日時": "2023-01-12T20:41:00+09:00",
                "緯度": "35.54666667",
                "経度": "133.2425",
                "夜空の明るさ": "19.57",
                "ばらつき": "0.08",
                "周辺状況": "",
                "備考": "",
                "継続観察登録地点": ""
            }
        },
        {
            "type": "Feature",
            "geometry": {
                "type": "Point",
                "coordinates": [
                    133.1694444,
                    35.13611111
                ]
            },
            "properties": {
                "調査時期": "2023_W",
                "都道府県": "鳥取県",
                "市区町村": "日南町",
                "撮影場所": "日南町上萩山",
                "撮影日時": "2023-01-12T20:33:00+09:00",
                "緯度": "35.13611111",
                "経度": "133.1694444",
                "夜空の明るさ": "21.45",
                "ばらつき": "0.07",
                "周辺状況": "農業地域",
                "備考": "",
                "継続観察登録地点": "○"
            }
        },
        {
            "type": "Feature",
            "geometry": {
                "type": "Point",
                "coordinates": [
                    133.1694444,
                    35.13611111
                ]
            },
            "properties": {
                "調査時期": "2023_W",
                "都道府県": "鳥取県",
                "市区町村": "日南町",
                "撮影場所": "日南町上萩山",
                "撮影日時": "2023-01-17T20:36:00+09:00",
                "緯度": "35.13611111",
                "経度": "133.1694444",
                "夜空の明るさ": "21.42",
                "ばらつき": "0.08",
                "周辺状況": "農業地域",
                "備考": "",
                "継続観察登録地点": "○"
            }
        },
        {
            "type": "Feature",
            "geometry": {
                "type": "Point",
                "coordinates": [
                    133.1694444,
                    35.13638889
                ]
            },
            "properties": {
                "調査時期": "2023_W",
                "都道府県": "鳥取県",
                "市区町村": "日南町",
                "撮影場所": "日南町上萩山",
                "撮影日時": "2023-01-21T20:17:00+09:00",
                "緯度": "35.13638889",
                "経度": "133.1694444",
                "夜空の明るさ": "21.47",
                "ばらつき": "0.09",
                "周辺状況": "農業地域",
                "備考": "",
                "継続観察登録地点": "○"
            }
        },
        {
            "type": "Feature",
            "geometry": {
                "type": "Point",
                "coordinates": [
                    133.16,
                    35.50166667
                ]
            },
            "properties": {
                "調査時期": "2023_W",
                "都道府県": "島根県",
                "市区町村": "松江市",
                "撮影場所": "島根県松江市八束町　八束千本桜公園",
                "撮影日時": "2023-01-12T19:54:00+09:00",
                "緯度": "35.50166667",
                "経度": "133.16",
                "夜空の明るさ": "20.18",
                "ばらつき": "0.04",
                "周辺状況": "農業地域",
                "備考": "",
                "継続観察登録地点": "○"
            }
        },
        {
            "type": "Feature",
            "geometry": {
                "type": "Point",
                "coordinates": [
                    131.9430556,
                    34.78916667
                ]
            },
            "properties": {
                "調査時期": "2023_W",
                "都道府県": "島根県",
                "市区町村": "浜田市",
                "撮影場所": "浜田市三隅町 三保公民館",
                "撮影日時": "2023-01-21T21:21:00+09:00",
                "緯度": "34.78916667",
                "経度": "131.9430556",
                "夜空の明るさ": "21.06",
                "ばらつき": "0.14",
                "周辺状況": "住宅地域",
                "備考": "参考値（薄雲）",
                "継続観察登録地点": "○"
            }
        },
        {
            "type": "Feature",
            "geometry": {
                "type": "Point",
                "coordinates": [
                    132.0763889,
                    34.88694444
                ]
            },
            "properties": {
                "調査時期": "2023_W",
                "都道府県": "島根県",
                "市区町村": "浜田市",
                "撮影場所": "浜田市竹迫町 海の見える文化公園",
                "撮影日時": "2023-01-21T20:35:00+09:00",
                "緯度": "34.88694444",
                "経度": "132.0763889",
                "夜空の明るさ": "20.07",
                "ばらつき": "0.07",
                "周辺状況": "住宅地域",
                "備考": "",
                "継続観察登録地点": "○"
            }
        },
        {
            "type": "Feature",
            "geometry": {
                "type": "Point",
                "coordinates": [
                    132.6197222,
                    35.15222222
                ]
            },
            "properties": {
                "調査時期": "2023_W",
                "都道府県": "島根県",
                "市区町村": "大田市",
                "撮影場所": "島根県立三瓶自然館サヒメル",
                "撮影日時": "2023-01-21T20:59:00+09:00",
                "緯度": "35.15222222",
                "経度": "132.6197222",
                "夜空の明るさ": "21.02",
                "ばらつき": "0.55",
                "周辺状況": "自然公園等",
                "備考": "",
                "継続観察登録地点": "○"
            }
        },
        {
            "type": "Feature",
            "geometry": {
                "type": "Point",
                "coordinates": [
                    133.8561111,
                    34.82444444
                ]
            },
            "properties": {
                "調査時期": "2023_W",
                "都道府県": "岡山県",
                "市区町村": "岡山市　北区",
                "撮影場所": "河原邸",
                "撮影日時": "2023-01-16T19:48:00+09:00",
                "緯度": "34.82444444",
                "経度": "133.8561111",
                "夜空の明るさ": "19.49",
                "ばらつき": "0.09",
                "周辺状況": "森林山間地",
                "備考": "",
                "継続観察登録地点": "○"
            }
        },
        {
            "type": "Feature",
            "geometry": {
                "type": "Point",
                "coordinates": [
                    133.7691667,
                    34.53583333
                ]
            },
            "properties": {
                "調査時期": "2023_W",
                "都道府県": "岡山県",
                "市区町村": "倉敷市",
                "撮影場所": "倉敷市 ライフパーク倉敷科学センター 屋上",
                "撮影日時": "2023-01-18T20:34:00+09:00",
                "緯度": "34.53583333",
                "経度": "133.7691667",
                "夜空の明るさ": "18.38",
                "ばらつき": "0.06",
                "周辺状況": "工業地域",
                "備考": "参考値（薄雲）",
                "継続観察登録地点": "○"
            }
        },
        {
            "type": "Feature",
            "geometry": {
                "type": "Point",
                "coordinates": [
                    133.7688889,
                    34.53611111
                ]
            },
            "properties": {
                "調査時期": "2023_W",
                "都道府県": "岡山県",
                "市区町村": "倉敷市",
                "撮影場所": "倉敷市 ライフパーク倉敷科学センター 屋上",
                "撮影日時": "2023-01-24T19:46:00+09:00",
                "緯度": "34.53611111",
                "経度": "133.7688889",
                "夜空の明るさ": "18.65",
                "ばらつき": "0.09",
                "周辺状況": "工業地域",
                "備考": "",
                "継続観察登録地点": "○"
            }
        },
        {
            "type": "Feature",
            "geometry": {
                "type": "Point",
                "coordinates": [
                    134.0686111,
                    35.10416667
                ]
            },
            "properties": {
                "調査時期": "2023_W",
                "都道府県": "岡山県",
                "市区町村": "津山市",
                "撮影場所": "",
                "撮影日時": "2023-01-16T20:23:00+09:00",
                "緯度": "35.10416667",
                "経度": "134.0686111",
                "夜空の明るさ": "20.31",
                "ばらつき": "0.05",
                "周辺状況": "",
                "備考": "",
                "継続観察登録地点": ""
            }
        },
        {
            "type": "Feature",
            "geometry": {
                "type": "Point",
                "coordinates": [
                    133.5452778,
                    34.67166667
                ]
            },
            "properties": {
                "調査時期": "2023_W",
                "都道府県": "岡山県",
                "市区町村": "井原市",
                "撮影場所": "井原市美星天文台",
                "撮影日時": "2023-01-16T21:52:00+09:00",
                "緯度": "34.67166667",
                "経度": "133.5452778",
                "夜空の明るさ": "20.51",
                "ばらつき": "0.1",
                "周辺状況": "森林山間地",
                "備考": "参考値（時間外）",
                "継続観察登録地点": "○"
            }
        },
        {
            "type": "Feature",
            "geometry": {
                "type": "Point",
                "coordinates": [
                    134.0025,
                    34.89361111
                ]
            },
            "properties": {
                "調査時期": "2023_W",
                "都道府県": "岡山県",
                "市区町村": "赤磐市",
                "撮影場所": "竜天天文台公園",
                "撮影日時": "2023-01-20T20:39:00+09:00",
                "緯度": "34.89361111",
                "経度": "134.0025",
                "夜空の明るさ": "20.92",
                "ばらつき": "0.09",
                "周辺状況": "森林山間地",
                "備考": "",
                "継続観察登録地点": "○"
            }
        },
        {
            "type": "Feature",
            "geometry": {
                "type": "Point",
                "coordinates": [
                    134.0566667,
                    34.9675
                ]
            },
            "properties": {
                "調査時期": "2023_W",
                "都道府県": "岡山県",
                "市区町村": "美咲町",
                "撮影場所": "",
                "撮影日時": "2023-01-12T21:48:00+09:00",
                "緯度": "34.9675",
                "経度": "134.0566667",
                "夜空の明るさ": "21.13",
                "ばらつき": "0.07",
                "周辺状況": "",
                "備考": "参考値（時間外）",
                "継続観察登録地点": ""
            }
        },
        {
            "type": "Feature",
            "geometry": {
                "type": "Point",
                "coordinates": [
                    134.0566667,
                    34.9675
                ]
            },
            "properties": {
                "調査時期": "2023_W",
                "都道府県": "岡山県",
                "市区町村": "美咲町",
                "撮影場所": "",
                "撮影日時": "2023-01-17T20:19:00+09:00",
                "緯度": "34.9675",
                "経度": "134.0566667",
                "夜空の明るさ": "20.56",
                "ばらつき": "0.08",
                "周辺状況": "",
                "備考": "",
                "継続観察登録地点": ""
            }
        },
        {
            "type": "Feature",
            "geometry": {
                "type": "Point",
                "coordinates": [
                    133.8058333,
                    34.88416667
                ]
            },
            "properties": {
                "調査時期": "2023_W",
                "都道府県": "岡山県",
                "市区町村": "吉備中央町",
                "撮影場所": "",
                "撮影日時": "2023-01-21T19:59:00+09:00",
                "緯度": "34.88416667",
                "経度": "133.8058333",
                "夜空の明るさ": "20.92",
                "ばらつき": "0.07",
                "周辺状況": "",
                "備考": "",
                "継続観察登録地点": ""
            }
        },
        {
            "type": "Feature",
            "geometry": {
                "type": "Point",
                "coordinates": [
                    132.4538889,
                    34.3975
                ]
            },
            "properties": {
                "調査時期": "2023_W",
                "都道府県": "広島県",
                "市区町村": "広島市　中区",
                "撮影場所": "",
                "撮影日時": "2023-01-16T20:45:00+09:00",
                "緯度": "34.3975",
                "経度": "132.4538889",
                "夜空の明るさ": "17.31",
                "ばらつき": "0.07",
                "周辺状況": "",
                "備考": "参考値（薄雲）",
                "継続観察登録地点": ""
            }
        },
        {
            "type": "Feature",
            "geometry": {
                "type": "Point",
                "coordinates": [
                    131.6558333,
                    34.47361111
                ]
            },
            "properties": {
                "調査時期": "2023_W",
                "都道府県": "山口県",
                "市区町村": "山口市",
                "撮影場所": "山口県山口市阿東嘉年",
                "撮影日時": "2023-01-16T20:57:00+09:00",
                "緯度": "34.47361111",
                "経度": "131.6558333",
                "夜空の明るさ": "21.45",
                "ばらつき": "0.08",
                "周辺状況": "農業地域",
                "備考": "",
                "継続観察登録地点": "○"
            }
        },
        {
            "type": "Feature",
            "geometry": {
                "type": "Point",
                "coordinates": [
                    131.6558333,
                    34.47361111
                ]
            },
            "properties": {
                "調査時期": "2023_W",
                "都道府県": "山口県",
                "市区町村": "山口市",
                "撮影場所": "山口県山口市阿東嘉年",
                "撮影日時": "2023-01-21T19:43:00+09:00",
                "緯度": "34.47361111",
                "経度": "131.6558333",
                "夜空の明るさ": "21.29",
                "ばらつき": "0.19",
                "周辺状況": "農業地域",
                "備考": "",
                "継続観察登録地点": "○"
            }
        },
        {
            "type": "Feature",
            "geometry": {
                "type": "Point",
                "coordinates": [
                    134.5608333,
                    34.07055556
                ]
            },
            "properties": {
                "調査時期": "2023_W",
                "都道府県": "徳島県",
                "市区町村": "徳島市",
                "撮影場所": "",
                "撮影日時": "2023-01-24T19:30:00+09:00",
                "緯度": "34.07055556",
                "経度": "134.5608333",
                "夜空の明るさ": "18.53",
                "ばらつき": "0.12",
                "周辺状況": "",
                "備考": "参考値（薄雲）",
                "継続観察登録地点": ""
            }
        },
        {
            "type": "Feature",
            "geometry": {
                "type": "Point",
                "coordinates": [
                    134.6030556,
                    34.06305556
                ]
            },
            "properties": {
                "調査時期": "2023_W",
                "都道府県": "徳島県",
                "市区町村": "徳島市",
                "撮影場所": "",
                "撮影日時": "2023-01-24T20:16:00+09:00",
                "緯度": "34.06305556",
                "経度": "134.6030556",
                "夜空の明るさ": "18.21",
                "ばらつき": "0.36",
                "周辺状況": "",
                "備考": "参考値（薄雲）",
                "継続観察登録地点": ""
            }
        },
        {
            "type": "Feature",
            "geometry": {
                "type": "Point",
                "coordinates": [
                    134.4713889,
                    34.06222222
                ]
            },
            "properties": {
                "調査時期": "2023_W",
                "都道府県": "徳島県",
                "市区町村": "徳島市",
                "撮影場所": "",
                "撮影日時": "2023-01-25T20:03:00+09:00",
                "緯度": "34.06222222",
                "経度": "134.4713889",
                "夜空の明るさ": "19.59",
                "ばらつき": "0.09",
                "周辺状況": "",
                "備考": "",
                "継続観察登録地点": ""
            }
        },
        {
            "type": "Feature",
            "geometry": {
                "type": "Point",
                "coordinates": [
                    134.5147222,
                    34.07472222
                ]
            },
            "properties": {
                "調査時期": "2023_W",
                "都道府県": "徳島県",
                "市区町村": "徳島市",
                "撮影場所": "",
                "撮影日時": "2023-01-25T19:47:00+09:00",
                "緯度": "34.07472222",
                "経度": "134.5147222",
                "夜空の明るさ": "18.55",
                "ばらつき": "0.08",
                "周辺状況": "",
                "備考": "",
                "継続観察登録地点": ""
            }
        },
        {
            "type": "Feature",
            "geometry": {
                "type": "Point",
                "coordinates": [
                    134.5572222,
                    34.06972222
                ]
            },
            "properties": {
                "調査時期": "2023_W",
                "都道府県": "徳島県",
                "市区町村": "徳島市",
                "撮影場所": "",
                "撮影日時": "2023-01-25T19:19:00+09:00",
                "緯度": "34.06972222",
                "経度": "134.5572222",
                "夜空の明るさ": "18.02",
                "ばらつき": "0.1",
                "周辺状況": "",
                "備考": "",
                "継続観察登録地点": ""
            }
        },
        {
            "type": "Feature",
            "geometry": {
                "type": "Point",
                "coordinates": [
                    134.4486111,
                    34.06722222
                ]
            },
            "properties": {
                "調査時期": "2023_W",
                "都道府県": "徳島県",
                "市区町村": "石井町",
                "撮影場所": "",
                "撮影日時": "2023-01-24T20:54:00+09:00",
                "緯度": "34.06722222",
                "経度": "134.4486111",
                "夜空の明るさ": "18.8",
                "ばらつき": "0.17",
                "周辺状況": "",
                "備考": "参考値（薄雲）",
                "継続観察登録地点": ""
            }
        },
        {
            "type": "Feature",
            "geometry": {
                "type": "Point",
                "coordinates": [
                    134.4486111,
                    34.06722222
                ]
            },
            "properties": {
                "調査時期": "2023_W",
                "都道府県": "徳島県",
                "市区町村": "石井町",
                "撮影場所": "",
                "撮影日時": "2023-01-25T20:22:00+09:00",
                "緯度": "34.06722222",
                "経度": "134.4486111",
                "夜空の明るさ": "19.31",
                "ばらつき": "0.06",
                "周辺状況": "",
                "備考": "",
                "継続観察登録地点": ""
            }
        },
        {
            "type": "Feature",
            "geometry": {
                "type": "Point",
                "coordinates": [
                    133.0788889,
                    34.17055556
                ]
            },
            "properties": {
                "調査時期": "2023_W",
                "都道府県": "愛媛県",
                "市区町村": "今治市",
                "撮影場所": "愛媛県今治市宮窪町宮窪",
                "撮影日時": "2023-01-21T19:31:00+09:00",
                "緯度": "34.17055556",
                "経度": "133.0788889",
                "夜空の明るさ": "20.65",
                "ばらつき": "0.07",
                "周辺状況": "住宅地域",
                "備考": "",
                "継続観察登録地点": "○"
            }
        },
        {
            "type": "Feature",
            "geometry": {
                "type": "Point",
                "coordinates": [
                    133.2447222,
                    33.90944444
                ]
            },
            "properties": {
                "調査時期": "2023_W",
                "都道府県": "愛媛県",
                "市区町村": "新居浜市",
                "撮影場所": "愛媛県総合科学博物館 屋上（愛媛県新居浜市）",
                "撮影日時": "2023-01-19T19:09:00+09:00",
                "緯度": "33.90944444",
                "経度": "133.2447222",
                "夜空の明るさ": "19.18",
                "ばらつき": "0.06",
                "周辺状況": "その他",
                "備考": "",
                "継続観察登録地点": "○"
            }
        },
        {
            "type": "Feature",
            "geometry": {
                "type": "Point",
                "coordinates": [
                    133.3097222,
                    33.90333333
                ]
            },
            "properties": {
                "調査時期": "2023_W",
                "都道府県": "愛媛県",
                "市区町村": "新居浜市",
                "撮影場所": "",
                "撮影日時": "2023-01-19T19:57:00+09:00",
                "緯度": "33.90333333",
                "経度": "133.3097222",
                "夜空の明るさ": "19.59",
                "ばらつき": "0.08",
                "周辺状況": "",
                "備考": "",
                "継続観察登録地点": ""
            }
        },
        {
            "type": "Feature",
            "geometry": {
                "type": "Point",
                "coordinates": [
                    133.5369444,
                    33.94305556
                ]
            },
            "properties": {
                "調査時期": "2023_W",
                "都道府県": "愛媛県",
                "市区町村": "四国中央市",
                "撮影場所": "",
                "撮影日時": "2023-01-19T20:59:00+09:00",
                "緯度": "33.94305556",
                "経度": "133.5369444",
                "夜空の明るさ": "20.39",
                "ばらつき": "0.04",
                "周辺状況": "",
                "備考": "",
                "継続観察登録地点": ""
            }
        },
        {
            "type": "Feature",
            "geometry": {
                "type": "Point",
                "coordinates": [
                    132.9394444,
                    33.67638889
                ]
            },
            "properties": {
                "調査時期": "2023_W",
                "都道府県": "愛媛県",
                "市区町村": "久万高原町",
                "撮影場所": "久万高原天体観測館",
                "撮影日時": "2023-01-21T20:40:00+09:00",
                "緯度": "33.67638889",
                "経度": "132.9394444",
                "夜空の明るさ": "21.27",
                "ばらつき": "0.09",
                "周辺状況": "森林山間地 ",
                "備考": "",
                "継続観察登録地点": "○"
            }
        },
        {
            "type": "Feature",
            "geometry": {
                "type": "Point",
                "coordinates": [
                    133.5291667,
                    33.53611111
                ]
            },
            "properties": {
                "調査時期": "2023_W",
                "都道府県": "高知県",
                "市区町村": "高知市",
                "撮影場所": "土佐塾中学・高等学校",
                "撮影日時": "2023-01-16T19:45:00+09:00",
                "緯度": "33.53611111",
                "経度": "133.5291667",
                "夜空の明るさ": "18.88",
                "ばらつき": "0.05",
                "周辺状況": "その他",
                "備考": "",
                "継続観察登録地点": "○"
            }
        },
        {
            "type": "Feature",
            "geometry": {
                "type": "Point",
                "coordinates": [
                    132.7930556,
                    33.17416667
                ]
            },
            "properties": {
                "調査時期": "2023_W",
                "都道府県": "高知県",
                "市区町村": "四万十市",
                "撮影場所": "四万十天文台前",
                "撮影日時": "2023-01-16T20:02:00+09:00",
                "緯度": "33.17416667",
                "経度": "132.7930556",
                "夜空の明るさ": "20.88",
                "ばらつき": "0.13",
                "周辺状況": "森林山間地",
                "備考": "",
                "継続観察登録地点": "○"
            }
        },
        {
            "type": "Feature",
            "geometry": {
                "type": "Point",
                "coordinates": [
                    132.7930556,
                    33.17388889
                ]
            },
            "properties": {
                "調査時期": "2023_W",
                "都道府県": "高知県",
                "市区町村": "四万十市",
                "撮影場所": "四万十天文台前",
                "撮影日時": "2023-01-20T19:56:00+09:00",
                "緯度": "33.17388889",
                "経度": "132.7930556",
                "夜空の明るさ": "20.69",
                "ばらつき": "0.23",
                "周辺状況": "森林山間地",
                "備考": "",
                "継続観察登録地点": "○"
            }
        },
        {
            "type": "Feature",
            "geometry": {
                "type": "Point",
                "coordinates": [
                    132.7933333,
                    33.17388889
                ]
            },
            "properties": {
                "調査時期": "2023_W",
                "都道府県": "高知県",
                "市区町村": "四万十市",
                "撮影場所": "四万十天文台前",
                "撮影日時": "2023-01-21T19:24:00+09:00",
                "緯度": "33.17388889",
                "経度": "132.7933333",
                "夜空の明るさ": "21.36",
                "ばらつき": "0.1",
                "周辺状況": "森林山間地",
                "備考": "",
                "継続観察登録地点": "○"
            }
        },
        {
            "type": "Feature",
            "geometry": {
                "type": "Point",
                "coordinates": [
                    133.825,
                    33.53055556
                ]
            },
            "properties": {
                "調査時期": "2023_W",
                "都道府県": "高知県",
                "市区町村": "芸西村",
                "撮影場所": "芸西天文台",
                "撮影日時": "2023-01-25T20:06:00+09:00",
                "緯度": "33.53055556",
                "経度": "133.825",
                "夜空の明るさ": "20.87",
                "ばらつき": "0.1",
                "周辺状況": "森林山間地",
                "備考": "",
                "継続観察登録地点": "○"
            }
        },
        {
            "type": "Feature",
            "geometry": {
                "type": "Point",
                "coordinates": [
                    133.825,
                    33.53055556
                ]
            },
            "properties": {
                "調査時期": "2023_W",
                "都道府県": "高知県",
                "市区町村": "芸西村",
                "撮影場所": "芸西天文台",
                "撮影日時": "2023-01-25T20:52:00+09:00",
                "緯度": "33.53055556",
                "経度": "133.825",
                "夜空の明るさ": "20.95",
                "ばらつき": "0.07",
                "周辺状況": "森林山間地",
                "備考": "",
                "継続観察登録地点": "○"
            }
        },
        {
            "type": "Feature",
            "geometry": {
                "type": "Point",
                "coordinates": [
                    133.8247222,
                    33.53055556
                ]
            },
            "properties": {
                "調査時期": "2023_W",
                "都道府県": "高知県",
                "市区町村": "芸西村",
                "撮影場所": "芸西天文台",
                "撮影日時": "2023-01-25T21:16:00+09:00",
                "緯度": "33.53055556",
                "経度": "133.8247222",
                "夜空の明るさ": "21.11",
                "ばらつき": "0.08",
                "周辺状況": "森林山間地",
                "備考": "",
                "継続観察登録地点": "○"
            }
        },
        {
            "type": "Feature",
            "geometry": {
                "type": "Point",
                "coordinates": [
                    133.0025,
                    33.47611111
                ]
            },
            "properties": {
                "調査時期": "2023_W",
                "都道府県": "高知県",
                "市区町村": "津野町",
                "撮影場所": "",
                "撮影日時": "2023-01-22T01:44:00+09:00",
                "緯度": "33.47611111",
                "経度": "133.0025",
                "夜空の明るさ": "21.7",
                "ばらつき": "0.09",
                "周辺状況": "",
                "備考": "参考値（時間外）",
                "継続観察登録地点": ""
            }
        },
        {
            "type": "Feature",
            "geometry": {
                "type": "Point",
                "coordinates": [
                    130.84,
                    33.89
                ]
            },
            "properties": {
                "調査時期": "2023_W",
                "都道府県": "福岡県",
                "市区町村": "北九州市　戸畑区",
                "撮影場所": "九州工業大学 戸畑キャンパス運動場",
                "撮影日時": "2023-01-25T20:43:00+09:00",
                "緯度": "33.89",
                "経度": "130.84",
                "夜空の明るさ": "18.3",
                "ばらつき": "0.07",
                "周辺状況": "住宅地域",
                "備考": "参考値（薄雲）",
                "継続観察登録地点": "○"
            }
        },
        {
            "type": "Feature",
            "geometry": {
                "type": "Point",
                "coordinates": [
                    130.7602778,
                    33.24333333
                ]
            },
            "properties": {
                "調査時期": "2023_W",
                "都道府県": "福岡県",
                "市区町村": "八女市",
                "撮影場所": "星のふるさと公園 星降る広場",
                "撮影日時": "2023-01-21T20:32:00+09:00",
                "緯度": "33.24333333",
                "経度": "130.7602778",
                "夜空の明るさ": "20.5",
                "ばらつき": "0.07",
                "周辺状況": "森林山間地",
                "備考": "",
                "継続観察登録地点": "○"
            }
        },
        {
            "type": "Feature",
            "geometry": {
                "type": "Point",
                "coordinates": [
                    130.5405556,
                    33.52416667
                ]
            },
            "properties": {
                "調査時期": "2023_W",
                "都道府県": "福岡県",
                "市区町村": "太宰府市",
                "撮影場所": "",
                "撮影日時": "2023-01-21T20:56:00+09:00",
                "緯度": "33.52416667",
                "経度": "130.5405556",
                "夜空の明るさ": "18.73",
                "ばらつき": "0.09",
                "周辺状況": "",
                "備考": "",
                "継続観察登録地点": ""
            }
        },
        {
            "type": "Feature",
            "geometry": {
                "type": "Point",
                "coordinates": [
                    130.5402778,
                    33.52527778
                ]
            },
            "properties": {
                "調査時期": "2023_W",
                "都道府県": "福岡県",
                "市区町村": "太宰府市",
                "撮影場所": "",
                "撮影日時": "2023-01-21T20:06:00+09:00",
                "緯度": "33.52527778",
                "経度": "130.5402778",
                "夜空の明るさ": "18.4",
                "ばらつき": "0.12",
                "周辺状況": "",
                "備考": "",
                "継続観察登録地点": ""
            }
        },
        {
            "type": "Feature",
            "geometry": {
                "type": "Point",
                "coordinates": [
                    130.7391667,
                    32.83138889
                ]
            },
            "properties": {
                "調査時期": "2023_W",
                "都道府県": "熊本県",
                "市区町村": "熊本市　北区",
                "撮影場所": "",
                "撮影日時": "2023-01-21T19:56:00+09:00",
                "緯度": "32.83138889",
                "経度": "130.7391667",
                "夜空の明るさ": "18.11",
                "ばらつき": "0.06",
                "周辺状況": "",
                "備考": "",
                "継続観察登録地点": ""
            }
        },
        {
            "type": "Feature",
            "geometry": {
                "type": "Point",
                "coordinates": [
                    130.5608333,
                    32.98777778
                ]
            },
            "properties": {
                "調査時期": "2023_W",
                "都道府県": "熊本県",
                "市区町村": "玉名市",
                "撮影場所": "",
                "撮影日時": "2023-01-21T20:53:00+09:00",
                "緯度": "32.98777778",
                "経度": "130.5608333",
                "夜空の明るさ": "20.32",
                "ばらつき": "0.1",
                "周辺状況": "",
                "備考": "",
                "継続観察登録地点": ""
            }
        },
        {
            "type": "Feature",
            "geometry": {
                "type": "Point",
                "coordinates": [
                    130.1222222,
                    32.45333333
                ]
            },
            "properties": {
                "調査時期": "2023_W",
                "都道府県": "熊本県",
                "市区町村": "天草市",
                "撮影場所": "熊本県天草市",
                "撮影日時": "2023-01-16T19:32:00+09:00",
                "緯度": "32.45333333",
                "経度": "130.1222222",
                "夜空の明るさ": "20.9",
                "ばらつき": "0.06",
                "周辺状況": "森林山間地",
                "備考": "",
                "継続観察登録地点": "○"
            }
        },
        {
            "type": "Feature",
            "geometry": {
                "type": "Point",
                "coordinates": [
                    130.1222222,
                    32.45333333
                ]
            },
            "properties": {
                "調査時期": "2023_W",
                "都道府県": "熊本県",
                "市区町村": "天草市",
                "撮影場所": "熊本県天草市",
                "撮影日時": "2023-01-21T19:36:00+09:00",
                "緯度": "32.45333333",
                "経度": "130.1222222",
                "夜空の明るさ": "20.94",
                "ばらつき": "0.13",
                "周辺状況": "森林山間地",
                "備考": "",
                "継続観察登録地点": "○"
            }
        },
        {
            "type": "Feature",
            "geometry": {
                "type": "Point",
                "coordinates": [
                    131.0983333,
                    32.74083333
                ]
            },
            "properties": {
                "調査時期": "2023_W",
                "都道府県": "熊本県",
                "市区町村": "山都町",
                "撮影場所": "清和高原天文台",
                "撮影日時": "2023-01-20T20:25:00+09:00",
                "緯度": "32.74083333",
                "経度": "131.0983333",
                "夜空の明るさ": "21.14",
                "ばらつき": "0.08",
                "周辺状況": "森林山間地",
                "備考": "",
                "継続観察登録地点": "○"
            }
        },
        {
            "type": "Feature",
            "geometry": {
                "type": "Point",
                "coordinates": [
                    131.0694444,
                    31.88027778
                ]
            },
            "properties": {
                "調査時期": "2023_W",
                "都道府県": "宮崎県",
                "市区町村": "都城市",
                "撮影場所": "宮崎県都城市高崎町",
                "撮影日時": "2023-01-21T22:11:00+09:00",
                "緯度": "31.88027778",
                "経度": "131.0694444",
                "夜空の明るさ": "20.92",
                "ばらつき": "0.1",
                "周辺状況": "住宅地域",
                "備考": "参考値（時間外）",
                "継続観察登録地点": "○"
            }
        },
        {
            "type": "Feature",
            "geometry": {
                "type": "Point",
                "coordinates": [
                    131.2769444,
                    32.71722222
                ]
            },
            "properties": {
                "調査時期": "2023_W",
                "都道府県": "宮崎県",
                "市区町村": "高千穂町",
                "撮影場所": "宮崎県西臼杵郡高千穂町　国見ヶ丘",
                "撮影日時": "2023-01-21T19:48:00+09:00",
                "緯度": "32.71722222",
                "経度": "131.2769444",
                "夜空の明るさ": "21.19",
                "ばらつき": "0.06",
                "周辺状況": "森林山間地",
                "備考": "",
                "継続観察登録地点": "○"
            }
        },
        {
            "type": "Feature",
            "geometry": {
                "type": "Point",
                "coordinates": [
                    129.4961111,
                    28.38333333
                ]
            },
            "properties": {
                "調査時期": "2023_W",
                "都道府県": "鹿児島県",
                "市区町村": "奄美市",
                "撮影場所": "",
                "撮影日時": "2023-01-20T19:59:00+09:00",
                "緯度": "28.38333333",
                "経度": "129.4961111",
                "夜空の明るさ": "18.85",
                "ばらつき": "0.12",
                "周辺状況": "",
                "備考": "",
                "継続観察登録地点": ""
            }
        },
        {
            "type": "Feature",
            "geometry": {
                "type": "Point",
                "coordinates": [
                    129.5319444,
                    28.33611111
                ]
            },
            "properties": {
                "調査時期": "2023_W",
                "都道府県": "鹿児島県",
                "市区町村": "奄美市",
                "撮影場所": "",
                "撮影日時": "2023-01-20T20:24:00+09:00",
                "緯度": "28.33611111",
                "経度": "129.5319444",
                "夜空の明るさ": "21.24",
                "ばらつき": "0.06",
                "周辺状況": "",
                "備考": "",
                "継続観察登録地点": ""
            }
        },
        {
            "type": "Feature",
            "geometry": {
                "type": "Point",
                "coordinates": [
                    129.5033333,
                    28.39194444
                ]
            },
            "properties": {
                "調査時期": "2023_W",
                "都道府県": "鹿児島県",
                "市区町村": "奄美市",
                "撮影場所": "",
                "撮影日時": "2023-01-21T20:24:00+09:00",
                "緯度": "28.39194444",
                "経度": "129.5033333",
                "夜空の明るさ": "16.23",
                "ばらつき": "0.32",
                "周辺状況": "",
                "備考": "参考値（薄雲）",
                "継続観察登録地点": ""
            }
        },
        {
            "type": "Feature",
            "geometry": {
                "type": "Point",
                "coordinates": [
                    129.64,
                    28.41777778
                ]
            },
            "properties": {
                "調査時期": "2023_W",
                "都道府県": "鹿児島県",
                "市区町村": "龍郷町",
                "撮影場所": "鹿児島県大島郡龍郷町赤尾木",
                "撮影日時": "2023-01-19T21:39:00+09:00",
                "緯度": "28.41777778",
                "経度": "129.64",
                "夜空の明るさ": "20.94",
                "ばらつき": "0.28",
                "周辺状況": "その他",
                "備考": "",
                "継続観察登録地点": "○"
            }
        },
        {
            "type": "Feature",
            "geometry": {
                "type": "Point",
                "coordinates": [
                    128.4283333,
                    27.04305556
                ]
            },
            "properties": {
                "調査時期": "2023_W",
                "都道府県": "鹿児島県",
                "市区町村": "与論町",
                "撮影場所": "与論町内",
                "撮影日時": "2023-01-20T20:47:00+09:00",
                "緯度": "27.04305556",
                "経度": "128.4283333",
                "夜空の明るさ": "21.13",
                "ばらつき": "0.02",
                "周辺状況": "農業地域",
                "備考": "",
                "継続観察登録地点": "○"
            }
        },
        {
            "type": "Feature",
            "geometry": {
                "type": "Point",
                "coordinates": [
                    128.4283333,
                    27.04305556
                ]
            },
            "properties": {
                "調査時期": "2023_W",
                "都道府県": "鹿児島県",
                "市区町村": "与論町",
                "撮影場所": "与論町内",
                "撮影日時": "2023-01-20T21:16:00+09:00",
                "緯度": "27.04305556",
                "経度": "128.4283333",
                "夜空の明るさ": "21.22",
                "ばらつき": "0.02",
                "周辺状況": "農業地域",
                "備考": "",
                "継続観察登録地点": "○"
            }
        },
        {
            "type": "Feature",
            "geometry": {
                "type": "Point",
                "coordinates": [
                    127.9491667,
                    26.6975
                ]
            },
            "properties": {
                "調査時期": "2023_W",
                "都道府県": "沖縄県",
                "市区町村": "今帰仁村",
                "撮影場所": "沖縄県国頭郡今帰仁村字与那嶺",
                "撮影日時": "2023-01-20T21:39:00+09:00",
                "緯度": "26.6975",
                "経度": "127.9491667",
                "夜空の明るさ": "20.2",
                "ばらつき": "0.06",
                "周辺状況": "住宅地域",
                "備考": "",
                "継続観察登録地点": "○"
            }
        },
        {
            "type": "Feature",
            "geometry": {
                "type": "Point",
                "coordinates": [
                    127.9297222,
                    26.69166667
                ]
            },
            "properties": {
                "調査時期": "2023_W",
                "都道府県": "沖縄県",
                "市区町村": "今帰仁村",
                "撮影場所": "沖縄県国頭郡今帰仁村今泊　今帰仁城跡内　",
                "撮影日時": "2023-01-21T20:36:00+09:00",
                "緯度": "26.69166667",
                "経度": "127.9297222",
                "夜空の明るさ": "19.32",
                "ばらつき": "0.13",
                "周辺状況": "自然公園等",
                "備考": "",
                "継続観察登録地点": "○"
            }
        },
        {
            "type": "Feature",
            "geometry": {
                "type": "Point",
                "coordinates": [
                    123.7977778,
                    24.04972222
                ]
            },
            "properties": {
                "調査時期": "2023_W",
                "都道府県": "沖縄県",
                "市区町村": "竹富町",
                "撮影場所": "波照間島星空観測タワー広場",
                "撮影日時": "2023-01-17T20:00:00+09:00",
                "緯度": "24.04972222",
                "経度": "123.7977778",
                "夜空の明るさ": "21.49",
                "ばらつき": "0.06",
                "周辺状況": "その他",
                "備考": "",
                "継続観察登録地点": "○"
            }
        }
    ]
}