{
    "type": "FeatureCollection",
    "features": [
        {
            "type": "Feature",
            "geometry": {
                "type": "Point",
                "coordinates": [
                    142.48305556,
                    44.37388889
                ]
            },
            "properties": {
                "調査時期": "2023_S",
                "都道府県": "北海道",
                "市区町村": "名寄市",
                "撮影場所": "なよろ市立天文台",
                "撮影日時": "2023-08-13T20:46:00+09:00",
                "緯度": "44.37388889 ",
                "経度": "142.48305556 ",
                "夜空の明るさ": "21.14",
                "ばらつき": "0.10",
                "周辺状況": "住宅地域",
                "備考": "",
                "継続観察登録地点": "○"
            }
        },
        {
            "type": "Feature",
            "geometry": {
                "type": "Point",
                "coordinates": [
                    142.48277778,
                    44.37388889
                ]
            },
            "properties": {
                "調査時期": "2023_S",
                "都道府県": "北海道",
                "市区町村": "名寄市",
                "撮影場所": "なよろ市立天文台",
                "撮影日時": "2023-08-14T21:29:00+09:00",
                "緯度": "44.37388889 ",
                "経度": "142.48277778 ",
                "夜空の明るさ": "20.70",
                "ばらつき": "0.09",
                "周辺状況": "住宅地域",
                "備考": "",
                "継続観察登録地点": "○"
            }
        },
        {
            "type": "Feature",
            "geometry": {
                "type": "Point",
                "coordinates": [
                    142.48305556,
                    44.37416667
                ]
            },
            "properties": {
                "調査時期": "2023_S",
                "都道府県": "北海道",
                "市区町村": "名寄市",
                "撮影場所": "なよろ市立天文台",
                "撮影日時": "2023-08-18T20:16:00+09:00",
                "緯度": "44.37416667 ",
                "経度": "142.48305556 ",
                "夜空の明るさ": "21.17",
                "ばらつき": "0.17",
                "周辺状況": "住宅地域",
                "備考": "",
                "継続観察登録地点": "○"
            }
        },
        {
            "type": "Feature",
            "geometry": {
                "type": "Point",
                "coordinates": [
                    141.10305556,
                    42.46027778
                ]
            },
            "properties": {
                "調査時期": "2023_S",
                "都道府県": "北海道",
                "市区町村": "登別市",
                "撮影場所": "",
                "撮影日時": "2023-08-09T21:30:00+09:00",
                "緯度": "42.46027778 ",
                "経度": "141.10305556 ",
                "夜空の明るさ": "21.41",
                "ばらつき": "0.15",
                "周辺状況": "",
                "備考": "",
                "継続観察登録地点": ""
            }
        },
        {
            "type": "Feature",
            "geometry": {
                "type": "Point",
                "coordinates": [
                    141.02527778,
                    42.62388889
                ]
            },
            "properties": {
                "調査時期": "2023_S",
                "都道府県": "北海道",
                "市区町村": "伊達市",
                "撮影場所": "北湯沢温泉",
                "撮影日時": "2023-08-10T21:32:00+09:00",
                "緯度": "42.62388889 ",
                "経度": "141.02527778 ",
                "夜空の明るさ": "21.07",
                "ばらつき": "0.12",
                "周辺状況": "森林山間地",
                "備考": "",
                "継続観察登録地点": "○"
            }
        },
        {
            "type": "Feature",
            "geometry": {
                "type": "Point",
                "coordinates": [
                    141.06055556,
                    42.63472222
                ]
            },
            "properties": {
                "調査時期": "2023_S",
                "都道府県": "北海道",
                "市区町村": "伊達市",
                "撮影場所": "",
                "撮影日時": "2023-08-10T21:55:00+09:00",
                "緯度": "42.63472222 ",
                "経度": "141.06055556 ",
                "夜空の明るさ": "20.90",
                "ばらつき": "0.18",
                "周辺状況": "",
                "備考": "",
                "継続観察登録地点": ""
            }
        },
        {
            "type": "Feature",
            "geometry": {
                "type": "Point",
                "coordinates": [
                    143.76611111,
                    43.45638889
                ]
            },
            "properties": {
                "調査時期": "2023_S",
                "都道府県": "北海道",
                "市区町村": "陸別町",
                "撮影場所": "りくべつ宇宙地球科学館（銀河の森天文台）",
                "撮影日時": "2023-08-15T21:23:00+09:00",
                "緯度": "43.45638889 ",
                "経度": "143.76611111 ",
                "夜空の明るさ": "21.33",
                "ばらつき": "0.24",
                "周辺状況": "森林山間地",
                "備考": "",
                "継続観察登録地点": "○"
            }
        },
        {
            "type": "Feature",
            "geometry": {
                "type": "Point",
                "coordinates": [
                    143.76611111,
                    43.45638889
                ]
            },
            "properties": {
                "調査時期": "2023_S",
                "都道府県": "北海道",
                "市区町村": "陸別町",
                "撮影場所": "りくべつ宇宙地球科学館（銀河の森天文台）",
                "撮影日時": "2023-08-17T21:45:00+09:00",
                "緯度": "43.45638889 ",
                "経度": "143.76611111 ",
                "夜空の明るさ": "21.80",
                "ばらつき": "0.21",
                "周辺状況": "森林山間地",
                "備考": "",
                "継続観察登録地点": "○"
            }
        },
        {
            "type": "Feature",
            "geometry": {
                "type": "Point",
                "coordinates": [
                    144.40222222,
                    43.52416667
                ]
            },
            "properties": {
                "調査時期": "2023_S",
                "都道府県": "北海道",
                "市区町村": "弟子屈町",
                "撮影場所": "北海道川上郡弟子屈町",
                "撮影日時": "2023-08-20T20:12:00+09:00",
                "緯度": "43.52416667 ",
                "経度": "144.40222222 ",
                "夜空の明るさ": "21.56",
                "ばらつき": "0.13",
                "周辺状況": "農業地域",
                "備考": "",
                "継続観察登録地点": "○"
            }
        },
        {
            "type": "Feature",
            "geometry": {
                "type": "Point",
                "coordinates": [
                    141.49638889,
                    40.38138889
                ]
            },
            "properties": {
                "調査時期": "2023_S",
                "都道府県": "青森県",
                "市区町村": "八戸市",
                "撮影場所": "",
                "撮影日時": "2023-08-11T20:44:00+09:00",
                "緯度": "40.38138889 ",
                "経度": "141.49638889 ",
                "夜空の明るさ": "21.26",
                "ばらつき": "0.06",
                "周辺状況": "",
                "備考": "",
                "継続観察登録地点": ""
            }
        },
        {
            "type": "Feature",
            "geometry": {
                "type": "Point",
                "coordinates": [
                    141.49805556,
                    40.37777778
                ]
            },
            "properties": {
                "調査時期": "2023_S",
                "都道府県": "青森県",
                "市区町村": "八戸市",
                "撮影場所": "",
                "撮影日時": "2023-08-11T20:44:00+09:00",
                "緯度": "40.37777778 ",
                "経度": "141.49805556 ",
                "夜空の明るさ": "21.28",
                "ばらつき": "0.07",
                "周辺状況": "",
                "備考": "",
                "継続観察登録地点": ""
            }
        },
        {
            "type": "Feature",
            "geometry": {
                "type": "Point",
                "coordinates": [
                    141.49833333,
                    40.37972222
                ]
            },
            "properties": {
                "調査時期": "2023_S",
                "都道府県": "青森県",
                "市区町村": "八戸市",
                "撮影場所": "",
                "撮影日時": "2023-08-11T20:44:00+09:00",
                "緯度": "40.37972222 ",
                "経度": "141.49833333 ",
                "夜空の明るさ": "21.30",
                "ばらつき": "0.08",
                "周辺状況": "",
                "備考": "",
                "継続観察登録地点": ""
            }
        },
        {
            "type": "Feature",
            "geometry": {
                "type": "Point",
                "coordinates": [
                    141.53305556,
                    40.49444444
                ]
            },
            "properties": {
                "調査時期": "2023_S",
                "都道府県": "青森県",
                "市区町村": "八戸市",
                "撮影場所": "",
                "撮影日時": "2023-08-10T21:41:00+09:00",
                "緯度": "40.49444444 ",
                "経度": "141.53305556 ",
                "夜空の明るさ": "19.73",
                "ばらつき": "0.09",
                "周辺状況": "",
                "備考": "",
                "継続観察登録地点": ""
            }
        },
        {
            "type": "Feature",
            "geometry": {
                "type": "Point",
                "coordinates": [
                    141.79,
                    40.18611111
                ]
            },
            "properties": {
                "調査時期": "2023_S",
                "都道府県": "岩手県",
                "市区町村": "久慈市",
                "撮影場所": "久慈市長内町",
                "撮影日時": "2023-08-11T21:08:00+09:00",
                "緯度": "40.18611111 ",
                "経度": "141.79000000 ",
                "夜空の明るさ": "20.71",
                "ばらつき": "0.25",
                "周辺状況": "住宅地域",
                "備考": "",
                "継続観察登録地点": "○"
            }
        },
        {
            "type": "Feature",
            "geometry": {
                "type": "Point",
                "coordinates": [
                    141.68916667,
                    39.01166667
                ]
            },
            "properties": {
                "調査時期": "2023_S",
                "都道府県": "岩手県",
                "市区町村": "陸前高田市",
                "撮影場所": "",
                "撮影日時": "2023-08-13T21:59:00+09:00",
                "緯度": "39.01166667 ",
                "経度": "141.68916667 ",
                "夜空の明るさ": "20.90",
                "ばらつき": "0.11",
                "周辺状況": "",
                "備考": "",
                "継続観察登録地点": ""
            }
        },
        {
            "type": "Feature",
            "geometry": {
                "type": "Point",
                "coordinates": [
                    141.68916667,
                    39.01194444
                ]
            },
            "properties": {
                "調査時期": "2023_S",
                "都道府県": "岩手県",
                "市区町村": "陸前高田市",
                "撮影場所": "",
                "撮影日時": "2023-08-13T21:53:00+09:00",
                "緯度": "39.01194444 ",
                "経度": "141.68916667 ",
                "夜空の明るさ": "20.67",
                "ばらつき": "0.11",
                "周辺状況": "",
                "備考": "",
                "継続観察登録地点": ""
            }
        },
        {
            "type": "Feature",
            "geometry": {
                "type": "Point",
                "coordinates": [
                    141.68916667,
                    39.01194444
                ]
            },
            "properties": {
                "調査時期": "2023_S",
                "都道府県": "岩手県",
                "市区町村": "陸前高田市",
                "撮影場所": "",
                "撮影日時": "2023-08-13T22:01:00+09:00",
                "緯度": "39.01194444 ",
                "経度": "141.68916667 ",
                "夜空の明るさ": "20.76",
                "ばらつき": "0.15",
                "周辺状況": "",
                "備考": "",
                "継続観察登録地点": ""
            }
        },
        {
            "type": "Feature",
            "geometry": {
                "type": "Point",
                "coordinates": [
                    141.68916667,
                    39.01194444
                ]
            },
            "properties": {
                "調査時期": "2023_S",
                "都道府県": "岩手県",
                "市区町村": "陸前高田市",
                "撮影場所": "",
                "撮影日時": "2023-08-13T21:58:00+09:00",
                "緯度": "39.01194444 ",
                "経度": "141.68916667 ",
                "夜空の明るさ": "20.80",
                "ばらつき": "0.20",
                "周辺状況": "",
                "備考": "",
                "継続観察登録地点": ""
            }
        },
        {
            "type": "Feature",
            "geometry": {
                "type": "Point",
                "coordinates": [
                    141.31527778,
                    40.27083333
                ]
            },
            "properties": {
                "調査時期": "2023_S",
                "都道府県": "岩手県",
                "市区町村": "二戸市",
                "撮影場所": "二戸市福岡 古梅児童公園の近辺",
                "撮影日時": "2023-08-20T21:17:00+09:00",
                "緯度": "40.27083333 ",
                "経度": "141.31527778 ",
                "夜空の明るさ": "20.59",
                "ばらつき": "0.19",
                "周辺状況": "住宅地域",
                "備考": "",
                "継続観察登録地点": "○"
            }
        },
        {
            "type": "Feature",
            "geometry": {
                "type": "Point",
                "coordinates": [
                    140.75583333,
                    38.07555556
                ]
            },
            "properties": {
                "調査時期": "2023_S",
                "都道府県": "宮城県",
                "市区町村": "柴田町",
                "撮影場所": "柴田郡柴田町本船迫",
                "撮影日時": "2023-08-20T20:01:00+09:00",
                "緯度": "38.07555556 ",
                "経度": "140.75583333 ",
                "夜空の明るさ": "19.20",
                "ばらつき": "0.19",
                "周辺状況": "自然公園等",
                "備考": "",
                "継続観察登録地点": "○"
            }
        },
        {
            "type": "Feature",
            "geometry": {
                "type": "Point",
                "coordinates": [
                    140.05138889,
                    38.30805556
                ]
            },
            "properties": {
                "調査時期": "2023_S",
                "都道府県": "山形県",
                "市区町村": "朝日町",
                "撮影場所": "山形県朝日町　Asahi自然観",
                "撮影日時": "2023-08-09T21:15:00+09:00",
                "緯度": "38.30805556 ",
                "経度": "140.05138889 ",
                "夜空の明るさ": "21.35",
                "ばらつき": "0.19",
                "周辺状況": "その他",
                "備考": "",
                "継続観察登録地点": "○"
            }
        },
        {
            "type": "Feature",
            "geometry": {
                "type": "Point",
                "coordinates": [
                    140.05138889,
                    38.30805556
                ]
            },
            "properties": {
                "調査時期": "2023_S",
                "都道府県": "山形県",
                "市区町村": "朝日町",
                "撮影場所": "山形県朝日町　Asahi自然観",
                "撮影日時": "2023-08-10T21:52:00+09:00",
                "緯度": "38.30805556 ",
                "経度": "140.05138889 ",
                "夜空の明るさ": "21.36",
                "ばらつき": "0.25",
                "周辺状況": "その他",
                "備考": "",
                "継続観察登録地点": "○"
            }
        },
        {
            "type": "Feature",
            "geometry": {
                "type": "Point",
                "coordinates": [
                    140.05138889,
                    38.30805556
                ]
            },
            "properties": {
                "調査時期": "2023_S",
                "都道府県": "山形県",
                "市区町村": "朝日町",
                "撮影場所": "山形県朝日町　Asahi自然観",
                "撮影日時": "2023-08-10T20:57:00+09:00",
                "緯度": "38.30805556 ",
                "経度": "140.05138889 ",
                "夜空の明るさ": "21.29",
                "ばらつき": "0.17",
                "周辺状況": "その他",
                "備考": "",
                "継続観察登録地点": "○"
            }
        },
        {
            "type": "Feature",
            "geometry": {
                "type": "Point",
                "coordinates": [
                    140.05138889,
                    38.30805556
                ]
            },
            "properties": {
                "調査時期": "2023_S",
                "都道府県": "山形県",
                "市区町村": "朝日町",
                "撮影場所": "山形県朝日町　Asahi自然観",
                "撮影日時": "2023-08-10T20:59:00+09:00",
                "緯度": "38.30805556 ",
                "経度": "140.05138889 ",
                "夜空の明るさ": "21.24",
                "ばらつき": "0.12",
                "周辺状況": "その他",
                "備考": "",
                "継続観察登録地点": "○"
            }
        },
        {
            "type": "Feature",
            "geometry": {
                "type": "Point",
                "coordinates": [
                    140.92416667,
                    37.0075
                ]
            },
            "properties": {
                "調査時期": "2023_S",
                "都道府県": "福島県",
                "市区町村": "いわき市",
                "撮影場所": "いわき市中央台鹿島",
                "撮影日時": "2023-08-12T21:31:00+09:00",
                "緯度": "37.00750000 ",
                "経度": "140.92416667 ",
                "夜空の明るさ": "19.80",
                "ばらつき": "0.08",
                "周辺状況": "住宅地域",
                "備考": "",
                "継続観察登録地点": "○"
            }
        },
        {
            "type": "Feature",
            "geometry": {
                "type": "Point",
                "coordinates": [
                    140.92416667,
                    37.0075
                ]
            },
            "properties": {
                "調査時期": "2023_S",
                "都道府県": "福島県",
                "市区町村": "いわき市",
                "撮影場所": "いわき市中央台鹿島",
                "撮影日時": "2023-08-18T21:18:00+09:00",
                "緯度": "37.00750000 ",
                "経度": "140.92416667 ",
                "夜空の明るさ": "18.67",
                "ばらつき": "0.15",
                "周辺状況": "住宅地域",
                "備考": "",
                "継続観察登録地点": "○"
            }
        },
        {
            "type": "Feature",
            "geometry": {
                "type": "Point",
                "coordinates": [
                    140.92416667,
                    37.0075
                ]
            },
            "properties": {
                "調査時期": "2023_S",
                "都道府県": "福島県",
                "市区町村": "いわき市",
                "撮影場所": "いわき市中央台鹿島",
                "撮影日時": "2023-08-10T20:14:00+09:00",
                "緯度": "37.00750000 ",
                "経度": "140.92416667 ",
                "夜空の明るさ": "19.04",
                "ばらつき": "0.10",
                "周辺状況": "住宅地域",
                "備考": "",
                "継続観察登録地点": "○"
            }
        },
        {
            "type": "Feature",
            "geometry": {
                "type": "Point",
                "coordinates": [
                    140.22888889,
                    37.04444444
                ]
            },
            "properties": {
                "調査時期": "2023_S",
                "都道府県": "福島県",
                "市区町村": "白河市",
                "撮影場所": "白河関の森公園駐車場",
                "撮影日時": "2023-08-19T20:05:00+09:00",
                "緯度": "37.04444444 ",
                "経度": "140.22888889 ",
                "夜空の明るさ": "19.52",
                "ばらつき": "0.26",
                "周辺状況": "農業地域",
                "備考": "",
                "継続観察登録地点": "○"
            }
        },
        {
            "type": "Feature",
            "geometry": {
                "type": "Point",
                "coordinates": [
                    140.67611111,
                    37.34166667
                ]
            },
            "properties": {
                "調査時期": "2023_S",
                "都道府県": "福島県",
                "市区町村": "田村市",
                "撮影場所": "星の村天文台",
                "撮影日時": "2023-08-15T21:33:00+09:00",
                "緯度": "37.34166667 ",
                "経度": "140.67611111 ",
                "夜空の明るさ": "20.49",
                "ばらつき": "0.14",
                "周辺状況": "自然公園等",
                "備考": "",
                "継続観察登録地点": "○"
            }
        },
        {
            "type": "Feature",
            "geometry": {
                "type": "Point",
                "coordinates": [
                    139.61888889,
                    37.495
                ]
            },
            "properties": {
                "調査時期": "2023_S",
                "都道府県": "福島県",
                "市区町村": "三島町",
                "撮影場所": "",
                "撮影日時": "2023-08-14T20:02:00+09:00",
                "緯度": "37.49500000 ",
                "経度": "139.61888889 ",
                "夜空の明るさ": "21.62",
                "ばらつき": "0.08",
                "周辺状況": "",
                "備考": "",
                "継続観察登録地点": ""
            }
        },
        {
            "type": "Feature",
            "geometry": {
                "type": "Point",
                "coordinates": [
                    140.95138889,
                    37.19166667
                ]
            },
            "properties": {
                "調査時期": "2023_S",
                "都道府県": "福島県",
                "市区町村": "広野町",
                "撮影場所": "SUZUKI天体観測所",
                "撮影日時": "2023-08-12T21:05:00+09:00",
                "緯度": "37.19166667 ",
                "経度": "140.95138889 ",
                "夜空の明るさ": "21.06",
                "ばらつき": "0.13",
                "周辺状況": "森林山間地",
                "備考": "",
                "継続観察登録地点": "○"
            }
        },
        {
            "type": "Feature",
            "geometry": {
                "type": "Point",
                "coordinates": [
                    140.99305556,
                    37.21555556
                ]
            },
            "properties": {
                "調査時期": "2023_S",
                "都道府県": "福島県",
                "市区町村": "広野町",
                "撮影場所": "双葉郡広野町",
                "撮影日時": "2023-08-12T21:28:00+09:00",
                "緯度": "37.21555556 ",
                "経度": "140.99305556 ",
                "夜空の明るさ": "20.63",
                "ばらつき": "0.10",
                "周辺状況": "住宅地域",
                "備考": "",
                "継続観察登録地点": "○"
            }
        },
        {
            "type": "Feature",
            "geometry": {
                "type": "Point",
                "coordinates": [
                    140.28777778,
                    36.36138889
                ]
            },
            "properties": {
                "調査時期": "2023_S",
                "都道府県": "茨城県",
                "市区町村": "笠間市",
                "撮影場所": "",
                "撮影日時": "2023-08-18T20:43:00+09:00",
                "緯度": "36.36138889 ",
                "経度": "140.28777778 ",
                "夜空の明るさ": "19.63",
                "ばらつき": "0.06",
                "周辺状況": "",
                "備考": "",
                "継続観察登録地点": ""
            }
        },
        {
            "type": "Feature",
            "geometry": {
                "type": "Point",
                "coordinates": [
                    140.11805556,
                    36.08305556
                ]
            },
            "properties": {
                "調査時期": "2023_S",
                "都道府県": "茨城県",
                "市区町村": "つくば市",
                "撮影場所": "つくば市吾妻",
                "撮影日時": "2023-08-14T21:29:00+09:00",
                "緯度": "36.08305556 ",
                "経度": "140.11805556 ",
                "夜空の明るさ": "18.17",
                "ばらつき": "0.08",
                "周辺状況": "住宅地域",
                "備考": "",
                "継続観察登録地点": "○"
            }
        },
        {
            "type": "Feature",
            "geometry": {
                "type": "Point",
                "coordinates": [
                    140.11805556,
                    36.08333333
                ]
            },
            "properties": {
                "調査時期": "2023_S",
                "都道府県": "茨城県",
                "市区町村": "つくば市",
                "撮影場所": "つくば市吾妻",
                "撮影日時": "2023-08-16T21:15:00+09:00",
                "緯度": "36.08333333 ",
                "経度": "140.11805556 ",
                "夜空の明るさ": "18.19",
                "ばらつき": "0.10",
                "周辺状況": "住宅地域",
                "備考": "",
                "継続観察登録地点": "○"
            }
        },
        {
            "type": "Feature",
            "geometry": {
                "type": "Point",
                "coordinates": [
                    140.11833333,
                    36.08333333
                ]
            },
            "properties": {
                "調査時期": "2023_S",
                "都道府県": "茨城県",
                "市区町村": "つくば市",
                "撮影場所": "つくば市吾妻",
                "撮影日時": "2023-08-17T20:45:00+09:00",
                "緯度": "36.08333333 ",
                "経度": "140.11833333 ",
                "夜空の明るさ": "18.29",
                "ばらつき": "0.05",
                "周辺状況": "住宅地域",
                "備考": "",
                "継続観察登録地点": "○"
            }
        },
        {
            "type": "Feature",
            "geometry": {
                "type": "Point",
                "coordinates": [
                    140.11833333,
                    36.08333333
                ]
            },
            "properties": {
                "調査時期": "2023_S",
                "都道府県": "茨城県",
                "市区町村": "つくば市",
                "撮影場所": "つくば市吾妻",
                "撮影日時": "2023-08-18T21:23:00+09:00",
                "緯度": "36.08333333 ",
                "経度": "140.11833333 ",
                "夜空の明るさ": "18.04",
                "ばらつき": "0.12",
                "周辺状況": "住宅地域",
                "備考": "",
                "継続観察登録地点": "○"
            }
        },
        {
            "type": "Feature",
            "geometry": {
                "type": "Point",
                "coordinates": [
                    140.3575,
                    36.43777778
                ]
            },
            "properties": {
                "調査時期": "2023_S",
                "都道府県": "茨城県",
                "市区町村": "城里町",
                "撮影場所": "",
                "撮影日時": "2023-08-12T20:15:00+09:00",
                "緯度": "36.43777778 ",
                "経度": "140.35750000 ",
                "夜空の明るさ": "20.03",
                "ばらつき": "0.07",
                "周辺状況": "",
                "備考": "",
                "継続観察登録地点": ""
            }
        },
        {
            "type": "Feature",
            "geometry": {
                "type": "Point",
                "coordinates": [
                    140.3575,
                    36.43777778
                ]
            },
            "properties": {
                "調査時期": "2023_S",
                "都道府県": "茨城県",
                "市区町村": "城里町",
                "撮影場所": "",
                "撮影日時": "2023-08-12T21:25:00+09:00",
                "緯度": "36.43777778 ",
                "経度": "140.35750000 ",
                "夜空の明るさ": "19.50",
                "ばらつき": "0.13",
                "周辺状況": "",
                "備考": "",
                "継続観察登録地点": ""
            }
        },
        {
            "type": "Feature",
            "geometry": {
                "type": "Point",
                "coordinates": [
                    139.57722222,
                    36.29694444
                ]
            },
            "properties": {
                "調査時期": "2023_S",
                "都道府県": "栃木県",
                "市区町村": "佐野市",
                "撮影場所": "佐野市 赤城神社",
                "撮影日時": "2023-08-12T21:16:00+09:00",
                "緯度": "36.29694444 ",
                "経度": "139.57722222 ",
                "夜空の明るさ": "18.87",
                "ばらつき": "0.09",
                "周辺状況": "住宅地域",
                "備考": "",
                "継続観察登録地点": "○"
            }
        },
        {
            "type": "Feature",
            "geometry": {
                "type": "Point",
                "coordinates": [
                    139.60944444,
                    36.35388889
                ]
            },
            "properties": {
                "調査時期": "2023_S",
                "都道府県": "栃木県",
                "市区町村": "佐野市",
                "撮影場所": "佐野市 梅林公園",
                "撮影日時": "2023-08-12T21:57:00+09:00",
                "緯度": "36.35388889 ",
                "経度": "139.60944444 ",
                "夜空の明るさ": "19.45",
                "ばらつき": "0.07",
                "周辺状況": "農業地域",
                "備考": "",
                "継続観察登録地点": "○"
            }
        },
        {
            "type": "Feature",
            "geometry": {
                "type": "Point",
                "coordinates": [
                    139.09611111,
                    36.30777778
                ]
            },
            "properties": {
                "調査時期": "2023_S",
                "都道府県": "群馬県",
                "市区町村": "玉村町",
                "撮影場所": "群馬県佐波郡玉村町道の駅玉村宿",
                "撮影日時": "2023-08-18T20:04:00+09:00",
                "緯度": "36.30777778 ",
                "経度": "139.09611111 ",
                "夜空の明るさ": "17.77",
                "ばらつき": "0.19",
                "周辺状況": "農業地域",
                "備考": "",
                "継続観察登録地点": "○"
            }
        },
        {
            "type": "Feature",
            "geometry": {
                "type": "Point",
                "coordinates": [
                    139.73222222,
                    35.89611111
                ]
            },
            "properties": {
                "調査時期": "2023_S",
                "都道府県": "埼玉県",
                "市区町村": "さいたま市　緑区",
                "撮影場所": "浦和美園４丁目公園",
                "撮影日時": "2023-08-10T21:52:00+09:00",
                "緯度": "35.89611111 ",
                "経度": "139.73222222 ",
                "夜空の明るさ": "17.68",
                "ばらつき": "0.12",
                "周辺状況": "住宅地域",
                "備考": "",
                "継続観察登録地点": "○"
            }
        },
        {
            "type": "Feature",
            "geometry": {
                "type": "Point",
                "coordinates": [
                    139.80027778,
                    35.81555556
                ]
            },
            "properties": {
                "調査時期": "2023_S",
                "都道府県": "埼玉県",
                "市区町村": "草加市",
                "撮影場所": "東武スカイツリーライン谷塚駅前",
                "撮影日時": "2023-08-17T20:12:00+09:00",
                "緯度": "35.81555556 ",
                "経度": "139.80027778 ",
                "夜空の明るさ": "17.37",
                "ばらつき": "0.06",
                "周辺状況": "商業地域",
                "備考": "",
                "継続観察登録地点": "○"
            }
        },
        {
            "type": "Feature",
            "geometry": {
                "type": "Point",
                "coordinates": [
                    139.90444444,
                    35.77944444
                ]
            },
            "properties": {
                "調査時期": "2023_S",
                "都道府県": "千葉県",
                "市区町村": "松戸市",
                "撮影場所": "松戸市内",
                "撮影日時": "2023-08-08T21:16:00+09:00",
                "緯度": "35.77944444 ",
                "経度": "139.90444444 ",
                "夜空の明るさ": "17.65",
                "ばらつき": "0.17",
                "周辺状況": "住宅地域",
                "備考": "参考値（薄雲）",
                "継続観察登録地点": "○"
            }
        },
        {
            "type": "Feature",
            "geometry": {
                "type": "Point",
                "coordinates": [
                    140.38333333,
                    35.76388889
                ]
            },
            "properties": {
                "調査時期": "2023_S",
                "都道府県": "千葉県",
                "市区町村": "成田市",
                "撮影場所": "",
                "撮影日時": "2023-08-19T20:23:00+09:00",
                "緯度": "35.76388889 ",
                "経度": "140.38333333 ",
                "夜空の明るさ": "17.73",
                "ばらつき": "0.10",
                "周辺状況": "",
                "備考": "",
                "継続観察登録地点": ""
            }
        },
        {
            "type": "Feature",
            "geometry": {
                "type": "Point",
                "coordinates": [
                    140.10694444,
                    35.75722222
                ]
            },
            "properties": {
                "調査時期": "2023_S",
                "都道府県": "千葉県",
                "市区町村": "八千代市",
                "撮影場所": "",
                "撮影日時": "2023-08-08T21:34:00+09:00",
                "緯度": "35.75722222 ",
                "経度": "140.10694444 ",
                "夜空の明るさ": "17.88",
                "ばらつき": "0.18",
                "周辺状況": "",
                "備考": "",
                "継続観察登録地点": ""
            }
        },
        {
            "type": "Feature",
            "geometry": {
                "type": "Point",
                "coordinates": [
                    139.99694444,
                    35.13888889
                ]
            },
            "properties": {
                "調査時期": "2023_S",
                "都道府県": "千葉県",
                "市区町村": "鴨川市",
                "撮影場所": "鴨川市内",
                "撮影日時": "2023-08-11T21:30:00+09:00",
                "緯度": "35.13888889 ",
                "経度": "139.99694444 ",
                "夜空の明るさ": "20.31",
                "ばらつき": "0.13",
                "周辺状況": "農業地域",
                "備考": "",
                "継続観察登録地点": "○"
            }
        },
        {
            "type": "Feature",
            "geometry": {
                "type": "Point",
                "coordinates": [
                    139.99083333,
                    35.77805556
                ]
            },
            "properties": {
                "調査時期": "2023_S",
                "都道府県": "千葉県",
                "市区町村": "鎌ケ谷市",
                "撮影場所": "鎌ケ谷市内",
                "撮影日時": "2023-08-12T20:34:00+09:00",
                "緯度": "35.77805556 ",
                "経度": "139.99083333 ",
                "夜空の明るさ": "18.03",
                "ばらつき": "0.04",
                "周辺状況": "住宅地域",
                "備考": "",
                "継続観察登録地点": "○"
            }
        },
        {
            "type": "Feature",
            "geometry": {
                "type": "Point",
                "coordinates": [
                    139.765,
                    35.68111111
                ]
            },
            "properties": {
                "調査時期": "2023_S",
                "都道府県": "東京都",
                "市区町村": "千代田区",
                "撮影場所": "",
                "撮影日時": "2023-08-07T21:17:00+09:00",
                "緯度": "35.68111111 ",
                "経度": "139.76500000 ",
                "夜空の明るさ": "16.60",
                "ばらつき": "0.16",
                "周辺状況": "",
                "備考": "",
                "継続観察登録地点": ""
            }
        },
        {
            "type": "Feature",
            "geometry": {
                "type": "Point",
                "coordinates": [
                    139.75055556,
                    35.72305556
                ]
            },
            "properties": {
                "調査時期": "2023_S",
                "都道府県": "東京都",
                "市区町村": "文京区",
                "撮影場所": "東洋大学白山キャンパス１号館屋上",
                "撮影日時": "2023-08-10T20:37:00+09:00",
                "緯度": "35.72305556 ",
                "経度": "139.75055556 ",
                "夜空の明るさ": "17.07",
                "ばらつき": "0.05",
                "周辺状況": "商業地域",
                "備考": "参考値（薄雲）",
                "継続観察登録地点": "○"
            }
        },
        {
            "type": "Feature",
            "geometry": {
                "type": "Point",
                "coordinates": [
                    139.67111111,
                    35.70444444
                ]
            },
            "properties": {
                "調査時期": "2023_S",
                "都道府県": "東京都",
                "市区町村": "中野区",
                "撮影場所": "なかのZERO",
                "撮影日時": "2023-08-11T20:19:00+09:00",
                "緯度": "35.70444444 ",
                "経度": "139.67111111 ",
                "夜空の明るさ": "17.13",
                "ばらつき": "0.12",
                "周辺状況": "商業地域",
                "備考": "",
                "継続観察登録地点": "○"
            }
        },
        {
            "type": "Feature",
            "geometry": {
                "type": "Point",
                "coordinates": [
                    139.53777778,
                    35.67444444
                ]
            },
            "properties": {
                "調査時期": "2023_S",
                "都道府県": "東京都",
                "市区町村": "三鷹市",
                "撮影場所": "三鷹市大沢",
                "撮影日時": "2023-08-10T20:23:00+09:00",
                "緯度": "35.67444444 ",
                "経度": "139.53777778 ",
                "夜空の明るさ": "17.65",
                "ばらつき": "0.05",
                "周辺状況": "住宅地域",
                "備考": "",
                "継続観察登録地点": "○"
            }
        },
        {
            "type": "Feature",
            "geometry": {
                "type": "Point",
                "coordinates": [
                    139.51583333,
                    35.71583333
                ]
            },
            "properties": {
                "調査時期": "2023_S",
                "都道府県": "東京都",
                "市区町村": "小金井市",
                "撮影場所": "都立小金井公園　いこいの広場",
                "撮影日時": "2023-08-10T20:38:00+09:00",
                "緯度": "35.71583333 ",
                "経度": "139.51583333 ",
                "夜空の明るさ": "17.62",
                "ばらつき": "0.09",
                "周辺状況": "自然公園等",
                "備考": "",
                "継続観察登録地点": "○"
            }
        },
        {
            "type": "Feature",
            "geometry": {
                "type": "Point",
                "coordinates": [
                    139.30083333,
                    35.77194444
                ]
            },
            "properties": {
                "調査時期": "2023_S",
                "都道府県": "東京都",
                "市区町村": "羽村市",
                "撮影場所": "羽村市",
                "撮影日時": "2023-08-08T20:50:00+09:00",
                "緯度": "35.77194444 ",
                "経度": "139.30083333 ",
                "夜空の明るさ": "18.32",
                "ばらつき": "0.10",
                "周辺状況": "住宅地域",
                "備考": "",
                "継続観察登録地点": "○"
            }
        },
        {
            "type": "Feature",
            "geometry": {
                "type": "Point",
                "coordinates": [
                    139.04333333,
                    35.78944444
                ]
            },
            "properties": {
                "調査時期": "2023_S",
                "都道府県": "東京都",
                "市区町村": "奥多摩町",
                "撮影場所": "西多摩郡奥多摩町 奥多摩湖大麦代園地駐車場",
                "撮影日時": "2023-08-12T20:58:00+09:00",
                "緯度": "35.78944444 ",
                "経度": "139.04333333 ",
                "夜空の明るさ": "19.85",
                "ばらつき": "0.10",
                "周辺状況": "森林山間地",
                "備考": "",
                "継続観察登録地点": "○"
            }
        },
        {
            "type": "Feature",
            "geometry": {
                "type": "Point",
                "coordinates": [
                    139.13916667,
                    34.20472222
                ]
            },
            "properties": {
                "調査時期": "2023_S",
                "都道府県": "東京都",
                "市区町村": "神津島村",
                "撮影場所": "神津島村 よたね広場",
                "撮影日時": "2023-08-17T21:57:00+09:00",
                "緯度": "34.20472222 ",
                "経度": "139.13916667 ",
                "夜空の明るさ": "20.85",
                "ばらつき": "0.08",
                "周辺状況": "住宅地域",
                "備考": "",
                "継続観察登録地点": "○"
            }
        },
        {
            "type": "Feature",
            "geometry": {
                "type": "Point",
                "coordinates": [
                    139.12666667,
                    34.19861111
                ]
            },
            "properties": {
                "調査時期": "2023_S",
                "都道府県": "東京都",
                "市区町村": "神津島村",
                "撮影場所": "神津島村 ヘリポート",
                "撮影日時": "2023-08-16T21:53:00+09:00",
                "緯度": "34.19861111 ",
                "経度": "139.12666667 ",
                "夜空の明るさ": "21.14",
                "ばらつき": "0.08",
                "周辺状況": "農業地域",
                "備考": "",
                "継続観察登録地点": "○"
            }
        },
        {
            "type": "Feature",
            "geometry": {
                "type": "Point",
                "coordinates": [
                    139.14388889,
                    34.19166667
                ]
            },
            "properties": {
                "調査時期": "2023_S",
                "都道府県": "東京都",
                "市区町村": "神津島村",
                "撮影場所": "神津島村 三浦湾展望台",
                "撮影日時": "2023-08-16T21:36:00+09:00",
                "緯度": "34.19166667 ",
                "経度": "139.14388889 ",
                "夜空の明るさ": "21.41",
                "ばらつき": "0.15",
                "周辺状況": "その他",
                "備考": "",
                "継続観察登録地点": "○"
            }
        },
        {
            "type": "Feature",
            "geometry": {
                "type": "Point",
                "coordinates": [
                    139.1375,
                    34.23944444
                ]
            },
            "properties": {
                "調査時期": "2023_S",
                "都道府県": "東京都",
                "市区町村": "神津島村",
                "撮影場所": "神津島村 赤崎遊歩道",
                "撮影日時": "2023-08-17T21:38:00+09:00",
                "緯度": "34.23944444 ",
                "経度": "139.13750000 ",
                "夜空の明るさ": "21.36",
                "ばらつき": "0.16",
                "周辺状況": "その他",
                "備考": "",
                "継続観察登録地点": "○"
            }
        },
        {
            "type": "Feature",
            "geometry": {
                "type": "Point",
                "coordinates": [
                    142.19305556,
                    27.06444444
                ]
            },
            "properties": {
                "調査時期": "2023_S",
                "都道府県": "東京都",
                "市区町村": "小笠原村",
                "撮影場所": "小笠原村父島　コペペ海岸",
                "撮影日時": "2023-08-14T20:37:00+09:00",
                "緯度": "27.06444444 ",
                "経度": "142.19305556 ",
                "夜空の明るさ": "21.72",
                "ばらつき": "0.12",
                "周辺状況": "森林山間地",
                "備考": "",
                "継続観察登録地点": "○"
            }
        },
        {
            "type": "Feature",
            "geometry": {
                "type": "Point",
                "coordinates": [
                    139.59472222,
                    35.56638889
                ]
            },
            "properties": {
                "調査時期": "2023_S",
                "都道府県": "神奈川県",
                "市区町村": "横浜市　都筑区",
                "撮影場所": "",
                "撮影日時": "2023-08-17T21:53:00+09:00",
                "緯度": "35.56638889 ",
                "経度": "139.59472222 ",
                "夜空の明るさ": "17.59",
                "ばらつき": "0.10",
                "周辺状況": "",
                "備考": "",
                "継続観察登録地点": ""
            }
        },
        {
            "type": "Feature",
            "geometry": {
                "type": "Point",
                "coordinates": [
                    139.57277778,
                    35.61416667
                ]
            },
            "properties": {
                "調査時期": "2023_S",
                "都道府県": "神奈川県",
                "市区町村": "川崎市　多摩区",
                "撮影場所": "",
                "撮影日時": "2023-08-11T21:13:00+09:00",
                "緯度": "35.61416667 ",
                "経度": "139.57277778 ",
                "夜空の明るさ": "17.81",
                "ばらつき": "0.11",
                "周辺状況": "",
                "備考": "",
                "継続観察登録地点": ""
            }
        },
        {
            "type": "Feature",
            "geometry": {
                "type": "Point",
                "coordinates": [
                    139.53472222,
                    35.61777778
                ]
            },
            "properties": {
                "調査時期": "2023_S",
                "都道府県": "神奈川県",
                "市区町村": "川崎市　多摩区",
                "撮影場所": "",
                "撮影日時": "2023-08-18T22:00:00+09:00",
                "緯度": "35.61777778 ",
                "経度": "139.53472222 ",
                "夜空の明るさ": "17.20",
                "ばらつき": "0.16",
                "周辺状況": "",
                "備考": "",
                "継続観察登録地点": ""
            }
        },
        {
            "type": "Feature",
            "geometry": {
                "type": "Point",
                "coordinates": [
                    139.56083333,
                    35.60861111
                ]
            },
            "properties": {
                "調査時期": "2023_S",
                "都道府県": "神奈川県",
                "市区町村": "川崎市　多摩区",
                "撮影場所": "",
                "撮影日時": "2023-08-12T21:42:00+09:00",
                "緯度": "35.60861111 ",
                "経度": "139.56083333 ",
                "夜空の明るさ": "18.02",
                "ばらつき": "0.10",
                "周辺状況": "",
                "備考": "",
                "継続観察登録地点": ""
            }
        },
        {
            "type": "Feature",
            "geometry": {
                "type": "Point",
                "coordinates": [
                    139.47472222,
                    35.61138889
                ]
            },
            "properties": {
                "調査時期": "2023_S",
                "都道府県": "神奈川県",
                "市区町村": "川崎市　麻生区",
                "撮影場所": "",
                "撮影日時": "2023-08-12T22:02:00+09:00",
                "緯度": "35.61138889 ",
                "経度": "139.47472222 ",
                "夜空の明るさ": "18.19",
                "ばらつき": "0.07",
                "周辺状況": "",
                "備考": "",
                "継続観察登録地点": ""
            }
        },
        {
            "type": "Feature",
            "geometry": {
                "type": "Point",
                "coordinates": [
                    139.56111111,
                    35.60805556
                ]
            },
            "properties": {
                "調査時期": "2023_S",
                "都道府県": "神奈川県",
                "市区町村": "川崎市　多摩区",
                "撮影場所": "",
                "撮影日時": "2023-08-17T20:07:00+09:00",
                "緯度": "35.60805556 ",
                "経度": "139.56111111 ",
                "夜空の明るさ": "17.60",
                "ばらつき": "0.08",
                "周辺状況": "",
                "備考": "",
                "継続観察登録地点": ""
            }
        },
        {
            "type": "Feature",
            "geometry": {
                "type": "Point",
                "coordinates": [
                    139.50444444,
                    35.60777778
                ]
            },
            "properties": {
                "調査時期": "2023_S",
                "都道府県": "神奈川県",
                "市区町村": "川崎市　麻生区",
                "撮影場所": "",
                "撮影日時": "2023-08-17T20:38:00+09:00",
                "緯度": "35.60777778 ",
                "経度": "139.50444444 ",
                "夜空の明るさ": "17.69",
                "ばらつき": "0.11",
                "周辺状況": "",
                "備考": "",
                "継続観察登録地点": ""
            }
        },
        {
            "type": "Feature",
            "geometry": {
                "type": "Point",
                "coordinates": [
                    139.5175,
                    35.58555556
                ]
            },
            "properties": {
                "調査時期": "2023_S",
                "都道府県": "神奈川県",
                "市区町村": "川崎市　麻生区",
                "撮影場所": "",
                "撮影日時": "2023-08-17T20:58:00+09:00",
                "緯度": "35.58555556 ",
                "経度": "139.51750000 ",
                "夜空の明るさ": "17.84",
                "ばらつき": "0.08",
                "周辺状況": "",
                "備考": "",
                "継続観察登録地点": ""
            }
        },
        {
            "type": "Feature",
            "geometry": {
                "type": "Point",
                "coordinates": [
                    139.54805556,
                    35.58944444
                ]
            },
            "properties": {
                "調査時期": "2023_S",
                "都道府県": "神奈川県",
                "市区町村": "川崎市　宮前区",
                "撮影場所": "",
                "撮影日時": "2023-08-17T21:15:00+09:00",
                "緯度": "35.58944444 ",
                "経度": "139.54805556 ",
                "夜空の明るさ": "17.73",
                "ばらつき": "0.09",
                "周辺状況": "",
                "備考": "",
                "継続観察登録地点": ""
            }
        },
        {
            "type": "Feature",
            "geometry": {
                "type": "Point",
                "coordinates": [
                    139.58388889,
                    35.60583333
                ]
            },
            "properties": {
                "調査時期": "2023_S",
                "都道府県": "神奈川県",
                "市区町村": "川崎市　多摩区",
                "撮影場所": "",
                "撮影日時": "2023-08-18T20:05:00+09:00",
                "緯度": "35.60583333 ",
                "経度": "139.58388889 ",
                "夜空の明るさ": "17.34",
                "ばらつき": "0.09",
                "周辺状況": "",
                "備考": "",
                "継続観察登録地点": ""
            }
        },
        {
            "type": "Feature",
            "geometry": {
                "type": "Point",
                "coordinates": [
                    139.61944444,
                    35.59472222
                ]
            },
            "properties": {
                "調査時期": "2023_S",
                "都道府県": "神奈川県",
                "市区町村": "川崎市　高津区",
                "撮影場所": "",
                "撮影日時": "2023-08-18T20:26:00+09:00",
                "緯度": "35.59472222 ",
                "経度": "139.61944444 ",
                "夜空の明るさ": "17.14",
                "ばらつき": "0.09",
                "周辺状況": "",
                "備考": "",
                "継続観察登録地点": ""
            }
        },
        {
            "type": "Feature",
            "geometry": {
                "type": "Point",
                "coordinates": [
                    139.61055556,
                    35.58611111
                ]
            },
            "properties": {
                "調査時期": "2023_S",
                "都道府県": "神奈川県",
                "市区町村": "川崎市　高津区",
                "撮影場所": "",
                "撮影日時": "2023-08-18T20:41:00+09:00",
                "緯度": "35.58611111 ",
                "経度": "139.61055556 ",
                "夜空の明るさ": "17.25",
                "ばらつき": "0.12",
                "周辺状況": "",
                "備考": "",
                "継続観察登録地点": ""
            }
        },
        {
            "type": "Feature",
            "geometry": {
                "type": "Point",
                "coordinates": [
                    139.63444444,
                    35.56916667
                ]
            },
            "properties": {
                "調査時期": "2023_S",
                "都道府県": "神奈川県",
                "市区町村": "川崎市　高津区",
                "撮影場所": "",
                "撮影日時": "2023-08-18T20:56:00+09:00",
                "緯度": "35.56916667 ",
                "経度": "139.63444444 ",
                "夜空の明るさ": "17.38",
                "ばらつき": "0.07",
                "周辺状況": "",
                "備考": "",
                "継続観察登録地点": ""
            }
        },
        {
            "type": "Feature",
            "geometry": {
                "type": "Point",
                "coordinates": [
                    139.64861111,
                    35.58416667
                ]
            },
            "properties": {
                "調査時期": "2023_S",
                "都道府県": "神奈川県",
                "市区町村": "川崎市　中原区",
                "撮影場所": "",
                "撮影日時": "2023-08-18T21:12:00+09:00",
                "緯度": "35.58416667 ",
                "経度": "139.64861111 ",
                "夜空の明るさ": "17.43",
                "ばらつき": "0.07",
                "周辺状況": "",
                "備考": "",
                "継続観察登録地点": ""
            }
        },
        {
            "type": "Feature",
            "geometry": {
                "type": "Point",
                "coordinates": [
                    139.65888889,
                    35.56611111
                ]
            },
            "properties": {
                "調査時期": "2023_S",
                "都道府県": "神奈川県",
                "市区町村": "川崎市　中原区",
                "撮影場所": "",
                "撮影日時": "2023-08-18T21:28:00+09:00",
                "緯度": "35.56611111 ",
                "経度": "139.65888889 ",
                "夜空の明るさ": "17.41",
                "ばらつき": "0.12",
                "周辺状況": "",
                "備考": "",
                "継続観察登録地点": ""
            }
        },
        {
            "type": "Feature",
            "geometry": {
                "type": "Point",
                "coordinates": [
                    139.66833333,
                    35.535
                ]
            },
            "properties": {
                "調査時期": "2023_S",
                "都道府県": "神奈川県",
                "市区町村": "川崎市　幸区",
                "撮影場所": "",
                "撮影日時": "2023-08-18T21:45:00+09:00",
                "緯度": "35.53500000 ",
                "経度": "139.66833333 ",
                "夜空の明るさ": "17.51",
                "ばらつき": "0.12",
                "周辺状況": "",
                "備考": "",
                "継続観察登録地点": ""
            }
        },
        {
            "type": "Feature",
            "geometry": {
                "type": "Point",
                "coordinates": [
                    139.68861111,
                    35.53638889
                ]
            },
            "properties": {
                "調査時期": "2023_S",
                "都道府県": "神奈川県",
                "市区町村": "川崎市　幸区",
                "撮影場所": "",
                "撮影日時": "2023-08-18T21:55:00+09:00",
                "緯度": "35.53638889 ",
                "経度": "139.68861111 ",
                "夜空の明るさ": "17.32",
                "ばらつき": "0.10",
                "周辺状況": "",
                "備考": "",
                "継続観察登録地点": ""
            }
        },
        {
            "type": "Feature",
            "geometry": {
                "type": "Point",
                "coordinates": [
                    139.70861111,
                    35.52888889
                ]
            },
            "properties": {
                "調査時期": "2023_S",
                "都道府県": "神奈川県",
                "市区町村": "川崎市　川崎区",
                "撮影場所": "",
                "撮影日時": "2023-08-18T22:16:00+09:00",
                "緯度": "35.52888889 ",
                "経度": "139.70861111 ",
                "夜空の明るさ": "17.24",
                "ばらつき": "0.11",
                "周辺状況": "",
                "備考": "",
                "継続観察登録地点": ""
            }
        },
        {
            "type": "Feature",
            "geometry": {
                "type": "Point",
                "coordinates": [
                    139.32055556,
                    35.36888889
                ]
            },
            "properties": {
                "調査時期": "2023_S",
                "都道府県": "神奈川県",
                "市区町村": "平塚市",
                "撮影場所": "平塚市岡崎",
                "撮影日時": "2023-08-17T21:41:00+09:00",
                "緯度": "35.36888889 ",
                "経度": "139.32055556 ",
                "夜空の明るさ": "18.76",
                "ばらつき": "0.06",
                "周辺状況": "農業地域",
                "備考": "",
                "継続観察登録地点": "○"
            }
        },
        {
            "type": "Feature",
            "geometry": {
                "type": "Point",
                "coordinates": [
                    139.46972222,
                    35.3975
                ]
            },
            "properties": {
                "調査時期": "2023_S",
                "都道府県": "神奈川県",
                "市区町村": "藤沢市",
                "撮影場所": "藤沢市内",
                "撮影日時": "2023-08-10T21:10:00+09:00",
                "緯度": "35.39750000 ",
                "経度": "139.46972222 ",
                "夜空の明るさ": "17.74",
                "ばらつき": "0.10",
                "周辺状況": "商業地域",
                "備考": "",
                "継続観察登録地点": "○"
            }
        },
        {
            "type": "Feature",
            "geometry": {
                "type": "Point",
                "coordinates": [
                    137.10333333,
                    36.65972222
                ]
            },
            "properties": {
                "調査時期": "2023_S",
                "都道府県": "富山県",
                "市区町村": "富山市",
                "撮影場所": "富山県富山市三熊　古洞ダム付近",
                "撮影日時": "2023-08-11T20:52:00+09:00",
                "緯度": "36.65972222 ",
                "経度": "137.10333333 ",
                "夜空の明るさ": "19.52",
                "ばらつき": "0.14",
                "周辺状況": "自然公園等",
                "備考": "",
                "継続観察登録地点": "○"
            }
        },
        {
            "type": "Feature",
            "geometry": {
                "type": "Point",
                "coordinates": [
                    137.21166667,
                    36.68055556
                ]
            },
            "properties": {
                "調査時期": "2023_S",
                "都道府県": "富山県",
                "市区町村": "富山市",
                "撮影場所": "",
                "撮影日時": "2023-08-12T21:32:00+09:00",
                "緯度": "36.68055556 ",
                "経度": "137.21166667 ",
                "夜空の明るさ": "18.10",
                "ばらつき": "0.11",
                "周辺状況": "",
                "備考": "",
                "継続観察登録地点": ""
            }
        },
        {
            "type": "Feature",
            "geometry": {
                "type": "Point",
                "coordinates": [
                    137.42527778,
                    36.90138889
                ]
            },
            "properties": {
                "調査時期": "2023_S",
                "都道府県": "富山県",
                "市区町村": "黒部市",
                "撮影場所": "富山県黒部市黒部市吉田科学館",
                "撮影日時": "2023-08-11T20:30:00+09:00",
                "緯度": "36.90138889 ",
                "経度": "137.42527778 ",
                "夜空の明るさ": "19.82",
                "ばらつき": "0.09",
                "周辺状況": "住宅地域",
                "備考": "",
                "継続観察登録地点": "○"
            }
        },
        {
            "type": "Feature",
            "geometry": {
                "type": "Point",
                "coordinates": [
                    136.66861111,
                    36.59861111
                ]
            },
            "properties": {
                "調査時期": "2023_S",
                "都道府県": "石川県",
                "市区町村": "金沢市",
                "撮影場所": "",
                "撮影日時": "2023-08-10T22:15:00+09:00",
                "緯度": "36.59861111 ",
                "経度": "136.66861111 ",
                "夜空の明るさ": "18.80",
                "ばらつき": "0.10",
                "周辺状況": "",
                "備考": "",
                "継続観察登録地点": ""
            }
        },
        {
            "type": "Feature",
            "geometry": {
                "type": "Point",
                "coordinates": [
                    136.70444444,
                    36.71861111
                ]
            },
            "properties": {
                "調査時期": "2023_S",
                "都道府県": "石川県",
                "市区町村": "かほく市",
                "撮影場所": "",
                "撮影日時": "2023-08-10T20:57:00+09:00",
                "緯度": "36.71861111 ",
                "経度": "136.70444444 ",
                "夜空の明るさ": "19.53",
                "ばらつき": "0.12",
                "周辺状況": "",
                "備考": "",
                "継続観察登録地点": ""
            }
        },
        {
            "type": "Feature",
            "geometry": {
                "type": "Point",
                "coordinates": [
                    137.13694444,
                    37.335
                ]
            },
            "properties": {
                "調査時期": "2023_S",
                "都道府県": "石川県",
                "市区町村": "能登町",
                "撮影場所": "石川県柳田星の観察館「満天星」 ",
                "撮影日時": "2023-08-10T21:01:00+09:00",
                "緯度": "37.33500000 ",
                "経度": "137.13694444 ",
                "夜空の明るさ": "21.90",
                "ばらつき": "0.05",
                "周辺状況": "自然公園等",
                "備考": "",
                "継続観察登録地点": "○"
            }
        },
        {
            "type": "Feature",
            "geometry": {
                "type": "Point",
                "coordinates": [
                    137.13694444,
                    37.335
                ]
            },
            "properties": {
                "調査時期": "2023_S",
                "都道府県": "石川県",
                "市区町村": "能登町",
                "撮影場所": "石川県柳田星の観察館「満天星」 ",
                "撮影日時": "2023-08-11T21:49:00+09:00",
                "緯度": "37.33500000 ",
                "経度": "137.13694444 ",
                "夜空の明るさ": "21.63",
                "ばらつき": "0.24",
                "周辺状況": "自然公園等",
                "備考": "",
                "継続観察登録地点": "○"
            }
        },
        {
            "type": "Feature",
            "geometry": {
                "type": "Point",
                "coordinates": [
                    137.13694444,
                    37.335
                ]
            },
            "properties": {
                "調査時期": "2023_S",
                "都道府県": "石川県",
                "市区町村": "能登町",
                "撮影場所": "石川県柳田星の観察館「満天星」 ",
                "撮影日時": "2023-08-11T21:52:00+09:00",
                "緯度": "37.33500000 ",
                "経度": "137.13694444 ",
                "夜空の明るさ": "21.51",
                "ばらつき": "0.23",
                "周辺状況": "自然公園等",
                "備考": "",
                "継続観察登録地点": "○"
            }
        },
        {
            "type": "Feature",
            "geometry": {
                "type": "Point",
                "coordinates": [
                    137.13694444,
                    37.335
                ]
            },
            "properties": {
                "調査時期": "2023_S",
                "都道府県": "石川県",
                "市区町村": "能登町",
                "撮影場所": "石川県柳田星の観察館「満天星」 ",
                "撮影日時": "2023-08-12T20:57:00+09:00",
                "緯度": "37.33500000 ",
                "経度": "137.13694444 ",
                "夜空の明るさ": "21.67",
                "ばらつき": "0.29",
                "周辺状況": "自然公園等",
                "備考": "",
                "継続観察登録地点": "○"
            }
        },
        {
            "type": "Feature",
            "geometry": {
                "type": "Point",
                "coordinates": [
                    137.13694444,
                    37.335
                ]
            },
            "properties": {
                "調査時期": "2023_S",
                "都道府県": "石川県",
                "市区町村": "能登町",
                "撮影場所": "石川県柳田星の観察館「満天星」 ",
                "撮影日時": "2023-08-16T21:14:00+09:00",
                "緯度": "37.33500000 ",
                "経度": "137.13694444 ",
                "夜空の明るさ": "21.85",
                "ばらつき": "0.26",
                "周辺状況": "自然公園等",
                "備考": "",
                "継続観察登録地点": "○"
            }
        },
        {
            "type": "Feature",
            "geometry": {
                "type": "Point",
                "coordinates": [
                    136.58277778,
                    36.02027778
                ]
            },
            "properties": {
                "調査時期": "2023_S",
                "都道府県": "福井県",
                "市区町村": "大野市",
                "撮影場所": "六呂師自然保護センター第２駐車場",
                "撮影日時": "2023-08-10T22:15:00+09:00",
                "緯度": "36.02027778 ",
                "経度": "136.58277778 ",
                "夜空の明るさ": "21.17",
                "ばらつき": "0.07",
                "周辺状況": "自然公園等",
                "備考": "",
                "継続観察登録地点": "○"
            }
        },
        {
            "type": "Feature",
            "geometry": {
                "type": "Point",
                "coordinates": [
                    136.47833333,
                    36.01916667
                ]
            },
            "properties": {
                "調査時期": "2023_S",
                "都道府県": "福井県",
                "市区町村": "大野市",
                "撮影場所": "大矢戸天文台",
                "撮影日時": "2023-08-10T20:58:00+09:00",
                "緯度": "36.01916667 ",
                "経度": "136.47833333 ",
                "夜空の明るさ": "20.79",
                "ばらつき": "0.06",
                "周辺状況": "森林山間地",
                "備考": "",
                "継続観察登録地点": "○"
            }
        },
        {
            "type": "Feature",
            "geometry": {
                "type": "Point",
                "coordinates": [
                    136.51277778,
                    35.96722222
                ]
            },
            "properties": {
                "調査時期": "2023_S",
                "都道府県": "福井県",
                "市区町村": "大野市",
                "撮影場所": "大野市下据",
                "撮影日時": "2023-08-10T20:32:00+09:00",
                "緯度": "35.96722222 ",
                "経度": "136.51277778 ",
                "夜空の明るさ": "20.61",
                "ばらつき": "0.08",
                "周辺状況": "農業地域",
                "備考": "",
                "継続観察登録地点": "○"
            }
        },
        {
            "type": "Feature",
            "geometry": {
                "type": "Point",
                "coordinates": [
                    136.58277778,
                    36.02027778
                ]
            },
            "properties": {
                "調査時期": "2023_S",
                "都道府県": "福井県",
                "市区町村": "大野市",
                "撮影場所": "六呂師自然保護センター第２駐車場",
                "撮影日時": "2023-08-10T22:13:00+09:00",
                "緯度": "36.02027778 ",
                "経度": "136.58277778 ",
                "夜空の明るさ": "21.15",
                "ばらつき": "0.09",
                "周辺状況": "自然公園等",
                "備考": "",
                "継続観察登録地点": "○"
            }
        },
        {
            "type": "Feature",
            "geometry": {
                "type": "Point",
                "coordinates": [
                    136.58222222,
                    36.02138889
                ]
            },
            "properties": {
                "調査時期": "2023_S",
                "都道府県": "福井県",
                "市区町村": "大野市",
                "撮影場所": "福井県自然保護センター観察棟",
                "撮影日時": "2023-08-11T22:01:00+09:00",
                "緯度": "36.02138889 ",
                "経度": "136.58222222 ",
                "夜空の明るさ": "20.95",
                "ばらつき": "0.12",
                "周辺状況": "自然公園等",
                "備考": "",
                "継続観察登録地点": "○"
            }
        },
        {
            "type": "Feature",
            "geometry": {
                "type": "Point",
                "coordinates": [
                    136.58222222,
                    36.02138889
                ]
            },
            "properties": {
                "調査時期": "2023_S",
                "都道府県": "福井県",
                "市区町村": "大野市",
                "撮影場所": "福井県自然保護センター観察棟",
                "撮影日時": "2023-08-11T22:15:00+09:00",
                "緯度": "36.02138889 ",
                "経度": "136.58222222 ",
                "夜空の明るさ": "20.94",
                "ばらつき": "0.15",
                "周辺状況": "自然公園等",
                "備考": "",
                "継続観察登録地点": "○"
            }
        },
        {
            "type": "Feature",
            "geometry": {
                "type": "Point",
                "coordinates": [
                    136.58222222,
                    36.02138889
                ]
            },
            "properties": {
                "調査時期": "2023_S",
                "都道府県": "福井県",
                "市区町村": "大野市",
                "撮影場所": "福井県自然保護センター観察棟",
                "撮影日時": "2023-08-10T21:25:00+09:00",
                "緯度": "36.02138889 ",
                "経度": "136.58222222 ",
                "夜空の明るさ": "21.15",
                "ばらつき": "0.10",
                "周辺状況": "自然公園等",
                "備考": "",
                "継続観察登録地点": "○"
            }
        },
        {
            "type": "Feature",
            "geometry": {
                "type": "Point",
                "coordinates": [
                    136.58222222,
                    36.02138889
                ]
            },
            "properties": {
                "調査時期": "2023_S",
                "都道府県": "福井県",
                "市区町村": "大野市",
                "撮影場所": "福井県自然保護センター観察棟",
                "撮影日時": "2023-08-10T22:00:00+09:00",
                "緯度": "36.02138889 ",
                "経度": "136.58222222 ",
                "夜空の明るさ": "21.15",
                "ばらつき": "0.16",
                "周辺状況": "自然公園等",
                "備考": "",
                "継続観察登録地点": "○"
            }
        },
        {
            "type": "Feature",
            "geometry": {
                "type": "Point",
                "coordinates": [
                    136.58222222,
                    36.02138889
                ]
            },
            "properties": {
                "調査時期": "2023_S",
                "都道府県": "福井県",
                "市区町村": "大野市",
                "撮影場所": "福井県自然保護センター観察棟",
                "撮影日時": "2023-08-10T22:19:00+09:00",
                "緯度": "36.02138889 ",
                "経度": "136.58222222 ",
                "夜空の明るさ": "21.03",
                "ばらつき": "0.02",
                "周辺状況": "自然公園等",
                "備考": "",
                "継続観察登録地点": "○"
            }
        },
        {
            "type": "Feature",
            "geometry": {
                "type": "Point",
                "coordinates": [
                    136.58222222,
                    36.02138889
                ]
            },
            "properties": {
                "調査時期": "2023_S",
                "都道府県": "福井県",
                "市区町村": "大野市",
                "撮影場所": "福井県自然保護センター観察棟",
                "撮影日時": "2023-08-10T22:21:00+09:00",
                "緯度": "36.02138889 ",
                "経度": "136.58222222 ",
                "夜空の明るさ": "20.89",
                "ばらつき": "0.07",
                "周辺状況": "自然公園等",
                "備考": "",
                "継続観察登録地点": "○"
            }
        },
        {
            "type": "Feature",
            "geometry": {
                "type": "Point",
                "coordinates": [
                    136.58222222,
                    36.02138889
                ]
            },
            "properties": {
                "調査時期": "2023_S",
                "都道府県": "福井県",
                "市区町村": "大野市",
                "撮影場所": "福井県自然保護センター観察棟",
                "撮影日時": "2023-08-11T22:15:00+09:00",
                "緯度": "36.02138889 ",
                "経度": "136.58222222 ",
                "夜空の明るさ": "20.94",
                "ばらつき": "0.15",
                "周辺状況": "自然公園等",
                "備考": "",
                "継続観察登録地点": "○"
            }
        },
        {
            "type": "Feature",
            "geometry": {
                "type": "Point",
                "coordinates": [
                    136.58222222,
                    36.02138889
                ]
            },
            "properties": {
                "調査時期": "2023_S",
                "都道府県": "福井県",
                "市区町村": "大野市",
                "撮影場所": "福井県自然保護センター観察棟",
                "撮影日時": "2023-08-11T21:59:00+09:00",
                "緯度": "36.02138889 ",
                "経度": "136.58222222 ",
                "夜空の明るさ": "20.92",
                "ばらつき": "0.14",
                "周辺状況": "自然公園等",
                "備考": "",
                "継続観察登録地点": "○"
            }
        },
        {
            "type": "Feature",
            "geometry": {
                "type": "Point",
                "coordinates": [
                    135.64027778,
                    35.40527778
                ]
            },
            "properties": {
                "調査時期": "2023_S",
                "都道府県": "福井県",
                "市区町村": "おおい町",
                "撮影場所": "大飯郡おおい町名田庄中",
                "撮影日時": "2023-08-10T21:15:00+09:00",
                "緯度": "35.40527778 ",
                "経度": "135.64027778 ",
                "夜空の明るさ": "21.33",
                "ばらつき": "0.30",
                "周辺状況": "農業地域",
                "備考": "参考値（薄雲）",
                "継続観察登録地点": "○"
            }
        },
        {
            "type": "Feature",
            "geometry": {
                "type": "Point",
                "coordinates": [
                    135.57055556,
                    35.39638889
                ]
            },
            "properties": {
                "調査時期": "2023_S",
                "都道府県": "福井県",
                "市区町村": "おおい町",
                "撮影場所": "大飯郡おおい町名田庄納田終",
                "撮影日時": "2023-08-10T21:30:00+09:00",
                "緯度": "35.39638889 ",
                "経度": "135.57055556 ",
                "夜空の明るさ": "",
                "ばらつき": "",
                "周辺状況": "森林山間地",
                "備考": "測定不可（雲量大）",
                "継続観察登録地点": "○"
            }
        },
        {
            "type": "Feature",
            "geometry": {
                "type": "Point",
                "coordinates": [
                    135.68194444,
                    35.41361111
                ]
            },
            "properties": {
                "調査時期": "2023_S",
                "都道府県": "福井県",
                "市区町村": "おおい町",
                "撮影場所": "大飯郡おおい町名田庄三重",
                "撮影日時": "2023-08-11T20:45:00+09:00",
                "緯度": "35.41361111 ",
                "経度": "135.68194444 ",
                "夜空の明るさ": "21.00",
                "ばらつき": "0.21",
                "周辺状況": "農業地域",
                "備考": "",
                "継続観察登録地点": "○"
            }
        },
        {
            "type": "Feature",
            "geometry": {
                "type": "Point",
                "coordinates": [
                    135.64,
                    35.40527778
                ]
            },
            "properties": {
                "調査時期": "2023_S",
                "都道府県": "福井県",
                "市区町村": "おおい町",
                "撮影場所": "大飯郡おおい町名田庄中",
                "撮影日時": "2023-08-11T20:59:00+09:00",
                "緯度": "35.40527778 ",
                "経度": "135.64000000 ",
                "夜空の明るさ": "21.70",
                "ばらつき": "0.24",
                "周辺状況": "農業地域",
                "備考": "",
                "継続観察登録地点": "○"
            }
        },
        {
            "type": "Feature",
            "geometry": {
                "type": "Point",
                "coordinates": [
                    135.57055556,
                    35.39638889
                ]
            },
            "properties": {
                "調査時期": "2023_S",
                "都道府県": "福井県",
                "市区町村": "おおい町",
                "撮影場所": "大飯郡おおい町名田庄納田終",
                "撮影日時": "2023-08-11T21:19:00+09:00",
                "緯度": "35.39638889 ",
                "経度": "135.57055556 ",
                "夜空の明るさ": "21.14",
                "ばらつき": "0.23",
                "周辺状況": "森林山間地",
                "備考": "",
                "継続観察登録地点": "○"
            }
        },
        {
            "type": "Feature",
            "geometry": {
                "type": "Point",
                "coordinates": [
                    135.58777778,
                    35.39444444
                ]
            },
            "properties": {
                "調査時期": "2023_S",
                "都道府県": "福井県",
                "市区町村": "おおい町",
                "撮影場所": "",
                "撮影日時": "2023-08-11T21:33:00+09:00",
                "緯度": "35.39444444 ",
                "経度": "135.58777778 ",
                "夜空の明るさ": "21.37",
                "ばらつき": "0.22",
                "周辺状況": "",
                "備考": "",
                "継続観察登録地点": ""
            }
        },
        {
            "type": "Feature",
            "geometry": {
                "type": "Point",
                "coordinates": [
                    135.68305556,
                    35.41083333
                ]
            },
            "properties": {
                "調査時期": "2023_S",
                "都道府県": "福井県",
                "市区町村": "おおい町",
                "撮影場所": "",
                "撮影日時": "2023-08-11T22:06:00+09:00",
                "緯度": "35.41083333 ",
                "経度": "135.68305556 ",
                "夜空の明るさ": "20.92",
                "ばらつき": "0.16",
                "周辺状況": "",
                "備考": "",
                "継続観察登録地点": ""
            }
        },
        {
            "type": "Feature",
            "geometry": {
                "type": "Point",
                "coordinates": [
                    135.57083333,
                    35.39638889
                ]
            },
            "properties": {
                "調査時期": "2023_S",
                "都道府県": "福井県",
                "市区町村": "おおい町",
                "撮影場所": "大飯郡おおい町名田庄納田終",
                "撮影日時": "2023-08-10T21:30:00+09:00",
                "緯度": "35.39638889 ",
                "経度": "135.57083333 ",
                "夜空の明るさ": "",
                "ばらつき": "",
                "周辺状況": "森林山間地",
                "備考": "測定不可（雲量大）",
                "継続観察登録地点": "○"
            }
        },
        {
            "type": "Feature",
            "geometry": {
                "type": "Point",
                "coordinates": [
                    138.76722222,
                    35.45666667
                ]
            },
            "properties": {
                "調査時期": "2023_S",
                "都道府県": "山梨県",
                "市区町村": "富士吉田市",
                "撮影場所": "富士北麓公園駐車場",
                "撮影日時": "2023-08-18T19:56:00+09:00",
                "緯度": "35.45666667 ",
                "経度": "138.76722222 ",
                "夜空の明るさ": "19.29",
                "ばらつき": "0.11",
                "周辺状況": "自然公園等",
                "備考": "",
                "継続観察登録地点": "○"
            }
        },
        {
            "type": "Feature",
            "geometry": {
                "type": "Point",
                "coordinates": [
                    138.80444444,
                    35.45611111
                ]
            },
            "properties": {
                "調査時期": "2023_S",
                "都道府県": "山梨県",
                "市区町村": "富士吉田市",
                "撮影場所": "富士散策公園",
                "撮影日時": "2023-08-18T20:07:00+09:00",
                "緯度": "35.45611111 ",
                "経度": "138.80444444 ",
                "夜空の明るさ": "19.03",
                "ばらつき": "0.15",
                "周辺状況": "自然公園等",
                "備考": "",
                "継続観察登録地点": "○"
            }
        },
        {
            "type": "Feature",
            "geometry": {
                "type": "Point",
                "coordinates": [
                    138.81805556,
                    35.48472222
                ]
            },
            "properties": {
                "調査時期": "2023_S",
                "都道府県": "山梨県",
                "市区町村": "富士吉田市",
                "撮影場所": "富士吉田市大明見地内",
                "撮影日時": "2023-08-18T20:24:00+09:00",
                "緯度": "35.48472222 ",
                "経度": "138.81805556 ",
                "夜空の明るさ": "19.08",
                "ばらつき": "0.14",
                "周辺状況": "住宅地域",
                "備考": "",
                "継続観察登録地点": "○"
            }
        },
        {
            "type": "Feature",
            "geometry": {
                "type": "Point",
                "coordinates": [
                    138.31694444,
                    35.78805556
                ]
            },
            "properties": {
                "調査時期": "2023_S",
                "都道府県": "山梨県",
                "市区町村": "北杜市",
                "撮影場所": "北杜市白州町横手",
                "撮影日時": "2023-08-10T21:05:00+09:00",
                "緯度": "35.78805556 ",
                "経度": "138.31694444 ",
                "夜空の明るさ": "20.01",
                "ばらつき": "0.20",
                "周辺状況": "農業地域",
                "備考": "",
                "継続観察登録地点": "○"
            }
        },
        {
            "type": "Feature",
            "geometry": {
                "type": "Point",
                "coordinates": [
                    138.42861111,
                    35.80083333
                ]
            },
            "properties": {
                "調査時期": "2023_S",
                "都道府県": "山梨県",
                "市区町村": "北杜市",
                "撮影場所": "",
                "撮影日時": "2023-08-10T20:45:00+09:00",
                "緯度": "35.80083333 ",
                "経度": "138.42861111 ",
                "夜空の明るさ": "20.29",
                "ばらつき": "0.13",
                "周辺状況": "",
                "備考": "",
                "継続観察登録地点": ""
            }
        },
        {
            "type": "Feature",
            "geometry": {
                "type": "Point",
                "coordinates": [
                    138.73027778,
                    35.52416667
                ]
            },
            "properties": {
                "調査時期": "2023_S",
                "都道府県": "山梨県",
                "市区町村": "富士河口湖町",
                "撮影場所": "南都留郡富士河口湖町大石",
                "撮影日時": "2023-08-18T21:41:00+09:00",
                "緯度": "35.52416667 ",
                "経度": "138.73027778 ",
                "夜空の明るさ": "20.31",
                "ばらつき": "0.08",
                "周辺状況": "農業地域",
                "備考": "",
                "継続観察登録地点": "○"
            }
        },
        {
            "type": "Feature",
            "geometry": {
                "type": "Point",
                "coordinates": [
                    138.94,
                    35.76361111
                ]
            },
            "properties": {
                "調査時期": "2023_S",
                "都道府県": "山梨県",
                "市区町村": "小菅村",
                "撮影場所": "北都留郡小菅村 小菅村ヘリポート",
                "撮影日時": "2023-08-12T22:10:00+09:00",
                "緯度": "35.76361111 ",
                "経度": "138.94000000 ",
                "夜空の明るさ": "20.48",
                "ばらつき": "0.04",
                "周辺状況": "森林山間地",
                "備考": "",
                "継続観察登録地点": "○"
            }
        },
        {
            "type": "Feature",
            "geometry": {
                "type": "Point",
                "coordinates": [
                    138.97805556,
                    35.78527778
                ]
            },
            "properties": {
                "調査時期": "2023_S",
                "都道府県": "山梨県",
                "市区町村": "丹波山村",
                "撮影場所": "北都留郡丹波山村",
                "撮影日時": "2023-08-12T21:22:00+09:00",
                "緯度": "35.78527778 ",
                "経度": "138.97805556 ",
                "夜空の明るさ": "20.03",
                "ばらつき": "0.12",
                "周辺状況": "森林山間地",
                "備考": "",
                "継続観察登録地点": "○"
            }
        },
        {
            "type": "Feature",
            "geometry": {
                "type": "Point",
                "coordinates": [
                    137.99111111,
                    36.67805556
                ]
            },
            "properties": {
                "調査時期": "2023_S",
                "都道府県": "長野県",
                "市区町村": "長野市",
                "撮影場所": "鬼無里　松原",
                "撮影日時": "2023-08-11T22:29:00+09:00",
                "緯度": "36.67805556 ",
                "経度": "137.99111111 ",
                "夜空の明るさ": "21.16",
                "ばらつき": "0.26",
                "周辺状況": "その他",
                "備考": "",
                "継続観察登録地点": "○"
            }
        },
        {
            "type": "Feature",
            "geometry": {
                "type": "Point",
                "coordinates": [
                    137.96611111,
                    36.68805556
                ]
            },
            "properties": {
                "調査時期": "2023_S",
                "都道府県": "長野県",
                "市区町村": "長野市",
                "撮影場所": "鬼無里東京　加茂神社参道",
                "撮影日時": "2023-08-11T22:14:00+09:00",
                "緯度": "36.68805556 ",
                "経度": "137.96611111 ",
                "夜空の明るさ": "21.21",
                "ばらつき": "0.17",
                "周辺状況": "その他",
                "備考": "",
                "継続観察登録地点": "○"
            }
        },
        {
            "type": "Feature",
            "geometry": {
                "type": "Point",
                "coordinates": [
                    137.9275,
                    36.66777778
                ]
            },
            "properties": {
                "調査時期": "2023_S",
                "都道府県": "長野県",
                "市区町村": "長野市",
                "撮影場所": "鬼無里日影　押切",
                "撮影日時": "2023-08-11T20:22:00+09:00",
                "緯度": "36.66777778 ",
                "経度": "137.92750000 ",
                "夜空の明るさ": "",
                "ばらつき": "",
                "周辺状況": "その他",
                "備考": "測定不可（ピンボケ）",
                "継続観察登録地点": "○"
            }
        },
        {
            "type": "Feature",
            "geometry": {
                "type": "Point",
                "coordinates": [
                    137.9275,
                    36.66777778
                ]
            },
            "properties": {
                "調査時期": "2023_S",
                "都道府県": "長野県",
                "市区町村": "長野市",
                "撮影場所": "鬼無里日影　押切",
                "撮影日時": "2023-08-11T20:22:00+09:00",
                "緯度": "36.66777778 ",
                "経度": "137.92750000 ",
                "夜空の明るさ": "",
                "ばらつき": "",
                "周辺状況": "その他",
                "備考": "測定不可（ピンボケ）",
                "継続観察登録地点": "○"
            }
        },
        {
            "type": "Feature",
            "geometry": {
                "type": "Point",
                "coordinates": [
                    138.20277778,
                    36.65944444
                ]
            },
            "properties": {
                "調査時期": "2023_S",
                "都道府県": "長野県",
                "市区町村": "長野市",
                "撮影場所": "",
                "撮影日時": "2023-08-23T21:15:00+09:00",
                "緯度": "36.65944444 ",
                "経度": "138.20277778 ",
                "夜空の明るさ": "",
                "ばらつき": "",
                "周辺状況": "",
                "備考": "測定不可（雲量大）",
                "継続観察登録地点": ""
            }
        },
        {
            "type": "Feature",
            "geometry": {
                "type": "Point",
                "coordinates": [
                    138.18083333,
                    36.65111111
                ]
            },
            "properties": {
                "調査時期": "2023_S",
                "都道府県": "長野県",
                "市区町村": "長野市",
                "撮影場所": "長野県庁",
                "撮影日時": "2023-08-08T20:41:00+09:00",
                "緯度": "36.65111111 ",
                "経度": "138.18083333 ",
                "夜空の明るさ": "17.32",
                "ばらつき": "0.36",
                "周辺状況": "住宅地域",
                "備考": "参考値（薄雲）",
                "継続観察登録地点": "○"
            }
        },
        {
            "type": "Feature",
            "geometry": {
                "type": "Point",
                "coordinates": [
                    138.04027778,
                    36.71972222
                ]
            },
            "properties": {
                "調査時期": "2023_S",
                "都道府県": "長野県",
                "市区町村": "長野市",
                "撮影場所": "鬼無里　大望峠",
                "撮影日時": "2023-08-10T21:22:00+09:00",
                "緯度": "36.71972222 ",
                "経度": "138.04027778 ",
                "夜空の明るさ": "21.16",
                "ばらつき": "0.24",
                "周辺状況": "森林山間地",
                "備考": "",
                "継続観察登録地点": "○"
            }
        },
        {
            "type": "Feature",
            "geometry": {
                "type": "Point",
                "coordinates": [
                    138.01527778,
                    36.69111111
                ]
            },
            "properties": {
                "調査時期": "2023_S",
                "都道府県": "長野県",
                "市区町村": "長野市",
                "撮影場所": "鬼無里　文道　ふるさとの館跡駐車場",
                "撮影日時": "2023-08-10T21:57:00+09:00",
                "緯度": "36.69111111 ",
                "経度": "138.01527778 ",
                "夜空の明るさ": "21.23",
                "ばらつき": "0.27",
                "周辺状況": "森林山間地",
                "備考": "",
                "継続観察登録地点": "○"
            }
        },
        {
            "type": "Feature",
            "geometry": {
                "type": "Point",
                "coordinates": [
                    138.0025,
                    36.68277778
                ]
            },
            "properties": {
                "調査時期": "2023_S",
                "都道府県": "長野県",
                "市区町村": "長野市",
                "撮影場所": "旧鬼無里中学校跡地駐車場",
                "撮影日時": "2023-08-10T22:34:00+09:00",
                "緯度": "36.68277778 ",
                "経度": "138.00250000 ",
                "夜空の明るさ": "20.94",
                "ばらつき": "0.07",
                "周辺状況": "その他",
                "備考": "",
                "継続観察登録地点": "○"
            }
        },
        {
            "type": "Feature",
            "geometry": {
                "type": "Point",
                "coordinates": [
                    138.00361111,
                    36.67972222
                ]
            },
            "properties": {
                "調査時期": "2023_S",
                "都道府県": "長野県",
                "市区町村": "長野市",
                "撮影場所": "鬼無里小中学校横グランド",
                "撮影日時": "2023-08-10T22:49:00+09:00",
                "緯度": "36.67972222 ",
                "経度": "138.00361111 ",
                "夜空の明るさ": "21.03",
                "ばらつき": "0.07",
                "周辺状況": "その他",
                "備考": "参考値（時間外）",
                "継続観察登録地点": "○"
            }
        },
        {
            "type": "Feature",
            "geometry": {
                "type": "Point",
                "coordinates": [
                    138.00388889,
                    36.67972222
                ]
            },
            "properties": {
                "調査時期": "2023_S",
                "都道府県": "長野県",
                "市区町村": "長野市",
                "撮影場所": "鬼無里小中学校横グランド",
                "撮影日時": "2023-08-10T22:49:00+09:00",
                "緯度": "36.67972222 ",
                "経度": "138.00388889 ",
                "夜空の明るさ": "20.98",
                "ばらつき": "0.09",
                "周辺状況": "その他",
                "備考": "参考値（時間外）",
                "継続観察登録地点": "○"
            }
        },
        {
            "type": "Feature",
            "geometry": {
                "type": "Point",
                "coordinates": [
                    137.61916667,
                    36.22888889
                ]
            },
            "properties": {
                "調査時期": "2023_S",
                "都道府県": "長野県",
                "市区町村": "松本市",
                "撮影場所": "松本市安曇上高地　大正池",
                "撮影日時": "2023-08-14T20:59:00+09:00",
                "緯度": "36.22888889 ",
                "経度": "137.61916667 ",
                "夜空の明るさ": "21.72",
                "ばらつき": "0.18",
                "周辺状況": "自然公園等",
                "備考": "",
                "継続観察登録地点": "○"
            }
        },
        {
            "type": "Feature",
            "geometry": {
                "type": "Point",
                "coordinates": [
                    137.91833333,
                    36.18361111
                ]
            },
            "properties": {
                "調査時期": "2023_S",
                "都道府県": "長野県",
                "市区町村": "松本市",
                "撮影場所": "西南公園",
                "撮影日時": "2023-08-11T21:29:00+09:00",
                "緯度": "36.18361111 ",
                "経度": "137.91833333 ",
                "夜空の明るさ": "19.64",
                "ばらつき": "0.10",
                "周辺状況": "自然公園等",
                "備考": "",
                "継続観察登録地点": "○"
            }
        },
        {
            "type": "Feature",
            "geometry": {
                "type": "Point",
                "coordinates": [
                    137.85583333,
                    36.20277778
                ]
            },
            "properties": {
                "調査時期": "2023_S",
                "都道府県": "長野県",
                "市区町村": "松本市",
                "撮影場所": "",
                "撮影日時": "2023-08-10T20:32:00+09:00",
                "緯度": "36.20277778 ",
                "経度": "137.85583333 ",
                "夜空の明るさ": "20.07",
                "ばらつき": "0.11",
                "周辺状況": "",
                "備考": "",
                "継続観察登録地点": ""
            }
        },
        {
            "type": "Feature",
            "geometry": {
                "type": "Point",
                "coordinates": [
                    137.80388889,
                    36.18333333
                ]
            },
            "properties": {
                "調査時期": "2023_S",
                "都道府県": "長野県",
                "市区町村": "松本市",
                "撮影場所": "",
                "撮影日時": "2023-08-10T20:46:00+09:00",
                "緯度": "36.18333333 ",
                "経度": "137.80388889 ",
                "夜空の明るさ": "20.94",
                "ばらつき": "0.10",
                "周辺状況": "",
                "備考": "",
                "継続観察登録地点": ""
            }
        },
        {
            "type": "Feature",
            "geometry": {
                "type": "Point",
                "coordinates": [
                    137.74916667,
                    36.15305556
                ]
            },
            "properties": {
                "調査時期": "2023_S",
                "都道府県": "長野県",
                "市区町村": "松本市",
                "撮影場所": "",
                "撮影日時": "2023-08-10T21:01:00+09:00",
                "緯度": "36.15305556 ",
                "経度": "137.74916667 ",
                "夜空の明るさ": "21.37",
                "ばらつき": "0.16",
                "周辺状況": "",
                "備考": "",
                "継続観察登録地点": ""
            }
        },
        {
            "type": "Feature",
            "geometry": {
                "type": "Point",
                "coordinates": [
                    137.70222222,
                    36.04611111
                ]
            },
            "properties": {
                "調査時期": "2023_S",
                "都道府県": "長野県",
                "市区町村": "松本市",
                "撮影場所": "奈川高原",
                "撮影日時": "2023-08-10T21:33:00+09:00",
                "緯度": "36.04611111 ",
                "経度": "137.70222222 ",
                "夜空の明るさ": "21.56",
                "ばらつき": "0.21",
                "周辺状況": "自然公園等",
                "備考": "",
                "継続観察登録地点": "○"
            }
        },
        {
            "type": "Feature",
            "geometry": {
                "type": "Point",
                "coordinates": [
                    137.71805556,
                    36.13111111
                ]
            },
            "properties": {
                "調査時期": "2023_S",
                "都道府県": "長野県",
                "市区町村": "松本市",
                "撮影場所": "奈川渡ダム駐車場",
                "撮影日時": "2023-08-10T21:51:00+09:00",
                "緯度": "36.13111111 ",
                "経度": "137.71805556 ",
                "夜空の明るさ": "21.38",
                "ばらつき": "0.21",
                "周辺状況": "森林山間地",
                "備考": "",
                "継続観察登録地点": "○"
            }
        },
        {
            "type": "Feature",
            "geometry": {
                "type": "Point",
                "coordinates": [
                    137.64222222,
                    36.12027778
                ]
            },
            "properties": {
                "調査時期": "2023_S",
                "都道府県": "長野県",
                "市区町村": "松本市",
                "撮影場所": "乗鞍高原・いがや",
                "撮影日時": "2023-08-10T22:11:00+09:00",
                "緯度": "36.12027778 ",
                "経度": "137.64222222 ",
                "夜空の明るさ": "21.52",
                "ばらつき": "0.17",
                "周辺状況": "自然公園等",
                "備考": "",
                "継続観察登録地点": "○"
            }
        },
        {
            "type": "Feature",
            "geometry": {
                "type": "Point",
                "coordinates": [
                    137.62638889,
                    36.10444444
                ]
            },
            "properties": {
                "調査時期": "2023_S",
                "都道府県": "長野県",
                "市区町村": "松本市",
                "撮影場所": "",
                "撮影日時": "2023-08-10T22:19:00+09:00",
                "緯度": "36.10444444 ",
                "経度": "137.62638889 ",
                "夜空の明るさ": "21.33",
                "ばらつき": "0.06",
                "周辺状況": "",
                "備考": "",
                "継続観察登録地点": ""
            }
        },
        {
            "type": "Feature",
            "geometry": {
                "type": "Point",
                "coordinates": [
                    137.61638889,
                    36.11888889
                ]
            },
            "properties": {
                "調査時期": "2023_S",
                "都道府県": "長野県",
                "市区町村": "松本市",
                "撮影場所": "",
                "撮影日時": "2023-08-10T22:27:00+09:00",
                "緯度": "36.11888889 ",
                "経度": "137.61638889 ",
                "夜空の明るさ": "21.39",
                "ばらつき": "0.06",
                "周辺状況": "",
                "備考": "",
                "継続観察登録地点": ""
            }
        },
        {
            "type": "Feature",
            "geometry": {
                "type": "Point",
                "coordinates": [
                    137.59722222,
                    36.11333333
                ]
            },
            "properties": {
                "調査時期": "2023_S",
                "都道府県": "長野県",
                "市区町村": "松本市",
                "撮影場所": "",
                "撮影日時": "2023-08-10T22:35:00+09:00",
                "緯度": "36.11333333 ",
                "経度": "137.59722222 ",
                "夜空の明るさ": "21.39",
                "ばらつき": "0.09",
                "周辺状況": "",
                "備考": "",
                "継続観察登録地点": ""
            }
        },
        {
            "type": "Feature",
            "geometry": {
                "type": "Point",
                "coordinates": [
                    137.96138889,
                    36.19222222
                ]
            },
            "properties": {
                "調査時期": "2023_S",
                "都道府県": "長野県",
                "市区町村": "松本市",
                "撮影場所": "平田駅西口",
                "撮影日時": "2023-08-16T20:56:00+09:00",
                "緯度": "36.19222222 ",
                "経度": "137.96138889 ",
                "夜空の明るさ": "",
                "ばらつき": "",
                "周辺状況": "住宅地域",
                "備考": "測定不可（雲量大）",
                "継続観察登録地点": "○"
            }
        },
        {
            "type": "Feature",
            "geometry": {
                "type": "Point",
                "coordinates": [
                    137.96333333,
                    36.23055556
                ]
            },
            "properties": {
                "調査時期": "2023_S",
                "都道府県": "長野県",
                "市区町村": "松本市",
                "撮影場所": "松本駅西口",
                "撮影日時": "2023-08-16T21:20:00+09:00",
                "緯度": "36.23055556 ",
                "経度": "137.96333333 ",
                "夜空の明るさ": "",
                "ばらつき": "",
                "周辺状況": "商業地域",
                "備考": "測定不可（雲量大）",
                "継続観察登録地点": "○"
            }
        },
        {
            "type": "Feature",
            "geometry": {
                "type": "Point",
                "coordinates": [
                    137.97888889,
                    36.23388889
                ]
            },
            "properties": {
                "調査時期": "2023_S",
                "都道府県": "長野県",
                "市区町村": "松本市",
                "撮影場所": "松本市中央",
                "撮影日時": "2023-08-16T21:40:00+09:00",
                "緯度": "36.23388889 ",
                "経度": "137.97888889 ",
                "夜空の明るさ": "",
                "ばらつき": "",
                "周辺状況": "商業地域",
                "備考": "測定不可（雲量大）",
                "継続観察登録地点": "○"
            }
        },
        {
            "type": "Feature",
            "geometry": {
                "type": "Point",
                "coordinates": [
                    137.95472222,
                    36.25777778
                ]
            },
            "properties": {
                "調査時期": "2023_S",
                "都道府県": "長野県",
                "市区町村": "松本市",
                "撮影場所": "アルプス公園駐車場",
                "撮影日時": "2023-08-16T22:11:00+09:00",
                "緯度": "36.25777778 ",
                "経度": "137.95472222 ",
                "夜空の明るさ": "",
                "ばらつき": "",
                "周辺状況": "自然公園等",
                "備考": "測定不可（雲量大）",
                "継続観察登録地点": "○"
            }
        },
        {
            "type": "Feature",
            "geometry": {
                "type": "Point",
                "coordinates": [
                    138.21861111,
                    36.35083333
                ]
            },
            "properties": {
                "調査時期": "2023_S",
                "都道府県": "長野県",
                "市区町村": "上田市",
                "撮影場所": "古安曽観測所前",
                "撮影日時": "2023-08-10T20:43:00+09:00",
                "緯度": "36.35083333 ",
                "経度": "138.21861111 ",
                "夜空の明るさ": "20.06",
                "ばらつき": "0.08",
                "周辺状況": "農業地域",
                "備考": "",
                "継続観察登録地点": "○"
            }
        },
        {
            "type": "Feature",
            "geometry": {
                "type": "Point",
                "coordinates": [
                    138.21861111,
                    36.35111111
                ]
            },
            "properties": {
                "調査時期": "2023_S",
                "都道府県": "長野県",
                "市区町村": "上田市",
                "撮影場所": "古安曽観測所前",
                "撮影日時": "2023-08-10T20:44:00+09:00",
                "緯度": "36.35111111 ",
                "経度": "138.21861111 ",
                "夜空の明るさ": "20.09",
                "ばらつき": "0.07",
                "周辺状況": "農業地域",
                "備考": "",
                "継続観察登録地点": "○"
            }
        },
        {
            "type": "Feature",
            "geometry": {
                "type": "Point",
                "coordinates": [
                    138.21861111,
                    36.35111111
                ]
            },
            "properties": {
                "調査時期": "2023_S",
                "都道府県": "長野県",
                "市区町村": "上田市",
                "撮影場所": "",
                "撮影日時": "2023-08-10T20:45:00+09:00",
                "緯度": "36.35111111 ",
                "経度": "138.21861111 ",
                "夜空の明るさ": "20.66",
                "ばらつき": "0.18",
                "周辺状況": "",
                "備考": "",
                "継続観察登録地点": ""
            }
        },
        {
            "type": "Feature",
            "geometry": {
                "type": "Point",
                "coordinates": [
                    138.21861111,
                    36.35111111
                ]
            },
            "properties": {
                "調査時期": "2023_S",
                "都道府県": "長野県",
                "市区町村": "上田市",
                "撮影場所": "",
                "撮影日時": "2023-08-10T20:46:00+09:00",
                "緯度": "36.35111111 ",
                "経度": "138.21861111 ",
                "夜空の明るさ": "20.56",
                "ばらつき": "0.28",
                "周辺状況": "",
                "備考": "",
                "継続観察登録地点": ""
            }
        },
        {
            "type": "Feature",
            "geometry": {
                "type": "Point",
                "coordinates": [
                    138.01611111,
                    36.0625
                ]
            },
            "properties": {
                "調査時期": "2023_S",
                "都道府県": "長野県",
                "市区町村": "岡谷市",
                "撮影場所": "塩嶺王城パーク駐車場",
                "撮影日時": "2023-08-11T20:52:00+09:00",
                "緯度": "36.06250000 ",
                "経度": "138.01611111 ",
                "夜空の明るさ": "20.29",
                "ばらつき": "0.07",
                "周辺状況": "自然公園等",
                "備考": "",
                "継続観察登録地点": "○"
            }
        },
        {
            "type": "Feature",
            "geometry": {
                "type": "Point",
                "coordinates": [
                    138.04138889,
                    35.38888889
                ]
            },
            "properties": {
                "調査時期": "2023_S",
                "都道府県": "長野県",
                "市区町村": "飯田市",
                "撮影場所": "",
                "撮影日時": "2023-08-17T21:06:00+09:00",
                "緯度": "35.38888889 ",
                "経度": "138.04138889 ",
                "夜空の明るさ": "",
                "ばらつき": "",
                "周辺状況": "",
                "備考": "測定不可（雲量大）",
                "継続観察登録地点": ""
            }
        },
        {
            "type": "Feature",
            "geometry": {
                "type": "Point",
                "coordinates": [
                    138.04138889,
                    35.38888889
                ]
            },
            "properties": {
                "調査時期": "2023_S",
                "都道府県": "長野県",
                "市区町村": "飯田市",
                "撮影場所": "",
                "撮影日時": "2023-08-17T21:07:00+09:00",
                "緯度": "35.38888889 ",
                "経度": "138.04138889 ",
                "夜空の明るさ": "",
                "ばらつき": "",
                "周辺状況": "",
                "備考": "測定不可（雲量大）",
                "継続観察登録地点": ""
            }
        },
        {
            "type": "Feature",
            "geometry": {
                "type": "Point",
                "coordinates": [
                    138.04138889,
                    35.38888889
                ]
            },
            "properties": {
                "調査時期": "2023_S",
                "都道府県": "長野県",
                "市区町村": "飯田市",
                "撮影場所": "",
                "撮影日時": "2023-08-18T01:38:00+09:00",
                "緯度": "35.38888889 ",
                "経度": "138.04138889 ",
                "夜空の明るさ": "21.68",
                "ばらつき": "0.24",
                "周辺状況": "",
                "備考": "参考値（時間外）",
                "継続観察登録地点": ""
            }
        },
        {
            "type": "Feature",
            "geometry": {
                "type": "Point",
                "coordinates": [
                    138.04166667,
                    35.38888889
                ]
            },
            "properties": {
                "調査時期": "2023_S",
                "都道府県": "長野県",
                "市区町村": "飯田市",
                "撮影場所": "",
                "撮影日時": "2023-08-18T01:39:00+09:00",
                "緯度": "35.38888889 ",
                "経度": "138.04166667 ",
                "夜空の明るさ": "21.41",
                "ばらつき": "0.25",
                "周辺状況": "",
                "備考": "参考値（時間外）",
                "継続観察登録地点": ""
            }
        },
        {
            "type": "Feature",
            "geometry": {
                "type": "Point",
                "coordinates": [
                    138.02777778,
                    35.43333333
                ]
            },
            "properties": {
                "調査時期": "2023_S",
                "都道府県": "長野県",
                "市区町村": "飯田市",
                "撮影場所": "",
                "撮影日時": "2023-08-16T21:20:00+09:00",
                "緯度": "35.43333333 ",
                "経度": "138.02777778 ",
                "夜空の明るさ": "21.41",
                "ばらつき": "0.20",
                "周辺状況": "",
                "備考": "",
                "継続観察登録地点": ""
            }
        },
        {
            "type": "Feature",
            "geometry": {
                "type": "Point",
                "coordinates": [
                    138.02805556,
                    35.43333333
                ]
            },
            "properties": {
                "調査時期": "2023_S",
                "都道府県": "長野県",
                "市区町村": "飯田市",
                "撮影場所": "",
                "撮影日時": "2023-08-16T21:25:00+09:00",
                "緯度": "35.43333333 ",
                "経度": "138.02805556 ",
                "夜空の明るさ": "21.56",
                "ばらつき": "0.26",
                "周辺状況": "",
                "備考": "",
                "継続観察登録地点": ""
            }
        },
        {
            "type": "Feature",
            "geometry": {
                "type": "Point",
                "coordinates": [
                    138.16861111,
                    36.09805556
                ]
            },
            "properties": {
                "調査時期": "2023_S",
                "都道府県": "長野県",
                "市区町村": "諏訪市",
                "撮影場所": "長野県霧ヶ峰自然保護センター",
                "撮影日時": "2023-08-10T21:38:00+09:00",
                "緯度": "36.09805556 ",
                "経度": "138.16861111 ",
                "夜空の明るさ": "21.14",
                "ばらつき": "0.12",
                "周辺状況": "自然公園等",
                "備考": "",
                "継続観察登録地点": "○"
            }
        },
        {
            "type": "Feature",
            "geometry": {
                "type": "Point",
                "coordinates": [
                    138.18722222,
                    36.10388889
                ]
            },
            "properties": {
                "調査時期": "2023_S",
                "都道府県": "長野県",
                "市区町村": "諏訪市",
                "撮影場所": "諏訪市四賀霧ヶ峰車山肩",
                "撮影日時": "2023-08-10T21:25:00+09:00",
                "緯度": "36.10388889 ",
                "経度": "138.18722222 ",
                "夜空の明るさ": "21.27",
                "ばらつき": "0.14",
                "周辺状況": "自然公園等",
                "備考": "",
                "継続観察登録地点": "○"
            }
        },
        {
            "type": "Feature",
            "geometry": {
                "type": "Point",
                "coordinates": [
                    138.11,
                    36.04444444
                ]
            },
            "properties": {
                "調査時期": "2023_S",
                "都道府県": "長野県",
                "市区町村": "諏訪市",
                "撮影場所": "",
                "撮影日時": "2023-08-11T22:18:00+09:00",
                "緯度": "36.04444444 ",
                "経度": "138.11000000 ",
                "夜空の明るさ": "19.23",
                "ばらつき": "0.08",
                "周辺状況": "",
                "備考": "",
                "継続観察登録地点": ""
            }
        },
        {
            "type": "Feature",
            "geometry": {
                "type": "Point",
                "coordinates": [
                    138.3575,
                    36.55555556
                ]
            },
            "properties": {
                "調査時期": "2023_S",
                "都道府県": "長野県",
                "市区町村": "須坂市",
                "撮影場所": "峰の原高原　サンセットテラス",
                "撮影日時": "2023-08-11T21:21:00+09:00",
                "緯度": "36.55555556 ",
                "経度": "138.35750000 ",
                "夜空の明るさ": "20.98",
                "ばらつき": "0.08",
                "周辺状況": "自然公園等",
                "備考": "",
                "継続観察登録地点": "○"
            }
        },
        {
            "type": "Feature",
            "geometry": {
                "type": "Point",
                "coordinates": [
                    137.93694444,
                    35.81944444
                ]
            },
            "properties": {
                "調査時期": "2023_S",
                "都道府県": "長野県",
                "市区町村": "伊那市",
                "撮影場所": "伊那市 西春近北小学校グランド",
                "撮影日時": "2023-08-11T20:34:00+09:00",
                "緯度": "35.81944444 ",
                "経度": "137.93694444 ",
                "夜空の明るさ": "19.84",
                "ばらつき": "0.13",
                "周辺状況": "農業地域",
                "備考": "",
                "継続観察登録地点": "○"
            }
        },
        {
            "type": "Feature",
            "geometry": {
                "type": "Point",
                "coordinates": [
                    137.945,
                    35.83944444
                ]
            },
            "properties": {
                "調査時期": "2023_S",
                "都道府県": "長野県",
                "市区町村": "伊那市",
                "撮影場所": "長野県伊那文化会館",
                "撮影日時": "2023-08-11T20:46:00+09:00",
                "緯度": "35.83944444 ",
                "経度": "137.94500000 ",
                "夜空の明るさ": "19.46",
                "ばらつき": "0.24",
                "周辺状況": "住宅地域",
                "備考": "",
                "継続観察登録地点": "○"
            }
        },
        {
            "type": "Feature",
            "geometry": {
                "type": "Point",
                "coordinates": [
                    137.89888889,
                    35.73
                ]
            },
            "properties": {
                "調査時期": "2023_S",
                "都道府県": "長野県",
                "市区町村": "駒ヶ根市",
                "撮影場所": "駒ヶ根高原家族旅行村アルプスの丘周辺",
                "撮影日時": "2023-08-10T20:12:00+09:00",
                "緯度": "35.73000000 ",
                "経度": "137.89888889 ",
                "夜空の明るさ": "20.60",
                "ばらつき": "0.13",
                "周辺状況": "自然公園等",
                "備考": "",
                "継続観察登録地点": "○"
            }
        },
        {
            "type": "Feature",
            "geometry": {
                "type": "Point",
                "coordinates": [
                    137.91055556,
                    35.72194444
                ]
            },
            "properties": {
                "調査時期": "2023_S",
                "都道府県": "長野県",
                "市区町村": "駒ヶ根市",
                "撮影場所": "日本電産長野技術研究開発センター周辺",
                "撮影日時": "2023-08-10T20:25:00+09:00",
                "緯度": "35.72194444 ",
                "経度": "137.91055556 ",
                "夜空の明るさ": "20.41",
                "ばらつき": "0.15",
                "周辺状況": "農業地域",
                "備考": "",
                "継続観察登録地点": "○"
            }
        },
        {
            "type": "Feature",
            "geometry": {
                "type": "Point",
                "coordinates": [
                    137.92055556,
                    35.71333333
                ]
            },
            "properties": {
                "調査時期": "2023_S",
                "都道府県": "長野県",
                "市区町村": "駒ヶ根市",
                "撮影場所": "長野県駒ヶ根工業高等学校周辺",
                "撮影日時": "2023-08-10T20:43:00+09:00",
                "緯度": "35.71333333 ",
                "経度": "137.92055556 ",
                "夜空の明るさ": "20.45",
                "ばらつき": "0.13",
                "周辺状況": "住宅地域",
                "備考": "",
                "継続観察登録地点": "○"
            }
        },
        {
            "type": "Feature",
            "geometry": {
                "type": "Point",
                "coordinates": [
                    137.87694444,
                    36.445
                ]
            },
            "properties": {
                "調査時期": "2023_S",
                "都道府県": "長野県",
                "市区町村": "大町市",
                "撮影場所": "大町市社 大町観測所",
                "撮影日時": "2023-08-10T20:29:00+09:00",
                "緯度": "36.44500000 ",
                "経度": "137.87694444 ",
                "夜空の明るさ": "20.59",
                "ばらつき": "0.10",
                "周辺状況": "農業地域",
                "備考": "",
                "継続観察登録地点": "○"
            }
        },
        {
            "type": "Feature",
            "geometry": {
                "type": "Point",
                "coordinates": [
                    137.85111111,
                    36.5025
                ]
            },
            "properties": {
                "調査時期": "2023_S",
                "都道府県": "長野県",
                "市区町村": "大町市",
                "撮影場所": "大町市大町 大町市役所",
                "撮影日時": "2023-08-10T20:09:00+09:00",
                "緯度": "36.50250000 ",
                "経度": "137.85111111 ",
                "夜空の明るさ": "19.70",
                "ばらつき": "0.11",
                "周辺状況": "住宅地域",
                "備考": "",
                "継続観察登録地点": "○"
            }
        },
        {
            "type": "Feature",
            "geometry": {
                "type": "Point",
                "coordinates": [
                    138.23055556,
                    36.01305556
                ]
            },
            "properties": {
                "調査時期": "2023_S",
                "都道府県": "長野県",
                "市区町村": "茅野市",
                "撮影場所": "",
                "撮影日時": "2023-08-10T22:16:00+09:00",
                "緯度": "36.01305556 ",
                "経度": "138.23055556 ",
                "夜空の明るさ": "20.96",
                "ばらつき": "0.12",
                "周辺状況": "",
                "備考": "",
                "継続観察登録地点": ""
            }
        },
        {
            "type": "Feature",
            "geometry": {
                "type": "Point",
                "coordinates": [
                    138.17916667,
                    36.00638889
                ]
            },
            "properties": {
                "調査時期": "2023_S",
                "都道府県": "長野県",
                "市区町村": "茅野市",
                "撮影場所": "",
                "撮影日時": "2023-08-11T21:07:00+09:00",
                "緯度": "36.00638889 ",
                "経度": "138.17916667 ",
                "夜空の明るさ": "19.97",
                "ばらつき": "0.09",
                "周辺状況": "",
                "備考": "",
                "継続観察登録地点": ""
            }
        },
        {
            "type": "Feature",
            "geometry": {
                "type": "Point",
                "coordinates": [
                    138.15944444,
                    35.99583333
                ]
            },
            "properties": {
                "調査時期": "2023_S",
                "都道府県": "長野県",
                "市区町村": "茅野市",
                "撮影場所": "",
                "撮影日時": "2023-08-11T21:44:00+09:00",
                "緯度": "35.99583333 ",
                "経度": "138.15944444 ",
                "夜空の明るさ": "19.05",
                "ばらつき": "0.07",
                "周辺状況": "",
                "備考": "",
                "継続観察登録地点": ""
            }
        },
        {
            "type": "Feature",
            "geometry": {
                "type": "Point",
                "coordinates": [
                    138.00361111,
                    36.07138889
                ]
            },
            "properties": {
                "調査時期": "2023_S",
                "都道府県": "長野県",
                "市区町村": "塩尻市",
                "撮影場所": "いこいの森公園",
                "撮影日時": "2023-08-11T20:38:00+09:00",
                "緯度": "36.07138889 ",
                "経度": "138.00361111 ",
                "夜空の明るさ": "20.32",
                "ばらつき": "0.08",
                "周辺状況": "自然公園等",
                "備考": "",
                "継続観察登録地点": "○"
            }
        },
        {
            "type": "Feature",
            "geometry": {
                "type": "Point",
                "coordinates": [
                    137.94305556,
                    36.10305556
                ]
            },
            "properties": {
                "調査時期": "2023_S",
                "都道府県": "長野県",
                "市区町村": "塩尻市",
                "撮影場所": "平出遺跡公園",
                "撮影日時": "2023-08-11T21:24:00+09:00",
                "緯度": "36.10305556 ",
                "経度": "137.94305556 ",
                "夜空の明るさ": "19.72",
                "ばらつき": "0.07",
                "周辺状況": "自然公園等",
                "備考": "",
                "継続観察登録地点": "○"
            }
        },
        {
            "type": "Feature",
            "geometry": {
                "type": "Point",
                "coordinates": [
                    137.96916667,
                    36.05166667
                ]
            },
            "properties": {
                "調査時期": "2023_S",
                "都道府県": "長野県",
                "市区町村": "塩尻市",
                "撮影場所": "北小野地区センター",
                "撮影日時": "2023-08-11T20:25:00+09:00",
                "緯度": "36.05166667 ",
                "経度": "137.96916667 ",
                "夜空の明るさ": "20.58",
                "ばらつき": "0.05",
                "周辺状況": "農業地域",
                "備考": "",
                "継続観察登録地点": "○"
            }
        },
        {
            "type": "Feature",
            "geometry": {
                "type": "Point",
                "coordinates": [
                    137.96416667,
                    36.14388889
                ]
            },
            "properties": {
                "調査時期": "2023_S",
                "都道府県": "長野県",
                "市区町村": "塩尻市",
                "撮影場所": "",
                "撮影日時": "2023-08-12T20:18:00+09:00",
                "緯度": "36.14388889 ",
                "経度": "137.96416667 ",
                "夜空の明るさ": "19.20",
                "ばらつき": "0.06",
                "周辺状況": "",
                "備考": "",
                "継続観察登録地点": ""
            }
        },
        {
            "type": "Feature",
            "geometry": {
                "type": "Point",
                "coordinates": [
                    137.91388889,
                    36.13638889
                ]
            },
            "properties": {
                "調査時期": "2023_S",
                "都道府県": "長野県",
                "市区町村": "塩尻市",
                "撮影場所": "",
                "撮影日時": "2023-08-11T20:48:00+09:00",
                "緯度": "36.13638889 ",
                "経度": "137.91388889 ",
                "夜空の明るさ": "19.91",
                "ばらつき": "0.15",
                "周辺状況": "",
                "備考": "",
                "継続観察登録地点": ""
            }
        },
        {
            "type": "Feature",
            "geometry": {
                "type": "Point",
                "coordinates": [
                    137.92194444,
                    36.15638889
                ]
            },
            "properties": {
                "調査時期": "2023_S",
                "都道府県": "長野県",
                "市区町村": "塩尻市",
                "撮影場所": "信州スカイパーク",
                "撮影日時": "2023-08-11T21:41:00+09:00",
                "緯度": "36.15638889 ",
                "経度": "137.92194444 ",
                "夜空の明るさ": "19.83",
                "ばらつき": "0.06",
                "周辺状況": "自然公園等",
                "備考": "",
                "継続観察登録地点": "○"
            }
        },
        {
            "type": "Feature",
            "geometry": {
                "type": "Point",
                "coordinates": [
                    137.9375,
                    36.13888889
                ]
            },
            "properties": {
                "調査時期": "2023_S",
                "都道府県": "長野県",
                "市区町村": "塩尻市",
                "撮影場所": "堅石公民館",
                "撮影日時": "2023-08-11T21:52:00+09:00",
                "緯度": "36.13888889 ",
                "経度": "137.93750000 ",
                "夜空の明るさ": "19.79",
                "ばらつき": "0.08",
                "周辺状況": "農業地域",
                "備考": "",
                "継続観察登録地点": "○"
            }
        },
        {
            "type": "Feature",
            "geometry": {
                "type": "Point",
                "coordinates": [
                    137.90777778,
                    36.13055556
                ]
            },
            "properties": {
                "調査時期": "2023_S",
                "都道府県": "長野県",
                "市区町村": "塩尻市",
                "撮影場所": "",
                "撮影日時": "2023-08-10T20:35:00+09:00",
                "緯度": "36.13055556 ",
                "経度": "137.90777778 ",
                "夜空の明るさ": "19.73",
                "ばらつき": "0.12",
                "周辺状況": "",
                "備考": "",
                "継続観察登録地点": ""
            }
        },
        {
            "type": "Feature",
            "geometry": {
                "type": "Point",
                "coordinates": [
                    137.95333333,
                    36.11527778
                ]
            },
            "properties": {
                "調査時期": "2023_S",
                "都道府県": "長野県",
                "市区町村": "塩尻市",
                "撮影場所": "塩尻市役所北側駐車場",
                "撮影日時": "2023-08-10T21:26:00+09:00",
                "緯度": "36.11527778 ",
                "経度": "137.95333333 ",
                "夜空の明るさ": "19.28",
                "ばらつき": "0.13",
                "周辺状況": "住宅地域",
                "備考": "",
                "継続観察登録地点": "○"
            }
        },
        {
            "type": "Feature",
            "geometry": {
                "type": "Point",
                "coordinates": [
                    137.975,
                    36.10111111
                ]
            },
            "properties": {
                "調査時期": "2023_S",
                "都道府県": "長野県",
                "市区町村": "塩尻市",
                "撮影場所": "塩尻東地区センター",
                "撮影日時": "2023-08-10T21:41:00+09:00",
                "緯度": "36.10111111 ",
                "経度": "137.97500000 ",
                "夜空の明るさ": "19.96",
                "ばらつき": "0.12",
                "周辺状況": "農業地域",
                "備考": "",
                "継続観察登録地点": "○"
            }
        },
        {
            "type": "Feature",
            "geometry": {
                "type": "Point",
                "coordinates": [
                    137.9,
                    36.06472222
                ]
            },
            "properties": {
                "調査時期": "2023_S",
                "都道府県": "長野県",
                "市区町村": "塩尻市",
                "撮影場所": "塩尻市本山",
                "撮影日時": "2023-08-11T20:35:00+09:00",
                "緯度": "36.06472222 ",
                "経度": "137.90000000 ",
                "夜空の明るさ": "20.59",
                "ばらつき": "0.11",
                "周辺状況": "農業地域",
                "備考": "",
                "継続観察登録地点": "○"
            }
        },
        {
            "type": "Feature",
            "geometry": {
                "type": "Point",
                "coordinates": [
                    137.85944444,
                    36.01277778
                ]
            },
            "properties": {
                "調査時期": "2023_S",
                "都道府県": "長野県",
                "市区町村": "塩尻市",
                "撮影場所": "",
                "撮影日時": "2023-08-11T20:49:00+09:00",
                "緯度": "36.01277778 ",
                "経度": "137.85944444 ",
                "夜空の明るさ": "20.86",
                "ばらつき": "0.18",
                "周辺状況": "",
                "備考": "",
                "継続観察登録地点": ""
            }
        },
        {
            "type": "Feature",
            "geometry": {
                "type": "Point",
                "coordinates": [
                    137.8425,
                    35.98638889
                ]
            },
            "properties": {
                "調査時期": "2023_S",
                "都道府県": "長野県",
                "市区町村": "塩尻市",
                "撮影場所": "",
                "撮影日時": "2023-08-11T21:01:00+09:00",
                "緯度": "35.98638889 ",
                "経度": "137.84250000 ",
                "夜空の明るさ": "21.08",
                "ばらつき": "0.12",
                "周辺状況": "",
                "備考": "",
                "継続観察登録地点": ""
            }
        },
        {
            "type": "Feature",
            "geometry": {
                "type": "Point",
                "coordinates": [
                    137.80888889,
                    35.96027778
                ]
            },
            "properties": {
                "調査時期": "2023_S",
                "都道府県": "長野県",
                "市区町村": "塩尻市",
                "撮影場所": "",
                "撮影日時": "2023-08-11T21:24:00+09:00",
                "緯度": "35.96027778 ",
                "経度": "137.80888889 ",
                "夜空の明るさ": "21.27",
                "ばらつき": "0.12",
                "周辺状況": "",
                "備考": "",
                "継続観察登録地点": ""
            }
        },
        {
            "type": "Feature",
            "geometry": {
                "type": "Point",
                "coordinates": [
                    137.81027778,
                    35.93444444
                ]
            },
            "properties": {
                "調査時期": "2023_S",
                "都道府県": "長野県",
                "市区町村": "塩尻市",
                "撮影場所": "奈良井ダム",
                "撮影日時": "2023-08-11T21:36:00+09:00",
                "緯度": "35.93444444 ",
                "経度": "137.81027778 ",
                "夜空の明るさ": "21.40",
                "ばらつき": "0.18",
                "周辺状況": "森林山間地",
                "備考": "",
                "継続観察登録地点": "○"
            }
        },
        {
            "type": "Feature",
            "geometry": {
                "type": "Point",
                "coordinates": [
                    137.97972222,
                    36.14416667
                ]
            },
            "properties": {
                "調査時期": "2023_S",
                "都道府県": "長野県",
                "市区町村": "塩尻市",
                "撮影場所": "片丘小学校東",
                "撮影日時": "2023-08-18T20:57:00+09:00",
                "緯度": "36.14416667 ",
                "経度": "137.97972222 ",
                "夜空の明るさ": "19.73",
                "ばらつき": "0.10",
                "周辺状況": "農業地域",
                "備考": "",
                "継続観察登録地点": "○"
            }
        },
        {
            "type": "Feature",
            "geometry": {
                "type": "Point",
                "coordinates": [
                    138.48694444,
                    36.25583333
                ]
            },
            "properties": {
                "調査時期": "2023_S",
                "都道府県": "長野県",
                "市区町村": "佐久市",
                "撮影場所": "",
                "撮影日時": "2023-08-16T20:01:00+09:00",
                "緯度": "36.25583333 ",
                "経度": "138.48694444 ",
                "夜空の明るさ": "19.17",
                "ばらつき": "0.07",
                "周辺状況": "",
                "備考": "",
                "継続観察登録地点": ""
            }
        },
        {
            "type": "Feature",
            "geometry": {
                "type": "Point",
                "coordinates": [
                    138.51027778,
                    36.27944444
                ]
            },
            "properties": {
                "調査時期": "2023_S",
                "都道府県": "長野県",
                "市区町村": "佐久市",
                "撮影場所": "",
                "撮影日時": "2023-08-16T20:27:00+09:00",
                "緯度": "36.27944444 ",
                "経度": "138.51027778 ",
                "夜空の明るさ": "19.24",
                "ばらつき": "0.12",
                "周辺状況": "",
                "備考": "",
                "継続観察登録地点": ""
            }
        },
        {
            "type": "Feature",
            "geometry": {
                "type": "Point",
                "coordinates": [
                    138.42944444,
                    36.19305556
                ]
            },
            "properties": {
                "調査時期": "2023_S",
                "都道府県": "長野県",
                "市区町村": "佐久市",
                "撮影場所": "うすだスタードーム",
                "撮影日時": "2023-08-10T21:07:00+09:00",
                "緯度": "36.19305556 ",
                "経度": "138.42944444 ",
                "夜空の明るさ": "20.81",
                "ばらつき": "0.11",
                "周辺状況": "森林山間地",
                "備考": "",
                "継続観察登録地点": "○"
            }
        },
        {
            "type": "Feature",
            "geometry": {
                "type": "Point",
                "coordinates": [
                    138.11055556,
                    36.52833333
                ]
            },
            "properties": {
                "調査時期": "2023_S",
                "都道府県": "長野県",
                "市区町村": "千曲市",
                "撮影場所": "千曲市 中央公園",
                "撮影日時": "2023-08-10T22:05:00+09:00",
                "緯度": "36.52833333 ",
                "経度": "138.11055556 ",
                "夜空の明るさ": "20.02",
                "ばらつき": "0.14",
                "周辺状況": "住宅地域",
                "備考": "",
                "継続観察登録地点": "○"
            }
        },
        {
            "type": "Feature",
            "geometry": {
                "type": "Point",
                "coordinates": [
                    138.13666667,
                    36.53416667
                ]
            },
            "properties": {
                "調査時期": "2023_S",
                "都道府県": "長野県",
                "市区町村": "千曲市",
                "撮影場所": "",
                "撮影日時": "2023-08-10T20:58:00+09:00",
                "緯度": "36.53416667 ",
                "経度": "138.13666667 ",
                "夜空の明るさ": "19.80",
                "ばらつき": "0.09",
                "周辺状況": "",
                "備考": "",
                "継続観察登録地点": ""
            }
        },
        {
            "type": "Feature",
            "geometry": {
                "type": "Point",
                "coordinates": [
                    138.33944444,
                    36.36083333
                ]
            },
            "properties": {
                "調査時期": "2023_S",
                "都道府県": "長野県",
                "市区町村": "東御市",
                "撮影場所": "",
                "撮影日時": "2023-08-10T20:57:00+09:00",
                "緯度": "36.36083333 ",
                "経度": "138.33944444 ",
                "夜空の明るさ": "19.86",
                "ばらつき": "0.10",
                "周辺状況": "",
                "備考": "",
                "継続観察登録地点": ""
            }
        },
        {
            "type": "Feature",
            "geometry": {
                "type": "Point",
                "coordinates": [
                    137.88388889,
                    36.34583333
                ]
            },
            "properties": {
                "調査時期": "2023_S",
                "都道府県": "長野県",
                "市区町村": "安曇野市",
                "撮影場所": "安曇野市穂高 穂高会館",
                "撮影日時": "2023-08-10T21:57:00+09:00",
                "緯度": "36.34583333 ",
                "経度": "137.88388889 ",
                "夜空の明るさ": "19.82",
                "ばらつき": "0.19",
                "周辺状況": "住宅地域",
                "備考": "",
                "継続観察登録地点": "○"
            }
        },
        {
            "type": "Feature",
            "geometry": {
                "type": "Point",
                "coordinates": [
                    137.84388889,
                    36.32111111
                ]
            },
            "properties": {
                "調査時期": "2023_S",
                "都道府県": "長野県",
                "市区町村": "安曇野市",
                "撮影場所": "安曇野市穂高牧 安曇野公園穂高",
                "撮影日時": "2023-08-10T21:19:00+09:00",
                "緯度": "36.32111111 ",
                "経度": "137.84388889 ",
                "夜空の明るさ": "20.30",
                "ばらつき": "0.39",
                "周辺状況": "農業地域",
                "備考": "",
                "継続観察登録地点": "○"
            }
        },
        {
            "type": "Feature",
            "geometry": {
                "type": "Point",
                "coordinates": [
                    137.90555556,
                    36.30416667
                ]
            },
            "properties": {
                "調査時期": "2023_S",
                "都道府県": "長野県",
                "市区町村": "安曇野市",
                "撮影場所": "安曇野市豊科 安曇野市役所",
                "撮影日時": "2023-08-10T21:39:00+09:00",
                "緯度": "36.30416667 ",
                "経度": "137.90555556 ",
                "夜空の明るさ": "19.67",
                "ばらつき": "0.11",
                "周辺状況": "住宅地域",
                "備考": "",
                "継続観察登録地点": "○"
            }
        },
        {
            "type": "Feature",
            "geometry": {
                "type": "Point",
                "coordinates": [
                    138.64111111,
                    35.92277778
                ]
            },
            "properties": {
                "調査時期": "2023_S",
                "都道府県": "長野県",
                "市区町村": "川上村",
                "撮影場所": "",
                "撮影日時": "2023-08-10T21:17:00+09:00",
                "緯度": "35.92277778 ",
                "経度": "138.64111111 ",
                "夜空の明るさ": "21.39",
                "ばらつき": "0.15",
                "周辺状況": "",
                "備考": "",
                "継続観察登録地点": ""
            }
        },
        {
            "type": "Feature",
            "geometry": {
                "type": "Point",
                "coordinates": [
                    138.46388889,
                    35.96111111
                ]
            },
            "properties": {
                "調査時期": "2023_S",
                "都道府県": "長野県",
                "市区町村": "南牧村",
                "撮影場所": "南佐久郡南牧村野辺山",
                "撮影日時": "2023-08-10T20:52:00+09:00",
                "緯度": "35.96111111 ",
                "経度": "138.46388889 ",
                "夜空の明るさ": "21.05",
                "ばらつき": "0.12",
                "周辺状況": "住宅地域",
                "備考": "",
                "継続観察登録地点": "○"
            }
        },
        {
            "type": "Feature",
            "geometry": {
                "type": "Point",
                "coordinates": [
                    138.47277778,
                    35.94138889
                ]
            },
            "properties": {
                "調査時期": "2023_S",
                "都道府県": "長野県",
                "市区町村": "南牧村",
                "撮影場所": "国立天文台野辺山宇宙電波観測所内",
                "撮影日時": "2023-08-10T20:24:00+09:00",
                "緯度": "35.94138889 ",
                "経度": "138.47277778 ",
                "夜空の明るさ": "21.18",
                "ばらつき": "0.14",
                "周辺状況": "農業地域",
                "備考": "",
                "継続観察登録地点": "○"
            }
        },
        {
            "type": "Feature",
            "geometry": {
                "type": "Point",
                "coordinates": [
                    138.47527778,
                    35.97777778
                ]
            },
            "properties": {
                "調査時期": "2023_S",
                "都道府県": "長野県",
                "市区町村": "南牧村",
                "撮影場所": "",
                "撮影日時": "2023-08-18T22:11:00+09:00",
                "緯度": "35.97777778 ",
                "経度": "138.47527778 ",
                "夜空の明るさ": "20.74",
                "ばらつき": "0.33",
                "周辺状況": "",
                "備考": "",
                "継続観察登録地点": ""
            }
        },
        {
            "type": "Feature",
            "geometry": {
                "type": "Point",
                "coordinates": [
                    138.51666667,
                    36.06138889
                ]
            },
            "properties": {
                "調査時期": "2023_S",
                "都道府県": "長野県",
                "市区町村": "北相木村",
                "撮影場所": "南佐久郡北相木村栃原",
                "撮影日時": "2023-08-10T20:37:00+09:00",
                "緯度": "36.06138889 ",
                "経度": "138.51666667 ",
                "夜空の明るさ": "21.05",
                "ばらつき": "0.30",
                "周辺状況": "森林山間地",
                "備考": "",
                "継続観察登録地点": "○"
            }
        },
        {
            "type": "Feature",
            "geometry": {
                "type": "Point",
                "coordinates": [
                    138.15972222,
                    36.12055556
                ]
            },
            "properties": {
                "調査時期": "2023_S",
                "都道府県": "長野県",
                "市区町村": "下諏訪町",
                "撮影場所": "諏訪郡下諏訪町八島湿原",
                "撮影日時": "2023-08-10T20:38:00+09:00",
                "緯度": "36.12055556 ",
                "経度": "138.15972222 ",
                "夜空の明るさ": "21.12",
                "ばらつき": "0.09",
                "周辺状況": "自然公園等",
                "備考": "",
                "継続観察登録地点": "○"
            }
        },
        {
            "type": "Feature",
            "geometry": {
                "type": "Point",
                "coordinates": [
                    138.07861111,
                    36.05916667
                ]
            },
            "properties": {
                "調査時期": "2023_S",
                "都道府県": "長野県",
                "市区町村": "下諏訪町",
                "撮影場所": "下諏訪町赤砂崎公園",
                "撮影日時": "2023-08-08T21:22:00+09:00",
                "緯度": "36.05916667 ",
                "経度": "138.07861111 ",
                "夜空の明るさ": "19.47",
                "ばらつき": "0.16",
                "周辺状況": "自然公園等",
                "備考": "",
                "継続観察登録地点": "○"
            }
        },
        {
            "type": "Feature",
            "geometry": {
                "type": "Point",
                "coordinates": [
                    138.07861111,
                    36.05916667
                ]
            },
            "properties": {
                "調査時期": "2023_S",
                "都道府県": "長野県",
                "市区町村": "下諏訪町",
                "撮影場所": "下諏訪町赤砂崎公園",
                "撮影日時": "2023-08-08T22:18:00+09:00",
                "緯度": "36.05916667 ",
                "経度": "138.07861111 ",
                "夜空の明るさ": "20.16",
                "ばらつき": "0.09",
                "周辺状況": "自然公園等",
                "備考": "",
                "継続観察登録地点": "○"
            }
        },
        {
            "type": "Feature",
            "geometry": {
                "type": "Point",
                "coordinates": [
                    138.07861111,
                    36.06972222
                ]
            },
            "properties": {
                "調査時期": "2023_S",
                "都道府県": "長野県",
                "市区町村": "下諏訪町",
                "撮影場所": "",
                "撮影日時": "2023-08-08T22:03:00+09:00",
                "緯度": "36.06972222 ",
                "経度": "138.07861111 ",
                "夜空の明るさ": "19.80",
                "ばらつき": "0.15",
                "周辺状況": "",
                "備考": "",
                "継続観察登録地点": ""
            }
        },
        {
            "type": "Feature",
            "geometry": {
                "type": "Point",
                "coordinates": [
                    138.28055556,
                    35.91861111
                ]
            },
            "properties": {
                "調査時期": "2023_S",
                "都道府県": "長野県",
                "市区町村": "富士見町",
                "撮影場所": "",
                "撮影日時": "2023-08-10T21:23:00+09:00",
                "緯度": "35.91861111 ",
                "経度": "138.28055556 ",
                "夜空の明るさ": "21.07",
                "ばらつき": "0.14",
                "周辺状況": "",
                "備考": "",
                "継続観察登録地点": ""
            }
        },
        {
            "type": "Feature",
            "geometry": {
                "type": "Point",
                "coordinates": [
                    138.17083333,
                    35.90277778
                ]
            },
            "properties": {
                "調査時期": "2023_S",
                "都道府県": "長野県",
                "市区町村": "富士見町",
                "撮影場所": "マナスル山荘天文館コテージ広場",
                "撮影日時": "2023-08-12T21:25:00+09:00",
                "緯度": "35.90277778 ",
                "経度": "138.17083333 ",
                "夜空の明るさ": "20.81",
                "ばらつき": "0.13",
                "周辺状況": "森林山間地",
                "備考": "",
                "継続観察登録地点": "○"
            }
        },
        {
            "type": "Feature",
            "geometry": {
                "type": "Point",
                "coordinates": [
                    138.26638889,
                    35.97194444
                ]
            },
            "properties": {
                "調査時期": "2023_S",
                "都道府県": "長野県",
                "市区町村": "原村",
                "撮影場所": "八ヶ岳自然文化園",
                "撮影日時": "2023-08-10T20:16:00+09:00",
                "緯度": "35.97194444 ",
                "経度": "138.26638889 ",
                "夜空の明るさ": "21.33",
                "ばらつき": "0.16",
                "周辺状況": "自然公園等",
                "備考": "",
                "継続観察登録地点": "○"
            }
        },
        {
            "type": "Feature",
            "geometry": {
                "type": "Point",
                "coordinates": [
                    138.27,
                    35.97083333
                ]
            },
            "properties": {
                "調査時期": "2023_S",
                "都道府県": "長野県",
                "市区町村": "原村",
                "撮影場所": "",
                "撮影日時": "2023-08-11T22:19:00+09:00",
                "緯度": "35.97083333 ",
                "経度": "138.27000000 ",
                "夜空の明るさ": "20.79",
                "ばらつき": "0.10",
                "周辺状況": "",
                "備考": "",
                "継続観察登録地点": ""
            }
        },
        {
            "type": "Feature",
            "geometry": {
                "type": "Point",
                "coordinates": [
                    138.27,
                    35.97083333
                ]
            },
            "properties": {
                "調査時期": "2023_S",
                "都道府県": "長野県",
                "市区町村": "原村",
                "撮影場所": "",
                "撮影日時": "2023-08-11T22:25:00+09:00",
                "緯度": "35.97083333 ",
                "経度": "138.27000000 ",
                "夜空の明るさ": "20.76",
                "ばらつき": "0.10",
                "周辺状況": "",
                "備考": "",
                "継続観察登録地点": ""
            }
        },
        {
            "type": "Feature",
            "geometry": {
                "type": "Point",
                "coordinates": [
                    138.26305556,
                    35.97361111
                ]
            },
            "properties": {
                "調査時期": "2023_S",
                "都道府県": "長野県",
                "市区町村": "原村",
                "撮影場所": "",
                "撮影日時": "2023-08-10T21:51:00+09:00",
                "緯度": "35.97361111 ",
                "経度": "138.26305556 ",
                "夜空の明るさ": "21.10",
                "ばらつき": "0.16",
                "周辺状況": "",
                "備考": "",
                "継続観察登録地点": ""
            }
        },
        {
            "type": "Feature",
            "geometry": {
                "type": "Point",
                "coordinates": [
                    138.21833333,
                    35.96416667
                ]
            },
            "properties": {
                "調査時期": "2023_S",
                "都道府県": "長野県",
                "市区町村": "原村",
                "撮影場所": "",
                "撮影日時": "2023-08-17T20:50:00+09:00",
                "緯度": "35.96416667 ",
                "経度": "138.21833333 ",
                "夜空の明るさ": "19.55",
                "ばらつき": "0.11",
                "周辺状況": "",
                "備考": "",
                "継続観察登録地点": ""
            }
        },
        {
            "type": "Feature",
            "geometry": {
                "type": "Point",
                "coordinates": [
                    137.98722222,
                    35.98222222
                ]
            },
            "properties": {
                "調査時期": "2023_S",
                "都道府県": "長野県",
                "市区町村": "辰野町",
                "撮影場所": "",
                "撮影日時": "2023-08-10T22:08:00+09:00",
                "緯度": "35.98222222 ",
                "経度": "137.98722222 ",
                "夜空の明るさ": "20.05",
                "ばらつき": "0.09",
                "周辺状況": "",
                "備考": "",
                "継続観察登録地点": ""
            }
        },
        {
            "type": "Feature",
            "geometry": {
                "type": "Point",
                "coordinates": [
                    138.00527778,
                    35.88777778
                ]
            },
            "properties": {
                "調査時期": "2023_S",
                "都道府県": "長野県",
                "市区町村": "箕輪町",
                "撮影場所": "",
                "撮影日時": "2023-08-11T21:25:00+09:00",
                "緯度": "35.88777778 ",
                "経度": "138.00527778 ",
                "夜空の明るさ": "19.89",
                "ばらつき": "0.33",
                "周辺状況": "",
                "備考": "",
                "継続観察登録地点": ""
            }
        },
        {
            "type": "Feature",
            "geometry": {
                "type": "Point",
                "coordinates": [
                    137.9875,
                    35.89888889
                ]
            },
            "properties": {
                "調査時期": "2023_S",
                "都道府県": "長野県",
                "市区町村": "箕輪町",
                "撮影場所": "JR木ノ下駅周辺",
                "撮影日時": "2023-08-10T20:59:00+09:00",
                "緯度": "35.89888889 ",
                "経度": "137.98750000 ",
                "夜空の明るさ": "19.86",
                "ばらつき": "0.10",
                "周辺状況": "住宅地域",
                "備考": "",
                "継続観察登録地点": "○"
            }
        },
        {
            "type": "Feature",
            "geometry": {
                "type": "Point",
                "coordinates": [
                    137.98305556,
                    35.93388889
                ]
            },
            "properties": {
                "調査時期": "2023_S",
                "都道府県": "長野県",
                "市区町村": "箕輪町",
                "撮影場所": "上伊那郡箕輪町 箕輪北小学校グランド",
                "撮影日時": "2023-08-11T21:10:00+09:00",
                "緯度": "35.93388889 ",
                "経度": "137.98305556 ",
                "夜空の明るさ": "20.17",
                "ばらつき": "0.06",
                "周辺状況": "住宅地域",
                "備考": "",
                "継続観察登録地点": "○"
            }
        },
        {
            "type": "Feature",
            "geometry": {
                "type": "Point",
                "coordinates": [
                    137.91277778,
                    35.75194444
                ]
            },
            "properties": {
                "調査時期": "2023_S",
                "都道府県": "長野県",
                "市区町村": "宮田村",
                "撮影場所": "",
                "撮影日時": "2023-08-11T20:15:00+09:00",
                "緯度": "35.75194444 ",
                "経度": "137.91277778 ",
                "夜空の明るさ": "20.12",
                "ばらつき": "0.14",
                "周辺状況": "",
                "備考": "",
                "継続観察登録地点": ""
            }
        },
        {
            "type": "Feature",
            "geometry": {
                "type": "Point",
                "coordinates": [
                    137.75027778,
                    35.41111111
                ]
            },
            "properties": {
                "調査時期": "2023_S",
                "都道府県": "長野県",
                "市区町村": "阿智村",
                "撮影場所": "下伊那郡阿智村伍和 栗矢観測所",
                "撮影日時": "2023-08-08T20:53:00+09:00",
                "緯度": "35.41111111 ",
                "経度": "137.75027778 ",
                "夜空の明るさ": "20.53",
                "ばらつき": "0.32",
                "周辺状況": "農業地域",
                "備考": "",
                "継続観察登録地点": "○"
            }
        },
        {
            "type": "Feature",
            "geometry": {
                "type": "Point",
                "coordinates": [
                    137.75055556,
                    35.41111111
                ]
            },
            "properties": {
                "調査時期": "2023_S",
                "都道府県": "長野県",
                "市区町村": "阿智村",
                "撮影場所": "下伊那郡阿智村伍和 栗矢観測所",
                "撮影日時": "2023-08-08T21:22:00+09:00",
                "緯度": "35.41111111 ",
                "経度": "137.75055556 ",
                "夜空の明るさ": "20.92",
                "ばらつき": "0.19",
                "周辺状況": "農業地域",
                "備考": "",
                "継続観察登録地点": "○"
            }
        },
        {
            "type": "Feature",
            "geometry": {
                "type": "Point",
                "coordinates": [
                    138.03416667,
                    35.57777778
                ]
            },
            "properties": {
                "調査時期": "2023_S",
                "都道府県": "長野県",
                "市区町村": "大鹿村",
                "撮影場所": "",
                "撮影日時": "2023-08-08T22:37:00+09:00",
                "緯度": "35.57777778 ",
                "経度": "138.03416667 ",
                "夜空の明るさ": "21.15",
                "ばらつき": "0.04",
                "周辺状況": "",
                "備考": "",
                "継続観察登録地点": ""
            }
        },
        {
            "type": "Feature",
            "geometry": {
                "type": "Point",
                "coordinates": [
                    138.03416667,
                    35.5775
                ]
            },
            "properties": {
                "調査時期": "2023_S",
                "都道府県": "長野県",
                "市区町村": "大鹿村",
                "撮影場所": "",
                "撮影日時": "2023-08-08T22:28:00+09:00",
                "緯度": "35.57750000 ",
                "経度": "138.03416667 ",
                "夜空の明るさ": "21.18",
                "ばらつき": "0.10",
                "周辺状況": "",
                "備考": "",
                "継続観察登録地点": ""
            }
        },
        {
            "type": "Feature",
            "geometry": {
                "type": "Point",
                "coordinates": [
                    138.07083333,
                    35.60166667
                ]
            },
            "properties": {
                "調査時期": "2023_S",
                "都道府県": "長野県",
                "市区町村": "大鹿村",
                "撮影場所": "",
                "撮影日時": "2023-08-08T21:43:00+09:00",
                "緯度": "35.60166667 ",
                "経度": "138.07083333 ",
                "夜空の明るさ": "20.91",
                "ばらつき": "0.13",
                "周辺状況": "",
                "備考": "",
                "継続観察登録地点": ""
            }
        },
        {
            "type": "Feature",
            "geometry": {
                "type": "Point",
                "coordinates": [
                    138.07,
                    35.60138889
                ]
            },
            "properties": {
                "調査時期": "2023_S",
                "都道府県": "長野県",
                "市区町村": "大鹿村",
                "撮影場所": "",
                "撮影日時": "2023-08-08T21:58:00+09:00",
                "緯度": "35.60138889 ",
                "経度": "138.07000000 ",
                "夜空の明るさ": "20.88",
                "ばらつき": "0.23",
                "周辺状況": "",
                "備考": "",
                "継続観察登録地点": ""
            }
        },
        {
            "type": "Feature",
            "geometry": {
                "type": "Point",
                "coordinates": [
                    138.07361111,
                    35.54583333
                ]
            },
            "properties": {
                "調査時期": "2023_S",
                "都道府県": "長野県",
                "市区町村": "大鹿村",
                "撮影場所": "",
                "撮影日時": "2023-08-10T20:55:00+09:00",
                "緯度": "35.54583333 ",
                "経度": "138.07361111 ",
                "夜空の明るさ": "21.40",
                "ばらつき": "0.16",
                "周辺状況": "",
                "備考": "",
                "継続観察登録地点": ""
            }
        },
        {
            "type": "Feature",
            "geometry": {
                "type": "Point",
                "coordinates": [
                    137.685,
                    35.81027778
                ]
            },
            "properties": {
                "調査時期": "2023_S",
                "都道府県": "長野県",
                "市区町村": "上松町",
                "撮影場所": "木曽の桟",
                "撮影日時": "2023-08-08T21:55:00+09:00",
                "緯度": "35.81027778 ",
                "経度": "137.68500000 ",
                "夜空の明るさ": "20.73",
                "ばらつき": "0.18",
                "周辺状況": "森林山間地",
                "備考": "",
                "継続観察登録地点": "○"
            }
        },
        {
            "type": "Feature",
            "geometry": {
                "type": "Point",
                "coordinates": [
                    137.69333333,
                    35.78361111
                ]
            },
            "properties": {
                "調査時期": "2023_S",
                "都道府県": "長野県",
                "市区町村": "上松町",
                "撮影場所": "上松駅前",
                "撮影日時": "2023-08-08T22:06:00+09:00",
                "緯度": "35.78361111 ",
                "経度": "137.69333333 ",
                "夜空の明るさ": "20.26",
                "ばらつき": "0.09",
                "周辺状況": "商業地域",
                "備考": "",
                "継続観察登録地点": "○"
            }
        },
        {
            "type": "Feature",
            "geometry": {
                "type": "Point",
                "coordinates": [
                    137.71527778,
                    35.72277778
                ]
            },
            "properties": {
                "調査時期": "2023_S",
                "都道府県": "長野県",
                "市区町村": "上松町",
                "撮影場所": "木曽郡上松町倉本",
                "撮影日時": "2023-08-08T22:23:00+09:00",
                "緯度": "35.72277778 ",
                "経度": "137.71527778 ",
                "夜空の明るさ": "21.35",
                "ばらつき": "0.16",
                "周辺状況": "その他",
                "備考": "",
                "継続観察登録地点": "○"
            }
        },
        {
            "type": "Feature",
            "geometry": {
                "type": "Point",
                "coordinates": [
                    137.62361111,
                    35.79666667
                ]
            },
            "properties": {
                "調査時期": "2023_S",
                "都道府県": "長野県",
                "市区町村": "王滝村",
                "撮影場所": "東京大学木曽観測所",
                "撮影日時": "2023-08-10T21:18:00+09:00",
                "緯度": "35.79666667 ",
                "経度": "137.62361111 ",
                "夜空の明るさ": "21.29",
                "ばらつき": "0.12",
                "周辺状況": "森林山間地",
                "備考": "",
                "継続観察登録地点": "○"
            }
        },
        {
            "type": "Feature",
            "geometry": {
                "type": "Point",
                "coordinates": [
                    137.62361111,
                    35.79666667
                ]
            },
            "properties": {
                "調査時期": "2023_S",
                "都道府県": "長野県",
                "市区町村": "王滝村",
                "撮影場所": "東京大学木曽観測所",
                "撮影日時": "2023-08-10T22:32:00+09:00",
                "緯度": "35.79666667 ",
                "経度": "137.62361111 ",
                "夜空の明るさ": "21.31",
                "ばらつき": "0.23",
                "周辺状況": "森林山間地",
                "備考": "",
                "継続観察登録地点": "○"
            }
        },
        {
            "type": "Feature",
            "geometry": {
                "type": "Point",
                "coordinates": [
                    137.67055556,
                    35.68777778
                ]
            },
            "properties": {
                "調査時期": "2023_S",
                "都道府県": "長野県",
                "市区町村": "大桑村",
                "撮影場所": "大桑中学校",
                "撮影日時": "2023-08-08T22:36:00+09:00",
                "緯度": "35.68777778 ",
                "経度": "137.67055556 ",
                "夜空の明るさ": "21.18",
                "ばらつき": "0.04",
                "周辺状況": "住宅地域",
                "備考": "",
                "継続観察登録地点": "○"
            }
        },
        {
            "type": "Feature",
            "geometry": {
                "type": "Point",
                "coordinates": [
                    137.48777778,
                    35.895
                ]
            },
            "properties": {
                "調査時期": "2023_S",
                "都道府県": "長野県",
                "市区町村": "木曽町",
                "撮影場所": "",
                "撮影日時": "2023-08-11T20:56:00+09:00",
                "緯度": "35.89500000 ",
                "経度": "137.48777778 ",
                "夜空の明るさ": "21.91",
                "ばらつき": "0.08",
                "周辺状況": "",
                "備考": "",
                "継続観察登録地点": ""
            }
        },
        {
            "type": "Feature",
            "geometry": {
                "type": "Point",
                "coordinates": [
                    137.48194444,
                    35.90222222
                ]
            },
            "properties": {
                "調査時期": "2023_S",
                "都道府県": "長野県",
                "市区町村": "木曽町",
                "撮影場所": "",
                "撮影日時": "2023-08-12T22:02:00+09:00",
                "緯度": "35.90222222 ",
                "経度": "137.48194444 ",
                "夜空の明るさ": "19.67",
                "ばらつき": "0.41",
                "周辺状況": "",
                "備考": "参考値（薄雲）",
                "継続観察登録地点": ""
            }
        },
        {
            "type": "Feature",
            "geometry": {
                "type": "Point",
                "coordinates": [
                    137.58611111,
                    35.89611111
                ]
            },
            "properties": {
                "調査時期": "2023_S",
                "都道府県": "長野県",
                "市区町村": "木曽町",
                "撮影場所": "木曽町三岳倉本",
                "撮影日時": "2023-08-10T20:23:00+09:00",
                "緯度": "35.89611111 ",
                "経度": "137.58611111 ",
                "夜空の明るさ": "21.72",
                "ばらつき": "0.09",
                "周辺状況": "森林山間地",
                "備考": "",
                "継続観察登録地点": "○"
            }
        },
        {
            "type": "Feature",
            "geometry": {
                "type": "Point",
                "coordinates": [
                    137.57444444,
                    35.96611111
                ]
            },
            "properties": {
                "調査時期": "2023_S",
                "都道府県": "長野県",
                "市区町村": "木曽町",
                "撮影場所": "開田高原水芭蕉園",
                "撮影日時": "2023-08-10T21:17:00+09:00",
                "緯度": "35.96611111 ",
                "経度": "137.57444444 ",
                "夜空の明るさ": "21.23",
                "ばらつき": "0.14",
                "周辺状況": "自然公園等",
                "備考": "",
                "継続観察登録地点": "○"
            }
        },
        {
            "type": "Feature",
            "geometry": {
                "type": "Point",
                "coordinates": [
                    137.55638889,
                    35.91861111
                ]
            },
            "properties": {
                "調査時期": "2023_S",
                "都道府県": "長野県",
                "市区町村": "木曽町",
                "撮影場所": "開田高原保健休養地テニスコート",
                "撮影日時": "2023-08-10T22:00:00+09:00",
                "緯度": "35.91861111 ",
                "経度": "137.55638889 ",
                "夜空の明るさ": "21.54",
                "ばらつき": "0.22",
                "周辺状況": "森林山間地",
                "備考": "",
                "継続観察登録地点": "○"
            }
        },
        {
            "type": "Feature",
            "geometry": {
                "type": "Point",
                "coordinates": [
                    137.62916667,
                    35.9325
                ]
            },
            "properties": {
                "調査時期": "2023_S",
                "都道府県": "長野県",
                "市区町村": "木曽町",
                "撮影場所": "木曽馬の里",
                "撮影日時": "2023-08-11T20:25:00+09:00",
                "緯度": "35.93250000 ",
                "経度": "137.62916667 ",
                "夜空の明るさ": "21.78",
                "ばらつき": "0.12",
                "周辺状況": "その他",
                "備考": "",
                "継続観察登録地点": "○"
            }
        },
        {
            "type": "Feature",
            "geometry": {
                "type": "Point",
                "coordinates": [
                    137.61694444,
                    35.93472222
                ]
            },
            "properties": {
                "調査時期": "2023_S",
                "都道府県": "長野県",
                "市区町村": "木曽町",
                "撮影場所": "",
                "撮影日時": "2023-08-11T20:58:00+09:00",
                "緯度": "35.93472222 ",
                "経度": "137.61694444 ",
                "夜空の明るさ": "21.69",
                "ばらつき": "0.14",
                "周辺状況": "",
                "備考": "",
                "継続観察登録地点": ""
            }
        },
        {
            "type": "Feature",
            "geometry": {
                "type": "Point",
                "coordinates": [
                    137.57111111,
                    35.93833333
                ]
            },
            "properties": {
                "調査時期": "2023_S",
                "都道府県": "長野県",
                "市区町村": "木曽町",
                "撮影場所": "",
                "撮影日時": "2023-08-11T21:58:00+09:00",
                "緯度": "35.93833333 ",
                "経度": "137.57111111 ",
                "夜空の明るさ": "21.51",
                "ばらつき": "0.25",
                "周辺状況": "",
                "備考": "",
                "継続観察登録地点": ""
            }
        },
        {
            "type": "Feature",
            "geometry": {
                "type": "Point",
                "coordinates": [
                    137.87888889,
                    36.16694444
                ]
            },
            "properties": {
                "調査時期": "2023_S",
                "都道府県": "長野県",
                "市区町村": "山形村",
                "撮影場所": "山形村 ミラ フード館 ",
                "撮影日時": "2023-08-13T20:34:00+09:00",
                "緯度": "36.16694444 ",
                "経度": "137.87888889 ",
                "夜空の明るさ": "19.43",
                "ばらつき": "0.12",
                "周辺状況": "農業地域",
                "備考": "",
                "継続観察登録地点": "○"
            }
        },
        {
            "type": "Feature",
            "geometry": {
                "type": "Point",
                "coordinates": [
                    137.86305556,
                    36.12777778
                ]
            },
            "properties": {
                "調査時期": "2023_S",
                "都道府県": "長野県",
                "市区町村": "朝日村",
                "撮影場所": "朝日小学校付近",
                "撮影日時": "2023-08-10T20:57:00+09:00",
                "緯度": "36.12777778 ",
                "経度": "137.86305556 ",
                "夜空の明るさ": "19.48",
                "ばらつき": "0.13",
                "周辺状況": "住宅地域",
                "備考": "",
                "継続観察登録地点": "○"
            }
        },
        {
            "type": "Feature",
            "geometry": {
                "type": "Point",
                "coordinates": [
                    138.19472222,
                    36.43444444
                ]
            },
            "properties": {
                "調査時期": "2023_S",
                "都道府県": "長野県",
                "市区町村": "坂城町",
                "撮影場所": "",
                "撮影日時": "2023-08-10T21:32:00+09:00",
                "緯度": "36.43444444 ",
                "経度": "138.19472222 ",
                "夜空の明るさ": "20.13",
                "ばらつき": "0.05",
                "周辺状況": "",
                "備考": "",
                "継続観察登録地点": ""
            }
        },
        {
            "type": "Feature",
            "geometry": {
                "type": "Point",
                "coordinates": [
                    138.97416667,
                    36.59694444
                ]
            },
            "properties": {
                "調査時期": "2023_S",
                "都道府県": "群馬県",
                "市区町村": "高山村",
                "撮影場所": "群馬県吾妻郡高山村ぐんま天文台",
                "撮影日時": "2023-08-12T20:45:00+09:00",
                "緯度": "36.59694444 ",
                "経度": "138.97416667 ",
                "夜空の明るさ": "20.76",
                "ばらつき": "0.12",
                "周辺状況": "森林山間地",
                "備考": "",
                "継続観察登録地点": "○"
            }
        },
        {
            "type": "Feature",
            "geometry": {
                "type": "Point",
                "coordinates": [
                    137.98722222,
                    36.66
                ]
            },
            "properties": {
                "調査時期": "2023_S",
                "都道府県": "長野県",
                "市区町村": "小川村",
                "撮影場所": "小川天文台",
                "撮影日時": "2023-08-11T22:19:00+09:00",
                "緯度": "36.66000000 ",
                "経度": "137.98722222 ",
                "夜空の明るさ": "21.19",
                "ばらつき": "0.09",
                "周辺状況": "森林山間地",
                "備考": "",
                "継続観察登録地点": "○"
            }
        },
        {
            "type": "Feature",
            "geometry": {
                "type": "Point",
                "coordinates": [
                    138.58444444,
                    36.96361111
                ]
            },
            "properties": {
                "調査時期": "2023_S",
                "都道府県": "長野県",
                "市区町村": "栄村",
                "撮影場所": "",
                "撮影日時": "2023-08-16T21:01:00+09:00",
                "緯度": "36.96361111 ",
                "経度": "138.58444444 ",
                "夜空の明るさ": "21.63",
                "ばらつき": "0.19",
                "周辺状況": "",
                "備考": "",
                "継続観察登録地点": ""
            }
        },
        {
            "type": "Feature",
            "geometry": {
                "type": "Point",
                "coordinates": [
                    138.59972222,
                    36.88555556
                ]
            },
            "properties": {
                "調査時期": "2023_S",
                "都道府県": "長野県",
                "市区町村": "栄村",
                "撮影場所": "",
                "撮影日時": "2023-08-16T21:41:00+09:00",
                "緯度": "36.88555556 ",
                "経度": "138.59972222 ",
                "夜空の明るさ": "21.84",
                "ばらつき": "0.15",
                "周辺状況": "",
                "備考": "",
                "継続観察登録地点": ""
            }
        },
        {
            "type": "Feature",
            "geometry": {
                "type": "Point",
                "coordinates": [
                    138.615,
                    36.88694444
                ]
            },
            "properties": {
                "調査時期": "2023_S",
                "都道府県": "長野県",
                "市区町村": "栄村",
                "撮影場所": "",
                "撮影日時": "2023-08-16T21:57:00+09:00",
                "緯度": "36.88694444 ",
                "経度": "138.61500000 ",
                "夜空の明るさ": "21.81",
                "ばらつき": "0.16",
                "周辺状況": "",
                "備考": "",
                "継続観察登録地点": ""
            }
        },
        {
            "type": "Feature",
            "geometry": {
                "type": "Point",
                "coordinates": [
                    138.615,
                    36.88611111
                ]
            },
            "properties": {
                "調査時期": "2023_S",
                "都道府県": "長野県",
                "市区町村": "栄村",
                "撮影場所": "",
                "撮影日時": "2023-08-16T21:57:00+09:00",
                "緯度": "36.88611111 ",
                "経度": "138.61500000 ",
                "夜空の明るさ": "21.81",
                "ばらつき": "0.17",
                "周辺状況": "",
                "備考": "",
                "継続観察登録地点": ""
            }
        },
        {
            "type": "Feature",
            "geometry": {
                "type": "Point",
                "coordinates": [
                    138.58444444,
                    36.96277778
                ]
            },
            "properties": {
                "調査時期": "2023_S",
                "都道府県": "長野県",
                "市区町村": "栄村",
                "撮影場所": "",
                "撮影日時": "2023-08-16T21:00:00+09:00",
                "緯度": "36.96277778 ",
                "経度": "138.58444444 ",
                "夜空の明るさ": "21.74",
                "ばらつき": "0.12",
                "周辺状況": "",
                "備考": "",
                "継続観察登録地点": ""
            }
        },
        {
            "type": "Feature",
            "geometry": {
                "type": "Point",
                "coordinates": [
                    138.59972222,
                    36.88555556
                ]
            },
            "properties": {
                "調査時期": "2023_S",
                "都道府県": "長野県",
                "市区町村": "栄村",
                "撮影場所": "",
                "撮影日時": "2023-08-16T21:40:00+09:00",
                "緯度": "36.88555556 ",
                "経度": "138.59972222 ",
                "夜空の明るさ": "21.90",
                "ばらつき": "0.16",
                "周辺状況": "",
                "備考": "",
                "継続観察登録地点": ""
            }
        },
        {
            "type": "Feature",
            "geometry": {
                "type": "Point",
                "coordinates": [
                    137.30472222,
                    36.25277778
                ]
            },
            "properties": {
                "調査時期": "2023_S",
                "都道府県": "岐阜県",
                "市区町村": "高山市",
                "撮影場所": "",
                "撮影日時": "2023-08-10T23:46:00+09:00",
                "緯度": "36.25277778 ",
                "経度": "137.30472222 ",
                "夜空の明るさ": "21.19",
                "ばらつき": "0.12",
                "周辺状況": "",
                "備考": "参考値（時間外）",
                "継続観察登録地点": ""
            }
        },
        {
            "type": "Feature",
            "geometry": {
                "type": "Point",
                "coordinates": [
                    137.48083333,
                    35.89916667
                ]
            },
            "properties": {
                "調査時期": "2023_S",
                "都道府県": "岐阜県",
                "市区町村": "下呂市",
                "撮影場所": "",
                "撮影日時": "2023-08-12T21:24:00+09:00",
                "緯度": "35.89916667 ",
                "経度": "137.48083333 ",
                "夜空の明るさ": "21.55",
                "ばらつき": "0.29",
                "周辺状況": "",
                "備考": "",
                "継続観察登録地点": ""
            }
        },
        {
            "type": "Feature",
            "geometry": {
                "type": "Point",
                "coordinates": [
                    136.4575,
                    35.57583333
                ]
            },
            "properties": {
                "調査時期": "2023_S",
                "都道府県": "岐阜県",
                "市区町村": "揖斐川町",
                "撮影場所": "揖斐川町西横山",
                "撮影日時": "2023-08-11T20:41:00+09:00",
                "緯度": "35.57583333 ",
                "経度": "136.45750000 ",
                "夜空の明るさ": "20.77",
                "ばらつき": "0.12",
                "周辺状況": "森林山間地",
                "備考": "",
                "継続観察登録地点": "○"
            }
        },
        {
            "type": "Feature",
            "geometry": {
                "type": "Point",
                "coordinates": [
                    138.89333333,
                    35.10138889
                ]
            },
            "properties": {
                "調査時期": "2023_S",
                "都道府県": "静岡県",
                "市区町村": "清水町",
                "撮影場所": "",
                "撮影日時": "2023-08-12T21:55:00+09:00",
                "緯度": "35.10138889 ",
                "経度": "138.89333333 ",
                "夜空の明るさ": "18.43",
                "ばらつき": "0.11",
                "周辺状況": "",
                "備考": "",
                "継続観察登録地点": ""
            }
        },
        {
            "type": "Feature",
            "geometry": {
                "type": "Point",
                "coordinates": [
                    138.09666667,
                    35.06194444
                ]
            },
            "properties": {
                "調査時期": "2023_S",
                "都道府県": "静岡県",
                "市区町村": "川根本町",
                "撮影場所": "静岡県榛原郡川根本町",
                "撮影日時": "2023-08-08T20:32:00+09:00",
                "緯度": "35.06194444 ",
                "経度": "138.09666667 ",
                "夜空の明るさ": "20.92",
                "ばらつき": "0.13",
                "周辺状況": "住宅地域",
                "備考": "",
                "継続観察登録地点": "○"
            }
        },
        {
            "type": "Feature",
            "geometry": {
                "type": "Point",
                "coordinates": [
                    138.09638889,
                    35.06194444
                ]
            },
            "properties": {
                "調査時期": "2023_S",
                "都道府県": "静岡県",
                "市区町村": "川根本町",
                "撮影場所": "静岡県榛原郡川根本町",
                "撮影日時": "2023-08-08T20:47:00+09:00",
                "緯度": "35.06194444 ",
                "経度": "138.09638889 ",
                "夜空の明るさ": "21.26",
                "ばらつき": "0.16",
                "周辺状況": "住宅地域",
                "備考": "",
                "継続観察登録地点": "○"
            }
        },
        {
            "type": "Feature",
            "geometry": {
                "type": "Point",
                "coordinates": [
                    138.09638889,
                    35.06194444
                ]
            },
            "properties": {
                "調査時期": "2023_S",
                "都道府県": "静岡県",
                "市区町村": "川根本町",
                "撮影場所": "静岡県榛原郡川根本町",
                "撮影日時": "2023-08-08T20:32:00+09:00",
                "緯度": "35.06194444 ",
                "経度": "138.09638889 ",
                "夜空の明るさ": "20.91",
                "ばらつき": "0.13",
                "周辺状況": "住宅地域",
                "備考": "",
                "継続観察登録地点": "○"
            }
        },
        {
            "type": "Feature",
            "geometry": {
                "type": "Point",
                "coordinates": [
                    138.09638889,
                    35.06194444
                ]
            },
            "properties": {
                "調査時期": "2023_S",
                "都道府県": "静岡県",
                "市区町村": "川根本町",
                "撮影場所": "静岡県榛原郡川根本町",
                "撮影日時": "2023-08-10T20:52:00+09:00",
                "緯度": "35.06194444 ",
                "経度": "138.09638889 ",
                "夜空の明るさ": "21.08",
                "ばらつき": "0.10",
                "周辺状況": "住宅地域",
                "備考": "",
                "継続観察登録地点": "○"
            }
        },
        {
            "type": "Feature",
            "geometry": {
                "type": "Point",
                "coordinates": [
                    138.09666667,
                    35.06194444
                ]
            },
            "properties": {
                "調査時期": "2023_S",
                "都道府県": "静岡県",
                "市区町村": "川根本町",
                "撮影場所": "静岡県榛原郡川根本町",
                "撮影日時": "2023-08-10T21:01:00+09:00",
                "緯度": "35.06194444 ",
                "経度": "138.09666667 ",
                "夜空の明るさ": "21.03",
                "ばらつき": "0.11",
                "周辺状況": "住宅地域",
                "備考": "",
                "継続観察登録地点": "○"
            }
        },
        {
            "type": "Feature",
            "geometry": {
                "type": "Point",
                "coordinates": [
                    138.09666667,
                    35.06194444
                ]
            },
            "properties": {
                "調査時期": "2023_S",
                "都道府県": "静岡県",
                "市区町村": "川根本町",
                "撮影場所": "静岡県榛原郡川根本町",
                "撮影日時": "2023-08-10T21:05:00+09:00",
                "緯度": "35.06194444 ",
                "経度": "138.09666667 ",
                "夜空の明るさ": "21.02",
                "ばらつき": "0.14",
                "周辺状況": "住宅地域",
                "備考": "",
                "継続観察登録地点": "○"
            }
        },
        {
            "type": "Feature",
            "geometry": {
                "type": "Point",
                "coordinates": [
                    138.09666667,
                    35.06194444
                ]
            },
            "properties": {
                "調査時期": "2023_S",
                "都道府県": "静岡県",
                "市区町村": "川根本町",
                "撮影場所": "静岡県榛原郡川根本町",
                "撮影日時": "2023-08-10T21:07:00+09:00",
                "緯度": "35.06194444 ",
                "経度": "138.09666667 ",
                "夜空の明るさ": "21.02",
                "ばらつき": "0.11",
                "周辺状況": "住宅地域",
                "備考": "",
                "継続観察登録地点": "○"
            }
        },
        {
            "type": "Feature",
            "geometry": {
                "type": "Point",
                "coordinates": [
                    138.09666667,
                    35.06194444
                ]
            },
            "properties": {
                "調査時期": "2023_S",
                "都道府県": "静岡県",
                "市区町村": "川根本町",
                "撮影場所": "静岡県榛原郡川根本町",
                "撮影日時": "2023-08-10T21:16:00+09:00",
                "緯度": "35.06194444 ",
                "経度": "138.09666667 ",
                "夜空の明るさ": "21.03",
                "ばらつき": "0.13",
                "周辺状況": "住宅地域",
                "備考": "",
                "継続観察登録地点": "○"
            }
        },
        {
            "type": "Feature",
            "geometry": {
                "type": "Point",
                "coordinates": [
                    138.09666667,
                    35.06222222
                ]
            },
            "properties": {
                "調査時期": "2023_S",
                "都道府県": "静岡県",
                "市区町村": "川根本町",
                "撮影場所": "静岡県榛原郡川根本町",
                "撮影日時": "2023-08-10T21:41:00+09:00",
                "緯度": "35.06222222 ",
                "経度": "138.09666667 ",
                "夜空の明るさ": "20.87",
                "ばらつき": "0.28",
                "周辺状況": "住宅地域",
                "備考": "",
                "継続観察登録地点": "○"
            }
        },
        {
            "type": "Feature",
            "geometry": {
                "type": "Point",
                "coordinates": [
                    138.09666667,
                    35.06222222
                ]
            },
            "properties": {
                "調査時期": "2023_S",
                "都道府県": "静岡県",
                "市区町村": "川根本町",
                "撮影場所": "静岡県榛原郡川根本町",
                "撮影日時": "2023-08-10T21:46:00+09:00",
                "緯度": "35.06222222 ",
                "経度": "138.09666667 ",
                "夜空の明るさ": "20.93",
                "ばらつき": "0.16",
                "周辺状況": "住宅地域",
                "備考": "",
                "継続観察登録地点": "○"
            }
        },
        {
            "type": "Feature",
            "geometry": {
                "type": "Point",
                "coordinates": [
                    138.09666667,
                    35.06194444
                ]
            },
            "properties": {
                "調査時期": "2023_S",
                "都道府県": "静岡県",
                "市区町村": "川根本町",
                "撮影場所": "静岡県榛原郡川根本町",
                "撮影日時": "2023-08-10T21:53:00+09:00",
                "緯度": "35.06194444 ",
                "経度": "138.09666667 ",
                "夜空の明るさ": "21.05",
                "ばらつき": "0.12",
                "周辺状況": "住宅地域",
                "備考": "",
                "継続観察登録地点": "○"
            }
        },
        {
            "type": "Feature",
            "geometry": {
                "type": "Point",
                "coordinates": [
                    138.09666667,
                    35.06194444
                ]
            },
            "properties": {
                "調査時期": "2023_S",
                "都道府県": "静岡県",
                "市区町村": "川根本町",
                "撮影場所": "静岡県榛原郡川根本町",
                "撮影日時": "2023-08-10T21:55:00+09:00",
                "緯度": "35.06194444 ",
                "経度": "138.09666667 ",
                "夜空の明るさ": "21.01",
                "ばらつき": "0.16",
                "周辺状況": "住宅地域",
                "備考": "",
                "継続観察登録地点": "○"
            }
        },
        {
            "type": "Feature",
            "geometry": {
                "type": "Point",
                "coordinates": [
                    138.09666667,
                    35.06194444
                ]
            },
            "properties": {
                "調査時期": "2023_S",
                "都道府県": "静岡県",
                "市区町村": "川根本町",
                "撮影場所": "静岡県榛原郡川根本町",
                "撮影日時": "2023-08-10T21:57:00+09:00",
                "緯度": "35.06194444 ",
                "経度": "138.09666667 ",
                "夜空の明るさ": "21.07",
                "ばらつき": "0.17",
                "周辺状況": "住宅地域",
                "備考": "",
                "継続観察登録地点": "○"
            }
        },
        {
            "type": "Feature",
            "geometry": {
                "type": "Point",
                "coordinates": [
                    137.125,
                    35.05305556
                ]
            },
            "properties": {
                "調査時期": "2023_S",
                "都道府県": "愛知県",
                "市区町村": "豊田市",
                "撮影場所": "",
                "撮影日時": "2023-08-10T20:39:00+09:00",
                "緯度": "35.05305556 ",
                "経度": "137.12500000 ",
                "夜空の明るさ": "18.03",
                "ばらつき": "0.10",
                "周辺状況": "",
                "備考": "",
                "継続観察登録地点": ""
            }
        },
        {
            "type": "Feature",
            "geometry": {
                "type": "Point",
                "coordinates": [
                    137.57361111,
                    35.09361111
                ]
            },
            "properties": {
                "調査時期": "2023_S",
                "都道府県": "愛知県",
                "市区町村": "設楽町",
                "撮影場所": "奥三河総合センター",
                "撮影日時": "2023-08-10T21:18:00+09:00",
                "緯度": "35.09361111 ",
                "経度": "137.57361111 ",
                "夜空の明るさ": "20.68",
                "ばらつき": "0.10",
                "周辺状況": "住宅地域",
                "備考": "",
                "継続観察登録地点": "○"
            }
        },
        {
            "type": "Feature",
            "geometry": {
                "type": "Point",
                "coordinates": [
                    137.54916667,
                    35.06388889
                ]
            },
            "properties": {
                "調査時期": "2023_S",
                "都道府県": "愛知県",
                "市区町村": "設楽町",
                "撮影場所": "",
                "撮影日時": "2023-08-10T21:31:00+09:00",
                "緯度": "35.06388889 ",
                "経度": "137.54916667 ",
                "夜空の明るさ": "20.57",
                "ばらつき": "0.07",
                "周辺状況": "",
                "備考": "",
                "継続観察登録地点": ""
            }
        },
        {
            "type": "Feature",
            "geometry": {
                "type": "Point",
                "coordinates": [
                    137.53194444,
                    35.05833333
                ]
            },
            "properties": {
                "調査時期": "2023_S",
                "都道府県": "愛知県",
                "市区町村": "設楽町",
                "撮影場所": "",
                "撮影日時": "2023-08-10T21:41:00+09:00",
                "緯度": "35.05833333 ",
                "経度": "137.53194444 ",
                "夜空の明るさ": "20.65",
                "ばらつき": "0.13",
                "周辺状況": "",
                "備考": "",
                "継続観察登録地点": ""
            }
        },
        {
            "type": "Feature",
            "geometry": {
                "type": "Point",
                "coordinates": [
                    137.60444444,
                    35.20083333
                ]
            },
            "properties": {
                "調査時期": "2023_S",
                "都道府県": "愛知県",
                "市区町村": "設楽町",
                "撮影場所": "道の駅つぐ高原グリーンパーク",
                "撮影日時": "2023-08-10T21:18:00+09:00",
                "緯度": "35.20083333 ",
                "経度": "137.60444444 ",
                "夜空の明るさ": "20.96",
                "ばらつき": "0.09",
                "周辺状況": "自然公園等",
                "備考": "",
                "継続観察登録地点": "○"
            }
        },
        {
            "type": "Feature",
            "geometry": {
                "type": "Point",
                "coordinates": [
                    137.60416667,
                    35.20138889
                ]
            },
            "properties": {
                "調査時期": "2023_S",
                "都道府県": "愛知県",
                "市区町村": "設楽町",
                "撮影場所": "道の駅つぐ高原グリーンパーク",
                "撮影日時": "2023-08-10T21:19:00+09:00",
                "緯度": "35.20138889 ",
                "経度": "137.60416667 ",
                "夜空の明るさ": "20.97",
                "ばらつき": "0.10",
                "周辺状況": "自然公園等",
                "備考": "",
                "継続観察登録地点": "○"
            }
        },
        {
            "type": "Feature",
            "geometry": {
                "type": "Point",
                "coordinates": [
                    137.65916667,
                    35.22166667
                ]
            },
            "properties": {
                "調査時期": "2023_S",
                "都道府県": "愛知県",
                "市区町村": "豊根村",
                "撮影場所": "茶臼山高原(愛知県北設楽郡豊根村)",
                "撮影日時": "2023-08-10T20:58:00+09:00",
                "緯度": "35.22166667 ",
                "経度": "137.65916667 ",
                "夜空の明るさ": "21.07",
                "ばらつき": "0.13",
                "周辺状況": "自然公園等",
                "備考": "",
                "継続観察登録地点": "○"
            }
        },
        {
            "type": "Feature",
            "geometry": {
                "type": "Point",
                "coordinates": [
                    137.65916667,
                    35.22166667
                ]
            },
            "properties": {
                "調査時期": "2023_S",
                "都道府県": "愛知県",
                "市区町村": "豊根村",
                "撮影場所": "茶臼山高原(愛知県北設楽郡豊根村)",
                "撮影日時": "2023-08-10T20:59:00+09:00",
                "緯度": "35.22166667 ",
                "経度": "137.65916667 ",
                "夜空の明るさ": "21.04",
                "ばらつき": "0.13",
                "周辺状況": "自然公園等",
                "備考": "",
                "継続観察登録地点": "○"
            }
        },
        {
            "type": "Feature",
            "geometry": {
                "type": "Point",
                "coordinates": [
                    136.36,
                    34.88194444
                ]
            },
            "properties": {
                "調査時期": "2023_S",
                "都道府県": "三重県",
                "市区町村": "亀山市",
                "撮影場所": "鈴鹿峠自然の家",
                "撮影日時": "2023-08-12T21:30:00+09:00",
                "緯度": "34.88194444 ",
                "経度": "136.36000000 ",
                "夜空の明るさ": "19.46",
                "ばらつき": "0.12",
                "周辺状況": "森林山間地",
                "備考": "",
                "継続観察登録地点": "○"
            }
        },
        {
            "type": "Feature",
            "geometry": {
                "type": "Point",
                "coordinates": [
                    136.36,
                    34.88194444
                ]
            },
            "properties": {
                "調査時期": "2023_S",
                "都道府県": "三重県",
                "市区町村": "亀山市",
                "撮影場所": "鈴鹿峠自然の家",
                "撮影日時": "2023-08-12T21:32:00+09:00",
                "緯度": "34.88194444 ",
                "経度": "136.36000000 ",
                "夜空の明るさ": "19.46",
                "ばらつき": "0.09",
                "周辺状況": "森林山間地",
                "備考": "",
                "継続観察登録地点": "○"
            }
        },
        {
            "type": "Feature",
            "geometry": {
                "type": "Point",
                "coordinates": [
                    136.36,
                    34.88194444
                ]
            },
            "properties": {
                "調査時期": "2023_S",
                "都道府県": "三重県",
                "市区町村": "亀山市",
                "撮影場所": "鈴鹿峠自然の家",
                "撮影日時": "2023-08-20T22:04:00+09:00",
                "緯度": "34.88194444 ",
                "経度": "136.36000000 ",
                "夜空の明るさ": "19.22",
                "ばらつき": "0.06",
                "周辺状況": "森林山間地",
                "備考": "",
                "継続観察登録地点": "○"
            }
        },
        {
            "type": "Feature",
            "geometry": {
                "type": "Point",
                "coordinates": [
                    135.71861111,
                    34.99916667
                ]
            },
            "properties": {
                "調査時期": "2023_S",
                "都道府県": "京都府",
                "市区町村": "京都市　右京区",
                "撮影場所": "",
                "撮影日時": "2023-08-12T20:59:00+09:00",
                "緯度": "34.99916667 ",
                "経度": "135.71861111 ",
                "夜空の明るさ": "17.73",
                "ばらつき": "0.11",
                "周辺状況": "",
                "備考": "",
                "継続観察登録地点": ""
            }
        },
        {
            "type": "Feature",
            "geometry": {
                "type": "Point",
                "coordinates": [
                    135.77166667,
                    35.01444444
                ]
            },
            "properties": {
                "調査時期": "2023_S",
                "都道府県": "京都府",
                "市区町村": "京都市　中京区",
                "撮影場所": "京都市左京区 鴨川河川敷",
                "撮影日時": "2023-08-11T20:31:00+09:00",
                "緯度": "35.01444444 ",
                "経度": "135.77166667 ",
                "夜空の明るさ": "17.89",
                "ばらつき": "0.10",
                "周辺状況": "住宅地域",
                "備考": "",
                "継続観察登録地点": "○"
            }
        },
        {
            "type": "Feature",
            "geometry": {
                "type": "Point",
                "coordinates": [
                    135.74611111,
                    35.01694444
                ]
            },
            "properties": {
                "調査時期": "2023_S",
                "都道府県": "京都府",
                "市区町村": "京都市　上京区",
                "撮影場所": "上京区主税町",
                "撮影日時": "2023-08-10T21:49:00+09:00",
                "緯度": "35.01694444 ",
                "経度": "135.74611111 ",
                "夜空の明るさ": "17.89",
                "ばらつき": "0.08",
                "周辺状況": "商業地域",
                "備考": "",
                "継続観察登録地点": "○"
            }
        },
        {
            "type": "Feature",
            "geometry": {
                "type": "Point",
                "coordinates": [
                    135.90416667,
                    34.78833333
                ]
            },
            "properties": {
                "調査時期": "2023_S",
                "都道府県": "京都府",
                "市区町村": "和束町",
                "撮影場所": "相楽郡和束町杣田",
                "撮影日時": "2023-08-11T20:59:00+09:00",
                "緯度": "34.78833333 ",
                "経度": "135.90416667 ",
                "夜空の明るさ": "19.07",
                "ばらつき": "0.15",
                "周辺状況": "農業地域",
                "備考": "",
                "継続観察登録地点": "○"
            }
        },
        {
            "type": "Feature",
            "geometry": {
                "type": "Point",
                "coordinates": [
                    135.64027778,
                    34.80944444
                ]
            },
            "properties": {
                "調査時期": "2023_S",
                "都道府県": "大阪府",
                "市区町村": "枚方市",
                "撮影場所": "枚方市 ひらパー",
                "撮影日時": "2023-08-12T21:04:00+09:00",
                "緯度": "34.80944444 ",
                "経度": "135.64027778 ",
                "夜空の明るさ": "17.71",
                "ばらつき": "0.10",
                "周辺状況": "住宅地域",
                "備考": "",
                "継続観察登録地点": "○"
            }
        },
        {
            "type": "Feature",
            "geometry": {
                "type": "Point",
                "coordinates": [
                    135.64027778,
                    34.80944444
                ]
            },
            "properties": {
                "調査時期": "2023_S",
                "都道府県": "大阪府",
                "市区町村": "枚方市",
                "撮影場所": "枚方市 ひらパー",
                "撮影日時": "2023-08-11T20:40:00+09:00",
                "緯度": "34.80944444 ",
                "経度": "135.64027778 ",
                "夜空の明るさ": "17.53",
                "ばらつき": "0.10",
                "周辺状況": "住宅地域",
                "備考": "",
                "継続観察登録地点": "○"
            }
        },
        {
            "type": "Feature",
            "geometry": {
                "type": "Point",
                "coordinates": [
                    135.13305556,
                    34.68361111
                ]
            },
            "properties": {
                "調査時期": "2023_S",
                "都道府県": "兵庫県",
                "市区町村": "神戸市　長田区",
                "撮影場所": "神戸市長田区鹿松町",
                "撮影日時": "2023-08-10T20:48:00+09:00",
                "緯度": "34.68361111 ",
                "経度": "135.13305556 ",
                "夜空の明るさ": "18.33",
                "ばらつき": "0.11",
                "周辺状況": "住宅地域",
                "備考": "",
                "継続観察登録地点": "○"
            }
        },
        {
            "type": "Feature",
            "geometry": {
                "type": "Point",
                "coordinates": [
                    135.13361111,
                    34.68361111
                ]
            },
            "properties": {
                "調査時期": "2023_S",
                "都道府県": "兵庫県",
                "市区町村": "神戸市　長田区",
                "撮影場所": "神戸市長田区鹿松町",
                "撮影日時": "2023-08-11T21:54:00+09:00",
                "緯度": "34.68361111 ",
                "経度": "135.13361111 ",
                "夜空の明るさ": "18.29",
                "ばらつき": "0.17",
                "周辺状況": "住宅地域",
                "備考": "",
                "継続観察登録地点": "○"
            }
        },
        {
            "type": "Feature",
            "geometry": {
                "type": "Point",
                "coordinates": [
                    135.13277778,
                    34.68361111
                ]
            },
            "properties": {
                "調査時期": "2023_S",
                "都道府県": "兵庫県",
                "市区町村": "神戸市　長田区",
                "撮影場所": "神戸市長田区鹿松町",
                "撮影日時": "2023-08-16T21:17:00+09:00",
                "緯度": "34.68361111 ",
                "経度": "135.13277778 ",
                "夜空の明るさ": "18.20",
                "ばらつき": "0.13",
                "周辺状況": "住宅地域",
                "備考": "",
                "継続観察登録地点": "○"
            }
        },
        {
            "type": "Feature",
            "geometry": {
                "type": "Point",
                "coordinates": [
                    135.13333333,
                    34.68361111
                ]
            },
            "properties": {
                "調査時期": "2023_S",
                "都道府県": "兵庫県",
                "市区町村": "神戸市　長田区",
                "撮影場所": "神戸市長田区鹿松町",
                "撮影日時": "2023-08-08T21:59:00+09:00",
                "緯度": "34.68361111 ",
                "経度": "135.13333333 ",
                "夜空の明るさ": "18.26",
                "ばらつき": "0.12",
                "周辺状況": "住宅地域",
                "備考": "",
                "継続観察登録地点": "○"
            }
        },
        {
            "type": "Feature",
            "geometry": {
                "type": "Point",
                "coordinates": [
                    134.71694444,
                    34.21611111
                ]
            },
            "properties": {
                "調査時期": "2023_S",
                "都道府県": "兵庫県",
                "市区町村": "南あわじ市",
                "撮影場所": "兵庫県南あわじ市阿万塩屋町「吹上浜（ふきあげはま）」",
                "撮影日時": "2023-08-11T20:30:00+09:00",
                "緯度": "34.21611111 ",
                "経度": "134.71694444 ",
                "夜空の明るさ": "19.39",
                "ばらつき": "0.11",
                "周辺状況": "自然公園等",
                "備考": "",
                "継続観察登録地点": "○"
            }
        },
        {
            "type": "Feature",
            "geometry": {
                "type": "Point",
                "coordinates": [
                    134.71777778,
                    34.21583333
                ]
            },
            "properties": {
                "調査時期": "2023_S",
                "都道府県": "兵庫県",
                "市区町村": "南あわじ市",
                "撮影場所": "兵庫県南あわじ市阿万塩屋町「吹上浜（ふきあげはま）」",
                "撮影日時": "2023-08-11T20:34:00+09:00",
                "緯度": "34.21583333 ",
                "経度": "134.71777778 ",
                "夜空の明るさ": "19.36",
                "ばらつき": "0.09",
                "周辺状況": "自然公園等",
                "備考": "",
                "継続観察登録地点": "○"
            }
        },
        {
            "type": "Feature",
            "geometry": {
                "type": "Point",
                "coordinates": [
                    134.71916667,
                    34.215
                ]
            },
            "properties": {
                "調査時期": "2023_S",
                "都道府県": "兵庫県",
                "市区町村": "南あわじ市",
                "撮影場所": "兵庫県南あわじ市阿万塩屋町「吹上浜（ふきあげはま）」",
                "撮影日時": "2023-08-19T20:50:00+09:00",
                "緯度": "34.21500000 ",
                "経度": "134.71916667 ",
                "夜空の明るさ": "",
                "ばらつき": "",
                "周辺状況": "自然公園等",
                "備考": "測定不可（雲量大）",
                "継続観察登録地点": "○"
            }
        },
        {
            "type": "Feature",
            "geometry": {
                "type": "Point",
                "coordinates": [
                    134.71916667,
                    34.215
                ]
            },
            "properties": {
                "調査時期": "2023_S",
                "都道府県": "兵庫県",
                "市区町村": "南あわじ市",
                "撮影場所": "兵庫県南あわじ市阿万塩屋町「吹上浜（ふきあげはま）」",
                "撮影日時": "2023-08-19T20:55:00+09:00",
                "緯度": "34.21500000 ",
                "経度": "134.71916667 ",
                "夜空の明るさ": "20.46",
                "ばらつき": "0.14",
                "周辺状況": "自然公園等",
                "備考": "",
                "継続観察登録地点": "○"
            }
        },
        {
            "type": "Feature",
            "geometry": {
                "type": "Point",
                "coordinates": [
                    135.18333333,
                    34.24527778
                ]
            },
            "properties": {
                "調査時期": "2023_S",
                "都道府県": "和歌山県",
                "市区町村": "和歌山市",
                "撮影場所": "和歌山県和歌山市中之島",
                "撮影日時": "2023-08-12T20:20:00+09:00",
                "緯度": "34.24527778 ",
                "経度": "135.18333333 ",
                "夜空の明るさ": "17.80",
                "ばらつき": "0.17",
                "周辺状況": "住宅地域",
                "備考": "",
                "継続観察登録地点": "○"
            }
        },
        {
            "type": "Feature",
            "geometry": {
                "type": "Point",
                "coordinates": [
                    135.40666667,
                    34.14444444
                ]
            },
            "properties": {
                "調査時期": "2023_S",
                "都道府県": "和歌山県",
                "市区町村": "紀美野町",
                "撮影場所": "和歌山県海草郡紀美野町　みさと天文台",
                "撮影日時": "2023-08-10T21:04:00+09:00",
                "緯度": "34.14444444 ",
                "経度": "135.40666667 ",
                "夜空の明るさ": "20.76",
                "ばらつき": "0.05",
                "周辺状況": "森林山間地",
                "備考": "",
                "継続観察登録地点": "○"
            }
        },
        {
            "type": "Feature",
            "geometry": {
                "type": "Point",
                "coordinates": [
                    135.40694444,
                    34.14444444
                ]
            },
            "properties": {
                "調査時期": "2023_S",
                "都道府県": "和歌山県",
                "市区町村": "紀美野町",
                "撮影場所": "和歌山県海草郡紀美野町　みさと天文台",
                "撮影日時": "2023-08-12T20:57:00+09:00",
                "緯度": "34.14444444 ",
                "経度": "135.40694444 ",
                "夜空の明るさ": "20.54",
                "ばらつき": "0.08",
                "周辺状況": "森林山間地",
                "備考": "",
                "継続観察登録地点": "○"
            }
        },
        {
            "type": "Feature",
            "geometry": {
                "type": "Point",
                "coordinates": [
                    135.6975,
                    33.59333333
                ]
            },
            "properties": {
                "調査時期": "2023_S",
                "都道府県": "和歌山県",
                "市区町村": "古座川町",
                "撮影場所": "和歌山県東牟婁郡古座川町佐田",
                "撮影日時": "2023-08-20T20:50:00+09:00",
                "緯度": "33.59333333 ",
                "経度": "135.69750000 ",
                "夜空の明るさ": "21.74",
                "ばらつき": "0.26",
                "周辺状況": "森林山間地",
                "備考": "",
                "継続観察登録地点": "○"
            }
        },
        {
            "type": "Feature",
            "geometry": {
                "type": "Point",
                "coordinates": [
                    135.6975,
                    33.59333333
                ]
            },
            "properties": {
                "調査時期": "2023_S",
                "都道府県": "和歌山県",
                "市区町村": "古座川町",
                "撮影場所": "和歌山県東牟婁郡古座川町佐田",
                "撮影日時": "2023-08-20T20:55:00+09:00",
                "緯度": "33.59333333 ",
                "経度": "135.69750000 ",
                "夜空の明るさ": "21.52",
                "ばらつき": "0.20",
                "周辺状況": "森林山間地",
                "備考": "",
                "継続観察登録地点": "○"
            }
        },
        {
            "type": "Feature",
            "geometry": {
                "type": "Point",
                "coordinates": [
                    135.6975,
                    33.59333333
                ]
            },
            "properties": {
                "調査時期": "2023_S",
                "都道府県": "和歌山県",
                "市区町村": "古座川町",
                "撮影場所": "和歌山県東牟婁郡古座川町佐田",
                "撮影日時": "2023-08-20T20:59:00+09:00",
                "緯度": "33.59333333 ",
                "経度": "135.69750000 ",
                "夜空の明るさ": "21.56",
                "ばらつき": "0.16",
                "周辺状況": "森林山間地",
                "備考": "",
                "継続観察登録地点": "○"
            }
        },
        {
            "type": "Feature",
            "geometry": {
                "type": "Point",
                "coordinates": [
                    135.6975,
                    33.59333333
                ]
            },
            "properties": {
                "調査時期": "2023_S",
                "都道府県": "和歌山県",
                "市区町村": "古座川町",
                "撮影場所": "和歌山県東牟婁郡古座川町佐田",
                "撮影日時": "2023-08-20T21:10:00+09:00",
                "緯度": "33.59333333 ",
                "経度": "135.69750000 ",
                "夜空の明るさ": "21.43",
                "ばらつき": "0.21",
                "周辺状況": "森林山間地",
                "備考": "",
                "継続観察登録地点": "○"
            }
        },
        {
            "type": "Feature",
            "geometry": {
                "type": "Point",
                "coordinates": [
                    134.11944444,
                    35.34194444
                ]
            },
            "properties": {
                "調査時期": "2023_S",
                "都道府県": "鳥取県",
                "市区町村": "鳥取市",
                "撮影場所": "さじアストロパーク園地",
                "撮影日時": "2023-08-11T21:25:00+09:00",
                "緯度": "35.34194444 ",
                "経度": "134.11944444 ",
                "夜空の明るさ": "21.58",
                "ばらつき": "0.22",
                "周辺状況": "森林山間地",
                "備考": "",
                "継続観察登録地点": "○"
            }
        },
        {
            "type": "Feature",
            "geometry": {
                "type": "Point",
                "coordinates": [
                    134.15972222,
                    35.34277778
                ]
            },
            "properties": {
                "調査時期": "2023_S",
                "都道府県": "鳥取県",
                "市区町村": "鳥取市",
                "撮影場所": "",
                "撮影日時": "2023-08-12T20:36:00+09:00",
                "緯度": "35.34277778 ",
                "経度": "134.15972222 ",
                "夜空の明るさ": "21.23",
                "ばらつき": "0.12",
                "周辺状況": "",
                "備考": "",
                "継続観察登録地点": ""
            }
        },
        {
            "type": "Feature",
            "geometry": {
                "type": "Point",
                "coordinates": [
                    134.21194444,
                    35.4475
                ]
            },
            "properties": {
                "調査時期": "2023_S",
                "都道府県": "鳥取県",
                "市区町村": "鳥取市",
                "撮影場所": "鳥取市倉田 倉田スポーツ広場",
                "撮影日時": "2023-08-12T21:18:00+09:00",
                "緯度": "35.44750000 ",
                "経度": "134.21194444 ",
                "夜空の明るさ": "20.12",
                "ばらつき": "0.07",
                "周辺状況": "その他",
                "備考": "",
                "継続観察登録地点": "○"
            }
        },
        {
            "type": "Feature",
            "geometry": {
                "type": "Point",
                "coordinates": [
                    134.21972222,
                    35.49416667
                ]
            },
            "properties": {
                "調査時期": "2023_S",
                "都道府県": "鳥取県",
                "市区町村": "鳥取市",
                "撮影場所": "",
                "撮影日時": "2023-08-12T21:33:00+09:00",
                "緯度": "35.49416667 ",
                "経度": "134.21972222 ",
                "夜空の明るさ": "18.74",
                "ばらつき": "0.10",
                "周辺状況": "",
                "備考": "",
                "継続観察登録地点": ""
            }
        },
        {
            "type": "Feature",
            "geometry": {
                "type": "Point",
                "coordinates": [
                    134.15527778,
                    35.49777778
                ]
            },
            "properties": {
                "調査時期": "2023_S",
                "都道府県": "鳥取県",
                "市区町村": "鳥取市",
                "撮影場所": "",
                "撮影日時": "2023-08-12T22:16:00+09:00",
                "緯度": "35.49777778 ",
                "経度": "134.15527778 ",
                "夜空の明るさ": "20.23",
                "ばらつき": "0.09",
                "周辺状況": "",
                "備考": "",
                "継続観察登録地点": ""
            }
        },
        {
            "type": "Feature",
            "geometry": {
                "type": "Point",
                "coordinates": [
                    134.23694444,
                    35.54472222
                ]
            },
            "properties": {
                "調査時期": "2023_S",
                "都道府県": "鳥取県",
                "市区町村": "鳥取市",
                "撮影場所": "鳥取砂丘駐車場",
                "撮影日時": "2023-08-12T22:38:00+09:00",
                "緯度": "35.54472222 ",
                "経度": "134.23694444 ",
                "夜空の明るさ": "19.94",
                "ばらつき": "0.07",
                "周辺状況": "自然公園等",
                "備考": "",
                "継続観察登録地点": "○"
            }
        },
        {
            "type": "Feature",
            "geometry": {
                "type": "Point",
                "coordinates": [
                    134.23666667,
                    35.50722222
                ]
            },
            "properties": {
                "調査時期": "2023_S",
                "都道府県": "鳥取県",
                "市区町村": "鳥取市",
                "撮影場所": "",
                "撮影日時": "2023-08-12T21:51:00+09:00",
                "緯度": "35.50722222 ",
                "経度": "134.23666667 ",
                "夜空の明るさ": "18.92",
                "ばらつき": "0.11",
                "周辺状況": "",
                "備考": "",
                "継続観察登録地点": ""
            }
        },
        {
            "type": "Feature",
            "geometry": {
                "type": "Point",
                "coordinates": [
                    133.41777778,
                    35.39861111
                ]
            },
            "properties": {
                "調査時期": "2023_S",
                "都道府県": "鳥取県",
                "市区町村": "米子市",
                "撮影場所": "",
                "撮影日時": "2023-08-10T21:46:00+09:00",
                "緯度": "35.39861111 ",
                "経度": "133.41777778 ",
                "夜空の明るさ": "20.67",
                "ばらつき": "0.09",
                "周辺状況": "",
                "備考": "",
                "継続観察登録地点": ""
            }
        },
        {
            "type": "Feature",
            "geometry": {
                "type": "Point",
                "coordinates": [
                    133.33111111,
                    35.42833333
                ]
            },
            "properties": {
                "調査時期": "2023_S",
                "都道府県": "鳥取県",
                "市区町村": "米子市",
                "撮影場所": "",
                "撮影日時": "2023-08-11T20:41:00+09:00",
                "緯度": "35.42833333 ",
                "経度": "133.33111111 ",
                "夜空の明るさ": "18.86",
                "ばらつき": "0.07",
                "周辺状況": "",
                "備考": "",
                "継続観察登録地点": ""
            }
        },
        {
            "type": "Feature",
            "geometry": {
                "type": "Point",
                "coordinates": [
                    133.3325,
                    35.42111111
                ]
            },
            "properties": {
                "調査時期": "2023_S",
                "都道府県": "鳥取県",
                "市区町村": "米子市",
                "撮影場所": "",
                "撮影日時": "2023-08-11T20:53:00+09:00",
                "緯度": "35.42111111 ",
                "経度": "133.33250000 ",
                "夜空の明るさ": "18.86",
                "ばらつき": "0.06",
                "周辺状況": "",
                "備考": "",
                "継続観察登録地点": ""
            }
        },
        {
            "type": "Feature",
            "geometry": {
                "type": "Point",
                "coordinates": [
                    133.32111111,
                    35.42944444
                ]
            },
            "properties": {
                "調査時期": "2023_S",
                "都道府県": "鳥取県",
                "市区町村": "米子市",
                "撮影場所": "",
                "撮影日時": "2023-08-11T21:07:00+09:00",
                "緯度": "35.42944444 ",
                "経度": "133.32111111 ",
                "夜空の明るさ": "19.29",
                "ばらつき": "0.08",
                "周辺状況": "",
                "備考": "",
                "継続観察登録地点": ""
            }
        },
        {
            "type": "Feature",
            "geometry": {
                "type": "Point",
                "coordinates": [
                    133.32277778,
                    35.46055556
                ]
            },
            "properties": {
                "調査時期": "2023_S",
                "都道府県": "鳥取県",
                "市区町村": "米子市",
                "撮影場所": "",
                "撮影日時": "2023-08-11T21:37:00+09:00",
                "緯度": "35.46055556 ",
                "経度": "133.32277778 ",
                "夜空の明るさ": "19.58",
                "ばらつき": "0.10",
                "周辺状況": "",
                "備考": "",
                "継続観察登録地点": ""
            }
        },
        {
            "type": "Feature",
            "geometry": {
                "type": "Point",
                "coordinates": [
                    133.34722222,
                    35.4525
                ]
            },
            "properties": {
                "調査時期": "2023_S",
                "都道府県": "鳥取県",
                "市区町村": "米子市",
                "撮影場所": "",
                "撮影日時": "2023-08-11T21:47:00+09:00",
                "緯度": "35.45250000 ",
                "経度": "133.34722222 ",
                "夜空の明るさ": "19.28",
                "ばらつき": "0.09",
                "周辺状況": "",
                "備考": "",
                "継続観察登録地点": ""
            }
        },
        {
            "type": "Feature",
            "geometry": {
                "type": "Point",
                "coordinates": [
                    133.41833333,
                    35.4525
                ]
            },
            "properties": {
                "調査時期": "2023_S",
                "都道府県": "鳥取県",
                "市区町村": "米子市",
                "撮影場所": "",
                "撮影日時": "2023-08-11T22:04:00+09:00",
                "緯度": "35.45250000 ",
                "経度": "133.41833333 ",
                "夜空の明るさ": "20.45",
                "ばらつき": "0.09",
                "周辺状況": "",
                "備考": "",
                "継続観察登録地点": ""
            }
        },
        {
            "type": "Feature",
            "geometry": {
                "type": "Point",
                "coordinates": [
                    133.44055556,
                    35.45444444
                ]
            },
            "properties": {
                "調査時期": "2023_S",
                "都道府県": "鳥取県",
                "市区町村": "米子市",
                "撮影場所": "",
                "撮影日時": "2023-08-11T22:14:00+09:00",
                "緯度": "35.45444444 ",
                "経度": "133.44055556 ",
                "夜空の明るさ": "20.77",
                "ばらつき": "0.12",
                "周辺状況": "",
                "備考": "",
                "継続観察登録地点": ""
            }
        },
        {
            "type": "Feature",
            "geometry": {
                "type": "Point",
                "coordinates": [
                    133.76,
                    35.35583333
                ]
            },
            "properties": {
                "調査時期": "2023_S",
                "都道府県": "鳥取県",
                "市区町村": "倉吉市",
                "撮影場所": "倉吉市関金町関金宿",
                "撮影日時": "2023-08-11T21:13:00+09:00",
                "緯度": "35.35583333 ",
                "経度": "133.76000000 ",
                "夜空の明るさ": "21.48",
                "ばらつき": "0.10",
                "周辺状況": "農業地域",
                "備考": "",
                "継続観察登録地点": "○"
            }
        },
        {
            "type": "Feature",
            "geometry": {
                "type": "Point",
                "coordinates": [
                    133.43583333,
                    35.39055556
                ]
            },
            "properties": {
                "調査時期": "2023_S",
                "都道府県": "鳥取県",
                "市区町村": "伯耆町",
                "撮影場所": "",
                "撮影日時": "2023-08-10T21:54:00+09:00",
                "緯度": "35.39055556 ",
                "経度": "133.43583333 ",
                "夜空の明るさ": "20.88",
                "ばらつき": "0.09",
                "周辺状況": "",
                "備考": "",
                "継続観察登録地点": ""
            }
        },
        {
            "type": "Feature",
            "geometry": {
                "type": "Point",
                "coordinates": [
                    133.4675,
                    35.38055556
                ]
            },
            "properties": {
                "調査時期": "2023_S",
                "都道府県": "鳥取県",
                "市区町村": "伯耆町",
                "撮影場所": "",
                "撮影日時": "2023-08-10T22:03:00+09:00",
                "緯度": "35.38055556 ",
                "経度": "133.46750000 ",
                "夜空の明るさ": "21.10",
                "ばらつき": "0.16",
                "周辺状況": "",
                "備考": "",
                "継続観察登録地点": ""
            }
        },
        {
            "type": "Feature",
            "geometry": {
                "type": "Point",
                "coordinates": [
                    133.16,
                    35.50222222
                ]
            },
            "properties": {
                "調査時期": "2023_S",
                "都道府県": "島根県",
                "市区町村": "松江市",
                "撮影場所": "島根県松江市八束町　八束千本桜公園",
                "撮影日時": "2023-08-18T22:19:00+09:00",
                "緯度": "35.50222222 ",
                "経度": "133.16000000 ",
                "夜空の明るさ": "20.47",
                "ばらつき": "0.11",
                "周辺状況": "農業地域",
                "備考": "",
                "継続観察登録地点": "○"
            }
        },
        {
            "type": "Feature",
            "geometry": {
                "type": "Point",
                "coordinates": [
                    133.16027778,
                    35.50194444
                ]
            },
            "properties": {
                "調査時期": "2023_S",
                "都道府県": "島根県",
                "市区町村": "松江市",
                "撮影場所": "島根県松江市八束町　八束千本桜公園",
                "撮影日時": "2023-08-18T22:19:00+09:00",
                "緯度": "35.50194444 ",
                "経度": "133.16027778 ",
                "夜空の明るさ": "20.47",
                "ばらつき": "0.11",
                "周辺状況": "農業地域",
                "備考": "",
                "継続観察登録地点": "○"
            }
        },
        {
            "type": "Feature",
            "geometry": {
                "type": "Point",
                "coordinates": [
                    131.94305556,
                    34.78916667
                ]
            },
            "properties": {
                "調査時期": "2023_S",
                "都道府県": "島根県",
                "市区町村": "浜田市",
                "撮影場所": "浜田市三隅町 三保公民館",
                "撮影日時": "2023-08-11T21:11:00+09:00",
                "緯度": "34.78916667 ",
                "経度": "131.94305556 ",
                "夜空の明るさ": "20.50",
                "ばらつき": "0.05",
                "周辺状況": "住宅地域",
                "備考": "",
                "継続観察登録地点": "○"
            }
        },
        {
            "type": "Feature",
            "geometry": {
                "type": "Point",
                "coordinates": [
                    132.07611111,
                    34.88694444
                ]
            },
            "properties": {
                "調査時期": "2023_S",
                "都道府県": "島根県",
                "市区町村": "浜田市",
                "撮影場所": "浜田市竹迫町 海の見える文化公園",
                "撮影日時": "2023-08-16T23:40:00+09:00",
                "緯度": "34.88694444 ",
                "経度": "132.07611111 ",
                "夜空の明るさ": "",
                "ばらつき": "",
                "周辺状況": "住宅地域",
                "備考": "測定不可（雲量大）",
                "継続観察登録地点": "○"
            }
        },
        {
            "type": "Feature",
            "geometry": {
                "type": "Point",
                "coordinates": [
                    133.85611111,
                    34.82444444
                ]
            },
            "properties": {
                "調査時期": "2023_S",
                "都道府県": "岡山県",
                "市区町村": "岡山市　北区",
                "撮影場所": "河原邸",
                "撮影日時": "2023-08-11T21:58:00+09:00",
                "緯度": "34.82444444 ",
                "経度": "133.85611111 ",
                "夜空の明るさ": "19.98",
                "ばらつき": "0.06",
                "周辺状況": "森林山間地",
                "備考": "",
                "継続観察登録地点": "○"
            }
        },
        {
            "type": "Feature",
            "geometry": {
                "type": "Point",
                "coordinates": [
                    133.81333333,
                    34.43416667
                ]
            },
            "properties": {
                "調査時期": "2023_S",
                "都道府県": "岡山県",
                "市区町村": "倉敷市",
                "撮影場所": "",
                "撮影日時": "2023-08-11T21:36:00+09:00",
                "緯度": "34.43416667 ",
                "経度": "133.81333333 ",
                "夜空の明るさ": "19.84",
                "ばらつき": "0.03",
                "周辺状況": "",
                "備考": "",
                "継続観察登録地点": ""
            }
        },
        {
            "type": "Feature",
            "geometry": {
                "type": "Point",
                "coordinates": [
                    133.76916667,
                    34.53583333
                ]
            },
            "properties": {
                "調査時期": "2023_S",
                "都道府県": "岡山県",
                "市区町村": "倉敷市",
                "撮影場所": "倉敷市 ライフパーク倉敷科学センター 屋上",
                "撮影日時": "2023-08-19T20:38:00+09:00",
                "緯度": "34.53583333 ",
                "経度": "133.76916667 ",
                "夜空の明るさ": "18.15",
                "ばらつき": "0.11",
                "周辺状況": "工業地域",
                "備考": "",
                "継続観察登録地点": "○"
            }
        },
        {
            "type": "Feature",
            "geometry": {
                "type": "Point",
                "coordinates": [
                    133.54527778,
                    34.67166667
                ]
            },
            "properties": {
                "調査時期": "2023_S",
                "都道府県": "岡山県",
                "市区町村": "井原市",
                "撮影場所": "井原市美星天文台",
                "撮影日時": "2023-08-12T21:47:00+09:00",
                "緯度": "34.67166667 ",
                "経度": "133.54527778 ",
                "夜空の明るさ": "20.29",
                "ばらつき": "0.09",
                "周辺状況": "森林山間地",
                "備考": "",
                "継続観察登録地点": "○"
            }
        },
        {
            "type": "Feature",
            "geometry": {
                "type": "Point",
                "coordinates": [
                    134.00083333,
                    34.89277778
                ]
            },
            "properties": {
                "調査時期": "2023_S",
                "都道府県": "岡山県",
                "市区町村": "久米南町",
                "撮影場所": "竜天天文台公園",
                "撮影日時": "2023-08-12T22:28:00+09:00",
                "緯度": "34.89277778 ",
                "経度": "134.00083333 ",
                "夜空の明るさ": "20.84",
                "ばらつき": "0.09",
                "周辺状況": "森林山間地",
                "備考": "",
                "継続観察登録地点": "○"
            }
        },
        {
            "type": "Feature",
            "geometry": {
                "type": "Point",
                "coordinates": [
                    134.05666667,
                    34.9675
                ]
            },
            "properties": {
                "調査時期": "2023_S",
                "都道府県": "岡山県",
                "市区町村": "美咲町",
                "撮影場所": "",
                "撮影日時": "2023-08-12T22:55:00+09:00",
                "緯度": "34.96750000 ",
                "経度": "134.05666667 ",
                "夜空の明るさ": "20.99",
                "ばらつき": "0.08",
                "周辺状況": "",
                "備考": "",
                "継続観察登録地点": ""
            }
        },
        {
            "type": "Feature",
            "geometry": {
                "type": "Point",
                "coordinates": [
                    134.05666667,
                    34.9675
                ]
            },
            "properties": {
                "調査時期": "2023_S",
                "都道府県": "岡山県",
                "市区町村": "美咲町",
                "撮影場所": "",
                "撮影日時": "2023-08-12T22:49:00+09:00",
                "緯度": "34.96750000 ",
                "経度": "134.05666667 ",
                "夜空の明るさ": "20.98",
                "ばらつき": "0.03",
                "周辺状況": "",
                "備考": "",
                "継続観察登録地点": ""
            }
        },
        {
            "type": "Feature",
            "geometry": {
                "type": "Point",
                "coordinates": [
                    132.45361111,
                    34.39833333
                ]
            },
            "properties": {
                "調査時期": "2023_S",
                "都道府県": "広島県",
                "市区町村": "広島市　中区",
                "撮影場所": "",
                "撮影日時": "2023-08-13T22:00:00+09:00",
                "緯度": "34.39833333 ",
                "経度": "132.45361111 ",
                "夜空の明るさ": "17.13",
                "ばらつき": "0.09",
                "周辺状況": "",
                "備考": "",
                "継続観察登録地点": ""
            }
        },
        {
            "type": "Feature",
            "geometry": {
                "type": "Point",
                "coordinates": [
                    132.73805556,
                    34.44694444
                ]
            },
            "properties": {
                "調査時期": "2023_S",
                "都道府県": "広島県",
                "市区町村": "東広島市",
                "撮影場所": "憩いの森公園",
                "撮影日時": "2023-08-08T20:15:00+09:00",
                "緯度": "34.44694444 ",
                "経度": "132.73805556 ",
                "夜空の明るさ": "",
                "ばらつき": "",
                "周辺状況": "自然公園等",
                "備考": "測定不可（ピンボケ）",
                "継続観察登録地点": "○"
            }
        },
        {
            "type": "Feature",
            "geometry": {
                "type": "Point",
                "coordinates": [
                    131.65583333,
                    34.47388889
                ]
            },
            "properties": {
                "調査時期": "2023_S",
                "都道府県": "山口県",
                "市区町村": "山口市",
                "撮影場所": "山口県山口市阿東嘉年",
                "撮影日時": "2023-08-18T20:34:00+09:00",
                "緯度": "34.47388889 ",
                "経度": "131.65583333 ",
                "夜空の明るさ": "21.72",
                "ばらつき": "0.16",
                "周辺状況": "農業地域",
                "備考": "",
                "継続観察登録地点": "○"
            }
        },
        {
            "type": "Feature",
            "geometry": {
                "type": "Point",
                "coordinates": [
                    131.65583333,
                    34.47388889
                ]
            },
            "properties": {
                "調査時期": "2023_S",
                "都道府県": "山口県",
                "市区町村": "山口市",
                "撮影場所": "山口県山口市阿東嘉年",
                "撮影日時": "2023-08-19T21:30:00+09:00",
                "緯度": "34.47388889 ",
                "経度": "131.65583333 ",
                "夜空の明るさ": "20.95",
                "ばらつき": "0.15",
                "周辺状況": "農業地域",
                "備考": "",
                "継続観察登録地点": "○"
            }
        },
        {
            "type": "Feature",
            "geometry": {
                "type": "Point",
                "coordinates": [
                    131.65583333,
                    34.47361111
                ]
            },
            "properties": {
                "調査時期": "2023_S",
                "都道府県": "山口県",
                "市区町村": "山口市",
                "撮影場所": "山口県山口市阿東嘉年",
                "撮影日時": "2023-08-20T22:00:00+09:00",
                "緯度": "34.47361111 ",
                "経度": "131.65583333 ",
                "夜空の明るさ": "21.18",
                "ばらつき": "0.03",
                "周辺状況": "農業地域",
                "備考": "",
                "継続観察登録地点": "○"
            }
        },
        {
            "type": "Feature",
            "geometry": {
                "type": "Point",
                "coordinates": [
                    131.84611111,
                    34.04805556
                ]
            },
            "properties": {
                "調査時期": "2023_S",
                "都道府県": "山口県",
                "市区町村": "周南市",
                "撮影場所": "山口県周南市（周南公立大学敷地内）",
                "撮影日時": "2023-08-16T20:04:00+09:00",
                "緯度": "34.04805556 ",
                "経度": "131.84611111 ",
                "夜空の明るさ": "17.74",
                "ばらつき": "0.11",
                "周辺状況": "住宅地域",
                "備考": "",
                "継続観察登録地点": "○"
            }
        },
        {
            "type": "Feature",
            "geometry": {
                "type": "Point",
                "coordinates": [
                    134.60305556,
                    34.06305556
                ]
            },
            "properties": {
                "調査時期": "2023_S",
                "都道府県": "徳島県",
                "市区町村": "徳島市",
                "撮影場所": "",
                "撮影日時": "2023-08-16T20:38:00+09:00",
                "緯度": "34.06305556 ",
                "経度": "134.60305556 ",
                "夜空の明るさ": "19.25",
                "ばらつき": "0.12",
                "周辺状況": "",
                "備考": "",
                "継続観察登録地点": ""
            }
        },
        {
            "type": "Feature",
            "geometry": {
                "type": "Point",
                "coordinates": [
                    134.5575,
                    34.06972222
                ]
            },
            "properties": {
                "調査時期": "2023_S",
                "都道府県": "徳島県",
                "市区町村": "徳島市",
                "撮影場所": "",
                "撮影日時": "2023-08-16T20:05:00+09:00",
                "緯度": "34.06972222 ",
                "経度": "134.55750000 ",
                "夜空の明るさ": "18.04",
                "ばらつき": "0.11",
                "周辺状況": "",
                "備考": "",
                "継続観察登録地点": ""
            }
        },
        {
            "type": "Feature",
            "geometry": {
                "type": "Point",
                "coordinates": [
                    134.51527778,
                    34.07333333
                ]
            },
            "properties": {
                "調査時期": "2023_S",
                "都道府県": "徳島県",
                "市区町村": "徳島市",
                "撮影場所": "",
                "撮影日時": "2023-08-16T21:05:00+09:00",
                "緯度": "34.07333333 ",
                "経度": "134.51527778 ",
                "夜空の明るさ": "18.58",
                "ばらつき": "0.07",
                "周辺状況": "",
                "備考": "",
                "継続観察登録地点": ""
            }
        },
        {
            "type": "Feature",
            "geometry": {
                "type": "Point",
                "coordinates": [
                    134.47138889,
                    34.06222222
                ]
            },
            "properties": {
                "調査時期": "2023_S",
                "都道府県": "徳島県",
                "市区町村": "徳島市",
                "撮影場所": "",
                "撮影日時": "2023-08-16T21:19:00+09:00",
                "緯度": "34.06222222 ",
                "経度": "134.47138889 ",
                "夜空の明るさ": "19.67",
                "ばらつき": "0.10",
                "周辺状況": "",
                "備考": "",
                "継続観察登録地点": ""
            }
        },
        {
            "type": "Feature",
            "geometry": {
                "type": "Point",
                "coordinates": [
                    134.63333333,
                    33.95194444
                ]
            },
            "properties": {
                "調査時期": "2023_S",
                "都道府県": "徳島県",
                "市区町村": "阿南市",
                "撮影場所": "",
                "撮影日時": "2023-07-18T00:41:00+09:00",
                "緯度": "33.95194444 ",
                "経度": "134.63333333 ",
                "夜空の明るさ": "20.52",
                "ばらつき": "0.06",
                "周辺状況": "",
                "備考": "参考値（時間外）",
                "継続観察登録地点": ""
            }
        },
        {
            "type": "Feature",
            "geometry": {
                "type": "Point",
                "coordinates": [
                    134.63333333,
                    33.95194444
                ]
            },
            "properties": {
                "調査時期": "2023_S",
                "都道府県": "徳島県",
                "市区町村": "阿南市",
                "撮影場所": "",
                "撮影日時": "2023-07-18T00:43:00+09:00",
                "緯度": "33.95194444 ",
                "経度": "134.63333333 ",
                "夜空の明るさ": "20.48",
                "ばらつき": "0.05",
                "周辺状況": "",
                "備考": "参考値（時間外）",
                "継続観察登録地点": ""
            }
        },
        {
            "type": "Feature",
            "geometry": {
                "type": "Point",
                "coordinates": [
                    134.63333333,
                    33.95194444
                ]
            },
            "properties": {
                "調査時期": "2023_S",
                "都道府県": "徳島県",
                "市区町村": "阿南市",
                "撮影場所": "",
                "撮影日時": "2023-07-18T00:45:00+09:00",
                "緯度": "33.95194444 ",
                "経度": "134.63333333 ",
                "夜空の明るさ": "20.49",
                "ばらつき": "0.04",
                "周辺状況": "",
                "備考": "参考値（時間外）",
                "継続観察登録地点": ""
            }
        },
        {
            "type": "Feature",
            "geometry": {
                "type": "Point",
                "coordinates": [
                    134.63333333,
                    33.95194444
                ]
            },
            "properties": {
                "調査時期": "2023_S",
                "都道府県": "徳島県",
                "市区町村": "阿南市",
                "撮影場所": "",
                "撮影日時": "2023-07-18T00:51:00+09:00",
                "緯度": "33.95194444 ",
                "経度": "134.63333333 ",
                "夜空の明るさ": "20.47",
                "ばらつき": "0.09",
                "周辺状況": "",
                "備考": "参考値（時間外）",
                "継続観察登録地点": ""
            }
        },
        {
            "type": "Feature",
            "geometry": {
                "type": "Point",
                "coordinates": [
                    134.415,
                    33.95472222
                ]
            },
            "properties": {
                "調査時期": "2023_S",
                "都道府県": "徳島県",
                "市区町村": "佐那河内村",
                "撮影場所": "徳島県名東郡佐那河内村上字大川原",
                "撮影日時": "2023-08-19T20:43:00+09:00",
                "緯度": "33.95472222 ",
                "経度": "134.41500000 ",
                "夜空の明るさ": "20.92",
                "ばらつき": "0.09",
                "周辺状況": "森林山間地",
                "備考": "",
                "継続観察登録地点": "○"
            }
        },
        {
            "type": "Feature",
            "geometry": {
                "type": "Point",
                "coordinates": [
                    134.44861111,
                    34.0675
                ]
            },
            "properties": {
                "調査時期": "2023_S",
                "都道府県": "徳島県",
                "市区町村": "石井町",
                "撮影場所": "",
                "撮影日時": "2023-08-11T21:01:00+09:00",
                "緯度": "34.06750000 ",
                "経度": "134.44861111 ",
                "夜空の明るさ": "19.46",
                "ばらつき": "0.07",
                "周辺状況": "",
                "備考": "",
                "継続観察登録地点": ""
            }
        },
        {
            "type": "Feature",
            "geometry": {
                "type": "Point",
                "coordinates": [
                    134.44861111,
                    34.0675
                ]
            },
            "properties": {
                "調査時期": "2023_S",
                "都道府県": "徳島県",
                "市区町村": "石井町",
                "撮影場所": "",
                "撮影日時": "2023-08-12T20:43:00+09:00",
                "緯度": "34.06750000 ",
                "経度": "134.44861111 ",
                "夜空の明るさ": "19.02",
                "ばらつき": "0.09",
                "周辺状況": "",
                "備考": "",
                "継続観察登録地点": ""
            }
        },
        {
            "type": "Feature",
            "geometry": {
                "type": "Point",
                "coordinates": [
                    134.41861111,
                    34.07361111
                ]
            },
            "properties": {
                "調査時期": "2023_S",
                "都道府県": "徳島県",
                "市区町村": "石井町",
                "撮影場所": "",
                "撮影日時": "2023-08-16T21:50:00+09:00",
                "緯度": "34.07361111 ",
                "経度": "134.41861111 ",
                "夜空の明るさ": "19.96",
                "ばらつき": "0.09",
                "周辺状況": "",
                "備考": "",
                "継続観察登録地点": ""
            }
        },
        {
            "type": "Feature",
            "geometry": {
                "type": "Point",
                "coordinates": [
                    134.44861111,
                    34.0675
                ]
            },
            "properties": {
                "調査時期": "2023_S",
                "都道府県": "徳島県",
                "市区町村": "石井町",
                "撮影場所": "",
                "撮影日時": "2023-08-19T21:06:00+09:00",
                "緯度": "34.06750000 ",
                "経度": "134.44861111 ",
                "夜空の明るさ": "19.14",
                "ばらつき": "0.10",
                "周辺状況": "",
                "備考": "",
                "継続観察登録地点": ""
            }
        },
        {
            "type": "Feature",
            "geometry": {
                "type": "Point",
                "coordinates": [
                    133.07888889,
                    34.17083333
                ]
            },
            "properties": {
                "調査時期": "2023_S",
                "都道府県": "愛媛県",
                "市区町村": "今治市",
                "撮影場所": "愛媛県今治市宮窪町宮窪",
                "撮影日時": "2023-08-12T21:58:00+09:00",
                "緯度": "34.17083333 ",
                "経度": "133.07888889 ",
                "夜空の明るさ": "20.93",
                "ばらつき": "0.11",
                "周辺状況": "住宅地域",
                "備考": "",
                "継続観察登録地点": "○"
            }
        },
        {
            "type": "Feature",
            "geometry": {
                "type": "Point",
                "coordinates": [
                    133.07888889,
                    34.17055556
                ]
            },
            "properties": {
                "調査時期": "2023_S",
                "都道府県": "愛媛県",
                "市区町村": "今治市",
                "撮影場所": "愛媛県今治市宮窪町宮窪",
                "撮影日時": "2023-08-13T21:11:00+09:00",
                "緯度": "34.17055556 ",
                "経度": "133.07888889 ",
                "夜空の明るさ": "20.77",
                "ばらつき": "0.10",
                "周辺状況": "住宅地域",
                "備考": "",
                "継続観察登録地点": "○"
            }
        },
        {
            "type": "Feature",
            "geometry": {
                "type": "Point",
                "coordinates": [
                    133.30972222,
                    33.90305556
                ]
            },
            "properties": {
                "調査時期": "2023_S",
                "都道府県": "愛媛県",
                "市区町村": "新居浜市",
                "撮影場所": "",
                "撮影日時": "2023-08-13T21:11:00+09:00",
                "緯度": "33.90305556 ",
                "経度": "133.30972222 ",
                "夜空の明るさ": "19.94",
                "ばらつき": "0.07",
                "周辺状況": "",
                "備考": "",
                "継続観察登録地点": ""
            }
        },
        {
            "type": "Feature",
            "geometry": {
                "type": "Point",
                "coordinates": [
                    133.24472222,
                    33.91
                ]
            },
            "properties": {
                "調査時期": "2023_S",
                "都道府県": "愛媛県",
                "市区町村": "新居浜市",
                "撮影場所": "愛媛県総合科学博物館 屋上（愛媛県新居浜市）",
                "撮影日時": "2023-08-13T20:38:00+09:00",
                "緯度": "33.91000000 ",
                "経度": "133.24472222 ",
                "夜空の明るさ": "19.58",
                "ばらつき": "0.06",
                "周辺状況": "その他",
                "備考": "",
                "継続観察登録地点": "○"
            }
        },
        {
            "type": "Feature",
            "geometry": {
                "type": "Point",
                "coordinates": [
                    133.53611111,
                    33.9425
                ]
            },
            "properties": {
                "調査時期": "2023_S",
                "都道府県": "愛媛県",
                "市区町村": "四国中央市",
                "撮影場所": "",
                "撮影日時": "2023-08-12T21:53:00+09:00",
                "緯度": "33.94250000 ",
                "経度": "133.53611111 ",
                "夜空の明るさ": "20.63",
                "ばらつき": "0.11",
                "周辺状況": "",
                "備考": "",
                "継続観察登録地点": ""
            }
        },
        {
            "type": "Feature",
            "geometry": {
                "type": "Point",
                "coordinates": [
                    132.93916667,
                    33.67638889
                ]
            },
            "properties": {
                "調査時期": "2023_S",
                "都道府県": "愛媛県",
                "市区町村": "久万高原町",
                "撮影場所": "久万高原天体観測館",
                "撮影日時": "2023-08-13T21:41:00+09:00",
                "緯度": "33.67638889 ",
                "経度": "132.93916667 ",
                "夜空の明るさ": "21.30",
                "ばらつき": "0.14",
                "周辺状況": "森林山間地 ",
                "備考": "",
                "継続観察登録地点": "○"
            }
        },
        {
            "type": "Feature",
            "geometry": {
                "type": "Point",
                "coordinates": [
                    132.79305556,
                    33.17388889
                ]
            },
            "properties": {
                "調査時期": "2023_S",
                "都道府県": "高知県",
                "市区町村": "四万十市",
                "撮影場所": "四万十天文台前",
                "撮影日時": "2023-08-12T21:38:00+09:00",
                "緯度": "33.17388889 ",
                "経度": "132.79305556 ",
                "夜空の明るさ": "21.66",
                "ばらつき": "0.20",
                "周辺状況": "森林山間地",
                "備考": "",
                "継続観察登録地点": "○"
            }
        },
        {
            "type": "Feature",
            "geometry": {
                "type": "Point",
                "coordinates": [
                    132.79305556,
                    33.17388889
                ]
            },
            "properties": {
                "調査時期": "2023_S",
                "都道府県": "高知県",
                "市区町村": "四万十市",
                "撮影場所": "四万十天文台前",
                "撮影日時": "2023-08-13T21:49:00+09:00",
                "緯度": "33.17388889 ",
                "経度": "132.79305556 ",
                "夜空の明るさ": "21.08",
                "ばらつき": "0.23",
                "周辺状況": "森林山間地",
                "備考": "",
                "継続観察登録地点": "○"
            }
        },
        {
            "type": "Feature",
            "geometry": {
                "type": "Point",
                "coordinates": [
                    132.79305556,
                    33.17388889
                ]
            },
            "properties": {
                "調査時期": "2023_S",
                "都道府県": "高知県",
                "市区町村": "四万十市",
                "撮影場所": "四万十天文台前",
                "撮影日時": "2023-08-19T21:48:00+09:00",
                "緯度": "33.17388889 ",
                "経度": "132.79305556 ",
                "夜空の明るさ": "21.47",
                "ばらつき": "0.30",
                "周辺状況": "森林山間地",
                "備考": "",
                "継続観察登録地点": "○"
            }
        },
        {
            "type": "Feature",
            "geometry": {
                "type": "Point",
                "coordinates": [
                    133.82472222,
                    33.53055556
                ]
            },
            "properties": {
                "調査時期": "2023_S",
                "都道府県": "高知県",
                "市区町村": "芸西村",
                "撮影場所": "芸西天文台",
                "撮影日時": "2023-08-11T21:05:00+09:00",
                "緯度": "33.53055556 ",
                "経度": "133.82472222 ",
                "夜空の明るさ": "21.46",
                "ばらつき": "0.25",
                "周辺状況": "森林山間地",
                "備考": "",
                "継続観察登録地点": "○"
            }
        },
        {
            "type": "Feature",
            "geometry": {
                "type": "Point",
                "coordinates": [
                    133.825,
                    33.53055556
                ]
            },
            "properties": {
                "調査時期": "2023_S",
                "都道府県": "高知県",
                "市区町村": "芸西村",
                "撮影場所": "芸西天文台",
                "撮影日時": "2023-08-11T22:09:00+09:00",
                "緯度": "33.53055556 ",
                "経度": "133.82500000 ",
                "夜空の明るさ": "",
                "ばらつき": "",
                "周辺状況": "森林山間地",
                "備考": "測定不可（カメラブレ）",
                "継続観察登録地点": "○"
            }
        },
        {
            "type": "Feature",
            "geometry": {
                "type": "Point",
                "coordinates": [
                    133.00361111,
                    33.47694444
                ]
            },
            "properties": {
                "調査時期": "2023_S",
                "都道府県": "高知県",
                "市区町村": "津野町",
                "撮影場所": "",
                "撮影日時": "2023-08-12T21:32:00+09:00",
                "緯度": "33.47694444 ",
                "経度": "133.00361111 ",
                "夜空の明るさ": "21.44",
                "ばらつき": "0.07",
                "周辺状況": "",
                "備考": "",
                "継続観察登録地点": ""
            }
        },
        {
            "type": "Feature",
            "geometry": {
                "type": "Point",
                "coordinates": [
                    133.00388889,
                    33.47694444
                ]
            },
            "properties": {
                "調査時期": "2023_S",
                "都道府県": "高知県",
                "市区町村": "津野町",
                "撮影場所": "高知県高岡郡津野町芳生野乙 星ふるヴィレッジTENGU",
                "撮影日時": "2023-08-12T21:32:00+09:00",
                "緯度": "33.47694444 ",
                "経度": "133.00388889 ",
                "夜空の明るさ": "21.43",
                "ばらつき": "0.08",
                "周辺状況": "森林山間地",
                "備考": "",
                "継続観察登録地点": "○"
            }
        },
        {
            "type": "Feature",
            "geometry": {
                "type": "Point",
                "coordinates": [
                    130.83972222,
                    33.89
                ]
            },
            "properties": {
                "調査時期": "2023_S",
                "都道府県": "福岡県",
                "市区町村": "北九州市　戸畑区",
                "撮影場所": "九州工業大学 戸畑キャンパス運動場",
                "撮影日時": "2023-08-18T22:25:00+09:00",
                "緯度": "33.89000000 ",
                "経度": "130.83972222 ",
                "夜空の明るさ": "18.25",
                "ばらつき": "0.09",
                "周辺状況": "住宅地域",
                "備考": "",
                "継続観察登録地点": "○"
            }
        },
        {
            "type": "Feature",
            "geometry": {
                "type": "Point",
                "coordinates": [
                    130.54055556,
                    33.52416667
                ]
            },
            "properties": {
                "調査時期": "2023_S",
                "都道府県": "福岡県",
                "市区町村": "太宰府市",
                "撮影場所": "",
                "撮影日時": "2023-08-11T20:55:00+09:00",
                "緯度": "33.52416667 ",
                "経度": "130.54055556 ",
                "夜空の明るさ": "",
                "ばらつき": "",
                "周辺状況": "",
                "備考": "測定不可（ピンボケ）",
                "継続観察登録地点": ""
            }
        },
        {
            "type": "Feature",
            "geometry": {
                "type": "Point",
                "coordinates": [
                    129.665,
                    33.30777778
                ]
            },
            "properties": {
                "調査時期": "2023_S",
                "都道府県": "長崎県",
                "市区町村": "佐世保市",
                "撮影場所": "佐世保市江迎町奧川内 白岳自然公園",
                "撮影日時": "2023-08-13T21:56:00+09:00",
                "緯度": "33.30777778 ",
                "経度": "129.66500000 ",
                "夜空の明るさ": "20.38",
                "ばらつき": "0.19",
                "周辺状況": "自然公園等",
                "備考": "",
                "継続観察登録地点": "○"
            }
        },
        {
            "type": "Feature",
            "geometry": {
                "type": "Point",
                "coordinates": [
                    129.68,
                    33.17416667
                ]
            },
            "properties": {
                "調査時期": "2023_S",
                "都道府県": "長崎県",
                "市区町村": "佐世保市",
                "撮影場所": "佐世保市星和台町",
                "撮影日時": "2023-08-19T22:03:00+09:00",
                "緯度": "33.17416667 ",
                "経度": "129.68000000 ",
                "夜空の明るさ": "19.45",
                "ばらつき": "0.10",
                "周辺状況": "住宅地域",
                "備考": "",
                "継続観察登録地点": "○"
            }
        },
        {
            "type": "Feature",
            "geometry": {
                "type": "Point",
                "coordinates": [
                    130.12222222,
                    32.45333333
                ]
            },
            "properties": {
                "調査時期": "2023_S",
                "都道府県": "熊本県",
                "市区町村": "天草市",
                "撮影場所": "熊本県天草市",
                "撮影日時": "2023-08-11T21:08:00+09:00",
                "緯度": "32.45333333 ",
                "経度": "130.12222222 ",
                "夜空の明るさ": "21.62",
                "ばらつき": "0.16",
                "周辺状況": "森林山間地",
                "備考": "",
                "継続観察登録地点": "○"
            }
        },
        {
            "type": "Feature",
            "geometry": {
                "type": "Point",
                "coordinates": [
                    131.06972222,
                    31.88027778
                ]
            },
            "properties": {
                "調査時期": "2023_S",
                "都道府県": "宮崎県",
                "市区町村": "都城市",
                "撮影場所": "宮崎県都城市高崎町",
                "撮影日時": "2023-08-15T21:52:00+09:00",
                "緯度": "31.88027778 ",
                "経度": "131.06972222 ",
                "夜空の明るさ": "20.99",
                "ばらつき": "0.10",
                "周辺状況": "住宅地域",
                "備考": "",
                "継続観察登録地点": "○"
            }
        },
        {
            "type": "Feature",
            "geometry": {
                "type": "Point",
                "coordinates": [
                    131.27694444,
                    32.7175
                ]
            },
            "properties": {
                "調査時期": "2023_S",
                "都道府県": "宮崎県",
                "市区町村": "高千穂町",
                "撮影場所": "宮崎県西臼杵郡高千穂町　国見ヶ丘",
                "撮影日時": "2023-08-20T21:46:00+09:00",
                "緯度": "32.71750000 ",
                "経度": "131.27694444 ",
                "夜空の明るさ": "20.74",
                "ばらつき": "0.18",
                "周辺状況": "森林山間地",
                "備考": "",
                "継続観察登録地点": "○"
            }
        },
        {
            "type": "Feature",
            "geometry": {
                "type": "Point",
                "coordinates": [
                    129.69027778,
                    28.475
                ]
            },
            "properties": {
                "調査時期": "2023_S",
                "都道府県": "鹿児島県",
                "市区町村": "奄美市",
                "撮影場所": "",
                "撮影日時": "2023-08-12T21:37:00+09:00",
                "緯度": "28.47500000 ",
                "経度": "129.69027778 ",
                "夜空の明るさ": "21.05",
                "ばらつき": "0.13",
                "周辺状況": "",
                "備考": "",
                "継続観察登録地点": ""
            }
        },
        {
            "type": "Feature",
            "geometry": {
                "type": "Point",
                "coordinates": [
                    129.71722222,
                    28.47416667
                ]
            },
            "properties": {
                "調査時期": "2023_S",
                "都道府県": "鹿児島県",
                "市区町村": "奄美市",
                "撮影場所": "",
                "撮影日時": "2023-08-12T21:51:00+09:00",
                "緯度": "28.47416667 ",
                "経度": "129.71722222 ",
                "夜空の明るさ": "21.10",
                "ばらつき": "0.08",
                "周辺状況": "",
                "備考": "",
                "継続観察登録地点": ""
            }
        },
        {
            "type": "Feature",
            "geometry": {
                "type": "Point",
                "coordinates": [
                    129.71388889,
                    28.44361111
                ]
            },
            "properties": {
                "調査時期": "2023_S",
                "都道府県": "鹿児島県",
                "市区町村": "奄美市",
                "撮影場所": "",
                "撮影日時": "2023-08-12T22:03:00+09:00",
                "緯度": "28.44361111 ",
                "経度": "129.71388889 ",
                "夜空の明るさ": "21.07",
                "ばらつき": "0.11",
                "周辺状況": "",
                "備考": "",
                "継続観察登録地点": ""
            }
        },
        {
            "type": "Feature",
            "geometry": {
                "type": "Point",
                "coordinates": [
                    129.69083333,
                    28.51861111
                ]
            },
            "properties": {
                "調査時期": "2023_S",
                "都道府県": "鹿児島県",
                "市区町村": "奄美市",
                "撮影場所": "",
                "撮影日時": "2023-08-12T22:03:00+09:00",
                "緯度": "28.51861111 ",
                "経度": "129.69083333 ",
                "夜空の明るさ": "20.95",
                "ばらつき": "0.14",
                "周辺状況": "",
                "備考": "",
                "継続観察登録地点": ""
            }
        },
        {
            "type": "Feature",
            "geometry": {
                "type": "Point",
                "coordinates": [
                    129.71583333,
                    28.47166667
                ]
            },
            "properties": {
                "調査時期": "2023_S",
                "都道府県": "鹿児島県",
                "市区町村": "奄美市",
                "撮影場所": "",
                "撮影日時": "2023-08-12T22:03:00+09:00",
                "緯度": "28.47166667 ",
                "経度": "129.71583333 ",
                "夜空の明るさ": "20.95",
                "ばらつき": "0.14",
                "周辺状況": "",
                "備考": "",
                "継続観察登録地点": ""
            }
        },
        {
            "type": "Feature",
            "geometry": {
                "type": "Point",
                "coordinates": [
                    129.40333333,
                    28.255
                ]
            },
            "properties": {
                "調査時期": "2023_S",
                "都道府県": "鹿児島県",
                "市区町村": "奄美市",
                "撮影場所": "",
                "撮影日時": "2023-08-20T21:46:00+09:00",
                "緯度": "28.25500000 ",
                "経度": "129.40333333 ",
                "夜空の明るさ": "",
                "ばらつき": "",
                "周辺状況": "",
                "備考": "測定不可（雲量大）",
                "継続観察登録地点": ""
            }
        },
        {
            "type": "Feature",
            "geometry": {
                "type": "Point",
                "coordinates": [
                    129.4775,
                    28.29416667
                ]
            },
            "properties": {
                "調査時期": "2023_S",
                "都道府県": "鹿児島県",
                "市区町村": "奄美市",
                "撮影場所": "",
                "撮影日時": "2023-08-20T22:19:00+09:00",
                "緯度": "28.29416667 ",
                "経度": "129.47750000 ",
                "夜空の明るさ": "20.62",
                "ばらつき": "0.30",
                "周辺状況": "",
                "備考": "参考値（薄雲）",
                "継続観察登録地点": ""
            }
        },
        {
            "type": "Feature",
            "geometry": {
                "type": "Point",
                "coordinates": [
                    130.97944444,
                    30.55666667
                ]
            },
            "properties": {
                "調査時期": "2023_S",
                "都道府県": "鹿児島県",
                "市区町村": "中種子町",
                "撮影場所": "熊毛郡中種子町",
                "撮影日時": "2023-08-13T22:02:00+09:00",
                "緯度": "30.55666667 ",
                "経度": "130.97944444 ",
                "夜空の明るさ": "21.58",
                "ばらつき": "0.19",
                "周辺状況": "農業地域",
                "備考": "",
                "継続観察登録地点": "○"
            }
        },
        {
            "type": "Feature",
            "geometry": {
                "type": "Point",
                "coordinates": [
                    129.275,
                    28.32527778
                ]
            },
            "properties": {
                "調査時期": "2023_S",
                "都道府県": "鹿児島県",
                "市区町村": "大和村",
                "撮影場所": "",
                "撮影日時": "2023-08-18T20:37:00+09:00",
                "緯度": "28.32527778 ",
                "経度": "129.27500000 ",
                "夜空の明るさ": "21.27",
                "ばらつき": "0.10",
                "周辺状況": "",
                "備考": "",
                "継続観察登録地点": ""
            }
        },
        {
            "type": "Feature",
            "geometry": {
                "type": "Point",
                "coordinates": [
                    129.28861111,
                    28.32777778
                ]
            },
            "properties": {
                "調査時期": "2023_S",
                "都道府県": "鹿児島県",
                "市区町村": "大和村",
                "撮影場所": "",
                "撮影日時": "2023-08-18T20:46:00+09:00",
                "緯度": "28.32777778 ",
                "経度": "129.28861111 ",
                "夜空の明るさ": "21.76",
                "ばらつき": "0.14",
                "周辺状況": "",
                "備考": "",
                "継続観察登録地点": ""
            }
        },
        {
            "type": "Feature",
            "geometry": {
                "type": "Point",
                "coordinates": [
                    129.29972222,
                    28.32805556
                ]
            },
            "properties": {
                "調査時期": "2023_S",
                "都道府県": "鹿児島県",
                "市区町村": "大和村",
                "撮影場所": "",
                "撮影日時": "2023-08-18T20:52:00+09:00",
                "緯度": "28.32805556 ",
                "経度": "129.29972222 ",
                "夜空の明るさ": "21.78",
                "ばらつき": "0.12",
                "周辺状況": "",
                "備考": "",
                "継続観察登録地点": ""
            }
        },
        {
            "type": "Feature",
            "geometry": {
                "type": "Point",
                "coordinates": [
                    129.31333333,
                    28.34444444
                ]
            },
            "properties": {
                "調査時期": "2023_S",
                "都道府県": "鹿児島県",
                "市区町村": "大和村",
                "撮影場所": "",
                "撮影日時": "2023-08-18T21:02:00+09:00",
                "緯度": "28.34444444 ",
                "経度": "129.31333333 ",
                "夜空の明るさ": "21.81",
                "ばらつき": "0.14",
                "周辺状況": "",
                "備考": "",
                "継続観察登録地点": ""
            }
        },
        {
            "type": "Feature",
            "geometry": {
                "type": "Point",
                "coordinates": [
                    129.32277778,
                    28.34888889
                ]
            },
            "properties": {
                "調査時期": "2023_S",
                "都道府県": "鹿児島県",
                "市区町村": "大和村",
                "撮影場所": "",
                "撮影日時": "2023-08-18T21:33:00+09:00",
                "緯度": "28.34888889 ",
                "経度": "129.32277778 ",
                "夜空の明るさ": "21.70",
                "ばらつき": "0.18",
                "周辺状況": "",
                "備考": "",
                "継続観察登録地点": ""
            }
        },
        {
            "type": "Feature",
            "geometry": {
                "type": "Point",
                "coordinates": [
                    129.32805556,
                    28.35222222
                ]
            },
            "properties": {
                "調査時期": "2023_S",
                "都道府県": "鹿児島県",
                "市区町村": "大和村",
                "撮影場所": "",
                "撮影日時": "2023-08-18T21:44:00+09:00",
                "緯度": "28.35222222 ",
                "経度": "129.32805556 ",
                "夜空の明るさ": "21.73",
                "ばらつき": "0.15",
                "周辺状況": "",
                "備考": "",
                "継続観察登録地点": ""
            }
        },
        {
            "type": "Feature",
            "geometry": {
                "type": "Point",
                "coordinates": [
                    129.34027778,
                    28.36527778
                ]
            },
            "properties": {
                "調査時期": "2023_S",
                "都道府県": "鹿児島県",
                "市区町村": "大和村",
                "撮影場所": "",
                "撮影日時": "2023-08-18T21:56:00+09:00",
                "緯度": "28.36527778 ",
                "経度": "129.34027778 ",
                "夜空の明るさ": "21.70",
                "ばらつき": "0.09",
                "周辺状況": "",
                "備考": "",
                "継続観察登録地点": ""
            }
        },
        {
            "type": "Feature",
            "geometry": {
                "type": "Point",
                "coordinates": [
                    129.35027778,
                    28.36444444
                ]
            },
            "properties": {
                "調査時期": "2023_S",
                "都道府県": "鹿児島県",
                "市区町村": "大和村",
                "撮影場所": "",
                "撮影日時": "2023-08-18T22:06:00+09:00",
                "緯度": "28.36444444 ",
                "経度": "129.35027778 ",
                "夜空の明るさ": "21.57",
                "ばらつき": "0.08",
                "周辺状況": "",
                "備考": "",
                "継続観察登録地点": ""
            }
        },
        {
            "type": "Feature",
            "geometry": {
                "type": "Point",
                "coordinates": [
                    129.40694444,
                    28.37305556
                ]
            },
            "properties": {
                "調査時期": "2023_S",
                "都道府県": "鹿児島県",
                "市区町村": "大和村",
                "撮影場所": "",
                "撮影日時": "2023-08-19T20:47:00+09:00",
                "緯度": "28.37305556 ",
                "経度": "129.40694444 ",
                "夜空の明るさ": "21.27",
                "ばらつき": "0.21",
                "周辺状況": "",
                "備考": "",
                "継続観察登録地点": ""
            }
        },
        {
            "type": "Feature",
            "geometry": {
                "type": "Point",
                "coordinates": [
                    129.27361111,
                    28.32055556
                ]
            },
            "properties": {
                "調査時期": "2023_S",
                "都道府県": "鹿児島県",
                "市区町村": "大和村",
                "撮影場所": "",
                "撮影日時": "2023-08-19T22:19:00+09:00",
                "緯度": "28.32055556 ",
                "経度": "129.27361111 ",
                "夜空の明るさ": "21.68",
                "ばらつき": "0.14",
                "周辺状況": "",
                "備考": "",
                "継続観察登録地点": ""
            }
        },
        {
            "type": "Feature",
            "geometry": {
                "type": "Point",
                "coordinates": [
                    129.28333333,
                    28.27638889
                ]
            },
            "properties": {
                "調査時期": "2023_S",
                "都道府県": "鹿児島県",
                "市区町村": "宇検村",
                "撮影場所": "",
                "撮影日時": "2023-08-13T20:59:00+09:00",
                "緯度": "28.27638889 ",
                "経度": "129.28333333 ",
                "夜空の明るさ": "21.49",
                "ばらつき": "0.17",
                "周辺状況": "",
                "備考": "",
                "継続観察登録地点": ""
            }
        },
        {
            "type": "Feature",
            "geometry": {
                "type": "Point",
                "coordinates": [
                    129.265,
                    28.27666667
                ]
            },
            "properties": {
                "調査時期": "2023_S",
                "都道府県": "鹿児島県",
                "市区町村": "宇検村",
                "撮影場所": "",
                "撮影日時": "2023-08-19T22:58:00+09:00",
                "緯度": "28.27666667 ",
                "経度": "129.26500000 ",
                "夜空の明るさ": "21.50",
                "ばらつき": "0.13",
                "周辺状況": "",
                "備考": "",
                "継続観察登録地点": ""
            }
        },
        {
            "type": "Feature",
            "geometry": {
                "type": "Point",
                "coordinates": [
                    129.22916667,
                    28.29388889
                ]
            },
            "properties": {
                "調査時期": "2023_S",
                "都道府県": "鹿児島県",
                "市区町村": "宇検村",
                "撮影場所": "",
                "撮影日時": "2023-08-19T22:43:00+09:00",
                "緯度": "28.29388889 ",
                "経度": "129.22916667 ",
                "夜空の明るさ": "21.26",
                "ばらつき": "0.08",
                "周辺状況": "",
                "備考": "",
                "継続観察登録地点": ""
            }
        },
        {
            "type": "Feature",
            "geometry": {
                "type": "Point",
                "coordinates": [
                    129.3125,
                    28.175
                ]
            },
            "properties": {
                "調査時期": "2023_S",
                "都道府県": "鹿児島県",
                "市区町村": "瀬戸内町",
                "撮影場所": "鹿児島県瀬戸内町油井岳",
                "撮影日時": "2023-08-13T20:53:00+09:00",
                "緯度": "28.17500000 ",
                "経度": "129.31250000 ",
                "夜空の明るさ": "21.74",
                "ばらつき": "0.08",
                "周辺状況": "自然公園等",
                "備考": "",
                "継続観察登録地点": "○"
            }
        },
        {
            "type": "Feature",
            "geometry": {
                "type": "Point",
                "coordinates": [
                    129.32666667,
                    28.175
                ]
            },
            "properties": {
                "調査時期": "2023_S",
                "都道府県": "鹿児島県",
                "市区町村": "瀬戸内町",
                "撮影場所": "鹿児島県大島郡瀬戸内町阿木名",
                "撮影日時": "2023-08-18T20:44:00+09:00",
                "緯度": "28.17500000 ",
                "経度": "129.32666667 ",
                "夜空の明るさ": "",
                "ばらつき": "",
                "周辺状況": "農業地域",
                "備考": "測定不可（雲量大）",
                "継続観察登録地点": "○"
            }
        },
        {
            "type": "Feature",
            "geometry": {
                "type": "Point",
                "coordinates": [
                    129.33694444,
                    28.16833333
                ]
            },
            "properties": {
                "調査時期": "2023_S",
                "都道府県": "鹿児島県",
                "市区町村": "瀬戸内町",
                "撮影場所": "",
                "撮影日時": "2023-08-19T20:45:00+09:00",
                "緯度": "28.16833333 ",
                "経度": "129.33694444 ",
                "夜空の明るさ": "21.25",
                "ばらつき": "0.15",
                "周辺状況": "",
                "備考": "",
                "継続観察登録地点": ""
            }
        },
        {
            "type": "Feature",
            "geometry": {
                "type": "Point",
                "coordinates": [
                    129.37,
                    28.13083333
                ]
            },
            "properties": {
                "調査時期": "2023_S",
                "都道府県": "鹿児島県",
                "市区町村": "瀬戸内町",
                "撮影場所": "鹿児島県大島郡瀬戸内町ホノホシ海岸",
                "撮影日時": "2023-08-19T21:00:00+09:00",
                "緯度": "28.13083333 ",
                "経度": "129.37000000 ",
                "夜空の明るさ": "21.60",
                "ばらつき": "0.25",
                "周辺状況": "自然公園等",
                "備考": "",
                "継続観察登録地点": "○"
            }
        },
        {
            "type": "Feature",
            "geometry": {
                "type": "Point",
                "coordinates": [
                    129.36361111,
                    28.12361111
                ]
            },
            "properties": {
                "調査時期": "2023_S",
                "都道府県": "鹿児島県",
                "市区町村": "瀬戸内町",
                "撮影場所": "鹿児島県大島郡瀬戸内町ヤドリ浜",
                "撮影日時": "2023-08-19T21:05:00+09:00",
                "緯度": "28.12361111 ",
                "経度": "129.36361111 ",
                "夜空の明るさ": "21.63",
                "ばらつき": "0.17",
                "周辺状況": "自然公園等",
                "備考": "",
                "継続観察登録地点": "○"
            }
        },
        {
            "type": "Feature",
            "geometry": {
                "type": "Point",
                "coordinates": [
                    129.33694444,
                    28.13138889
                ]
            },
            "properties": {
                "調査時期": "2023_S",
                "都道府県": "鹿児島県",
                "市区町村": "瀬戸内町",
                "撮影場所": "鹿児島県大島郡瀬戸内町マネン崎",
                "撮影日時": "2023-08-19T22:01:00+09:00",
                "緯度": "28.13138889 ",
                "経度": "129.33694444 ",
                "夜空の明るさ": "21.65",
                "ばらつき": "0.21",
                "周辺状況": "自然公園等",
                "備考": "",
                "継続観察登録地点": "○"
            }
        },
        {
            "type": "Feature",
            "geometry": {
                "type": "Point",
                "coordinates": [
                    129.29611111,
                    28.14944444
                ]
            },
            "properties": {
                "調査時期": "2023_S",
                "都道府県": "鹿児島県",
                "市区町村": "瀬戸内町",
                "撮影場所": "",
                "撮影日時": "2023-08-19T22:15:00+09:00",
                "緯度": "28.14944444 ",
                "経度": "129.29611111 ",
                "夜空の明るさ": "21.32",
                "ばらつき": "0.07",
                "周辺状況": "",
                "備考": "",
                "継続観察登録地点": ""
            }
        },
        {
            "type": "Feature",
            "geometry": {
                "type": "Point",
                "coordinates": [
                    129.64,
                    28.41777778
                ]
            },
            "properties": {
                "調査時期": "2023_S",
                "都道府県": "鹿児島県",
                "市区町村": "龍郷町",
                "撮影場所": "鹿児島県大島郡龍郷町赤尾木",
                "撮影日時": "2023-08-12T21:09:00+09:00",
                "緯度": "28.41777778 ",
                "経度": "129.64000000 ",
                "夜空の明るさ": "21.04",
                "ばらつき": "0.09",
                "周辺状況": "その他",
                "備考": "",
                "継続観察登録地点": "○"
            }
        },
        {
            "type": "Feature",
            "geometry": {
                "type": "Point",
                "coordinates": [
                    129.595,
                    28.45472222
                ]
            },
            "properties": {
                "調査時期": "2023_S",
                "都道府県": "鹿児島県",
                "市区町村": "龍郷町",
                "撮影場所": "",
                "撮影日時": "2023-08-18T22:00:00+09:00",
                "緯度": "28.45472222 ",
                "経度": "129.59500000 ",
                "夜空の明るさ": "21.12",
                "ばらつき": "0.21",
                "周辺状況": "",
                "備考": "",
                "継続観察登録地点": ""
            }
        },
        {
            "type": "Feature",
            "geometry": {
                "type": "Point",
                "coordinates": [
                    129.59083333,
                    28.41472222
                ]
            },
            "properties": {
                "調査時期": "2023_S",
                "都道府県": "鹿児島県",
                "市区町村": "龍郷町",
                "撮影場所": "",
                "撮影日時": "2023-08-18T21:41:00+09:00",
                "緯度": "28.41472222 ",
                "経度": "129.59083333 ",
                "夜空の明るさ": "20.62",
                "ばらつき": "0.12",
                "周辺状況": "",
                "備考": "",
                "継続観察登録地点": ""
            }
        },
        {
            "type": "Feature",
            "geometry": {
                "type": "Point",
                "coordinates": [
                    128.96861111,
                    27.89111111
                ]
            },
            "properties": {
                "調査時期": "2023_S",
                "都道府県": "鹿児島県",
                "市区町村": "徳之島町",
                "撮影場所": "",
                "撮影日時": "2023-08-12T20:54:00+09:00",
                "緯度": "27.89111111 ",
                "経度": "128.96861111 ",
                "夜空の明るさ": "21.50",
                "ばらつき": "0.25",
                "周辺状況": "",
                "備考": "",
                "継続観察登録地点": ""
            }
        },
        {
            "type": "Feature",
            "geometry": {
                "type": "Point",
                "coordinates": [
                    128.96833333,
                    27.81805556
                ]
            },
            "properties": {
                "調査時期": "2023_S",
                "都道府県": "鹿児島県",
                "市区町村": "徳之島町",
                "撮影場所": "",
                "撮影日時": "2023-08-12T21:18:00+09:00",
                "緯度": "27.81805556 ",
                "経度": "128.96833333 ",
                "夜空の明るさ": "21.44",
                "ばらつき": "0.14",
                "周辺状況": "",
                "備考": "",
                "継続観察登録地点": ""
            }
        },
        {
            "type": "Feature",
            "geometry": {
                "type": "Point",
                "coordinates": [
                    129.03722222,
                    27.76638889
                ]
            },
            "properties": {
                "調査時期": "2023_S",
                "都道府県": "鹿児島県",
                "市区町村": "徳之島町",
                "撮影場所": "",
                "撮影日時": "2023-08-12T21:43:00+09:00",
                "緯度": "27.76638889 ",
                "経度": "129.03722222 ",
                "夜空の明るさ": "21.54",
                "ばらつき": "0.14",
                "周辺状況": "",
                "備考": "",
                "継続観察登録地点": ""
            }
        },
        {
            "type": "Feature",
            "geometry": {
                "type": "Point",
                "coordinates": [
                    128.90055556,
                    27.89277778
                ]
            },
            "properties": {
                "調査時期": "2023_S",
                "都道府県": "鹿児島県",
                "市区町村": "天城町",
                "撮影場所": "",
                "撮影日時": "2023-08-12T20:37:00+09:00",
                "緯度": "27.89277778 ",
                "経度": "128.90055556 ",
                "夜空の明るさ": "21.65",
                "ばらつき": "0.12",
                "周辺状況": "",
                "備考": "",
                "継続観察登録地点": ""
            }
        },
        {
            "type": "Feature",
            "geometry": {
                "type": "Point",
                "coordinates": [
                    128.88361111,
                    27.72361111
                ]
            },
            "properties": {
                "調査時期": "2023_S",
                "都道府県": "鹿児島県",
                "市区町村": "伊仙町",
                "撮影場所": "",
                "撮影日時": "2023-08-11T21:43:00+09:00",
                "緯度": "27.72361111 ",
                "経度": "128.88361111 ",
                "夜空の明るさ": "21.46",
                "ばらつき": "0.15",
                "周辺状況": "",
                "備考": "",
                "継続観察登録地点": ""
            }
        },
        {
            "type": "Feature",
            "geometry": {
                "type": "Point",
                "coordinates": [
                    128.96972222,
                    27.66972222
                ]
            },
            "properties": {
                "調査時期": "2023_S",
                "都道府県": "鹿児島県",
                "市区町村": "伊仙町",
                "撮影場所": "",
                "撮影日時": "2023-08-12T22:09:00+09:00",
                "緯度": "27.66972222 ",
                "経度": "128.96972222 ",
                "夜空の明るさ": "21.69",
                "ばらつき": "0.17",
                "周辺状況": "",
                "備考": "",
                "継続観察登録地点": ""
            }
        },
        {
            "type": "Feature",
            "geometry": {
                "type": "Point",
                "coordinates": [
                    128.42833333,
                    27.04305556
                ]
            },
            "properties": {
                "調査時期": "2023_S",
                "都道府県": "鹿児島県",
                "市区町村": "与論町",
                "撮影場所": "与論町内",
                "撮影日時": "2023-08-12T21:30:00+09:00",
                "緯度": "27.04305556 ",
                "経度": "128.42833333 ",
                "夜空の明るさ": "21.48",
                "ばらつき": "0.14",
                "周辺状況": "農業地域",
                "備考": "",
                "継続観察登録地点": "○"
            }
        },
        {
            "type": "Feature",
            "geometry": {
                "type": "Point",
                "coordinates": [
                    128.42833333,
                    27.04305556
                ]
            },
            "properties": {
                "調査時期": "2023_S",
                "都道府県": "鹿児島県",
                "市区町村": "与論町",
                "撮影場所": "与論町内",
                "撮影日時": "2023-08-12T22:25:00+09:00",
                "緯度": "27.04305556 ",
                "経度": "128.42833333 ",
                "夜空の明るさ": "21.60",
                "ばらつき": "0.30",
                "周辺状況": "農業地域",
                "備考": "",
                "継続観察登録地点": "○"
            }
        },
        {
            "type": "Feature",
            "geometry": {
                "type": "Point",
                "coordinates": [
                    128.42833333,
                    27.04305556
                ]
            },
            "properties": {
                "調査時期": "2023_S",
                "都道府県": "鹿児島県",
                "市区町村": "与論町",
                "撮影場所": "与論町内",
                "撮影日時": "2023-08-13T22:04:00+09:00",
                "緯度": "27.04305556 ",
                "経度": "128.42833333 ",
                "夜空の明るさ": "21.60",
                "ばらつき": "0.17",
                "周辺状況": "農業地域",
                "備考": "",
                "継続観察登録地点": "○"
            }
        },
        {
            "type": "Feature",
            "geometry": {
                "type": "Point",
                "coordinates": [
                    128.42833333,
                    27.04305556
                ]
            },
            "properties": {
                "調査時期": "2023_S",
                "都道府県": "鹿児島県",
                "市区町村": "与論町",
                "撮影場所": "与論町内",
                "撮影日時": "2023-08-13T22:26:00+09:00",
                "緯度": "27.04305556 ",
                "経度": "128.42833333 ",
                "夜空の明るさ": "21.61",
                "ばらつき": "0.18",
                "周辺状況": "農業地域",
                "備考": "",
                "継続観察登録地点": "○"
            }
        },
        {
            "type": "Feature",
            "geometry": {
                "type": "Point",
                "coordinates": [
                    127.92805556,
                    26.69222222
                ]
            },
            "properties": {
                "調査時期": "2023_S",
                "都道府県": "沖縄県",
                "市区町村": "今帰仁村",
                "撮影場所": "沖縄県国頭郡今帰仁村今泊　今帰仁城跡内　",
                "撮影日時": "2023-08-10T21:54:00+09:00",
                "緯度": "26.69222222 ",
                "経度": "127.92805556 ",
                "夜空の明るさ": "19.98",
                "ばらつき": "0.16",
                "周辺状況": "自然公園等",
                "備考": "",
                "継続観察登録地点": "○"
            }
        },
        {
            "type": "Feature",
            "geometry": {
                "type": "Point",
                "coordinates": [
                    127.94944444,
                    26.6975
                ]
            },
            "properties": {
                "調査時期": "2023_S",
                "都道府県": "沖縄県",
                "市区町村": "今帰仁村",
                "撮影場所": "沖縄県国頭郡今帰仁村字与那嶺",
                "撮影日時": "2023-08-09T21:34:00+09:00",
                "緯度": "26.69750000 ",
                "経度": "127.94944444 ",
                "夜空の明るさ": "20.82",
                "ばらつき": "0.15",
                "周辺状況": "住宅地域",
                "備考": "",
                "継続観察登録地点": "○"
            }
        },
        {
            "type": "Feature",
            "geometry": {
                "type": "Point",
                "coordinates": [
                    123.7975,
                    24.04972222
                ]
            },
            "properties": {
                "調査時期": "2023_S",
                "都道府県": "沖縄県",
                "市区町村": "竹富町",
                "撮影場所": "波照間島星空観測タワー広場",
                "撮影日時": "2023-08-20T21:35:00+09:00",
                "緯度": "24.04972222 ",
                "経度": "123.79750000 ",
                "夜空の明るさ": "21.51",
                "ばらつき": "0.20",
                "周辺状況": "その他",
                "備考": "",
                "継続観察登録地点": "○"
            }
        }
    ]
}