{
    "type": "FeatureCollection",
    "features": [
        {
            "type": "Feature",
            "geometry": {
                "type": "Point",
                "coordinates": [
                    141.0605556,
                    42.635
                ]
            },
            "properties": {
                "調査時期": "2022_W",
                "都道府県": "北海道",
                "市区町村": "伊達市",
                "撮影場所": "",
                "撮影日時": "2022-01-24T18:51:00+09:00",
                "緯度": "42.635",
                "経度": "141.0605556",
                "夜空の明るさ": "20.78",
                "ばらつき": "0.22",
                "周辺状況": "",
                "備考": "",
                "継続観察登録地点": ""
            }
        },
        {
            "type": "Feature",
            "geometry": {
                "type": "Point",
                "coordinates": [
                    141.0255556,
                    42.62416667
                ]
            },
            "properties": {
                "調査時期": "2022_W",
                "都道府県": "北海道",
                "市区町村": "伊達市",
                "撮影場所": "北湯沢温泉",
                "撮影日時": "2022-01-24T19:17:00+09:00",
                "緯度": "42.62416667",
                "経度": "141.0255556",
                "夜空の明るさ": "20.21",
                "ばらつき": "0.07",
                "周辺状況": "森林山間地",
                "備考": "",
                "継続観察登録地点": "○"
            }
        },
        {
            "type": "Feature",
            "geometry": {
                "type": "Point",
                "coordinates": [
                    143.7661111,
                    43.45638889
                ]
            },
            "properties": {
                "調査時期": "2022_W",
                "都道府県": "北海道",
                "市区町村": "陸別町",
                "撮影場所": "りくべつ宇宙地球科学館（銀河の森天文台）",
                "撮影日時": "2022-01-27T19:37:00+09:00",
                "緯度": "43.45638889",
                "経度": "143.7661111",
                "夜空の明るさ": "20.39",
                "ばらつき": "0.09",
                "周辺状況": "森林山間地",
                "備考": "",
                "継続観察登録地点": "○"
            }
        },
        {
            "type": "Feature",
            "geometry": {
                "type": "Point",
                "coordinates": [
                    143.7658333,
                    43.45638889
                ]
            },
            "properties": {
                "調査時期": "2022_W",
                "都道府県": "北海道",
                "市区町村": "陸別町",
                "撮影場所": "りくべつ宇宙地球科学館（銀河の森天文台）",
                "撮影日時": "2022-01-27T20:01:00+09:00",
                "緯度": "43.45638889",
                "経度": "143.7658333",
                "夜空の明るさ": "20.65",
                "ばらつき": "0.06",
                "周辺状況": "森林山間地",
                "備考": "",
                "継続観察登録地点": "○"
            }
        },
        {
            "type": "Feature",
            "geometry": {
                "type": "Point",
                "coordinates": [
                    141.1022222,
                    42.46027778
                ]
            },
            "properties": {
                "調査時期": "2022_W",
                "都道府県": "北海道",
                "市区町村": "登別市",
                "撮影場所": "",
                "撮影日時": "2022-01-27T19:32:00+09:00",
                "緯度": "42.46027778",
                "経度": "141.1022222",
                "夜空の明るさ": "20.49",
                "ばらつき": "0.1",
                "周辺状況": "",
                "備考": "",
                "継続観察登録地点": ""
            }
        },
        {
            "type": "Feature",
            "geometry": {
                "type": "Point",
                "coordinates": [
                    143.7661111,
                    43.45638889
                ]
            },
            "properties": {
                "調査時期": "2022_W",
                "都道府県": "北海道",
                "市区町村": "陸別町",
                "撮影場所": "りくべつ宇宙地球科学館（銀河の森天文台）",
                "撮影日時": "2022-01-29T20:05:00+09:00",
                "緯度": "43.45638889",
                "経度": "143.7661111",
                "夜空の明るさ": "20.78",
                "ばらつき": "0.1",
                "周辺状況": "森林山間地",
                "備考": "",
                "継続観察登録地点": "○"
            }
        },
        {
            "type": "Feature",
            "geometry": {
                "type": "Point",
                "coordinates": [
                    143.7661111,
                    43.45638889
                ]
            },
            "properties": {
                "調査時期": "2022_W",
                "都道府県": "北海道",
                "市区町村": "陸別町",
                "撮影場所": "りくべつ宇宙地球科学館（銀河の森天文台）",
                "撮影日時": "2022-01-30T20:01:00+09:00",
                "緯度": "43.45638889",
                "経度": "143.7661111",
                "夜空の明るさ": "20.84",
                "ばらつき": "0.11",
                "周辺状況": "森林山間地",
                "備考": "",
                "継続観察登録地点": "○"
            }
        },
        {
            "type": "Feature",
            "geometry": {
                "type": "Point",
                "coordinates": [
                    141.0252778,
                    42.62388889
                ]
            },
            "properties": {
                "調査時期": "2022_W",
                "都道府県": "北海道",
                "市区町村": "伊達市",
                "撮影場所": "北湯沢温泉",
                "撮影日時": "2022-01-31T18:59:00+09:00",
                "緯度": "42.62388889",
                "経度": "141.0252778",
                "夜空の明るさ": "19.96",
                "ばらつき": "0.1",
                "周辺状況": "森林山間地",
                "備考": "",
                "継続観察登録地点": "○"
            }
        },
        {
            "type": "Feature",
            "geometry": {
                "type": "Point",
                "coordinates": [
                    141.0252778,
                    42.62388889
                ]
            },
            "properties": {
                "調査時期": "2022_W",
                "都道府県": "北海道",
                "市区町村": "伊達市",
                "撮影場所": "北湯沢温泉",
                "撮影日時": "2022-01-31T18:56:00+09:00",
                "緯度": "42.62388889",
                "経度": "141.0252778",
                "夜空の明るさ": "19.62",
                "ばらつき": "0.07",
                "周辺状況": "森林山間地",
                "備考": "",
                "継続観察登録地点": "○"
            }
        },
        {
            "type": "Feature",
            "geometry": {
                "type": "Point",
                "coordinates": [
                    143.7661111,
                    43.45638889
                ]
            },
            "properties": {
                "調査時期": "2022_W",
                "都道府県": "北海道",
                "市区町村": "陸別町",
                "撮影場所": "りくべつ宇宙地球科学館（銀河の森天文台）",
                "撮影日時": "2022-01-31T20:02:00+09:00",
                "緯度": "43.45638889",
                "経度": "143.7661111",
                "夜空の明るさ": "20.85",
                "ばらつき": "0.16",
                "周辺状況": "森林山間地",
                "備考": "",
                "継続観察登録地点": "○"
            }
        },
        {
            "type": "Feature",
            "geometry": {
                "type": "Point",
                "coordinates": [
                    143.7658333,
                    43.45638889
                ]
            },
            "properties": {
                "調査時期": "2022_W",
                "都道府県": "北海道",
                "市区町村": "陸別町",
                "撮影場所": "りくべつ宇宙地球科学館（銀河の森天文台）",
                "撮影日時": "2022-02-01T20:02:00+09:00",
                "緯度": "43.45638889",
                "経度": "143.7658333",
                "夜空の明るさ": "20.94",
                "ばらつき": "0.11",
                "周辺状況": "森林山間地",
                "備考": "",
                "継続観察登録地点": "○"
            }
        },
        {
            "type": "Feature",
            "geometry": {
                "type": "Point",
                "coordinates": [
                    143.7661111,
                    43.45638889
                ]
            },
            "properties": {
                "調査時期": "2022_W",
                "都道府県": "北海道",
                "市区町村": "陸別町",
                "撮影場所": "りくべつ宇宙地球科学館（銀河の森天文台）",
                "撮影日時": "2022-02-02T20:01:00+09:00",
                "緯度": "43.45638889",
                "経度": "143.7661111",
                "夜空の明るさ": "20.68",
                "ばらつき": "0.09",
                "周辺状況": "森林山間地",
                "備考": "",
                "継続観察登録地点": "○"
            }
        },
        {
            "type": "Feature",
            "geometry": {
                "type": "Point",
                "coordinates": [
                    140.9091667,
                    42.57138889
                ]
            },
            "properties": {
                "調査時期": "2022_W",
                "都道府県": "北海道",
                "市区町村": "壮瞥町",
                "撮影場所": "",
                "撮影日時": "2022-01-27T20:25:00+09:00",
                "緯度": "42.57138889",
                "経度": "140.9091667",
                "夜空の明るさ": "20.53",
                "ばらつき": "0.09",
                "周辺状況": "",
                "備考": "",
                "継続観察登録地点": ""
            }
        },
        {
            "type": "Feature",
            "geometry": {
                "type": "Point",
                "coordinates": [
                    142.4827778,
                    44.37388889
                ]
            },
            "properties": {
                "調査時期": "2022_W",
                "都道府県": "北海道",
                "市区町村": "名寄市",
                "撮影場所": "なよろ市立天文台",
                "撮影日時": "2022-01-24T18:36:00+09:00",
                "緯度": "44.37388889",
                "経度": "142.4827778",
                "夜空の明るさ": "19.88",
                "ばらつき": "0.2",
                "周辺状況": "住宅地域",
                "備考": "",
                "継続観察登録地点": "○"
            }
        },
        {
            "type": "Feature",
            "geometry": {
                "type": "Point",
                "coordinates": [
                    142.4827778,
                    44.37416667
                ]
            },
            "properties": {
                "調査時期": "2022_W",
                "都道府県": "北海道",
                "市区町村": "名寄市",
                "撮影場所": "なよろ市立天文台",
                "撮影日時": "2022-02-01T18:16:00+09:00",
                "緯度": "44.37416667",
                "経度": "142.4827778",
                "夜空の明るさ": "19.64",
                "ばらつき": "0.16",
                "周辺状況": "住宅地域",
                "備考": "",
                "継続観察登録地点": "○"
            }
        },
        {
            "type": "Feature",
            "geometry": {
                "type": "Point",
                "coordinates": [
                    144.4025,
                    43.52444444
                ]
            },
            "properties": {
                "調査時期": "2022_W",
                "都道府県": "北海道",
                "市区町村": "弟子屈町",
                "撮影場所": "北海道川上郡弟子屈町",
                "撮影日時": "2022-01-30T18:38:00+09:00",
                "緯度": "43.52444444",
                "経度": "144.4025",
                "夜空の明るさ": "21.3",
                "ばらつき": "0.09",
                "周辺状況": "農業地域",
                "備考": "",
                "継続観察登録地点": "○"
            }
        },
        {
            "type": "Feature",
            "geometry": {
                "type": "Point",
                "coordinates": [
                    144.4025,
                    43.52472222
                ]
            },
            "properties": {
                "調査時期": "2022_W",
                "都道府県": "北海道",
                "市区町村": "弟子屈町",
                "撮影場所": "北海道川上郡弟子屈町",
                "撮影日時": "2022-01-30T19:46:00+09:00",
                "緯度": "43.52472222",
                "経度": "144.4025",
                "夜空の明るさ": "21.15",
                "ばらつき": "0.1",
                "周辺状況": "農業地域",
                "備考": "",
                "継続観察登録地点": "○"
            }
        },
        {
            "type": "Feature",
            "geometry": {
                "type": "Point",
                "coordinates": [
                    142.4827778,
                    44.37388889
                ]
            },
            "properties": {
                "調査時期": "2022_W",
                "都道府県": "北海道",
                "市区町村": "名寄市",
                "撮影場所": "なよろ市立天文台",
                "撮影日時": "2022-01-27T20:05:00+09:00",
                "緯度": "44.37388889",
                "経度": "142.4827778",
                "夜空の明るさ": "19.83",
                "ばらつき": "0.11",
                "周辺状況": "住宅地域",
                "備考": "",
                "継続観察登録地点": "○"
            }
        },
        {
            "type": "Feature",
            "geometry": {
                "type": "Point",
                "coordinates": [
                    140.8966667,
                    40.42666667
                ]
            },
            "properties": {
                "調査時期": "2022_W",
                "都道府県": "青森県",
                "市区町村": "十和田市",
                "撮影場所": "十和田湖付近",
                "撮影日時": "2022-02-03T18:59:00+09:00",
                "緯度": "40.42666667",
                "経度": "140.8966667",
                "夜空の明るさ": "19.22",
                "ばらつき": "0.1",
                "周辺状況": "自然公園等",
                "備考": "",
                "継続観察登録地点": "○"
            }
        },
        {
            "type": "Feature",
            "geometry": {
                "type": "Point",
                "coordinates": [
                    140.8969444,
                    40.42805556
                ]
            },
            "properties": {
                "調査時期": "2022_W",
                "都道府県": "青森県",
                "市区町村": "十和田市",
                "撮影場所": "十和田湖付近",
                "撮影日時": "2022-02-04T18:55:00+09:00",
                "緯度": "40.42805556",
                "経度": "140.8969444",
                "夜空の明るさ": "19.11",
                "ばらつき": "0.27",
                "周辺状況": "自然公園等",
                "備考": "",
                "継続観察登録地点": "○"
            }
        },
        {
            "type": "Feature",
            "geometry": {
                "type": "Point",
                "coordinates": [
                    141.5402778,
                    40.50527778
                ]
            },
            "properties": {
                "調査時期": "2022_W",
                "都道府県": "青森県",
                "市区町村": "八戸市",
                "撮影場所": "",
                "撮影日時": "2022-02-01T19:46:00+09:00",
                "緯度": "40.50527778",
                "経度": "141.5402778",
                "夜空の明るさ": "18.29",
                "ばらつき": "0.09",
                "周辺状況": "",
                "備考": "",
                "継続観察登録地点": ""
            }
        },
        {
            "type": "Feature",
            "geometry": {
                "type": "Point",
                "coordinates": [
                    141.3147222,
                    40.27138889
                ]
            },
            "properties": {
                "調査時期": "2022_W",
                "都道府県": "岩手県",
                "市区町村": "二戸市",
                "撮影場所": "二戸市福岡 古梅児童公園の近辺",
                "撮影日時": "2022-02-01T18:41:00+09:00",
                "緯度": "40.27138889",
                "経度": "141.3147222",
                "夜空の明るさ": "19.8",
                "ばらつき": "0.06",
                "周辺状況": "住宅地域",
                "備考": "",
                "継続観察登録地点": "○"
            }
        },
        {
            "type": "Feature",
            "geometry": {
                "type": "Point",
                "coordinates": [
                    141.6891667,
                    39.01166667
                ]
            },
            "properties": {
                "調査時期": "2022_W",
                "都道府県": "岩手県",
                "市区町村": "陸前高田市",
                "撮影場所": "",
                "撮影日時": "2022-02-04T20:00:00+09:00",
                "緯度": "39.01166667",
                "経度": "141.6891667",
                "夜空の明るさ": "20.76",
                "ばらつき": "0.1",
                "周辺状況": "",
                "備考": "",
                "継続観察登録地点": ""
            }
        },
        {
            "type": "Feature",
            "geometry": {
                "type": "Point",
                "coordinates": [
                    141.7211111,
                    39.06305556
                ]
            },
            "properties": {
                "調査時期": "2022_W",
                "都道府県": "岩手県",
                "市区町村": "大船渡市",
                "撮影場所": "大船渡市防災観光交流センター（おおふなぽーと）",
                "撮影日時": "2022-01-29T19:18:00+09:00",
                "緯度": "39.06305556",
                "経度": "141.7211111",
                "夜空の明るさ": "19.13",
                "ばらつき": "0.19",
                "周辺状況": "商業地域",
                "備考": "",
                "継続観察登録地点": "○"
            }
        },
        {
            "type": "Feature",
            "geometry": {
                "type": "Point",
                "coordinates": [
                    141.7416667,
                    38.98888889
                ]
            },
            "properties": {
                "調査時期": "2022_W",
                "都道府県": "岩手県",
                "市区町村": "大船渡市",
                "撮影場所": "大船渡市立博物館",
                "撮影日時": "2022-01-29T18:53:00+09:00",
                "緯度": "38.98888889",
                "経度": "141.7416667",
                "夜空の明るさ": "21.08",
                "ばらつき": "0.07",
                "周辺状況": "自然公園等",
                "備考": "",
                "継続観察登録地点": "○"
            }
        },
        {
            "type": "Feature",
            "geometry": {
                "type": "Point",
                "coordinates": [
                    141.7138889,
                    39.09083333
                ]
            },
            "properties": {
                "調査時期": "2022_W",
                "都道府県": "岩手県",
                "市区町村": "大船渡市",
                "撮影場所": "大船渡市猪川町字中井沢",
                "撮影日時": "2022-01-25T20:06:00+09:00",
                "緯度": "39.09083333",
                "経度": "141.7138889",
                "夜空の明るさ": "19.29",
                "ばらつき": "0.08",
                "周辺状況": "住宅地域",
                "備考": "",
                "継続観察登録地点": "○"
            }
        },
        {
            "type": "Feature",
            "geometry": {
                "type": "Point",
                "coordinates": [
                    141.6275,
                    39.00611111
                ]
            },
            "properties": {
                "調査時期": "2022_W",
                "都道府県": "岩手県",
                "市区町村": "陸前高田市",
                "撮影場所": "",
                "撮影日時": "2022-02-05T18:32:00+09:00",
                "緯度": "39.00611111",
                "経度": "141.6275",
                "夜空の明るさ": "16.5",
                "ばらつき": "0.37",
                "周辺状況": "",
                "備考": "参考値（薄雲）",
                "継続観察登録地点": ""
            }
        },
        {
            "type": "Feature",
            "geometry": {
                "type": "Point",
                "coordinates": [
                    141.6925,
                    39.01055556
                ]
            },
            "properties": {
                "調査時期": "2022_W",
                "都道府県": "岩手県",
                "市区町村": "陸前高田市",
                "撮影場所": "",
                "撮影日時": "2022-02-05T18:51:00+09:00",
                "緯度": "39.01055556",
                "経度": "141.6925",
                "夜空の明るさ": "17.27",
                "ばらつき": "0.36",
                "周辺状況": "",
                "備考": "参考値（薄雲）",
                "継続観察登録地点": ""
            }
        },
        {
            "type": "Feature",
            "geometry": {
                "type": "Point",
                "coordinates": [
                    141.4488889,
                    38.65833333
                ]
            },
            "properties": {
                "調査時期": "2022_W",
                "都道府県": "宮城県",
                "市区町村": "南三陸町",
                "撮影場所": "南三陸ホテル観洋屋上",
                "撮影日時": "2022-02-02T18:55:00+09:00",
                "緯度": "38.65833333",
                "経度": "141.4488889",
                "夜空の明るさ": "20.3",
                "ばらつき": "0.03",
                "周辺状況": "その他",
                "備考": "",
                "継続観察登録地点": "○"
            }
        },
        {
            "type": "Feature",
            "geometry": {
                "type": "Point",
                "coordinates": [
                    140.7561111,
                    38.07555556
                ]
            },
            "properties": {
                "調査時期": "2022_W",
                "都道府県": "宮城県",
                "市区町村": "柴田町",
                "撮影場所": "柴田郡柴田町本船迫",
                "撮影日時": "2022-01-28T19:49:00+09:00",
                "緯度": "38.07555556",
                "経度": "140.7561111",
                "夜空の明るさ": "19.31",
                "ばらつき": "0.07",
                "周辺状況": "自然公園等",
                "備考": "",
                "継続観察登録地点": "○"
            }
        },
        {
            "type": "Feature",
            "geometry": {
                "type": "Point",
                "coordinates": [
                    140.9930556,
                    37.21555556
                ]
            },
            "properties": {
                "調査時期": "2022_W",
                "都道府県": "福島県",
                "市区町村": "広野町",
                "撮影場所": "双葉郡広野町",
                "撮影日時": "2022-01-24T19:58:00+09:00",
                "緯度": "37.21555556",
                "経度": "140.9930556",
                "夜空の明るさ": "19.75",
                "ばらつき": "0.07",
                "周辺状況": "住宅地域",
                "備考": "",
                "継続観察登録地点": "○"
            }
        },
        {
            "type": "Feature",
            "geometry": {
                "type": "Point",
                "coordinates": [
                    140.9930556,
                    37.21555556
                ]
            },
            "properties": {
                "調査時期": "2022_W",
                "都道府県": "福島県",
                "市区町村": "広野町",
                "撮影場所": "双葉郡広野町",
                "撮影日時": "2022-01-24T19:54:00+09:00",
                "緯度": "37.21555556",
                "経度": "140.9930556",
                "夜空の明るさ": "19.62",
                "ばらつき": "0.07",
                "周辺状況": "住宅地域",
                "備考": "",
                "継続観察登録地点": "○"
            }
        },
        {
            "type": "Feature",
            "geometry": {
                "type": "Point",
                "coordinates": [
                    140.9241667,
                    37.0075
                ]
            },
            "properties": {
                "調査時期": "2022_W",
                "都道府県": "福島県",
                "市区町村": "いわき市",
                "撮影場所": "いわき市中央台鹿島",
                "撮影日時": "2022-01-24T20:00:00+09:00",
                "緯度": "37.0075",
                "経度": "140.9241667",
                "夜空の明るさ": "19.33",
                "ばらつき": "0.07",
                "周辺状況": "住宅地域",
                "備考": "",
                "継続観察登録地点": "○"
            }
        },
        {
            "type": "Feature",
            "geometry": {
                "type": "Point",
                "coordinates": [
                    140.9513889,
                    37.19166667
                ]
            },
            "properties": {
                "調査時期": "2022_W",
                "都道府県": "福島県",
                "市区町村": "広野町",
                "撮影場所": "SUZUKI天体観測所",
                "撮影日時": "2022-01-28T18:44:00+09:00",
                "緯度": "37.19166667",
                "経度": "140.9513889",
                "夜空の明るさ": "20.75",
                "ばらつき": "0.06",
                "周辺状況": "森林山間地",
                "備考": "",
                "継続観察登録地点": "○"
            }
        },
        {
            "type": "Feature",
            "geometry": {
                "type": "Point",
                "coordinates": [
                    140.9930556,
                    37.21555556
                ]
            },
            "properties": {
                "調査時期": "2022_W",
                "都道府県": "福島県",
                "市区町村": "広野町",
                "撮影場所": "双葉郡広野町",
                "撮影日時": "2022-01-28T19:37:00+09:00",
                "緯度": "37.21555556",
                "経度": "140.9930556",
                "夜空の明るさ": "20.07",
                "ばらつき": "0.08",
                "周辺状況": "住宅地域",
                "備考": "",
                "継続観察登録地点": "○"
            }
        },
        {
            "type": "Feature",
            "geometry": {
                "type": "Point",
                "coordinates": [
                    140.9241667,
                    37.0075
                ]
            },
            "properties": {
                "調査時期": "2022_W",
                "都道府県": "福島県",
                "市区町村": "いわき市",
                "撮影場所": "いわき市中央台鹿島",
                "撮影日時": "2022-01-28T20:20:00+09:00",
                "緯度": "37.0075",
                "経度": "140.9241667",
                "夜空の明るさ": "19.29",
                "ばらつき": "0.09",
                "周辺状況": "住宅地域",
                "備考": "",
                "継続観察登録地点": "○"
            }
        },
        {
            "type": "Feature",
            "geometry": {
                "type": "Point",
                "coordinates": [
                    140.9930556,
                    37.21555556
                ]
            },
            "properties": {
                "調査時期": "2022_W",
                "都道府県": "福島県",
                "市区町村": "広野町",
                "撮影場所": "双葉郡広野町",
                "撮影日時": "2022-02-04T19:27:00+09:00",
                "緯度": "37.21555556",
                "経度": "140.9930556",
                "夜空の明るさ": "20.08",
                "ばらつき": "0.08",
                "周辺状況": "住宅地域",
                "備考": "",
                "継続観察登録地点": "○"
            }
        },
        {
            "type": "Feature",
            "geometry": {
                "type": "Point",
                "coordinates": [
                    140.2286111,
                    37.04472222
                ]
            },
            "properties": {
                "調査時期": "2022_W",
                "都道府県": "福島県",
                "市区町村": "白河市",
                "撮影場所": "白河関の森公園駐車場",
                "撮影日時": "2022-02-02T20:15:00+09:00",
                "緯度": "37.04472222",
                "経度": "140.2286111",
                "夜空の明るさ": "20.65",
                "ばらつき": "0.07",
                "周辺状況": "農業地域",
                "備考": "",
                "継続観察登録地点": "○"
            }
        },
        {
            "type": "Feature",
            "geometry": {
                "type": "Point",
                "coordinates": [
                    140.7280556,
                    37.43305556
                ]
            },
            "properties": {
                "調査時期": "2022_W",
                "都道府県": "福島県",
                "市区町村": "田村市",
                "撮影場所": "",
                "撮影日時": "2022-01-28T20:21:00+09:00",
                "緯度": "37.43305556",
                "経度": "140.7280556",
                "夜空の明るさ": "20.32",
                "ばらつき": "0.09",
                "周辺状況": "",
                "備考": "",
                "継続観察登録地点": ""
            }
        },
        {
            "type": "Feature",
            "geometry": {
                "type": "Point",
                "coordinates": [
                    140.6761111,
                    37.34166667
                ]
            },
            "properties": {
                "調査時期": "2022_W",
                "都道府県": "福島県",
                "市区町村": "田村市",
                "撮影場所": "星の村天文台",
                "撮影日時": "2022-01-28T20:36:00+09:00",
                "緯度": "37.34166667",
                "経度": "140.6761111",
                "夜空の明るさ": "19.87",
                "ばらつき": "0.1",
                "周辺状況": "自然公園等",
                "備考": "",
                "継続観察登録地点": "○"
            }
        },
        {
            "type": "Feature",
            "geometry": {
                "type": "Point",
                "coordinates": [
                    140.1183333,
                    36.08333333
                ]
            },
            "properties": {
                "調査時期": "2022_W",
                "都道府県": "茨城県",
                "市区町村": "つくば市",
                "撮影場所": "つくば市吾妻",
                "撮影日時": "2022-02-01T18:56:00+09:00",
                "緯度": "36.08333333",
                "経度": "140.1183333",
                "夜空の明るさ": "17.57",
                "ばらつき": "0.13",
                "周辺状況": "住宅地域",
                "備考": "",
                "継続観察登録地点": "○"
            }
        },
        {
            "type": "Feature",
            "geometry": {
                "type": "Point",
                "coordinates": [
                    140.1183333,
                    36.08333333
                ]
            },
            "properties": {
                "調査時期": "2022_W",
                "都道府県": "茨城県",
                "市区町村": "つくば市",
                "撮影場所": "つくば市吾妻",
                "撮影日時": "2022-02-01T19:12:00+09:00",
                "緯度": "36.08333333",
                "経度": "140.1183333",
                "夜空の明るさ": "17.86",
                "ばらつき": "0.08",
                "周辺状況": "住宅地域",
                "備考": "",
                "継続観察登録地点": "○"
            }
        },
        {
            "type": "Feature",
            "geometry": {
                "type": "Point",
                "coordinates": [
                    140.1455556,
                    36.27666667
                ]
            },
            "properties": {
                "調査時期": "2022_W",
                "都道府県": "茨城県",
                "市区町村": "桜川市",
                "撮影場所": "",
                "撮影日時": "2022-02-05T18:42:00+09:00",
                "緯度": "36.27666667",
                "経度": "140.1455556",
                "夜空の明るさ": "19.62",
                "ばらつき": "0.08",
                "周辺状況": "",
                "備考": "",
                "継続観察登録地点": ""
            }
        },
        {
            "type": "Feature",
            "geometry": {
                "type": "Point",
                "coordinates": [
                    140.1455556,
                    36.27666667
                ]
            },
            "properties": {
                "調査時期": "2022_W",
                "都道府県": "茨城県",
                "市区町村": "桜川市",
                "撮影場所": "",
                "撮影日時": "2022-02-05T18:56:00+09:00",
                "緯度": "36.27666667",
                "経度": "140.1455556",
                "夜空の明るさ": "19.69",
                "ばらつき": "0.08",
                "周辺状況": "",
                "備考": "",
                "継続観察登録地点": ""
            }
        },
        {
            "type": "Feature",
            "geometry": {
                "type": "Point",
                "coordinates": [
                    140.1455556,
                    36.27666667
                ]
            },
            "properties": {
                "調査時期": "2022_W",
                "都道府県": "茨城県",
                "市区町村": "桜川市",
                "撮影場所": "",
                "撮影日時": "2022-02-05T19:10:00+09:00",
                "緯度": "36.27666667",
                "経度": "140.1455556",
                "夜空の明るさ": "19.71",
                "ばらつき": "0.08",
                "周辺状況": "",
                "備考": "",
                "継続観察登録地点": ""
            }
        },
        {
            "type": "Feature",
            "geometry": {
                "type": "Point",
                "coordinates": [
                    140.1030556,
                    36.17666667
                ]
            },
            "properties": {
                "調査時期": "2022_W",
                "都道府県": "茨城県",
                "市区町村": "つくば市",
                "撮影場所": "",
                "撮影日時": "2022-02-05T19:54:00+09:00",
                "緯度": "36.17666667",
                "経度": "140.1030556",
                "夜空の明るさ": "19.24",
                "ばらつき": "0.09",
                "周辺状況": "",
                "備考": "",
                "継続観察登録地点": ""
            }
        },
        {
            "type": "Feature",
            "geometry": {
                "type": "Point",
                "coordinates": [
                    140.1030556,
                    36.1775
                ]
            },
            "properties": {
                "調査時期": "2022_W",
                "都道府県": "茨城県",
                "市区町村": "つくば市",
                "撮影場所": "",
                "撮影日時": "2022-02-05T20:00:00+09:00",
                "緯度": "36.1775",
                "経度": "140.1030556",
                "夜空の明るさ": "19.29",
                "ばらつき": "0.05",
                "周辺状況": "",
                "備考": "",
                "継続観察登録地点": ""
            }
        },
        {
            "type": "Feature",
            "geometry": {
                "type": "Point",
                "coordinates": [
                    140.1183333,
                    36.08333333
                ]
            },
            "properties": {
                "調査時期": "2022_W",
                "都道府県": "茨城県",
                "市区町村": "つくば市",
                "撮影場所": "つくば市吾妻",
                "撮影日時": "2022-02-05T20:28:00+09:00",
                "緯度": "36.08333333",
                "経度": "140.1183333",
                "夜空の明るさ": "18.18",
                "ばらつき": "0.08",
                "周辺状況": "住宅地域",
                "備考": "",
                "継続観察登録地点": "○"
            }
        },
        {
            "type": "Feature",
            "geometry": {
                "type": "Point",
                "coordinates": [
                    140.1183333,
                    36.08333333
                ]
            },
            "properties": {
                "調査時期": "2022_W",
                "都道府県": "茨城県",
                "市区町村": "つくば市",
                "撮影場所": "つくば市吾妻",
                "撮影日時": "2022-02-05T20:37:00+09:00",
                "緯度": "36.08333333",
                "経度": "140.1183333",
                "夜空の明るさ": "18.25",
                "ばらつき": "0.1",
                "周辺状況": "住宅地域",
                "備考": "",
                "継続観察登録地点": "○"
            }
        },
        {
            "type": "Feature",
            "geometry": {
                "type": "Point",
                "coordinates": [
                    139.8463889,
                    36.78305556
                ]
            },
            "properties": {
                "調査時期": "2022_W",
                "都道府県": "栃木県",
                "市区町村": "塩谷町",
                "撮影場所": "星ふる学校「くまの木」",
                "撮影日時": "2022-01-29T18:44:00+09:00",
                "緯度": "36.78305556",
                "経度": "139.8463889",
                "夜空の明るさ": "20.21",
                "ばらつき": "0.08",
                "周辺状況": "農業地域",
                "備考": "",
                "継続観察登録地点": "○"
            }
        },
        {
            "type": "Feature",
            "geometry": {
                "type": "Point",
                "coordinates": [
                    139.8786111,
                    36.5575
                ]
            },
            "properties": {
                "調査時期": "2022_W",
                "都道府県": "栃木県",
                "市区町村": "宇都宮市",
                "撮影場所": "",
                "撮影日時": "2022-02-03T20:25:00+09:00",
                "緯度": "36.5575",
                "経度": "139.8786111",
                "夜空の明るさ": "17.79",
                "ばらつき": "0.24",
                "周辺状況": "",
                "備考": "",
                "継続観察登録地点": ""
            }
        },
        {
            "type": "Feature",
            "geometry": {
                "type": "Point",
                "coordinates": [
                    139.6094444,
                    36.35416667
                ]
            },
            "properties": {
                "調査時期": "2022_W",
                "都道府県": "栃木県",
                "市区町村": "佐野市",
                "撮影場所": "佐野市 梅林公園",
                "撮影日時": "2022-01-28T20:17:00+09:00",
                "緯度": "36.35416667",
                "経度": "139.6094444",
                "夜空の明るさ": "19.41",
                "ばらつき": "0.07",
                "周辺状況": "農業地域",
                "備考": "",
                "継続観察登録地点": "○"
            }
        },
        {
            "type": "Feature",
            "geometry": {
                "type": "Point",
                "coordinates": [
                    139.5772222,
                    36.29694444
                ]
            },
            "properties": {
                "調査時期": "2022_W",
                "都道府県": "栃木県",
                "市区町村": "佐野市",
                "撮影場所": "佐野市 赤城神社",
                "撮影日時": "2022-01-24T20:32:00+09:00",
                "緯度": "36.29694444",
                "経度": "139.5772222",
                "夜空の明るさ": "18.8",
                "ばらつき": "0.05",
                "周辺状況": "住宅地域",
                "備考": "",
                "継続観察登録地点": "○"
            }
        },
        {
            "type": "Feature",
            "geometry": {
                "type": "Point",
                "coordinates": [
                    139.8463889,
                    36.79972222
                ]
            },
            "properties": {
                "調査時期": "2022_W",
                "都道府県": "栃木県",
                "市区町村": "塩谷町",
                "撮影場所": "",
                "撮影日時": "2022-01-29T18:44:00+09:00",
                "緯度": "36.79972222",
                "経度": "139.8463889",
                "夜空の明るさ": "20.21",
                "ばらつき": "0.08",
                "周辺状況": "",
                "備考": "",
                "継続観察登録地点": ""
            }
        },
        {
            "type": "Feature",
            "geometry": {
                "type": "Point",
                "coordinates": [
                    139.4688889,
                    36.56416667
                ]
            },
            "properties": {
                "調査時期": "2022_W",
                "都道府県": "栃木県",
                "市区町村": "佐野市",
                "撮影場所": "作原自然環境保全地域",
                "撮影日時": "2022-01-24T18:37:00+09:00",
                "緯度": "36.56416667",
                "経度": "139.4688889",
                "夜空の明るさ": "20.33",
                "ばらつき": "0.08",
                "周辺状況": "自然公園等",
                "備考": "",
                "継続観察登録地点": "○"
            }
        },
        {
            "type": "Feature",
            "geometry": {
                "type": "Point",
                "coordinates": [
                    139.4688889,
                    36.56416667
                ]
            },
            "properties": {
                "調査時期": "2022_W",
                "都道府県": "栃木県",
                "市区町村": "佐野市",
                "撮影場所": "作原自然環境保全地域",
                "撮影日時": "2022-01-24T18:38:00+09:00",
                "緯度": "36.56416667",
                "経度": "139.4688889",
                "夜空の明るさ": "20.34",
                "ばらつき": "0.08",
                "周辺状況": "自然公園等",
                "備考": "",
                "継続観察登録地点": "○"
            }
        },
        {
            "type": "Feature",
            "geometry": {
                "type": "Point",
                "coordinates": [
                    138.9563889,
                    36.62361111
                ]
            },
            "properties": {
                "調査時期": "2022_W",
                "都道府県": "群馬県",
                "市区町村": "高山村",
                "撮影場所": "",
                "撮影日時": "2022-01-24T18:33:00+09:00",
                "緯度": "36.62361111",
                "経度": "138.9563889",
                "夜空の明るさ": "20.1",
                "ばらつき": "0.1",
                "周辺状況": "",
                "備考": "",
                "継続観察登録地点": ""
            }
        },
        {
            "type": "Feature",
            "geometry": {
                "type": "Point",
                "coordinates": [
                    138.9625,
                    36.58888889
                ]
            },
            "properties": {
                "調査時期": "2022_W",
                "都道府県": "群馬県",
                "市区町村": "高山村",
                "撮影場所": "",
                "撮影日時": "2022-01-24T18:44:00+09:00",
                "緯度": "36.58888889",
                "経度": "138.9625",
                "夜空の明るさ": "20.22",
                "ばらつき": "0.09",
                "周辺状況": "",
                "備考": "",
                "継続観察登録地点": ""
            }
        },
        {
            "type": "Feature",
            "geometry": {
                "type": "Point",
                "coordinates": [
                    139.0155556,
                    36.43111111
                ]
            },
            "properties": {
                "調査時期": "2022_W",
                "都道府県": "群馬県",
                "市区町村": "吉岡町",
                "撮影場所": "",
                "撮影日時": "2022-01-24T19:44:00+09:00",
                "緯度": "36.43111111",
                "経度": "139.0155556",
                "夜空の明るさ": "18.64",
                "ばらつき": "0.13",
                "周辺状況": "",
                "備考": "",
                "継続観察登録地点": ""
            }
        },
        {
            "type": "Feature",
            "geometry": {
                "type": "Point",
                "coordinates": [
                    139.0966667,
                    36.3075
                ]
            },
            "properties": {
                "調査時期": "2022_W",
                "都道府県": "群馬県",
                "市区町村": "玉村町",
                "撮影場所": "群馬県佐波郡玉村町道の駅玉村宿",
                "撮影日時": "2022-01-29T19:57:00+09:00",
                "緯度": "36.3075",
                "経度": "139.0966667",
                "夜空の明るさ": "18.1",
                "ばらつき": "0.15",
                "周辺状況": "農業地域",
                "備考": "",
                "継続観察登録地点": "○"
            }
        },
        {
            "type": "Feature",
            "geometry": {
                "type": "Point",
                "coordinates": [
                    139.0602778,
                    36.39583333
                ]
            },
            "properties": {
                "調査時期": "2022_W",
                "都道府県": "群馬県",
                "市区町村": "前橋市",
                "撮影場所": "",
                "撮影日時": "2022-01-29T18:22:00+09:00",
                "緯度": "36.39583333",
                "経度": "139.0602778",
                "夜空の明るさ": "17.54",
                "ばらつき": "0.08",
                "周辺状況": "",
                "備考": "",
                "継続観察登録地点": ""
            }
        },
        {
            "type": "Feature",
            "geometry": {
                "type": "Point",
                "coordinates": [
                    138.9758333,
                    36.44138889
                ]
            },
            "properties": {
                "調査時期": "2022_W",
                "都道府県": "群馬県",
                "市区町村": "榛東村",
                "撮影場所": "",
                "撮影日時": "2022-01-30T18:34:00+09:00",
                "緯度": "36.44138889",
                "経度": "138.9758333",
                "夜空の明るさ": "19.14",
                "ばらつき": "0.08",
                "周辺状況": "",
                "備考": "",
                "継続観察登録地点": ""
            }
        },
        {
            "type": "Feature",
            "geometry": {
                "type": "Point",
                "coordinates": [
                    138.9738889,
                    36.59694444
                ]
            },
            "properties": {
                "調査時期": "2022_W",
                "都道府県": "群馬県",
                "市区町村": "高山村",
                "撮影場所": "群馬県吾妻郡高山村ぐんま天文台",
                "撮影日時": "2022-01-24T18:57:00+09:00",
                "緯度": "36.59694444",
                "経度": "138.9738889",
                "夜空の明るさ": "20.34",
                "ばらつき": "0.13",
                "周辺状況": "森林山間地",
                "備考": "",
                "継続観察登録地点": "○"
            }
        },
        {
            "type": "Feature",
            "geometry": {
                "type": "Point",
                "coordinates": [
                    138.7397222,
                    36.33861111
                ]
            },
            "properties": {
                "調査時期": "2022_W",
                "都道府県": "群馬県",
                "市区町村": "安中市",
                "撮影場所": "",
                "撮影日時": "2022-02-04T20:17:00+09:00",
                "緯度": "36.33861111",
                "経度": "138.7397222",
                "夜空の明るさ": "19.82",
                "ばらつき": "0.09",
                "周辺状況": "",
                "備考": "",
                "継続観察登録地点": ""
            }
        },
        {
            "type": "Feature",
            "geometry": {
                "type": "Point",
                "coordinates": [
                    139.3216667,
                    35.81111111
                ]
            },
            "properties": {
                "調査時期": "2022_W",
                "都道府県": "埼玉県",
                "市区町村": "入間市",
                "撮影場所": "",
                "撮影日時": "2022-01-31T23:45:00+09:00",
                "緯度": "35.81111111",
                "経度": "139.3216667",
                "夜空の明るさ": "18.77",
                "ばらつき": "0.15",
                "周辺状況": "",
                "備考": "参考値（時間外）",
                "継続観察登録地点": ""
            }
        },
        {
            "type": "Feature",
            "geometry": {
                "type": "Point",
                "coordinates": [
                    139.8075,
                    35.86583333
                ]
            },
            "properties": {
                "調査時期": "2022_W",
                "都道府県": "埼玉県",
                "市区町村": "越谷市",
                "撮影場所": "越天蒲生観測所",
                "撮影日時": "2022-01-31T18:48:00+09:00",
                "緯度": "35.86583333",
                "経度": "139.8075",
                "夜空の明るさ": "17.36",
                "ばらつき": "0.05",
                "周辺状況": "住宅地域",
                "備考": "",
                "継続観察登録地点": "○"
            }
        },
        {
            "type": "Feature",
            "geometry": {
                "type": "Point",
                "coordinates": [
                    139.8263889,
                    35.92944444
                ]
            },
            "properties": {
                "調査時期": "2022_W",
                "都道府県": "埼玉県",
                "市区町村": "松伏町",
                "撮影場所": "",
                "撮影日時": "2022-02-05T19:47:00+09:00",
                "緯度": "35.92944444",
                "経度": "139.8263889",
                "夜空の明るさ": "17.95",
                "ばらつき": "0.1",
                "周辺状況": "",
                "備考": "",
                "継続観察登録地点": ""
            }
        },
        {
            "type": "Feature",
            "geometry": {
                "type": "Point",
                "coordinates": [
                    139.7322222,
                    35.89611111
                ]
            },
            "properties": {
                "調査時期": "2022_W",
                "都道府県": "埼玉県",
                "市区町村": "さいたま市　緑区",
                "撮影場所": "浦和美園４丁目公園",
                "撮影日時": "2022-01-29T19:24:00+09:00",
                "緯度": "35.89611111",
                "経度": "139.7322222",
                "夜空の明るさ": "17.06",
                "ばらつき": "0.11",
                "周辺状況": "住宅地域",
                "備考": "",
                "継続観察登録地点": "○"
            }
        },
        {
            "type": "Feature",
            "geometry": {
                "type": "Point",
                "coordinates": [
                    138.9752778,
                    35.91805556
                ]
            },
            "properties": {
                "調査時期": "2022_W",
                "都道府県": "埼玉県",
                "市区町村": "秩父市",
                "撮影場所": "アストレア大滝天体観測所",
                "撮影日時": "2022-01-31T20:27:00+09:00",
                "緯度": "35.91805556",
                "経度": "138.9752778",
                "夜空の明るさ": "20.5",
                "ばらつき": "0.01",
                "周辺状況": "自然公園等",
                "備考": "",
                "継続観察登録地点": "○"
            }
        },
        {
            "type": "Feature",
            "geometry": {
                "type": "Point",
                "coordinates": [
                    139.9044444,
                    35.77944444
                ]
            },
            "properties": {
                "調査時期": "2022_W",
                "都道府県": "千葉県",
                "市区町村": "松戸市",
                "撮影場所": "松戸市内",
                "撮影日時": "2022-01-31T19:20:00+09:00",
                "緯度": "35.77944444",
                "経度": "139.9044444",
                "夜空の明るさ": "17.37",
                "ばらつき": "0.1",
                "周辺状況": "住宅地域",
                "備考": "",
                "継続観察登録地点": "○"
            }
        },
        {
            "type": "Feature",
            "geometry": {
                "type": "Point",
                "coordinates": [
                    139.9044444,
                    35.77944444
                ]
            },
            "properties": {
                "調査時期": "2022_W",
                "都道府県": "千葉県",
                "市区町村": "松戸市",
                "撮影場所": "松戸市内",
                "撮影日時": "2022-01-31T19:24:00+09:00",
                "緯度": "35.77944444",
                "経度": "139.9044444",
                "夜空の明るさ": "17.32",
                "ばらつき": "0.14",
                "周辺状況": "住宅地域",
                "備考": "",
                "継続観察登録地点": "○"
            }
        },
        {
            "type": "Feature",
            "geometry": {
                "type": "Point",
                "coordinates": [
                    139.9908333,
                    35.77805556
                ]
            },
            "properties": {
                "調査時期": "2022_W",
                "都道府県": "千葉県",
                "市区町村": "鎌ケ谷市",
                "撮影場所": "鎌ケ谷市内",
                "撮影日時": "2022-02-01T18:52:00+09:00",
                "緯度": "35.77805556",
                "経度": "139.9908333",
                "夜空の明るさ": "17.41",
                "ばらつき": "0.04",
                "周辺状況": "住宅地域",
                "備考": "",
                "継続観察登録地点": "○"
            }
        },
        {
            "type": "Feature",
            "geometry": {
                "type": "Point",
                "coordinates": [
                    139.9977778,
                    35.14
                ]
            },
            "properties": {
                "調査時期": "2022_W",
                "都道府県": "千葉県",
                "市区町村": "鴨川市",
                "撮影場所": "鴨川市内",
                "撮影日時": "2022-01-31T20:15:00+09:00",
                "緯度": "35.14",
                "経度": "139.9977778",
                "夜空の明るさ": "20.28",
                "ばらつき": "0.14",
                "周辺状況": "農業地域",
                "備考": "",
                "継続観察登録地点": "○"
            }
        },
        {
            "type": "Feature",
            "geometry": {
                "type": "Point",
                "coordinates": [
                    139.7505556,
                    35.72305556
                ]
            },
            "properties": {
                "調査時期": "2022_W",
                "都道府県": "東京都",
                "市区町村": "文京区",
                "撮影場所": "東洋大学白山キャンパス１号館屋上",
                "撮影日時": "2022-01-26T19:40:00+09:00",
                "緯度": "35.72305556",
                "経度": "139.7505556",
                "夜空の明るさ": "16.49",
                "ばらつき": "0.08",
                "周辺状況": "商業地域",
                "備考": "",
                "継続観察登録地点": "○"
            }
        },
        {
            "type": "Feature",
            "geometry": {
                "type": "Point",
                "coordinates": [
                    139.1130556,
                    35.75555556
                ]
            },
            "properties": {
                "調査時期": "2022_W",
                "都道府県": "東京都",
                "市区町村": "檜原村",
                "撮影場所": "",
                "撮影日時": "2022-01-28T19:57:00+09:00",
                "緯度": "35.75555556",
                "経度": "139.1130556",
                "夜空の明るさ": "19.78",
                "ばらつき": "0.06",
                "周辺状況": "",
                "備考": "",
                "継続観察登録地点": ""
            }
        },
        {
            "type": "Feature",
            "geometry": {
                "type": "Point",
                "coordinates": [
                    139.4752778,
                    35.68083333
                ]
            },
            "properties": {
                "調査時期": "2022_W",
                "都道府県": "東京都",
                "市区町村": "府中市",
                "撮影場所": "",
                "撮影日時": "2022-01-31T20:14:00+09:00",
                "緯度": "35.68083333",
                "経度": "139.4752778",
                "夜空の明るさ": "17.28",
                "ばらつき": "0.12",
                "周辺状況": "",
                "備考": "",
                "継続観察登録地点": ""
            }
        },
        {
            "type": "Feature",
            "geometry": {
                "type": "Point",
                "coordinates": [
                    139.5377778,
                    35.67444444
                ]
            },
            "properties": {
                "調査時期": "2022_W",
                "都道府県": "東京都",
                "市区町村": "三鷹市",
                "撮影場所": "",
                "撮影日時": "2022-01-31T19:02:00+09:00",
                "緯度": "35.67444444",
                "経度": "139.5377778",
                "夜空の明るさ": "17.41",
                "ばらつき": "0.07",
                "周辺状況": "",
                "備考": "",
                "継続観察登録地点": ""
            }
        },
        {
            "type": "Feature",
            "geometry": {
                "type": "Point",
                "coordinates": [
                    142.1930556,
                    27.06444444
                ]
            },
            "properties": {
                "調査時期": "2022_W",
                "都道府県": "東京都",
                "市区町村": "小笠原村",
                "撮影場所": "",
                "撮影日時": "2022-02-01T19:51:00+09:00",
                "緯度": "27.06444444",
                "経度": "142.1930556",
                "夜空の明るさ": "21.88",
                "ばらつき": "0.07",
                "周辺状況": "",
                "備考": "",
                "継続観察登録地点": ""
            }
        },
        {
            "type": "Feature",
            "geometry": {
                "type": "Point",
                "coordinates": [
                    139.6377778,
                    35.74138889
                ]
            },
            "properties": {
                "調査時期": "2022_W",
                "都道府県": "東京都",
                "市区町村": "練馬区",
                "撮影場所": "",
                "撮影日時": "2022-02-02T02:53:00+09:00",
                "緯度": "35.74138889",
                "経度": "139.6377778",
                "夜空の明るさ": "17.75",
                "ばらつき": "0.07",
                "周辺状況": "",
                "備考": "参考値（時間外）",
                "継続観察登録地点": ""
            }
        },
        {
            "type": "Feature",
            "geometry": {
                "type": "Point",
                "coordinates": [
                    142.1669444,
                    26.63388889
                ]
            },
            "properties": {
                "調査時期": "2022_W",
                "都道府県": "東京都",
                "市区町村": "小笠原村",
                "撮影場所": "",
                "撮影日時": "2022-02-05T18:53:00+09:00",
                "緯度": "26.63388889",
                "経度": "142.1669444",
                "夜空の明るさ": "21.03",
                "ばらつき": "0.11",
                "周辺状況": "",
                "備考": "",
                "継続観察登録地点": ""
            }
        },
        {
            "type": "Feature",
            "geometry": {
                "type": "Point",
                "coordinates": [
                    139.3905556,
                    35.69638889
                ]
            },
            "properties": {
                "調査時期": "2022_W",
                "都道府県": "東京都",
                "市区町村": "立川市",
                "撮影場所": "立川市 お庭天文台",
                "撮影日時": "2022-02-02T19:56:00+09:00",
                "緯度": "35.69638889",
                "経度": "139.3905556",
                "夜空の明るさ": "17.29",
                "ばらつき": "0.14",
                "周辺状況": "住宅地域",
                "備考": "",
                "継続観察登録地点": "○"
            }
        },
        {
            "type": "Feature",
            "geometry": {
                "type": "Point",
                "coordinates": [
                    139.1391667,
                    34.20472222
                ]
            },
            "properties": {
                "調査時期": "2022_W",
                "都道府県": "東京都",
                "市区町村": "神津島村",
                "撮影場所": "神津島村 よたね広場",
                "撮影日時": "2022-01-26T20:30:00+09:00",
                "緯度": "34.20472222",
                "経度": "139.1391667",
                "夜空の明るさ": "21.35",
                "ばらつき": "0.19",
                "周辺状況": "住宅地域",
                "備考": "",
                "継続観察登録地点": "○"
            }
        },
        {
            "type": "Feature",
            "geometry": {
                "type": "Point",
                "coordinates": [
                    139.1266667,
                    34.19861111
                ]
            },
            "properties": {
                "調査時期": "2022_W",
                "都道府県": "東京都",
                "市区町村": "神津島村",
                "撮影場所": "神津島村 ヘリポート",
                "撮影日時": "2022-01-26T20:17:00+09:00",
                "緯度": "34.19861111",
                "経度": "139.1266667",
                "夜空の明るさ": "21.53",
                "ばらつき": "0.18",
                "周辺状況": "農業地域",
                "備考": "",
                "継続観察登録地点": "○"
            }
        },
        {
            "type": "Feature",
            "geometry": {
                "type": "Point",
                "coordinates": [
                    139.1441667,
                    34.19194444
                ]
            },
            "properties": {
                "調査時期": "2022_W",
                "都道府県": "東京都",
                "市区町村": "神津島村",
                "撮影場所": "神津島村 三浦湾展望台",
                "撮影日時": "2022-01-26T19:54:00+09:00",
                "緯度": "34.19194444",
                "経度": "139.1441667",
                "夜空の明るさ": "21.62",
                "ばらつき": "0.19",
                "周辺状況": "その他",
                "備考": "",
                "継続観察登録地点": "○"
            }
        },
        {
            "type": "Feature",
            "geometry": {
                "type": "Point",
                "coordinates": [
                    139.1372222,
                    34.23972222
                ]
            },
            "properties": {
                "調査時期": "2022_W",
                "都道府県": "東京都",
                "市区町村": "神津島村",
                "撮影場所": "神津島村 赤崎遊歩道",
                "撮影日時": "2022-02-04T20:44:00+09:00",
                "緯度": "34.23972222",
                "経度": "139.1372222",
                "夜空の明るさ": "21.6",
                "ばらつき": "0.21",
                "周辺状況": "その他",
                "備考": "",
                "継続観察登録地点": "○"
            }
        },
        {
            "type": "Feature",
            "geometry": {
                "type": "Point",
                "coordinates": [
                    139.5166667,
                    35.71611111
                ]
            },
            "properties": {
                "調査時期": "2022_W",
                "都道府県": "東京都",
                "市区町村": "小金井市",
                "撮影場所": "都立小金井公園　いこいの広場",
                "撮影日時": "2022-01-24T18:40:00+09:00",
                "緯度": "35.71611111",
                "経度": "139.5166667",
                "夜空の明るさ": "17.2",
                "ばらつき": "0.08",
                "周辺状況": "自然公園等",
                "備考": "",
                "継続観察登録地点": "○"
            }
        },
        {
            "type": "Feature",
            "geometry": {
                "type": "Point",
                "coordinates": [
                    139.3008333,
                    35.77194444
                ]
            },
            "properties": {
                "調査時期": "2022_W",
                "都道府県": "東京都",
                "市区町村": "羽村市",
                "撮影場所": "羽村市",
                "撮影日時": "2022-01-24T20:23:00+09:00",
                "緯度": "35.77194444",
                "経度": "139.3008333",
                "夜空の明るさ": "18.2",
                "ばらつき": "0.06",
                "周辺状況": "住宅地域",
                "備考": "",
                "継続観察登録地点": "○"
            }
        },
        {
            "type": "Feature",
            "geometry": {
                "type": "Point",
                "coordinates": [
                    139.0433333,
                    35.78972222
                ]
            },
            "properties": {
                "調査時期": "2022_W",
                "都道府県": "東京都",
                "市区町村": "奥多摩町",
                "撮影場所": "西多摩郡奥多摩町 奥多摩湖大麦代園地駐車場",
                "撮影日時": "2022-01-29T18:42:00+09:00",
                "緯度": "35.78972222",
                "経度": "139.0433333",
                "夜空の明るさ": "19.93",
                "ばらつき": "0.08",
                "周辺状況": "森林山間地",
                "備考": "",
                "継続観察登録地点": "○"
            }
        },
        {
            "type": "Feature",
            "geometry": {
                "type": "Point",
                "coordinates": [
                    139.4694444,
                    35.39777778
                ]
            },
            "properties": {
                "調査時期": "2022_W",
                "都道府県": "神奈川県",
                "市区町村": "藤沢市",
                "撮影場所": "藤沢市内",
                "撮影日時": "2022-01-24T19:54:00+09:00",
                "緯度": "35.39777778",
                "経度": "139.4694444",
                "夜空の明るさ": "17.59",
                "ばらつき": "0.06",
                "周辺状況": "商業地域",
                "備考": "",
                "継続観察登録地点": "○"
            }
        },
        {
            "type": "Feature",
            "geometry": {
                "type": "Point",
                "coordinates": [
                    139.3205556,
                    35.36888889
                ]
            },
            "properties": {
                "調査時期": "2022_W",
                "都道府県": "神奈川県",
                "市区町村": "平塚市",
                "撮影場所": "平塚市岡崎",
                "撮影日時": "2022-01-31T20:16:00+09:00",
                "緯度": "35.36888889",
                "経度": "139.3205556",
                "夜空の明るさ": "18.48",
                "ばらつき": "0.07",
                "周辺状況": "農業地域",
                "備考": "",
                "継続観察登録地点": "○"
            }
        },
        {
            "type": "Feature",
            "geometry": {
                "type": "Point",
                "coordinates": [
                    136.7044444,
                    36.71861111
                ]
            },
            "properties": {
                "調査時期": "2022_W",
                "都道府県": "石川県",
                "市区町村": "かほく市",
                "撮影場所": "",
                "撮影日時": "2022-01-24T20:50:00+09:00",
                "緯度": "36.71861111",
                "経度": "136.7044444",
                "夜空の明るさ": "19.18",
                "ばらつき": "0.09",
                "周辺状況": "",
                "備考": "",
                "継続観察登録地点": ""
            }
        },
        {
            "type": "Feature",
            "geometry": {
                "type": "Point",
                "coordinates": [
                    137.1369444,
                    37.335
                ]
            },
            "properties": {
                "調査時期": "2022_W",
                "都道府県": "石川県",
                "市区町村": "能登町",
                "撮影場所": "石川県柳田星の観察館「満天星」 ",
                "撮影日時": "2022-02-01T19:42:00+09:00",
                "緯度": "37.335",
                "経度": "137.1369444",
                "夜空の明るさ": "21.13",
                "ばらつき": "0.16",
                "周辺状況": "自然公園等",
                "備考": "",
                "継続観察登録地点": "○"
            }
        },
        {
            "type": "Feature",
            "geometry": {
                "type": "Point",
                "coordinates": [
                    137.1366667,
                    37.335
                ]
            },
            "properties": {
                "調査時期": "2022_W",
                "都道府県": "石川県",
                "市区町村": "能登町",
                "撮影場所": "石川県柳田星の観察館「満天星」 ",
                "撮影日時": "2022-02-01T19:44:00+09:00",
                "緯度": "37.335",
                "経度": "137.1366667",
                "夜空の明るさ": "21.14",
                "ばらつき": "0.16",
                "周辺状況": "自然公園等",
                "備考": "",
                "継続観察登録地点": "○"
            }
        },
        {
            "type": "Feature",
            "geometry": {
                "type": "Point",
                "coordinates": [
                    137.1369444,
                    37.335
                ]
            },
            "properties": {
                "調査時期": "2022_W",
                "都道府県": "石川県",
                "市区町村": "能登町",
                "撮影場所": "石川県柳田星の観察館「満天星」 ",
                "撮影日時": "2022-02-01T20:38:00+09:00",
                "緯度": "37.335",
                "経度": "137.1369444",
                "夜空の明るさ": "21.07",
                "ばらつき": "0.05",
                "周辺状況": "自然公園等",
                "備考": "",
                "継続観察登録地点": "○"
            }
        },
        {
            "type": "Feature",
            "geometry": {
                "type": "Point",
                "coordinates": [
                    137.1366667,
                    37.335
                ]
            },
            "properties": {
                "調査時期": "2022_W",
                "都道府県": "石川県",
                "市区町村": "能登町",
                "撮影場所": "石川県柳田星の観察館「満天星」 ",
                "撮影日時": "2022-01-26T19:38:00+09:00",
                "緯度": "37.335",
                "経度": "137.1366667",
                "夜空の明るさ": "21.01",
                "ばらつき": "0.14",
                "周辺状況": "自然公園等",
                "備考": "",
                "継続観察登録地点": "○"
            }
        },
        {
            "type": "Feature",
            "geometry": {
                "type": "Point",
                "coordinates": [
                    137.1369444,
                    37.335
                ]
            },
            "properties": {
                "調査時期": "2022_W",
                "都道府県": "石川県",
                "市区町村": "能登町",
                "撮影場所": "石川県柳田星の観察館「満天星」 ",
                "撮影日時": "2022-01-26T20:34:00+09:00",
                "緯度": "37.335",
                "経度": "137.1369444",
                "夜空の明るさ": "21.07",
                "ばらつき": "0.14",
                "周辺状況": "自然公園等",
                "備考": "",
                "継続観察登録地点": "○"
            }
        },
        {
            "type": "Feature",
            "geometry": {
                "type": "Point",
                "coordinates": [
                    137.1366667,
                    37.335
                ]
            },
            "properties": {
                "調査時期": "2022_W",
                "都道府県": "石川県",
                "市区町村": "能登町",
                "撮影場所": "石川県柳田星の観察館「満天星」 ",
                "撮影日時": "2022-02-04T20:23:00+09:00",
                "緯度": "37.335",
                "経度": "137.1366667",
                "夜空の明るさ": "21.14",
                "ばらつき": "0.09",
                "周辺状況": "自然公園等",
                "備考": "",
                "継続観察登録地点": "○"
            }
        },
        {
            "type": "Feature",
            "geometry": {
                "type": "Point",
                "coordinates": [
                    137.1369444,
                    37.335
                ]
            },
            "properties": {
                "調査時期": "2022_W",
                "都道府県": "石川県",
                "市区町村": "能登町",
                "撮影場所": "石川県柳田星の観察館「満天星」 ",
                "撮影日時": "2022-02-04T20:31:00+09:00",
                "緯度": "37.335",
                "経度": "137.1369444",
                "夜空の明るさ": "21.2",
                "ばらつき": "0.12",
                "周辺状況": "自然公園等",
                "備考": "",
                "継続観察登録地点": "○"
            }
        },
        {
            "type": "Feature",
            "geometry": {
                "type": "Point",
                "coordinates": [
                    137.1366667,
                    37.335
                ]
            },
            "properties": {
                "調査時期": "2022_W",
                "都道府県": "石川県",
                "市区町村": "能登町",
                "撮影場所": "石川県柳田星の観察館「満天星」 ",
                "撮影日時": "2022-02-04T20:40:00+09:00",
                "緯度": "37.335",
                "経度": "137.1366667",
                "夜空の明るさ": "21.13",
                "ばらつき": "0.13",
                "周辺状況": "自然公園等",
                "備考": "",
                "継続観察登録地点": "○"
            }
        },
        {
            "type": "Feature",
            "geometry": {
                "type": "Point",
                "coordinates": [
                    136.3077778,
                    35.85583333
                ]
            },
            "properties": {
                "調査時期": "2022_W",
                "都道府県": "福井県",
                "市区町村": "池田町",
                "撮影場所": "福井県今立郡池田町新保ファミリースキー場",
                "撮影日時": "2022-01-24T20:36:00+09:00",
                "緯度": "35.85583333",
                "経度": "136.3077778",
                "夜空の明るさ": "20.64",
                "ばらつき": "0.07",
                "周辺状況": "森林山間地",
                "備考": "",
                "継続観察登録地点": "○"
            }
        },
        {
            "type": "Feature",
            "geometry": {
                "type": "Point",
                "coordinates": [
                    136.5822222,
                    36.02166667
                ]
            },
            "properties": {
                "調査時期": "2022_W",
                "都道府県": "福井県",
                "市区町村": "大野市",
                "撮影場所": "福井県自然保護センター観察棟",
                "撮影日時": "2022-01-27T18:59:00+09:00",
                "緯度": "36.02166667",
                "経度": "136.5822222",
                "夜空の明るさ": "20.58",
                "ばらつき": "0.06",
                "周辺状況": "自然公園等",
                "備考": "",
                "継続観察登録地点": "○"
            }
        },
        {
            "type": "Feature",
            "geometry": {
                "type": "Point",
                "coordinates": [
                    136.5822222,
                    36.02138889
                ]
            },
            "properties": {
                "調査時期": "2022_W",
                "都道府県": "福井県",
                "市区町村": "大野市",
                "撮影場所": "福井県自然保護センター観察棟",
                "撮影日時": "2022-01-24T20:41:00+09:00",
                "緯度": "36.02138889",
                "経度": "136.5822222",
                "夜空の明るさ": "20.85",
                "ばらつき": "0.08",
                "周辺状況": "自然公園等",
                "備考": "",
                "継続観察登録地点": "○"
            }
        },
        {
            "type": "Feature",
            "geometry": {
                "type": "Point",
                "coordinates": [
                    136.5822222,
                    36.02138889
                ]
            },
            "properties": {
                "調査時期": "2022_W",
                "都道府県": "福井県",
                "市区町村": "大野市",
                "撮影場所": "福井県自然保護センター観察棟",
                "撮影日時": "2022-01-24T20:22:00+09:00",
                "緯度": "36.02138889",
                "経度": "136.5822222",
                "夜空の明るさ": "20.78",
                "ばらつき": "0.12",
                "周辺状況": "自然公園等",
                "備考": "",
                "継続観察登録地点": "○"
            }
        },
        {
            "type": "Feature",
            "geometry": {
                "type": "Point",
                "coordinates": [
                    136.5822222,
                    36.02138889
                ]
            },
            "properties": {
                "調査時期": "2022_W",
                "都道府県": "福井県",
                "市区町村": "大野市",
                "撮影場所": "福井県自然保護センター観察棟",
                "撮影日時": "2022-01-24T20:20:00+09:00",
                "緯度": "36.02138889",
                "経度": "136.5822222",
                "夜空の明るさ": "20.79",
                "ばらつき": "0.03",
                "周辺状況": "自然公園等",
                "備考": "",
                "継続観察登録地点": "○"
            }
        },
        {
            "type": "Feature",
            "geometry": {
                "type": "Point",
                "coordinates": [
                    136.5822222,
                    36.02138889
                ]
            },
            "properties": {
                "調査時期": "2022_W",
                "都道府県": "福井県",
                "市区町村": "大野市",
                "撮影場所": "福井県自然保護センター観察棟",
                "撮影日時": "2022-01-27T20:44:00+09:00",
                "緯度": "36.02138889",
                "経度": "136.5822222",
                "夜空の明るさ": "20.69",
                "ばらつき": "0.1",
                "周辺状況": "自然公園等",
                "備考": "",
                "継続観察登録地点": "○"
            }
        },
        {
            "type": "Feature",
            "geometry": {
                "type": "Point",
                "coordinates": [
                    136.5822222,
                    36.02138889
                ]
            },
            "properties": {
                "調査時期": "2022_W",
                "都道府県": "福井県",
                "市区町村": "大野市",
                "撮影場所": "福井県自然保護センター観察棟",
                "撮影日時": "2022-01-27T20:30:00+09:00",
                "緯度": "36.02138889",
                "経度": "136.5822222",
                "夜空の明るさ": "20.72",
                "ばらつき": "0.12",
                "周辺状況": "自然公園等",
                "備考": "",
                "継続観察登録地点": "○"
            }
        },
        {
            "type": "Feature",
            "geometry": {
                "type": "Point",
                "coordinates": [
                    136.5822222,
                    36.02138889
                ]
            },
            "properties": {
                "調査時期": "2022_W",
                "都道府県": "福井県",
                "市区町村": "大野市",
                "撮影場所": "福井県自然保護センター観察棟",
                "撮影日時": "2022-01-27T20:15:00+09:00",
                "緯度": "36.02138889",
                "経度": "136.5822222",
                "夜空の明るさ": "20.72",
                "ばらつき": "0.1",
                "周辺状況": "自然公園等",
                "備考": "",
                "継続観察登録地点": "○"
            }
        },
        {
            "type": "Feature",
            "geometry": {
                "type": "Point",
                "coordinates": [
                    136.5822222,
                    36.02138889
                ]
            },
            "properties": {
                "調査時期": "2022_W",
                "都道府県": "福井県",
                "市区町村": "大野市",
                "撮影場所": "福井県自然保護センター観察棟",
                "撮影日時": "2022-01-24T20:41:00+09:00",
                "緯度": "36.02138889",
                "経度": "136.5822222",
                "夜空の明るさ": "20.72",
                "ばらつき": "0.06",
                "周辺状況": "自然公園等",
                "備考": "",
                "継続観察登録地点": "○"
            }
        },
        {
            "type": "Feature",
            "geometry": {
                "type": "Point",
                "coordinates": [
                    136.5822222,
                    36.02138889
                ]
            },
            "properties": {
                "調査時期": "2022_W",
                "都道府県": "福井県",
                "市区町村": "大野市",
                "撮影場所": "福井県自然保護センター観察棟",
                "撮影日時": "2022-01-24T20:30:00+09:00",
                "緯度": "36.02138889",
                "経度": "136.5822222",
                "夜空の明るさ": "20.69",
                "ばらつき": "0.08",
                "周辺状況": "自然公園等",
                "備考": "",
                "継続観察登録地点": "○"
            }
        },
        {
            "type": "Feature",
            "geometry": {
                "type": "Point",
                "coordinates": [
                    136.5822222,
                    36.02138889
                ]
            },
            "properties": {
                "調査時期": "2022_W",
                "都道府県": "福井県",
                "市区町村": "大野市",
                "撮影場所": "福井県自然保護センター観察棟",
                "撮影日時": "2022-01-24T19:51:00+09:00",
                "緯度": "36.02138889",
                "経度": "136.5822222",
                "夜空の明るさ": "20.54",
                "ばらつき": "0.11",
                "周辺状況": "自然公園等",
                "備考": "",
                "継続観察登録地点": "○"
            }
        },
        {
            "type": "Feature",
            "geometry": {
                "type": "Point",
                "coordinates": [
                    138.7672222,
                    35.45666667
                ]
            },
            "properties": {
                "調査時期": "2022_W",
                "都道府県": "山梨県",
                "市区町村": "富士吉田市",
                "撮影場所": "富士北麓公園駐車場",
                "撮影日時": "2022-01-24T19:16:00+09:00",
                "緯度": "35.45666667",
                "経度": "138.7672222",
                "夜空の明るさ": "19.88",
                "ばらつき": "0.08",
                "周辺状況": "自然公園等",
                "備考": "",
                "継続観察登録地点": "○"
            }
        },
        {
            "type": "Feature",
            "geometry": {
                "type": "Point",
                "coordinates": [
                    138.8041667,
                    35.45611111
                ]
            },
            "properties": {
                "調査時期": "2022_W",
                "都道府県": "山梨県",
                "市区町村": "富士吉田市",
                "撮影場所": "富士散策公園",
                "撮影日時": "2022-01-24T19:28:00+09:00",
                "緯度": "35.45611111",
                "経度": "138.8041667",
                "夜空の明るさ": "19.48",
                "ばらつき": "0.09",
                "周辺状況": "自然公園等",
                "備考": "",
                "継続観察登録地点": "○"
            }
        },
        {
            "type": "Feature",
            "geometry": {
                "type": "Point",
                "coordinates": [
                    138.8180556,
                    35.48444444
                ]
            },
            "properties": {
                "調査時期": "2022_W",
                "都道府県": "山梨県",
                "市区町村": "富士吉田市",
                "撮影場所": "富士吉田市大明見地内",
                "撮影日時": "2022-01-24T19:47:00+09:00",
                "緯度": "35.48444444",
                "経度": "138.8180556",
                "夜空の明るさ": "19.45",
                "ばらつき": "0.08",
                "周辺状況": "住宅地域",
                "備考": "",
                "継続観察登録地点": "○"
            }
        },
        {
            "type": "Feature",
            "geometry": {
                "type": "Point",
                "coordinates": [
                    138.2997222,
                    35.78805556
                ]
            },
            "properties": {
                "調査時期": "2022_W",
                "都道府県": "山梨県",
                "市区町村": "北杜市",
                "撮影場所": "北杜市白州町横手",
                "撮影日時": "2022-01-24T19:44:00+09:00",
                "緯度": "35.78805556",
                "経度": "138.2997222",
                "夜空の明るさ": "19.82",
                "ばらつき": "0.1",
                "周辺状況": "農業地域",
                "備考": "",
                "継続観察登録地点": "○"
            }
        },
        {
            "type": "Feature",
            "geometry": {
                "type": "Point",
                "coordinates": [
                    138.73,
                    35.52416667
                ]
            },
            "properties": {
                "調査時期": "2022_W",
                "都道府県": "山梨県",
                "市区町村": "富士河口湖町",
                "撮影場所": "南都留郡富士河口湖町大石",
                "撮影日時": "2022-01-28T18:52:00+09:00",
                "緯度": "35.52416667",
                "経度": "138.73",
                "夜空の明るさ": "20",
                "ばらつき": "0.07",
                "周辺状況": "農業地域",
                "備考": "",
                "継続観察登録地点": "○"
            }
        },
        {
            "type": "Feature",
            "geometry": {
                "type": "Point",
                "coordinates": [
                    138.73,
                    35.52416667
                ]
            },
            "properties": {
                "調査時期": "2022_W",
                "都道府県": "山梨県",
                "市区町村": "富士河口湖町",
                "撮影場所": "南都留郡富士河口湖町大石",
                "撮影日時": "2022-01-31T20:10:00+09:00",
                "緯度": "35.52416667",
                "経度": "138.73",
                "夜空の明るさ": "20.32",
                "ばらつき": "0.1",
                "周辺状況": "農業地域",
                "備考": "",
                "継続観察登録地点": "○"
            }
        },
        {
            "type": "Feature",
            "geometry": {
                "type": "Point",
                "coordinates": [
                    138.9783333,
                    35.78555556
                ]
            },
            "properties": {
                "調査時期": "2022_W",
                "都道府県": "山梨県",
                "市区町村": "丹波山村",
                "撮影場所": "北都留郡丹波山村",
                "撮影日時": "2022-01-29T19:06:00+09:00",
                "緯度": "35.78555556",
                "経度": "138.9783333",
                "夜空の明るさ": "20.28",
                "ばらつき": "0.08",
                "周辺状況": "森林山間地",
                "備考": "",
                "継続観察登録地点": "○"
            }
        },
        {
            "type": "Feature",
            "geometry": {
                "type": "Point",
                "coordinates": [
                    138.9402778,
                    35.76361111
                ]
            },
            "properties": {
                "調査時期": "2022_W",
                "都道府県": "山梨県",
                "市区町村": "小菅村",
                "撮影場所": "北都留郡小菅村 小菅村ヘリポート",
                "撮影日時": "2022-01-29T20:14:00+09:00",
                "緯度": "35.76361111",
                "経度": "138.9402778",
                "夜空の明るさ": "20.54",
                "ばらつき": "0.09",
                "周辺状況": "森林山間地",
                "備考": "",
                "継続観察登録地点": "○"
            }
        },
        {
            "type": "Feature",
            "geometry": {
                "type": "Point",
                "coordinates": [
                    137.9830556,
                    35.93388889
                ]
            },
            "properties": {
                "調査時期": "2022_W",
                "都道府県": "長野県",
                "市区町村": "箕輪町",
                "撮影場所": "上伊那郡箕輪町 箕輪北小学校グランド",
                "撮影日時": "2022-01-24T19:20:00+09:00",
                "緯度": "35.93388889",
                "経度": "137.9830556",
                "夜空の明るさ": "19.74",
                "ばらつき": "0.07",
                "周辺状況": "住宅地域",
                "備考": "",
                "継続観察登録地点": "○"
            }
        },
        {
            "type": "Feature",
            "geometry": {
                "type": "Point",
                "coordinates": [
                    137.9436111,
                    35.88472222
                ]
            },
            "properties": {
                "調査時期": "2022_W",
                "都道府県": "長野県",
                "市区町村": "南箕輪村",
                "撮影場所": "上伊那郡南箕輪村 大芝公園",
                "撮影日時": "2022-01-24T19:43:00+09:00",
                "緯度": "35.88472222",
                "経度": "137.9436111",
                "夜空の明るさ": "19.84",
                "ばらつき": "0.12",
                "周辺状況": "自然公園等",
                "備考": "",
                "継続観察登録地点": "○"
            }
        },
        {
            "type": "Feature",
            "geometry": {
                "type": "Point",
                "coordinates": [
                    138.5166667,
                    36.06138889
                ]
            },
            "properties": {
                "調査時期": "2022_W",
                "都道府県": "長野県",
                "市区町村": "北相木村",
                "撮影場所": "南佐久郡北相木村栃原",
                "撮影日時": "2022-01-24T19:38:00+09:00",
                "緯度": "36.06138889",
                "経度": "138.5166667",
                "夜空の明るさ": "20.86",
                "ばらつき": "0.1",
                "周辺状況": "森林山間地",
                "備考": "",
                "継続観察登録地点": "○"
            }
        },
        {
            "type": "Feature",
            "geometry": {
                "type": "Point",
                "coordinates": [
                    137.9658333,
                    36.05388889
                ]
            },
            "properties": {
                "調査時期": "2022_W",
                "都道府県": "長野県",
                "市区町村": "塩尻市",
                "撮影場所": "",
                "撮影日時": "2022-01-26T18:43:00+09:00",
                "緯度": "36.05388889",
                "経度": "137.9658333",
                "夜空の明るさ": "20.26",
                "ばらつき": "0.05",
                "周辺状況": "",
                "備考": "",
                "継続観察登録地点": ""
            }
        },
        {
            "type": "Feature",
            "geometry": {
                "type": "Point",
                "coordinates": [
                    137.9691667,
                    36.05166667
                ]
            },
            "properties": {
                "調査時期": "2022_W",
                "都道府県": "長野県",
                "市区町村": "塩尻市",
                "撮影場所": "北小野地区センター",
                "撮影日時": "2022-01-26T18:54:00+09:00",
                "緯度": "36.05166667",
                "経度": "137.9691667",
                "夜空の明るさ": "20.19",
                "ばらつき": "0.05",
                "周辺状況": "農業地域",
                "備考": "",
                "継続観察登録地点": "○"
            }
        },
        {
            "type": "Feature",
            "geometry": {
                "type": "Point",
                "coordinates": [
                    138.0161111,
                    36.0625
                ]
            },
            "properties": {
                "調査時期": "2022_W",
                "都道府県": "長野県",
                "市区町村": "岡谷市",
                "撮影場所": "塩嶺王城パーク駐車場",
                "撮影日時": "2022-01-26T19:12:00+09:00",
                "緯度": "36.0625",
                "経度": "138.0161111",
                "夜空の明るさ": "20.06",
                "ばらつき": "0.05",
                "周辺状況": "自然公園等",
                "備考": "",
                "継続観察登録地点": "○"
            }
        },
        {
            "type": "Feature",
            "geometry": {
                "type": "Point",
                "coordinates": [
                    138.0036111,
                    36.07138889
                ]
            },
            "properties": {
                "調査時期": "2022_W",
                "都道府県": "長野県",
                "市区町村": "塩尻市",
                "撮影場所": "いこいの森公園",
                "撮影日時": "2022-01-26T19:28:00+09:00",
                "緯度": "36.07138889",
                "経度": "138.0036111",
                "夜空の明るさ": "20.19",
                "ばらつき": "0.04",
                "周辺状況": "自然公園等",
                "備考": "",
                "継続観察登録地点": "○"
            }
        },
        {
            "type": "Feature",
            "geometry": {
                "type": "Point",
                "coordinates": [
                    137.9422222,
                    36.10361111
                ]
            },
            "properties": {
                "調査時期": "2022_W",
                "都道府県": "長野県",
                "市区町村": "塩尻市",
                "撮影場所": "平出遺跡公園",
                "撮影日時": "2022-01-26T19:48:00+09:00",
                "緯度": "36.10361111",
                "経度": "137.9422222",
                "夜空の明るさ": "19.84",
                "ばらつき": "0.09",
                "周辺状況": "自然公園等",
                "備考": "",
                "継続観察登録地点": "○"
            }
        },
        {
            "type": "Feature",
            "geometry": {
                "type": "Point",
                "coordinates": [
                    137.96,
                    36.12916667
                ]
            },
            "properties": {
                "調査時期": "2022_W",
                "都道府県": "長野県",
                "市区町村": "塩尻市",
                "撮影場所": "",
                "撮影日時": "2022-01-26T20:07:00+09:00",
                "緯度": "36.12916667",
                "経度": "137.96",
                "夜空の明るさ": "19.3",
                "ばらつき": "0.09",
                "周辺状況": "",
                "備考": "",
                "継続観察登録地点": ""
            }
        },
        {
            "type": "Feature",
            "geometry": {
                "type": "Point",
                "coordinates": [
                    137.9641667,
                    36.14416667
                ]
            },
            "properties": {
                "調査時期": "2022_W",
                "都道府県": "長野県",
                "市区町村": "塩尻市",
                "撮影場所": "",
                "撮影日時": "2022-01-26T20:19:00+09:00",
                "緯度": "36.14416667",
                "経度": "137.9641667",
                "夜空の明るさ": "19.48",
                "ばらつき": "0.07",
                "周辺状況": "",
                "備考": "",
                "継続観察登録地点": ""
            }
        },
        {
            "type": "Feature",
            "geometry": {
                "type": "Point",
                "coordinates": [
                    137.955,
                    36.13972222
                ]
            },
            "properties": {
                "調査時期": "2022_W",
                "都道府県": "長野県",
                "市区町村": "塩尻市",
                "撮影場所": "",
                "撮影日時": "2022-01-26T20:27:00+09:00",
                "緯度": "36.13972222",
                "経度": "137.955",
                "夜空の明るさ": "19.04",
                "ばらつき": "0.09",
                "周辺状況": "",
                "備考": "",
                "継続観察登録地点": ""
            }
        },
        {
            "type": "Feature",
            "geometry": {
                "type": "Point",
                "coordinates": [
                    137.81,
                    35.93416667
                ]
            },
            "properties": {
                "調査時期": "2022_W",
                "都道府県": "長野県",
                "市区町村": "塩尻市",
                "撮影場所": "奈良井ダム",
                "撮影日時": "2022-01-27T18:54:00+09:00",
                "緯度": "35.93416667",
                "経度": "137.81",
                "夜空の明るさ": "19.43",
                "ばらつき": "0.08",
                "周辺状況": "森林山間地",
                "備考": "",
                "継続観察登録地点": "○"
            }
        },
        {
            "type": "Feature",
            "geometry": {
                "type": "Point",
                "coordinates": [
                    137.8091667,
                    35.96027778
                ]
            },
            "properties": {
                "調査時期": "2022_W",
                "都道府県": "長野県",
                "市区町村": "塩尻市",
                "撮影場所": "",
                "撮影日時": "2022-01-27T19:17:00+09:00",
                "緯度": "35.96027778",
                "経度": "137.8091667",
                "夜空の明るさ": "17.98",
                "ばらつき": "0.12",
                "周辺状況": "",
                "備考": "参考値（薄雲）",
                "継続観察登録地点": ""
            }
        },
        {
            "type": "Feature",
            "geometry": {
                "type": "Point",
                "coordinates": [
                    137.9875,
                    35.89916667
                ]
            },
            "properties": {
                "調査時期": "2022_W",
                "都道府県": "長野県",
                "市区町村": "箕輪町",
                "撮影場所": "JR木ノ下駅周辺",
                "撮影日時": "2022-01-28T19:08:00+09:00",
                "緯度": "35.89916667",
                "経度": "137.9875",
                "夜空の明るさ": "19.46",
                "ばらつき": "0.08",
                "周辺状況": "住宅地域",
                "備考": "",
                "継続観察登録地点": "○"
            }
        },
        {
            "type": "Feature",
            "geometry": {
                "type": "Point",
                "coordinates": [
                    137.9219444,
                    36.15666667
                ]
            },
            "properties": {
                "調査時期": "2022_W",
                "都道府県": "長野県",
                "市区町村": "塩尻市",
                "撮影場所": "信州スカイパーク",
                "撮影日時": "2022-01-28T18:58:00+09:00",
                "緯度": "36.15666667",
                "経度": "137.9219444",
                "夜空の明るさ": "19.33",
                "ばらつき": "0.05",
                "周辺状況": "自然公園等",
                "備考": "",
                "継続観察登録地点": "○"
            }
        },
        {
            "type": "Feature",
            "geometry": {
                "type": "Point",
                "coordinates": [
                    137.9183333,
                    36.16638889
                ]
            },
            "properties": {
                "調査時期": "2022_W",
                "都道府県": "長野県",
                "市区町村": "松本市",
                "撮影場所": "西南公園",
                "撮影日時": "2022-01-28T19:09:00+09:00",
                "緯度": "36.16638889",
                "経度": "137.9183333",
                "夜空の明るさ": "19.07",
                "ばらつき": "0.08",
                "周辺状況": "自然公園等",
                "備考": "",
                "継続観察登録地点": "○"
            }
        },
        {
            "type": "Feature",
            "geometry": {
                "type": "Point",
                "coordinates": [
                    137.8786111,
                    36.16972222
                ]
            },
            "properties": {
                "調査時期": "2022_W",
                "都道府県": "長野県",
                "市区町村": "山形村",
                "撮影場所": "山形村 ミラ フード館 ",
                "撮影日時": "2022-01-28T19:25:00+09:00",
                "緯度": "36.16972222",
                "経度": "137.8786111",
                "夜空の明るさ": "19.83",
                "ばらつき": "0.09",
                "周辺状況": "農業地域",
                "備考": "",
                "継続観察登録地点": "○"
            }
        },
        {
            "type": "Feature",
            "geometry": {
                "type": "Point",
                "coordinates": [
                    137.8575,
                    36.18472222
                ]
            },
            "properties": {
                "調査時期": "2022_W",
                "都道府県": "長野県",
                "市区町村": "松本市",
                "撮影場所": "",
                "撮影日時": "2022-01-28T19:33:00+09:00",
                "緯度": "36.18472222",
                "経度": "137.8575",
                "夜空の明るさ": "20.04",
                "ばらつき": "0.15",
                "周辺状況": "",
                "備考": "",
                "継続観察登録地点": ""
            }
        },
        {
            "type": "Feature",
            "geometry": {
                "type": "Point",
                "coordinates": [
                    137.9463889,
                    36.16444444
                ]
            },
            "properties": {
                "調査時期": "2022_W",
                "都道府県": "長野県",
                "市区町村": "塩尻市",
                "撮影場所": "長者原公園",
                "撮影日時": "2022-01-28T20:04:00+09:00",
                "緯度": "36.16444444",
                "経度": "137.9463889",
                "夜空の明るさ": "18.89",
                "ばらつき": "0.14",
                "周辺状況": "住宅地域",
                "備考": "",
                "継続観察登録地点": "○"
            }
        },
        {
            "type": "Feature",
            "geometry": {
                "type": "Point",
                "coordinates": [
                    137.8422222,
                    35.98638889
                ]
            },
            "properties": {
                "調査時期": "2022_W",
                "都道府県": "長野県",
                "市区町村": "塩尻市",
                "撮影場所": "",
                "撮影日時": "2022-01-28T19:08:00+09:00",
                "緯度": "35.98638889",
                "経度": "137.8422222",
                "夜空の明るさ": "20.69",
                "ばらつき": "0.09",
                "周辺状況": "",
                "備考": "",
                "継続観察登録地点": ""
            }
        },
        {
            "type": "Feature",
            "geometry": {
                "type": "Point",
                "coordinates": [
                    137.8591667,
                    36.01277778
                ]
            },
            "properties": {
                "調査時期": "2022_W",
                "都道府県": "長野県",
                "市区町村": "塩尻市",
                "撮影場所": "",
                "撮影日時": "2022-01-28T19:24:00+09:00",
                "緯度": "36.01277778",
                "経度": "137.8591667",
                "夜空の明るさ": "20.84",
                "ばらつき": "0.09",
                "周辺状況": "",
                "備考": "",
                "継続観察登録地点": ""
            }
        },
        {
            "type": "Feature",
            "geometry": {
                "type": "Point",
                "coordinates": [
                    137.9,
                    36.06416667
                ]
            },
            "properties": {
                "調査時期": "2022_W",
                "都道府県": "長野県",
                "市区町村": "塩尻市",
                "撮影場所": "塩尻市本山",
                "撮影日時": "2022-01-28T19:39:00+09:00",
                "緯度": "36.06416667",
                "経度": "137.9",
                "夜空の明るさ": "20.62",
                "ばらつき": "0.11",
                "周辺状況": "農業地域",
                "備考": "",
                "継続観察登録地点": "○"
            }
        },
        {
            "type": "Feature",
            "geometry": {
                "type": "Point",
                "coordinates": [
                    137.9077778,
                    36.13277778
                ]
            },
            "properties": {
                "調査時期": "2022_W",
                "都道府県": "長野県",
                "市区町村": "塩尻市",
                "撮影場所": "",
                "撮影日時": "2022-01-29T19:26:00+09:00",
                "緯度": "36.13277778",
                "経度": "137.9077778",
                "夜空の明るさ": "19.76",
                "ばらつき": "0.09",
                "周辺状況": "",
                "備考": "",
                "継続観察登録地点": ""
            }
        },
        {
            "type": "Feature",
            "geometry": {
                "type": "Point",
                "coordinates": [
                    137.9141667,
                    36.11388889
                ]
            },
            "properties": {
                "調査時期": "2022_W",
                "都道府県": "長野県",
                "市区町村": "塩尻市",
                "撮影場所": "洗馬小学校校庭",
                "撮影日時": "2022-01-29T19:35:00+09:00",
                "緯度": "36.11388889",
                "経度": "137.9141667",
                "夜空の明るさ": "19.98",
                "ばらつき": "0.12",
                "周辺状況": "農業地域",
                "備考": "",
                "継続観察登録地点": "○"
            }
        },
        {
            "type": "Feature",
            "geometry": {
                "type": "Point",
                "coordinates": [
                    137.9483333,
                    36.11472222
                ]
            },
            "properties": {
                "調査時期": "2022_W",
                "都道府県": "長野県",
                "市区町村": "塩尻市",
                "撮影場所": "",
                "撮影日時": "2022-01-29T19:53:00+09:00",
                "緯度": "36.11472222",
                "経度": "137.9483333",
                "夜空の明るさ": "18.99",
                "ばらつき": "0.16",
                "周辺状況": "",
                "備考": "",
                "継続観察登録地点": ""
            }
        },
        {
            "type": "Feature",
            "geometry": {
                "type": "Point",
                "coordinates": [
                    137.9375,
                    36.13888889
                ]
            },
            "properties": {
                "調査時期": "2022_W",
                "都道府県": "長野県",
                "市区町村": "塩尻市",
                "撮影場所": "堅石公民館",
                "撮影日時": "2022-01-29T20:07:00+09:00",
                "緯度": "36.13888889",
                "経度": "137.9375",
                "夜空の明るさ": "19.63",
                "ばらつき": "0.05",
                "周辺状況": "農業地域",
                "備考": "",
                "継続観察登録地点": "○"
            }
        },
        {
            "type": "Feature",
            "geometry": {
                "type": "Point",
                "coordinates": [
                    138.0402778,
                    36.71972222
                ]
            },
            "properties": {
                "調査時期": "2022_W",
                "都道府県": "長野県",
                "市区町村": "長野市",
                "撮影場所": "鬼無里　大望峠",
                "撮影日時": "2022-01-29T18:25:00+09:00",
                "緯度": "36.71972222",
                "経度": "138.0402778",
                "夜空の明るさ": "20.58",
                "ばらつき": "0.08",
                "周辺状況": "森林山間地",
                "備考": "",
                "継続観察登録地点": "○"
            }
        },
        {
            "type": "Feature",
            "geometry": {
                "type": "Point",
                "coordinates": [
                    138.015,
                    36.69083333
                ]
            },
            "properties": {
                "調査時期": "2022_W",
                "都道府県": "長野県",
                "市区町村": "長野市",
                "撮影場所": "鬼無里　文道　ふるさとの館跡駐車場",
                "撮影日時": "2022-01-29T18:59:00+09:00",
                "緯度": "36.69083333",
                "経度": "138.015",
                "夜空の明るさ": "20.51",
                "ばらつき": "0.14",
                "周辺状況": "森林山間地",
                "備考": "",
                "継続観察登録地点": "○"
            }
        },
        {
            "type": "Feature",
            "geometry": {
                "type": "Point",
                "coordinates": [
                    137.9275,
                    36.66777778
                ]
            },
            "properties": {
                "調査時期": "2022_W",
                "都道府県": "長野県",
                "市区町村": "長野市",
                "撮影場所": "鬼無里日影　押切",
                "撮影日時": "2022-01-29T20:06:00+09:00",
                "緯度": "36.66777778",
                "経度": "137.9275",
                "夜空の明るさ": "19.93",
                "ばらつき": "0.18",
                "周辺状況": "その他",
                "備考": "",
                "継続観察登録地点": "○"
            }
        },
        {
            "type": "Feature",
            "geometry": {
                "type": "Point",
                "coordinates": [
                    137.5911111,
                    35.24944444
                ]
            },
            "properties": {
                "調査時期": "2022_W",
                "都道府県": "長野県",
                "市区町村": "根羽村",
                "撮影場所": "",
                "撮影日時": "2022-01-29T19:01:00+09:00",
                "緯度": "35.24944444",
                "経度": "137.5911111",
                "夜空の明るさ": "20.01",
                "ばらつき": "0.5",
                "周辺状況": "",
                "備考": "",
                "継続観察登録地点": ""
            }
        },
        {
            "type": "Feature",
            "geometry": {
                "type": "Point",
                "coordinates": [
                    137.6419444,
                    35.30694444
                ]
            },
            "properties": {
                "調査時期": "2022_W",
                "都道府県": "長野県",
                "市区町村": "平谷村",
                "撮影場所": "",
                "撮影日時": "2022-01-29T19:18:00+09:00",
                "緯度": "35.30694444",
                "経度": "137.6419444",
                "夜空の明るさ": "20.84",
                "ばらつき": "0.09",
                "周辺状況": "",
                "備考": "",
                "継続観察登録地点": ""
            }
        },
        {
            "type": "Feature",
            "geometry": {
                "type": "Point",
                "coordinates": [
                    137.6716667,
                    35.29722222
                ]
            },
            "properties": {
                "調査時期": "2022_W",
                "都道府県": "長野県",
                "市区町村": "売木村",
                "撮影場所": "",
                "撮影日時": "2022-01-29T19:26:00+09:00",
                "緯度": "35.29722222",
                "経度": "137.6716667",
                "夜空の明るさ": "20.95",
                "ばらつき": "0.09",
                "周辺状況": "",
                "備考": "",
                "継続観察登録地点": ""
            }
        },
        {
            "type": "Feature",
            "geometry": {
                "type": "Point",
                "coordinates": [
                    137.7191667,
                    35.26694444
                ]
            },
            "properties": {
                "調査時期": "2022_W",
                "都道府県": "長野県",
                "市区町村": "売木村",
                "撮影場所": "",
                "撮影日時": "2022-01-29T19:38:00+09:00",
                "緯度": "35.26694444",
                "経度": "137.7191667",
                "夜空の明るさ": "20.63",
                "ばらつき": "0.2",
                "周辺状況": "",
                "備考": "",
                "継続観察登録地点": ""
            }
        },
        {
            "type": "Feature",
            "geometry": {
                "type": "Point",
                "coordinates": [
                    137.7655556,
                    35.24888889
                ]
            },
            "properties": {
                "調査時期": "2022_W",
                "都道府県": "長野県",
                "市区町村": "天龍村",
                "撮影場所": "",
                "撮影日時": "2022-01-29T19:48:00+09:00",
                "緯度": "35.24888889",
                "経度": "137.7655556",
                "夜空の明るさ": "21",
                "ばらつき": "0.1",
                "周辺状況": "",
                "備考": "",
                "継続観察登録地点": ""
            }
        },
        {
            "type": "Feature",
            "geometry": {
                "type": "Point",
                "coordinates": [
                    137.7541667,
                    35.25861111
                ]
            },
            "properties": {
                "調査時期": "2022_W",
                "都道府県": "長野県",
                "市区町村": "阿南町",
                "撮影場所": "",
                "撮影日時": "2022-01-29T19:53:00+09:00",
                "緯度": "35.25861111",
                "経度": "137.7541667",
                "夜空の明るさ": "20.76",
                "ばらつき": "0.12",
                "周辺状況": "",
                "備考": "",
                "継続観察登録地点": ""
            }
        },
        {
            "type": "Feature",
            "geometry": {
                "type": "Point",
                "coordinates": [
                    137.9872222,
                    35.98194444
                ]
            },
            "properties": {
                "調査時期": "2022_W",
                "都道府県": "長野県",
                "市区町村": "辰野町",
                "撮影場所": "",
                "撮影日時": "2022-01-29T18:51:00+09:00",
                "緯度": "35.98194444",
                "経度": "137.9872222",
                "夜空の明るさ": "19.57",
                "ばらつき": "0.09",
                "周辺状況": "",
                "備考": "",
                "継続観察登録地点": ""
            }
        },
        {
            "type": "Feature",
            "geometry": {
                "type": "Point",
                "coordinates": [
                    138.0075,
                    36.23027778
                ]
            },
            "properties": {
                "調査時期": "2022_W",
                "都道府県": "長野県",
                "市区町村": "松本市",
                "撮影場所": "",
                "撮影日時": "2022-01-29T18:54:00+09:00",
                "緯度": "36.23027778",
                "経度": "138.0075",
                "夜空の明るさ": "19.46",
                "ばらつき": "0.09",
                "周辺状況": "",
                "備考": "",
                "継続観察登録地点": ""
            }
        },
        {
            "type": "Feature",
            "geometry": {
                "type": "Point",
                "coordinates": [
                    138.0022222,
                    36.23333333
                ]
            },
            "properties": {
                "調査時期": "2022_W",
                "都道府県": "長野県",
                "市区町村": "松本市",
                "撮影場所": "",
                "撮影日時": "2022-01-29T19:05:00+09:00",
                "緯度": "36.23333333",
                "経度": "138.0022222",
                "夜空の明るさ": "18.97",
                "ばらつき": "0.11",
                "周辺状況": "",
                "備考": "",
                "継続観察登録地点": ""
            }
        },
        {
            "type": "Feature",
            "geometry": {
                "type": "Point",
                "coordinates": [
                    137.9844444,
                    36.23083333
                ]
            },
            "properties": {
                "調査時期": "2022_W",
                "都道府県": "長野県",
                "市区町村": "松本市",
                "撮影場所": "",
                "撮影日時": "2022-01-29T19:16:00+09:00",
                "緯度": "36.23083333",
                "経度": "137.9844444",
                "夜空の明るさ": "18.79",
                "ばらつき": "0.12",
                "周辺状況": "",
                "備考": "",
                "継続観察登録地点": ""
            }
        },
        {
            "type": "Feature",
            "geometry": {
                "type": "Point",
                "coordinates": [
                    137.9533333,
                    35.82694444
                ]
            },
            "properties": {
                "調査時期": "2022_W",
                "都道府県": "長野県",
                "市区町村": "伊那市",
                "撮影場所": "",
                "撮影日時": "2022-01-29T19:34:00+09:00",
                "緯度": "35.82694444",
                "経度": "137.9533333",
                "夜空の明るさ": "19.1",
                "ばらつき": "0.07",
                "周辺状況": "",
                "備考": "",
                "継続観察登録地点": ""
            }
        },
        {
            "type": "Feature",
            "geometry": {
                "type": "Point",
                "coordinates": [
                    138.0019444,
                    36.19638889
                ]
            },
            "properties": {
                "調査時期": "2022_W",
                "都道府県": "長野県",
                "市区町村": "松本市",
                "撮影場所": "",
                "撮影日時": "2022-01-29T19:30:00+09:00",
                "緯度": "36.19638889",
                "経度": "138.0019444",
                "夜空の明るさ": "19.68",
                "ばらつき": "0.15",
                "周辺状況": "",
                "備考": "",
                "継続観察登録地点": ""
            }
        },
        {
            "type": "Feature",
            "geometry": {
                "type": "Point",
                "coordinates": [
                    137.9961111,
                    36.14944444
                ]
            },
            "properties": {
                "調査時期": "2022_W",
                "都道府県": "長野県",
                "市区町村": "塩尻市",
                "撮影場所": "",
                "撮影日時": "2022-01-29T19:44:00+09:00",
                "緯度": "36.14944444",
                "経度": "137.9961111",
                "夜空の明るさ": "19.95",
                "ばらつき": "0.16",
                "周辺状況": "",
                "備考": "",
                "継続観察登録地点": ""
            }
        },
        {
            "type": "Feature",
            "geometry": {
                "type": "Point",
                "coordinates": [
                    138.0125,
                    36.14888889
                ]
            },
            "properties": {
                "調査時期": "2022_W",
                "都道府県": "長野県",
                "市区町村": "塩尻市",
                "撮影場所": "",
                "撮影日時": "2022-01-29T19:58:00+09:00",
                "緯度": "36.14888889",
                "経度": "138.0125",
                "夜空の明るさ": "20.19",
                "ばらつき": "0.2",
                "周辺状況": "",
                "備考": "",
                "継続観察登録地点": ""
            }
        },
        {
            "type": "Feature",
            "geometry": {
                "type": "Point",
                "coordinates": [
                    137.9925,
                    36.1725
                ]
            },
            "properties": {
                "調査時期": "2022_W",
                "都道府県": "長野県",
                "市区町村": "松本市",
                "撮影場所": "",
                "撮影日時": "2022-01-29T20:18:00+09:00",
                "緯度": "36.1725",
                "経度": "137.9925",
                "夜空の明るさ": "19.69",
                "ばらつき": "0.12",
                "周辺状況": "",
                "備考": "",
                "継続観察登録地点": ""
            }
        },
        {
            "type": "Feature",
            "geometry": {
                "type": "Point",
                "coordinates": [
                    137.9094444,
                    35.59722222
                ]
            },
            "properties": {
                "調査時期": "2022_W",
                "都道府県": "長野県",
                "市区町村": "松川町",
                "撮影場所": "",
                "撮影日時": "2022-01-29T20:13:00+09:00",
                "緯度": "35.59722222",
                "経度": "137.9094444",
                "夜空の明るさ": "20.07",
                "ばらつき": "0.1",
                "周辺状況": "",
                "備考": "",
                "継続観察登録地点": ""
            }
        },
        {
            "type": "Feature",
            "geometry": {
                "type": "Point",
                "coordinates": [
                    137.9319444,
                    35.60472222
                ]
            },
            "properties": {
                "調査時期": "2022_W",
                "都道府県": "長野県",
                "市区町村": "中川村",
                "撮影場所": "",
                "撮影日時": "2022-01-29T20:26:00+09:00",
                "緯度": "35.60472222",
                "経度": "137.9319444",
                "夜空の明るさ": "20.44",
                "ばらつき": "0.11",
                "周辺状況": "",
                "備考": "",
                "継続観察登録地点": ""
            }
        },
        {
            "type": "Feature",
            "geometry": {
                "type": "Point",
                "coordinates": [
                    138.0341667,
                    35.57805556
                ]
            },
            "properties": {
                "調査時期": "2022_W",
                "都道府県": "長野県",
                "市区町村": "大鹿村",
                "撮影場所": "",
                "撮影日時": "2022-01-29T20:45:00+09:00",
                "緯度": "35.57805556",
                "経度": "138.0341667",
                "夜空の明るさ": "21.09",
                "ばらつき": "0.13",
                "周辺状況": "",
                "備考": "",
                "継続観察登録地点": ""
            }
        },
        {
            "type": "Feature",
            "geometry": {
                "type": "Point",
                "coordinates": [
                    138.4633333,
                    35.96138889
                ]
            },
            "properties": {
                "調査時期": "2022_W",
                "都道府県": "長野県",
                "市区町村": "南牧村",
                "撮影場所": "南佐久郡南牧村野辺山",
                "撮影日時": "2022-01-28T19:50:00+09:00",
                "緯度": "35.96138889",
                "経度": "138.4633333",
                "夜空の明るさ": "20.94",
                "ばらつき": "0.09",
                "周辺状況": "住宅地域",
                "備考": "",
                "継続観察登録地点": "○"
            }
        },
        {
            "type": "Feature",
            "geometry": {
                "type": "Point",
                "coordinates": [
                    137.9830556,
                    35.97972222
                ]
            },
            "properties": {
                "調査時期": "2022_W",
                "都道府県": "長野県",
                "市区町村": "辰野町",
                "撮影場所": "",
                "撮影日時": "2022-01-30T19:19:00+09:00",
                "緯度": "35.97972222",
                "経度": "137.9830556",
                "夜空の明るさ": "19.93",
                "ばらつき": "0.07",
                "周辺状況": "",
                "備考": "",
                "継続観察登録地点": ""
            }
        },
        {
            "type": "Feature",
            "geometry": {
                "type": "Point",
                "coordinates": [
                    137.945,
                    35.83944444
                ]
            },
            "properties": {
                "調査時期": "2022_W",
                "都道府県": "長野県",
                "市区町村": "伊那市",
                "撮影場所": "長野県伊那文化会館",
                "撮影日時": "2022-01-30T19:44:00+09:00",
                "緯度": "35.83944444",
                "経度": "137.945",
                "夜空の明るさ": "19.51",
                "ばらつき": "0.09",
                "周辺状況": "住宅地域",
                "備考": "",
                "継続観察登録地点": "○"
            }
        },
        {
            "type": "Feature",
            "geometry": {
                "type": "Point",
                "coordinates": [
                    137.9386111,
                    35.81333333
                ]
            },
            "properties": {
                "調査時期": "2022_W",
                "都道府県": "長野県",
                "市区町村": "伊那市",
                "撮影場所": "伊那市 西春近北小学校グランド",
                "撮影日時": "2022-01-30T19:54:00+09:00",
                "緯度": "35.81333333",
                "経度": "137.9386111",
                "夜空の明るさ": "18.97",
                "ばらつき": "0.13",
                "周辺状況": "農業地域",
                "備考": "",
                "継続観察登録地点": "○"
            }
        },
        {
            "type": "Feature",
            "geometry": {
                "type": "Point",
                "coordinates": [
                    138.2186111,
                    36.35111111
                ]
            },
            "properties": {
                "調査時期": "2022_W",
                "都道府県": "長野県",
                "市区町村": "上田市",
                "撮影場所": "古安曽観測所前",
                "撮影日時": "2022-01-26T20:06:00+09:00",
                "緯度": "36.35111111",
                "経度": "138.2186111",
                "夜空の明るさ": "20.01",
                "ばらつき": "0.06",
                "周辺状況": "農業地域",
                "備考": "",
                "継続観察登録地点": "○"
            }
        },
        {
            "type": "Feature",
            "geometry": {
                "type": "Point",
                "coordinates": [
                    138.2186111,
                    36.35111111
                ]
            },
            "properties": {
                "調査時期": "2022_W",
                "都道府県": "長野県",
                "市区町村": "上田市",
                "撮影場所": "古安曽観測所前",
                "撮影日時": "2022-01-29T20:56:00+09:00",
                "緯度": "36.35111111",
                "経度": "138.2186111",
                "夜空の明るさ": "20.17",
                "ばらつき": "0.03",
                "周辺状況": "農業地域",
                "備考": "",
                "継続観察登録地点": "○"
            }
        },
        {
            "type": "Feature",
            "geometry": {
                "type": "Point",
                "coordinates": [
                    138.4680556,
                    36.23555556
                ]
            },
            "properties": {
                "調査時期": "2022_W",
                "都道府県": "長野県",
                "市区町村": "佐久市",
                "撮影場所": "",
                "撮影日時": "2022-01-24T18:40:00+09:00",
                "緯度": "36.23555556",
                "経度": "138.4680556",
                "夜空の明るさ": "19.59",
                "ばらつき": "0.08",
                "周辺状況": "",
                "備考": "",
                "継続観察登録地点": ""
            }
        },
        {
            "type": "Feature",
            "geometry": {
                "type": "Point",
                "coordinates": [
                    138.4288889,
                    36.24972222
                ]
            },
            "properties": {
                "調査時期": "2022_W",
                "都道府県": "長野県",
                "市区町村": "佐久市",
                "撮影場所": "",
                "撮影日時": "2022-01-24T19:03:00+09:00",
                "緯度": "36.24972222",
                "経度": "138.4288889",
                "夜空の明るさ": "20.08",
                "ばらつき": "0.08",
                "周辺状況": "",
                "備考": "",
                "継続観察登録地点": ""
            }
        },
        {
            "type": "Feature",
            "geometry": {
                "type": "Point",
                "coordinates": [
                    138.4038889,
                    36.25805556
                ]
            },
            "properties": {
                "調査時期": "2022_W",
                "都道府県": "長野県",
                "市区町村": "佐久市",
                "撮影場所": "",
                "撮影日時": "2022-01-24T19:20:00+09:00",
                "緯度": "36.25805556",
                "経度": "138.4038889",
                "夜空の明るさ": "20.13",
                "ばらつき": "0.09",
                "周辺状況": "",
                "備考": "",
                "継続観察登録地点": ""
            }
        },
        {
            "type": "Feature",
            "geometry": {
                "type": "Point",
                "coordinates": [
                    138.3991667,
                    36.26972222
                ]
            },
            "properties": {
                "調査時期": "2022_W",
                "都道府県": "長野県",
                "市区町村": "佐久市",
                "撮影場所": "",
                "撮影日時": "2022-01-24T19:37:00+09:00",
                "緯度": "36.26972222",
                "経度": "138.3991667",
                "夜空の明るさ": "20.29",
                "ばらつき": "0.1",
                "周辺状況": "",
                "備考": "",
                "継続観察登録地点": ""
            }
        },
        {
            "type": "Feature",
            "geometry": {
                "type": "Point",
                "coordinates": [
                    138.1891667,
                    36.59166667
                ]
            },
            "properties": {
                "調査時期": "2022_W",
                "都道府県": "長野県",
                "市区町村": "長野市",
                "撮影場所": "長野市立博物館",
                "撮影日時": "2022-01-31T18:48:00+09:00",
                "緯度": "36.59166667",
                "経度": "138.1891667",
                "夜空の明るさ": "18.88",
                "ばらつき": "0.1",
                "周辺状況": "自然公園等",
                "備考": "",
                "継続観察登録地点": "○"
            }
        },
        {
            "type": "Feature",
            "geometry": {
                "type": "Point",
                "coordinates": [
                    137.9872222,
                    36.65972222
                ]
            },
            "properties": {
                "調査時期": "2022_W",
                "都道府県": "長野県",
                "市区町村": "小川村",
                "撮影場所": "小川天文台",
                "撮影日時": "2022-01-31T19:15:00+09:00",
                "緯度": "36.65972222",
                "経度": "137.9872222",
                "夜空の明るさ": "20.54",
                "ばらつき": "0.07",
                "周辺状況": "森林山間地",
                "備考": "",
                "継続観察登録地点": "○"
            }
        },
        {
            "type": "Feature",
            "geometry": {
                "type": "Point",
                "coordinates": [
                    137.9536111,
                    36.11444444
                ]
            },
            "properties": {
                "調査時期": "2022_W",
                "都道府県": "長野県",
                "市区町村": "塩尻市",
                "撮影場所": "塩尻市役所北側駐車場",
                "撮影日時": "2022-01-31T19:00:00+09:00",
                "緯度": "36.11444444",
                "経度": "137.9536111",
                "夜空の明るさ": "18.94",
                "ばらつき": "0.05",
                "周辺状況": "住宅地域",
                "備考": "",
                "継続観察登録地点": "○"
            }
        },
        {
            "type": "Feature",
            "geometry": {
                "type": "Point",
                "coordinates": [
                    137.9063889,
                    36.13
                ]
            },
            "properties": {
                "調査時期": "2022_W",
                "都道府県": "長野県",
                "市区町村": "塩尻市",
                "撮影場所": "",
                "撮影日時": "2022-01-31T19:22:00+09:00",
                "緯度": "36.13",
                "経度": "137.9063889",
                "夜空の明るさ": "20.04",
                "ばらつき": "0.07",
                "周辺状況": "",
                "備考": "",
                "継続観察登録地点": ""
            }
        },
        {
            "type": "Feature",
            "geometry": {
                "type": "Point",
                "coordinates": [
                    137.8627778,
                    36.1275
                ]
            },
            "properties": {
                "調査時期": "2022_W",
                "都道府県": "長野県",
                "市区町村": "朝日村",
                "撮影場所": "朝日小学校付近",
                "撮影日時": "2022-01-31T19:36:00+09:00",
                "緯度": "36.1275",
                "経度": "137.8627778",
                "夜空の明るさ": "20.37",
                "ばらつき": "0.1",
                "周辺状況": "住宅地域",
                "備考": "",
                "継続観察登録地点": "○"
            }
        },
        {
            "type": "Feature",
            "geometry": {
                "type": "Point",
                "coordinates": [
                    137.9747222,
                    36.10138889
                ]
            },
            "properties": {
                "調査時期": "2022_W",
                "都道府県": "長野県",
                "市区町村": "塩尻市",
                "撮影場所": "塩尻東地区センター",
                "撮影日時": "2022-01-31T20:45:00+09:00",
                "緯度": "36.10138889",
                "経度": "137.9747222",
                "夜空の明るさ": "19.97",
                "ばらつき": "0.1",
                "周辺状況": "農業地域",
                "備考": "",
                "継続観察登録地点": "○"
            }
        },
        {
            "type": "Feature",
            "geometry": {
                "type": "Point",
                "coordinates": [
                    138.2975,
                    36.64361111
                ]
            },
            "properties": {
                "調査時期": "2022_W",
                "都道府県": "長野県",
                "市区町村": "須坂市",
                "撮影場所": "",
                "撮影日時": "2022-01-31T20:46:00+09:00",
                "緯度": "36.64361111",
                "経度": "138.2975",
                "夜空の明るさ": "19",
                "ばらつき": "0.28",
                "周辺状況": "",
                "備考": "",
                "継続観察登録地点": ""
            }
        },
        {
            "type": "Feature",
            "geometry": {
                "type": "Point",
                "coordinates": [
                    138.4055556,
                    36.2975
                ]
            },
            "properties": {
                "調査時期": "2022_W",
                "都道府県": "長野県",
                "市区町村": "小諸市",
                "撮影場所": "",
                "撮影日時": "2022-01-31T18:51:00+09:00",
                "緯度": "36.2975",
                "経度": "138.4055556",
                "夜空の明るさ": "20.13",
                "ばらつき": "0.08",
                "周辺状況": "",
                "備考": "",
                "継続観察登録地点": ""
            }
        },
        {
            "type": "Feature",
            "geometry": {
                "type": "Point",
                "coordinates": [
                    138.3327778,
                    36.35972222
                ]
            },
            "properties": {
                "調査時期": "2022_W",
                "都道府県": "長野県",
                "市区町村": "東御市",
                "撮影場所": "",
                "撮影日時": "2022-01-31T19:19:00+09:00",
                "緯度": "36.35972222",
                "経度": "138.3327778",
                "夜空の明るさ": "19.62",
                "ばらつき": "0.1",
                "周辺状況": "",
                "備考": "",
                "継続観察登録地点": ""
            }
        },
        {
            "type": "Feature",
            "geometry": {
                "type": "Point",
                "coordinates": [
                    138.3769444,
                    36.36861111
                ]
            },
            "properties": {
                "調査時期": "2022_W",
                "都道府県": "長野県",
                "市区町村": "東御市",
                "撮影場所": "",
                "撮影日時": "2022-01-31T19:38:00+09:00",
                "緯度": "36.36861111",
                "経度": "138.3769444",
                "夜空の明るさ": "20.28",
                "ばらつき": "0.08",
                "周辺状況": "",
                "備考": "",
                "継続観察登録地点": ""
            }
        },
        {
            "type": "Feature",
            "geometry": {
                "type": "Point",
                "coordinates": [
                    138.4866667,
                    36.25611111
                ]
            },
            "properties": {
                "調査時期": "2022_W",
                "都道府県": "長野県",
                "市区町村": "佐久市",
                "撮影場所": "",
                "撮影日時": "2022-01-31T20:45:00+09:00",
                "緯度": "36.25611111",
                "経度": "138.4866667",
                "夜空の明るさ": "19.69",
                "ばらつき": "0.15",
                "周辺状況": "",
                "備考": "",
                "継続観察登録地点": ""
            }
        },
        {
            "type": "Feature",
            "geometry": {
                "type": "Point",
                "coordinates": [
                    138.4644444,
                    36.2775
                ]
            },
            "properties": {
                "調査時期": "2022_W",
                "都道府県": "長野県",
                "市区町村": "佐久市",
                "撮影場所": "",
                "撮影日時": "2022-01-31T20:29:00+09:00",
                "緯度": "36.2775",
                "経度": "138.4644444",
                "夜空の明るさ": "18.44",
                "ばらつき": "0.05",
                "周辺状況": "",
                "備考": "",
                "継続観察登録地点": ""
            }
        },
        {
            "type": "Feature",
            "geometry": {
                "type": "Point",
                "coordinates": [
                    138.4211111,
                    36.3425
                ]
            },
            "properties": {
                "調査時期": "2022_W",
                "都道府県": "長野県",
                "市区町村": "小諸市",
                "撮影場所": "",
                "撮影日時": "2022-01-31T19:59:00+09:00",
                "緯度": "36.3425",
                "経度": "138.4211111",
                "夜空の明るさ": "20.07",
                "ばらつき": "0.07",
                "周辺状況": "",
                "備考": "",
                "継続観察登録地点": ""
            }
        },
        {
            "type": "Feature",
            "geometry": {
                "type": "Point",
                "coordinates": [
                    137.9080556,
                    35.72
                ]
            },
            "properties": {
                "調査時期": "2022_W",
                "都道府県": "長野県",
                "市区町村": "駒ヶ根市",
                "撮影場所": "日本電産長野技術研究開発センター周辺",
                "撮影日時": "2022-01-27T19:26:00+09:00",
                "緯度": "35.72",
                "経度": "137.9080556",
                "夜空の明るさ": "19.35",
                "ばらつき": "0.32",
                "周辺状況": "農業地域",
                "備考": "",
                "継続観察登録地点": "○"
            }
        },
        {
            "type": "Feature",
            "geometry": {
                "type": "Point",
                "coordinates": [
                    137.9266667,
                    35.71027778
                ]
            },
            "properties": {
                "調査時期": "2022_W",
                "都道府県": "長野県",
                "市区町村": "駒ヶ根市",
                "撮影場所": "長野県駒ヶ根工業高等学校周辺",
                "撮影日時": "2022-01-27T19:49:00+09:00",
                "緯度": "35.71027778",
                "経度": "137.9266667",
                "夜空の明るさ": "19.67",
                "ばらつき": "0.17",
                "周辺状況": "住宅地域",
                "備考": "",
                "継続観察登録地点": "○"
            }
        },
        {
            "type": "Feature",
            "geometry": {
                "type": "Point",
                "coordinates": [
                    137.9102778,
                    35.72
                ]
            },
            "properties": {
                "調査時期": "2022_W",
                "都道府県": "長野県",
                "市区町村": "駒ヶ根市",
                "撮影場所": "日本電産長野技術研究開発センター周辺",
                "撮影日時": "2022-01-27T19:26:00+09:00",
                "緯度": "35.72",
                "経度": "137.9102778",
                "夜空の明るさ": "19.42",
                "ばらつき": "0.22",
                "周辺状況": "農業地域",
                "備考": "",
                "継続観察登録地点": "○"
            }
        },
        {
            "type": "Feature",
            "geometry": {
                "type": "Point",
                "coordinates": [
                    137.8988889,
                    35.72944444
                ]
            },
            "properties": {
                "調査時期": "2022_W",
                "都道府県": "長野県",
                "市区町村": "駒ヶ根市",
                "撮影場所": "駒ヶ根高原家族旅行村アルプスの丘周辺",
                "撮影日時": "2022-01-29T18:52:00+09:00",
                "緯度": "35.72944444",
                "経度": "137.8988889",
                "夜空の明るさ": "20.26",
                "ばらつき": "0.12",
                "周辺状況": "自然公園等",
                "備考": "",
                "継続観察登録地点": "○"
            }
        },
        {
            "type": "Feature",
            "geometry": {
                "type": "Point",
                "coordinates": [
                    138.2283333,
                    36.40333333
                ]
            },
            "properties": {
                "調査時期": "2022_W",
                "都道府県": "長野県",
                "市区町村": "上田市",
                "撮影場所": "上田千曲高校周辺",
                "撮影日時": "2022-01-24T19:15:00+09:00",
                "緯度": "36.40333333",
                "経度": "138.2283333",
                "夜空の明るさ": "19.2",
                "ばらつき": "0.07",
                "周辺状況": "住宅地域",
                "備考": "",
                "継続観察登録地点": "○"
            }
        },
        {
            "type": "Feature",
            "geometry": {
                "type": "Point",
                "coordinates": [
                    138.0758333,
                    35.76777778
                ]
            },
            "properties": {
                "調査時期": "2022_W",
                "都道府県": "長野県",
                "市区町村": "伊那市",
                "撮影場所": "",
                "撮影日時": "2022-01-24T18:38:00+09:00",
                "緯度": "35.76777778",
                "経度": "138.0758333",
                "夜空の明るさ": "20.74",
                "ばらつき": "0.08",
                "周辺状況": "",
                "備考": "",
                "継続観察登録地点": ""
            }
        },
        {
            "type": "Feature",
            "geometry": {
                "type": "Point",
                "coordinates": [
                    138.0819444,
                    35.79194444
                ]
            },
            "properties": {
                "調査時期": "2022_W",
                "都道府県": "長野県",
                "市区町村": "伊那市",
                "撮影場所": "",
                "撮影日時": "2022-01-24T18:50:00+09:00",
                "緯度": "35.79194444",
                "経度": "138.0819444",
                "夜空の明るさ": "20.62",
                "ばらつき": "0.09",
                "周辺状況": "",
                "備考": "",
                "継続観察登録地点": ""
            }
        },
        {
            "type": "Feature",
            "geometry": {
                "type": "Point",
                "coordinates": [
                    138.0530556,
                    35.83666667
                ]
            },
            "properties": {
                "調査時期": "2022_W",
                "都道府県": "長野県",
                "市区町村": "伊那市",
                "撮影場所": "",
                "撮影日時": "2022-01-24T19:07:00+09:00",
                "緯度": "35.83666667",
                "経度": "138.0530556",
                "夜空の明るさ": "20.13",
                "ばらつき": "0.08",
                "周辺状況": "",
                "備考": "",
                "継続観察登録地点": ""
            }
        },
        {
            "type": "Feature",
            "geometry": {
                "type": "Point",
                "coordinates": [
                    137.995,
                    35.89305556
                ]
            },
            "properties": {
                "調査時期": "2022_W",
                "都道府県": "長野県",
                "市区町村": "箕輪町",
                "撮影場所": "",
                "撮影日時": "2022-01-24T19:41:00+09:00",
                "緯度": "35.89305556",
                "経度": "137.995",
                "夜空の明るさ": "19.28",
                "ばらつき": "0.12",
                "周辺状況": "",
                "備考": "",
                "継続観察登録地点": ""
            }
        },
        {
            "type": "Feature",
            "geometry": {
                "type": "Point",
                "coordinates": [
                    137.9986111,
                    35.91
                ]
            },
            "properties": {
                "調査時期": "2022_W",
                "都道府県": "長野県",
                "市区町村": "箕輪町",
                "撮影場所": "",
                "撮影日時": "2022-01-24T20:01:00+09:00",
                "緯度": "35.91",
                "経度": "137.9986111",
                "夜空の明るさ": "19.8",
                "ばらつき": "0.08",
                "周辺状況": "",
                "備考": "",
                "継続観察登録地点": ""
            }
        },
        {
            "type": "Feature",
            "geometry": {
                "type": "Point",
                "coordinates": [
                    137.995,
                    35.96861111
                ]
            },
            "properties": {
                "調査時期": "2022_W",
                "都道府県": "長野県",
                "市区町村": "辰野町",
                "撮影場所": "",
                "撮影日時": "2022-01-24T20:21:00+09:00",
                "緯度": "35.96861111",
                "経度": "137.995",
                "夜空の明るさ": "19.95",
                "ばらつき": "0.11",
                "周辺状況": "",
                "備考": "",
                "継続観察登録地点": ""
            }
        },
        {
            "type": "Feature",
            "geometry": {
                "type": "Point",
                "coordinates": [
                    137.9980556,
                    36.3175
                ]
            },
            "properties": {
                "調査時期": "2022_W",
                "都道府県": "長野県",
                "市区町村": "松本市",
                "撮影場所": "",
                "撮影日時": "2022-01-26T18:50:00+09:00",
                "緯度": "36.3175",
                "経度": "137.9980556",
                "夜空の明るさ": "20.26",
                "ばらつき": "0.07",
                "周辺状況": "",
                "備考": "",
                "継続観察登録地点": ""
            }
        },
        {
            "type": "Feature",
            "geometry": {
                "type": "Point",
                "coordinates": [
                    137.9963889,
                    36.3575
                ]
            },
            "properties": {
                "調査時期": "2022_W",
                "都道府県": "長野県",
                "市区町村": "松本市",
                "撮影場所": "",
                "撮影日時": "2022-01-26T19:02:00+09:00",
                "緯度": "36.3575",
                "経度": "137.9963889",
                "夜空の明るさ": "20.51",
                "ばらつき": "0.09",
                "周辺状況": "",
                "備考": "",
                "継続観察登録地点": ""
            }
        },
        {
            "type": "Feature",
            "geometry": {
                "type": "Point",
                "coordinates": [
                    137.9525,
                    36.34361111
                ]
            },
            "properties": {
                "調査時期": "2022_W",
                "都道府県": "長野県",
                "市区町村": "安曇野市",
                "撮影場所": "",
                "撮影日時": "2022-01-26T19:15:00+09:00",
                "緯度": "36.34361111",
                "経度": "137.9525",
                "夜空の明るさ": "20.45",
                "ばらつき": "0.07",
                "周辺状況": "",
                "備考": "",
                "継続観察登録地点": ""
            }
        },
        {
            "type": "Feature",
            "geometry": {
                "type": "Point",
                "coordinates": [
                    137.9338889,
                    36.35638889
                ]
            },
            "properties": {
                "調査時期": "2022_W",
                "都道府県": "長野県",
                "市区町村": "安曇野市",
                "撮影場所": "",
                "撮影日時": "2022-01-26T19:23:00+09:00",
                "緯度": "36.35638889",
                "経度": "137.9338889",
                "夜空の明るさ": "20.22",
                "ばらつき": "0.08",
                "周辺状況": "",
                "備考": "",
                "継続観察登録地点": ""
            }
        },
        {
            "type": "Feature",
            "geometry": {
                "type": "Point",
                "coordinates": [
                    137.9155556,
                    36.33972222
                ]
            },
            "properties": {
                "調査時期": "2022_W",
                "都道府県": "長野県",
                "市区町村": "安曇野市",
                "撮影場所": "",
                "撮影日時": "2022-01-26T19:34:00+09:00",
                "緯度": "36.33972222",
                "経度": "137.9155556",
                "夜空の明るさ": "20.08",
                "ばらつき": "0.08",
                "周辺状況": "",
                "備考": "",
                "継続観察登録地点": ""
            }
        },
        {
            "type": "Feature",
            "geometry": {
                "type": "Point",
                "coordinates": [
                    137.9211111,
                    36.30138889
                ]
            },
            "properties": {
                "調査時期": "2022_W",
                "都道府県": "長野県",
                "市区町村": "安曇野市",
                "撮影場所": "",
                "撮影日時": "2022-01-26T19:48:00+09:00",
                "緯度": "36.30138889",
                "経度": "137.9211111",
                "夜空の明るさ": "18.66",
                "ばらつき": "0.07",
                "周辺状況": "",
                "備考": "",
                "継続観察登録地点": ""
            }
        },
        {
            "type": "Feature",
            "geometry": {
                "type": "Point",
                "coordinates": [
                    137.9797222,
                    36.14416667
                ]
            },
            "properties": {
                "調査時期": "2022_W",
                "都道府県": "長野県",
                "市区町村": "塩尻市",
                "撮影場所": "片丘小学校東",
                "撮影日時": "2022-01-26T20:15:00+09:00",
                "緯度": "36.14416667",
                "経度": "137.9797222",
                "夜空の明るさ": "19.74",
                "ばらつき": "0.05",
                "周辺状況": "農業地域",
                "備考": "",
                "継続観察登録地点": "○"
            }
        },
        {
            "type": "Feature",
            "geometry": {
                "type": "Point",
                "coordinates": [
                    137.8038889,
                    36.16638889
                ]
            },
            "properties": {
                "調査時期": "2022_W",
                "都道府県": "長野県",
                "市区町村": "松本市",
                "撮影場所": "",
                "撮影日時": "2022-01-28T18:45:00+09:00",
                "緯度": "36.16638889",
                "経度": "137.8038889",
                "夜空の明るさ": "20.4",
                "ばらつき": "0.1",
                "周辺状況": "",
                "備考": "",
                "継続観察登録地点": ""
            }
        },
        {
            "type": "Feature",
            "geometry": {
                "type": "Point",
                "coordinates": [
                    137.7488889,
                    36.15277778
                ]
            },
            "properties": {
                "調査時期": "2022_W",
                "都道府県": "長野県",
                "市区町村": "松本市",
                "撮影場所": "",
                "撮影日時": "2022-01-28T18:59:00+09:00",
                "緯度": "36.15277778",
                "経度": "137.7488889",
                "夜空の明るさ": "20.96",
                "ばらつき": "0.09",
                "周辺状況": "",
                "備考": "",
                "継続観察登録地点": ""
            }
        },
        {
            "type": "Feature",
            "geometry": {
                "type": "Point",
                "coordinates": [
                    137.7025,
                    36.04583333
                ]
            },
            "properties": {
                "調査時期": "2022_W",
                "都道府県": "長野県",
                "市区町村": "松本市",
                "撮影場所": "奈川高原",
                "撮影日時": "2022-01-28T19:30:00+09:00",
                "緯度": "36.04583333",
                "経度": "137.7025",
                "夜空の明るさ": "20.86",
                "ばらつき": "0.08",
                "周辺状況": "自然公園等",
                "備考": "",
                "継続観察登録地点": "○"
            }
        },
        {
            "type": "Feature",
            "geometry": {
                "type": "Point",
                "coordinates": [
                    137.7180556,
                    36.13111111
                ]
            },
            "properties": {
                "調査時期": "2022_W",
                "都道府県": "長野県",
                "市区町村": "松本市",
                "撮影場所": "奈川渡ダム駐車場",
                "撮影日時": "2022-01-28T19:49:00+09:00",
                "緯度": "36.13111111",
                "経度": "137.7180556",
                "夜空の明るさ": "20.54",
                "ばらつき": "0.14",
                "周辺状況": "森林山間地",
                "備考": "",
                "継続観察登録地点": "○"
            }
        },
        {
            "type": "Feature",
            "geometry": {
                "type": "Point",
                "coordinates": [
                    137.6419444,
                    36.12027778
                ]
            },
            "properties": {
                "調査時期": "2022_W",
                "都道府県": "長野県",
                "市区町村": "松本市",
                "撮影場所": "乗鞍高原・いがや",
                "撮影日時": "2022-01-28T20:16:00+09:00",
                "緯度": "36.12027778",
                "経度": "137.6419444",
                "夜空の明るさ": "19.91",
                "ばらつき": "0.32",
                "周辺状況": "自然公園等",
                "備考": "",
                "継続観察登録地点": "○"
            }
        },
        {
            "type": "Feature",
            "geometry": {
                "type": "Point",
                "coordinates": [
                    137.6422222,
                    36.12027778
                ]
            },
            "properties": {
                "調査時期": "2022_W",
                "都道府県": "長野県",
                "市区町村": "松本市",
                "撮影場所": "乗鞍高原・いがや",
                "撮影日時": "2022-01-28T20:33:00+09:00",
                "緯度": "36.12027778",
                "経度": "137.6422222",
                "夜空の明るさ": "20.24",
                "ばらつき": "0.15",
                "周辺状況": "自然公園等",
                "備考": "",
                "継続観察登録地点": "○"
            }
        },
        {
            "type": "Feature",
            "geometry": {
                "type": "Point",
                "coordinates": [
                    137.6422222,
                    36.12027778
                ]
            },
            "properties": {
                "調査時期": "2022_W",
                "都道府県": "長野県",
                "市区町村": "松本市",
                "撮影場所": "乗鞍高原・いがや",
                "撮影日時": "2022-01-28T21:42:00+09:00",
                "緯度": "36.12027778",
                "経度": "137.6422222",
                "夜空の明るさ": "20.66",
                "ばらつき": "0.1",
                "周辺状況": "自然公園等",
                "備考": "参考値（時間外）",
                "継続観察登録地点": "○"
            }
        },
        {
            "type": "Feature",
            "geometry": {
                "type": "Point",
                "coordinates": [
                    137.9080556,
                    36.77861111
                ]
            },
            "properties": {
                "調査時期": "2022_W",
                "都道府県": "長野県",
                "市区町村": "小谷村",
                "撮影場所": "",
                "撮影日時": "2022-01-29T18:39:00+09:00",
                "緯度": "36.77861111",
                "経度": "137.9080556",
                "夜空の明るさ": "19.41",
                "ばらつき": "0.09",
                "周辺状況": "",
                "備考": "",
                "継続観察登録地点": ""
            }
        },
        {
            "type": "Feature",
            "geometry": {
                "type": "Point",
                "coordinates": [
                    137.8969444,
                    36.76027778
                ]
            },
            "properties": {
                "調査時期": "2022_W",
                "都道府県": "長野県",
                "市区町村": "小谷村",
                "撮影場所": "",
                "撮影日時": "2022-01-29T18:50:00+09:00",
                "緯度": "36.76027778",
                "経度": "137.8969444",
                "夜空の明るさ": "19.47",
                "ばらつき": "0.14",
                "周辺状況": "",
                "備考": "",
                "継続観察登録地点": ""
            }
        },
        {
            "type": "Feature",
            "geometry": {
                "type": "Point",
                "coordinates": [
                    137.8905556,
                    36.70916667
                ]
            },
            "properties": {
                "調査時期": "2022_W",
                "都道府県": "長野県",
                "市区町村": "白馬村",
                "撮影場所": "",
                "撮影日時": "2022-01-29T19:09:00+09:00",
                "緯度": "36.70916667",
                "経度": "137.8905556",
                "夜空の明るさ": "20.06",
                "ばらつき": "0.12",
                "周辺状況": "",
                "備考": "",
                "継続観察登録地点": ""
            }
        },
        {
            "type": "Feature",
            "geometry": {
                "type": "Point",
                "coordinates": [
                    137.8572222,
                    36.63305556
                ]
            },
            "properties": {
                "調査時期": "2022_W",
                "都道府県": "長野県",
                "市区町村": "白馬村",
                "撮影場所": "",
                "撮影日時": "2022-01-29T19:45:00+09:00",
                "緯度": "36.63305556",
                "経度": "137.8572222",
                "夜空の明るさ": "",
                "ばらつき": "",
                "周辺状況": "",
                "備考": "測定不可（雲量大）",
                "継続観察登録地点": ""
            }
        },
        {
            "type": "Feature",
            "geometry": {
                "type": "Point",
                "coordinates": [
                    137.8358333,
                    36.57277778
                ]
            },
            "properties": {
                "調査時期": "2022_W",
                "都道府県": "長野県",
                "市区町村": "大町市",
                "撮影場所": "",
                "撮影日時": "2022-01-29T20:05:00+09:00",
                "緯度": "36.57277778",
                "経度": "137.8358333",
                "夜空の明るさ": "19.72",
                "ばらつき": "0.37",
                "周辺状況": "",
                "備考": "",
                "継続観察登録地点": ""
            }
        },
        {
            "type": "Feature",
            "geometry": {
                "type": "Point",
                "coordinates": [
                    138.1405556,
                    35.99555556
                ]
            },
            "properties": {
                "調査時期": "2022_W",
                "都道府県": "長野県",
                "市区町村": "茅野市",
                "撮影場所": "",
                "撮影日時": "2022-01-30T18:34:00+09:00",
                "緯度": "35.99555556",
                "経度": "138.1405556",
                "夜空の明るさ": "18.29",
                "ばらつき": "0.2",
                "周辺状況": "",
                "備考": "",
                "継続観察登録地点": ""
            }
        },
        {
            "type": "Feature",
            "geometry": {
                "type": "Point",
                "coordinates": [
                    138.1405556,
                    35.99555556
                ]
            },
            "properties": {
                "調査時期": "2022_W",
                "都道府県": "長野県",
                "市区町村": "茅野市",
                "撮影場所": "",
                "撮影日時": "2022-01-30T18:41:00+09:00",
                "緯度": "35.99555556",
                "経度": "138.1405556",
                "夜空の明るさ": "18.65",
                "ばらつき": "0.13",
                "周辺状況": "",
                "備考": "",
                "継続観察登録地点": ""
            }
        },
        {
            "type": "Feature",
            "geometry": {
                "type": "Point",
                "coordinates": [
                    138.1391667,
                    35.99638889
                ]
            },
            "properties": {
                "調査時期": "2022_W",
                "都道府県": "長野県",
                "市区町村": "茅野市",
                "撮影場所": "",
                "撮影日時": "2022-01-30T18:46:00+09:00",
                "緯度": "35.99638889",
                "経度": "138.1391667",
                "夜空の明るさ": "18.8",
                "ばらつき": "0.09",
                "周辺状況": "",
                "備考": "",
                "継続観察登録地点": ""
            }
        },
        {
            "type": "Feature",
            "geometry": {
                "type": "Point",
                "coordinates": [
                    138.1391667,
                    35.99638889
                ]
            },
            "properties": {
                "調査時期": "2022_W",
                "都道府県": "長野県",
                "市区町村": "茅野市",
                "撮影場所": "",
                "撮影日時": "2022-01-30T18:51:00+09:00",
                "緯度": "35.99638889",
                "経度": "138.1391667",
                "夜空の明るさ": "18.84",
                "ばらつき": "0.1",
                "周辺状況": "",
                "備考": "",
                "継続観察登録地点": ""
            }
        },
        {
            "type": "Feature",
            "geometry": {
                "type": "Point",
                "coordinates": [
                    138.1686111,
                    36.09805556
                ]
            },
            "properties": {
                "調査時期": "2022_W",
                "都道府県": "長野県",
                "市区町村": "諏訪市",
                "撮影場所": "霧ヶ峰高原",
                "撮影日時": "2022-01-26T19:02:00+09:00",
                "緯度": "36.09805556",
                "経度": "138.1686111",
                "夜空の明るさ": "20.64",
                "ばらつき": "0.09",
                "周辺状況": "自然公園等",
                "備考": "",
                "継続観察登録地点": "○"
            }
        },
        {
            "type": "Feature",
            "geometry": {
                "type": "Point",
                "coordinates": [
                    138.1877778,
                    36.10388889
                ]
            },
            "properties": {
                "調査時期": "2022_W",
                "都道府県": "長野県",
                "市区町村": "諏訪市",
                "撮影場所": "諏訪市四賀霧ヶ峰車山肩",
                "撮影日時": "2022-01-26T19:33:00+09:00",
                "緯度": "36.10388889",
                "経度": "138.1877778",
                "夜空の明るさ": "20.74",
                "ばらつき": "0.09",
                "周辺状況": "自然公園等",
                "備考": "",
                "継続観察登録地点": "○"
            }
        },
        {
            "type": "Feature",
            "geometry": {
                "type": "Point",
                "coordinates": [
                    138.1594444,
                    36.12027778
                ]
            },
            "properties": {
                "調査時期": "2022_W",
                "都道府県": "長野県",
                "市区町村": "下諏訪町",
                "撮影場所": "諏訪郡下諏訪町八島湿原",
                "撮影日時": "2022-01-26T19:53:00+09:00",
                "緯度": "36.12027778",
                "経度": "138.1594444",
                "夜空の明るさ": "20.83",
                "ばらつき": "0.08",
                "周辺状況": "自然公園等",
                "備考": "",
                "継続観察登録地点": "○"
            }
        },
        {
            "type": "Feature",
            "geometry": {
                "type": "Point",
                "coordinates": [
                    138.1594444,
                    36.12027778
                ]
            },
            "properties": {
                "調査時期": "2022_W",
                "都道府県": "長野県",
                "市区町村": "下諏訪町",
                "撮影場所": "諏訪郡下諏訪町八島湿原",
                "撮影日時": "2022-01-26T19:58:00+09:00",
                "緯度": "36.12027778",
                "経度": "138.1594444",
                "夜空の明るさ": "20.86",
                "ばらつき": "0.14",
                "周辺状況": "自然公園等",
                "備考": "",
                "継続観察登録地点": "○"
            }
        },
        {
            "type": "Feature",
            "geometry": {
                "type": "Point",
                "coordinates": [
                    137.5747222,
                    35.96583333
                ]
            },
            "properties": {
                "調査時期": "2022_W",
                "都道府県": "長野県",
                "市区町村": "木曽町",
                "撮影場所": "開田高原水芭蕉園",
                "撮影日時": "2022-01-24T20:01:00+09:00",
                "緯度": "35.96583333",
                "経度": "137.5747222",
                "夜空の明るさ": "21.41",
                "ばらつき": "0.14",
                "周辺状況": "自然公園等",
                "備考": "",
                "継続観察登録地点": "○"
            }
        },
        {
            "type": "Feature",
            "geometry": {
                "type": "Point",
                "coordinates": [
                    137.5861111,
                    35.89611111
                ]
            },
            "properties": {
                "調査時期": "2022_W",
                "都道府県": "長野県",
                "市区町村": "木曽町",
                "撮影場所": "木曽町三岳倉本",
                "撮影日時": "2022-01-24T18:55:00+09:00",
                "緯度": "35.89611111",
                "経度": "137.5861111",
                "夜空の明るさ": "21.28",
                "ばらつき": "0.09",
                "周辺状況": "森林山間地",
                "備考": "",
                "継続観察登録地点": "○"
            }
        },
        {
            "type": "Feature",
            "geometry": {
                "type": "Point",
                "coordinates": [
                    137.6291667,
                    35.9325
                ]
            },
            "properties": {
                "調査時期": "2022_W",
                "都道府県": "長野県",
                "市区町村": "木曽町",
                "撮影場所": "木曽馬の里",
                "撮影日時": "2022-01-29T20:33:00+09:00",
                "緯度": "35.9325",
                "経度": "137.6291667",
                "夜空の明るさ": "21.32",
                "ばらつき": "0.12",
                "周辺状況": "その他",
                "備考": "",
                "継続観察登録地点": "○"
            }
        },
        {
            "type": "Feature",
            "geometry": {
                "type": "Point",
                "coordinates": [
                    137.5561111,
                    35.91888889
                ]
            },
            "properties": {
                "調査時期": "2022_W",
                "都道府県": "長野県",
                "市区町村": "木曽町",
                "撮影場所": "開田高原保健休養地テニスコート",
                "撮影日時": "2022-01-29T19:47:00+09:00",
                "緯度": "35.91888889",
                "経度": "137.5561111",
                "夜空の明るさ": "21.54",
                "ばらつき": "0.1",
                "周辺状況": "森林山間地",
                "備考": "",
                "継続観察登録地点": "○"
            }
        },
        {
            "type": "Feature",
            "geometry": {
                "type": "Point",
                "coordinates": [
                    138.1805556,
                    36.65111111
                ]
            },
            "properties": {
                "調査時期": "2022_W",
                "都道府県": "長野県",
                "市区町村": "長野市",
                "撮影場所": "長野県庁",
                "撮影日時": "2022-01-31T18:50:00+09:00",
                "緯度": "36.65111111",
                "経度": "138.1805556",
                "夜空の明るさ": "18.3",
                "ばらつき": "0.09",
                "周辺状況": "住宅地域",
                "備考": "",
                "継続観察登録地点": "○"
            }
        },
        {
            "type": "Feature",
            "geometry": {
                "type": "Point",
                "coordinates": [
                    138.2672222,
                    35.97166667
                ]
            },
            "properties": {
                "調査時期": "2022_W",
                "都道府県": "長野県",
                "市区町村": "原村",
                "撮影場所": "八ヶ岳自然文化園",
                "撮影日時": "2022-01-31T20:28:00+09:00",
                "緯度": "35.97166667",
                "経度": "138.2672222",
                "夜空の明るさ": "20.46",
                "ばらつき": "0.15",
                "周辺状況": "自然公園等",
                "備考": "",
                "継続観察登録地点": "○"
            }
        },
        {
            "type": "Feature",
            "geometry": {
                "type": "Point",
                "coordinates": [
                    137.8769444,
                    36.445
                ]
            },
            "properties": {
                "調査時期": "2022_W",
                "都道府県": "長野県",
                "市区町村": "大町市",
                "撮影場所": "大町市社 大町観測所",
                "撮影日時": "2022-01-29T19:25:00+09:00",
                "緯度": "36.445",
                "経度": "137.8769444",
                "夜空の明るさ": "20.7",
                "ばらつき": "0.08",
                "周辺状況": "農業地域",
                "備考": "",
                "継続観察登録地点": "○"
            }
        },
        {
            "type": "Feature",
            "geometry": {
                "type": "Point",
                "coordinates": [
                    137.8511111,
                    36.50222222
                ]
            },
            "properties": {
                "調査時期": "2022_W",
                "都道府県": "長野県",
                "市区町村": "大町市",
                "撮影場所": "大町市大町 大町市役所",
                "撮影日時": "2022-01-29T19:06:00+09:00",
                "緯度": "36.50222222",
                "経度": "137.8511111",
                "夜空の明るさ": "19.77",
                "ばらつき": "0.1",
                "周辺状況": "住宅地域",
                "備考": "",
                "継続観察登録地点": "○"
            }
        },
        {
            "type": "Feature",
            "geometry": {
                "type": "Point",
                "coordinates": [
                    137.8838889,
                    36.34611111
                ]
            },
            "properties": {
                "調査時期": "2022_W",
                "都道府県": "長野県",
                "市区町村": "安曇野市",
                "撮影場所": "安曇野市穂高 穂高会館",
                "撮影日時": "2022-01-29T20:30:00+09:00",
                "緯度": "36.34611111",
                "経度": "137.8838889",
                "夜空の明るさ": "20.1",
                "ばらつき": "0.1",
                "周辺状況": "住宅地域",
                "備考": "",
                "継続観察登録地点": "○"
            }
        },
        {
            "type": "Feature",
            "geometry": {
                "type": "Point",
                "coordinates": [
                    137.8438889,
                    36.32111111
                ]
            },
            "properties": {
                "調査時期": "2022_W",
                "都道府県": "長野県",
                "市区町村": "安曇野市",
                "撮影場所": "安曇野市穂高牧 安曇野公園穂高",
                "撮影日時": "2022-01-29T20:00:00+09:00",
                "緯度": "36.32111111",
                "経度": "137.8438889",
                "夜空の明るさ": "20.32",
                "ばらつき": "0.12",
                "周辺状況": "農業地域",
                "備考": "",
                "継続観察登録地点": "○"
            }
        },
        {
            "type": "Feature",
            "geometry": {
                "type": "Point",
                "coordinates": [
                    137.9052778,
                    36.30444444
                ]
            },
            "properties": {
                "調査時期": "2022_W",
                "都道府県": "長野県",
                "市区町村": "安曇野市",
                "撮影場所": "安曇野市豊科 安曇野市役所",
                "撮影日時": "2022-01-31T20:19:00+09:00",
                "緯度": "36.30444444",
                "経度": "137.9052778",
                "夜空の明るさ": "19.53",
                "ばらつき": "0.11",
                "周辺状況": "住宅地域",
                "備考": "",
                "継続観察登録地点": "○"
            }
        },
        {
            "type": "Feature",
            "geometry": {
                "type": "Point",
                "coordinates": [
                    137.6236111,
                    35.79666667
                ]
            },
            "properties": {
                "調査時期": "2022_W",
                "都道府県": "長野県",
                "市区町村": "王滝村",
                "撮影場所": "東京大学木曽観測所",
                "撮影日時": "2022-01-24T20:07:00+09:00",
                "緯度": "35.79666667",
                "経度": "137.6236111",
                "夜空の明るさ": "21.17",
                "ばらつき": "0.12",
                "周辺状況": "森林山間地",
                "備考": "",
                "継続観察登録地点": "○"
            }
        },
        {
            "type": "Feature",
            "geometry": {
                "type": "Point",
                "coordinates": [
                    137.6236111,
                    35.79666667
                ]
            },
            "properties": {
                "調査時期": "2022_W",
                "都道府県": "長野県",
                "市区町村": "王滝村",
                "撮影場所": "東京大学木曽観測所",
                "撮影日時": "2022-01-28T19:12:00+09:00",
                "緯度": "35.79666667",
                "経度": "137.6236111",
                "夜空の明るさ": "21.28",
                "ばらつき": "0.06",
                "周辺状況": "森林山間地",
                "備考": "",
                "継続観察登録地点": "○"
            }
        },
        {
            "type": "Feature",
            "geometry": {
                "type": "Point",
                "coordinates": [
                    137.6708333,
                    35.68777778
                ]
            },
            "properties": {
                "調査時期": "2022_W",
                "都道府県": "長野県",
                "市区町村": "大桑村",
                "撮影場所": "大桑中学校",
                "撮影日時": "2022-01-28T20:06:00+09:00",
                "緯度": "35.68777778",
                "経度": "137.6708333",
                "夜空の明るさ": "20.89",
                "ばらつき": "0.09",
                "周辺状況": "住宅地域",
                "備考": "",
                "継続観察登録地点": "○"
            }
        },
        {
            "type": "Feature",
            "geometry": {
                "type": "Point",
                "coordinates": [
                    137.6055556,
                    35.59972222
                ]
            },
            "properties": {
                "調査時期": "2022_W",
                "都道府県": "長野県",
                "市区町村": "南木曽町",
                "撮影場所": "天白公園駐車場",
                "撮影日時": "2022-01-28T20:26:00+09:00",
                "緯度": "35.59972222",
                "経度": "137.6055556",
                "夜空の明るさ": "20.7",
                "ばらつき": "0.11",
                "周辺状況": "自然公園等",
                "備考": "",
                "継続観察登録地点": "○"
            }
        },
        {
            "type": "Feature",
            "geometry": {
                "type": "Point",
                "coordinates": [
                    137.5502778,
                    35.59055556
                ]
            },
            "properties": {
                "調査時期": "2022_W",
                "都道府県": "長野県",
                "市区町村": "南木曽町",
                "撮影場所": "田立小学校",
                "撮影日時": "2022-01-28T20:45:00+09:00",
                "緯度": "35.59055556",
                "経度": "137.5502778",
                "夜空の明るさ": "20.82",
                "ばらつき": "0.06",
                "周辺状況": "住宅地域",
                "備考": "",
                "継続観察登録地点": "○"
            }
        },
        {
            "type": "Feature",
            "geometry": {
                "type": "Point",
                "coordinates": [
                    138.27,
                    35.97111111
                ]
            },
            "properties": {
                "調査時期": "2022_W",
                "都道府県": "長野県",
                "市区町村": "原村",
                "撮影場所": "",
                "撮影日時": "2022-01-31T20:28:00+09:00",
                "緯度": "35.97111111",
                "経度": "138.27",
                "夜空の明るさ": "20.48",
                "ばらつき": "0.12",
                "周辺状況": "",
                "備考": "",
                "継続観察登録地点": ""
            }
        },
        {
            "type": "Feature",
            "geometry": {
                "type": "Point",
                "coordinates": [
                    138.1711111,
                    35.90277778
                ]
            },
            "properties": {
                "調査時期": "2022_W",
                "都道府県": "長野県",
                "市区町村": "富士見町",
                "撮影場所": "マナスル山荘天文館コテージ広場",
                "撮影日時": "2022-01-28T19:17:00+09:00",
                "緯度": "35.90277778",
                "経度": "138.1711111",
                "夜空の明るさ": "20.43",
                "ばらつき": "0.05",
                "周辺状況": "森林山間地",
                "備考": "",
                "継続観察登録地点": "○"
            }
        },
        {
            "type": "Feature",
            "geometry": {
                "type": "Point",
                "coordinates": [
                    138.4888889,
                    36.15222222
                ]
            },
            "properties": {
                "調査時期": "2022_W",
                "都道府県": "長野県",
                "市区町村": "佐久穂町",
                "撮影場所": "うすだスタードーム",
                "撮影日時": "2022-01-31T19:11:00+09:00",
                "緯度": "36.15222222",
                "経度": "138.4888889",
                "夜空の明るさ": "20.32",
                "ばらつき": "0.06",
                "周辺状況": "森林山間地",
                "備考": "",
                "継続観察登録地点": "○"
            }
        },
        {
            "type": "Feature",
            "geometry": {
                "type": "Point",
                "coordinates": [
                    138.4822222,
                    36.19166667
                ]
            },
            "properties": {
                "調査時期": "2022_W",
                "都道府県": "長野県",
                "市区町村": "佐久市",
                "撮影場所": "うすだスタードーム",
                "撮影日時": "2022-01-31T19:35:00+09:00",
                "緯度": "36.19166667",
                "経度": "138.4822222",
                "夜空の明るさ": "20.09",
                "ばらつき": "0.07",
                "周辺状況": "森林山間地",
                "備考": "",
                "継続観察登録地点": "○"
            }
        },
        {
            "type": "Feature",
            "geometry": {
                "type": "Point",
                "coordinates": [
                    138.4863889,
                    36.19805556
                ]
            },
            "properties": {
                "調査時期": "2022_W",
                "都道府県": "長野県",
                "市区町村": "佐久市",
                "撮影場所": "うすだスタードーム",
                "撮影日時": "2022-01-31T19:53:00+09:00",
                "緯度": "36.19805556",
                "経度": "138.4863889",
                "夜空の明るさ": "20.03",
                "ばらつき": "0.05",
                "周辺状況": "森林山間地",
                "備考": "",
                "継続観察登録地点": "○"
            }
        },
        {
            "type": "Feature",
            "geometry": {
                "type": "Point",
                "coordinates": [
                    138.4294444,
                    36.19305556
                ]
            },
            "properties": {
                "調査時期": "2022_W",
                "都道府県": "長野県",
                "市区町村": "佐久市",
                "撮影場所": "うすだスタードーム",
                "撮影日時": "2022-01-31T20:13:00+09:00",
                "緯度": "36.19305556",
                "経度": "138.4294444",
                "夜空の明るさ": "20.67",
                "ばらつき": "0.08",
                "周辺状況": "森林山間地",
                "備考": "",
                "継続観察登録地点": "○"
            }
        },
        {
            "type": "Feature",
            "geometry": {
                "type": "Point",
                "coordinates": [
                    138.3394444,
                    36.36083333
                ]
            },
            "properties": {
                "調査時期": "2022_W",
                "都道府県": "長野県",
                "市区町村": "東御市",
                "撮影場所": "",
                "撮影日時": "2022-01-29T19:33:00+09:00",
                "緯度": "36.36083333",
                "経度": "138.3394444",
                "夜空の明るさ": "19.73",
                "ばらつき": "0.07",
                "周辺状況": "",
                "備考": "",
                "継続観察登録地点": ""
            }
        },
        {
            "type": "Feature",
            "geometry": {
                "type": "Point",
                "coordinates": [
                    138.1947222,
                    36.43444444
                ]
            },
            "properties": {
                "調査時期": "2022_W",
                "都道府県": "長野県",
                "市区町村": "坂城町",
                "撮影場所": "",
                "撮影日時": "2022-01-31T19:02:00+09:00",
                "緯度": "36.43444444",
                "経度": "138.1947222",
                "夜空の明るさ": "19.74",
                "ばらつき": "0.06",
                "周辺状況": "",
                "備考": "",
                "継続観察登録地点": ""
            }
        },
        {
            "type": "Feature",
            "geometry": {
                "type": "Point",
                "coordinates": [
                    138.1105556,
                    36.52805556
                ]
            },
            "properties": {
                "調査時期": "2022_W",
                "都道府県": "長野県",
                "市区町村": "千曲市",
                "撮影場所": "千曲市 中央公園",
                "撮影日時": "2022-01-31T19:41:00+09:00",
                "緯度": "36.52805556",
                "経度": "138.1105556",
                "夜空の明るさ": "19.4",
                "ばらつき": "0.09",
                "周辺状況": "住宅地域",
                "備考": "",
                "継続観察登録地点": "○"
            }
        },
        {
            "type": "Feature",
            "geometry": {
                "type": "Point",
                "coordinates": [
                    138.1366667,
                    36.53416667
                ]
            },
            "properties": {
                "調査時期": "2022_W",
                "都道府県": "長野県",
                "市区町村": "千曲市",
                "撮影場所": "",
                "撮影日時": "2022-01-31T20:06:00+09:00",
                "緯度": "36.53416667",
                "経度": "138.1366667",
                "夜空の明るさ": "19.32",
                "ばらつき": "0.08",
                "周辺状況": "",
                "備考": "",
                "継続観察登録地点": ""
            }
        },
        {
            "type": "Feature",
            "geometry": {
                "type": "Point",
                "coordinates": [
                    138.2805556,
                    35.91861111
                ]
            },
            "properties": {
                "調査時期": "2022_W",
                "都道府県": "長野県",
                "市区町村": "富士見町",
                "撮影場所": "",
                "撮影日時": "2022-01-24T19:20:00+09:00",
                "緯度": "35.91861111",
                "経度": "138.2805556",
                "夜空の明るさ": "20.56",
                "ばらつき": "0.06",
                "周辺状況": "",
                "備考": "",
                "継続観察登録地点": ""
            }
        },
        {
            "type": "Feature",
            "geometry": {
                "type": "Point",
                "coordinates": [
                    138.0777778,
                    36.05916667
                ]
            },
            "properties": {
                "調査時期": "2022_W",
                "都道府県": "長野県",
                "市区町村": "下諏訪町",
                "撮影場所": "下諏訪町赤砂崎公園",
                "撮影日時": "2022-01-26T19:06:00+09:00",
                "緯度": "36.05916667",
                "経度": "138.0777778",
                "夜空の明るさ": "19.46",
                "ばらつき": "0.06",
                "周辺状況": "自然公園等",
                "備考": "",
                "継続観察登録地点": "○"
            }
        },
        {
            "type": "Feature",
            "geometry": {
                "type": "Point",
                "coordinates": [
                    138.0786111,
                    36.06972222
                ]
            },
            "properties": {
                "調査時期": "2022_W",
                "都道府県": "長野県",
                "市区町村": "下諏訪町",
                "撮影場所": "",
                "撮影日時": "2022-01-26T19:30:00+09:00",
                "緯度": "36.06972222",
                "経度": "138.0786111",
                "夜空の明るさ": "19.28",
                "ばらつき": "0.08",
                "周辺状況": "",
                "備考": "",
                "継続観察登録地点": ""
            }
        },
        {
            "type": "Feature",
            "geometry": {
                "type": "Point",
                "coordinates": [
                    138.11,
                    36.04444444
                ]
            },
            "properties": {
                "調査時期": "2022_W",
                "都道府県": "長野県",
                "市区町村": "諏訪市",
                "撮影場所": "",
                "撮影日時": "2022-01-26T20:58:00+09:00",
                "緯度": "36.04444444",
                "経度": "138.11",
                "夜空の明るさ": "19.54",
                "ばらつき": "0.07",
                "周辺状況": "",
                "備考": "",
                "継続観察登録地点": ""
            }
        },
        {
            "type": "Feature",
            "geometry": {
                "type": "Point",
                "coordinates": [
                    138.2630556,
                    35.97361111
                ]
            },
            "properties": {
                "調査時期": "2022_W",
                "都道府県": "長野県",
                "市区町村": "原村",
                "撮影場所": "",
                "撮影日時": "2022-01-28T18:56:00+09:00",
                "緯度": "35.97361111",
                "経度": "138.2630556",
                "夜空の明るさ": "20.64",
                "ばらつき": "0.07",
                "周辺状況": "",
                "備考": "",
                "継続観察登録地点": ""
            }
        },
        {
            "type": "Feature",
            "geometry": {
                "type": "Point",
                "coordinates": [
                    138.2305556,
                    36.01305556
                ]
            },
            "properties": {
                "調査時期": "2022_W",
                "都道府県": "長野県",
                "市区町村": "茅野市",
                "撮影場所": "",
                "撮影日時": "2022-01-28T19:34:00+09:00",
                "緯度": "36.01305556",
                "経度": "138.2305556",
                "夜空の明るさ": "20.54",
                "ばらつき": "0.09",
                "周辺状況": "",
                "備考": "",
                "継続観察登録地点": ""
            }
        },
        {
            "type": "Feature",
            "geometry": {
                "type": "Point",
                "coordinates": [
                    138.1791667,
                    36.00638889
                ]
            },
            "properties": {
                "調査時期": "2022_W",
                "都道府県": "長野県",
                "市区町村": "茅野市",
                "撮影場所": "",
                "撮影日時": "2022-01-28T20:00:00+09:00",
                "緯度": "36.00638889",
                "経度": "138.1791667",
                "夜空の明るさ": "19.88",
                "ばらつき": "0.07",
                "周辺状況": "",
                "備考": "",
                "継続観察登録地点": ""
            }
        },
        {
            "type": "Feature",
            "geometry": {
                "type": "Point",
                "coordinates": [
                    138.1272222,
                    36.08333333
                ]
            },
            "properties": {
                "調査時期": "2022_W",
                "都道府県": "長野県",
                "市区町村": "下諏訪町",
                "撮影場所": "",
                "撮影日時": "2022-01-29T18:47:00+09:00",
                "緯度": "36.08333333",
                "経度": "138.1272222",
                "夜空の明るさ": "20.24",
                "ばらつき": "0.08",
                "周辺状況": "",
                "備考": "",
                "継続観察登録地点": ""
            }
        },
        {
            "type": "Feature",
            "geometry": {
                "type": "Point",
                "coordinates": [
                    138.1219444,
                    36.05333333
                ]
            },
            "properties": {
                "調査時期": "2022_W",
                "都道府県": "長野県",
                "市区町村": "諏訪市",
                "撮影場所": "",
                "撮影日時": "2022-01-29T19:30:00+09:00",
                "緯度": "36.05333333",
                "経度": "138.1219444",
                "夜空の明るさ": "19.78",
                "ばらつき": "0.09",
                "周辺状況": "",
                "備考": "",
                "継続観察登録地点": ""
            }
        },
        {
            "type": "Feature",
            "geometry": {
                "type": "Point",
                "coordinates": [
                    138.0497222,
                    36.06777778
                ]
            },
            "properties": {
                "調査時期": "2022_W",
                "都道府県": "長野県",
                "市区町村": "岡谷市",
                "撮影場所": "",
                "撮影日時": "2022-01-29T20:11:00+09:00",
                "緯度": "36.06777778",
                "経度": "138.0497222",
                "夜空の明るさ": "19.3",
                "ばらつき": "0.07",
                "周辺状況": "",
                "備考": "",
                "継続観察登録地点": ""
            }
        },
        {
            "type": "Feature",
            "geometry": {
                "type": "Point",
                "coordinates": [
                    138.4727778,
                    35.94138889
                ]
            },
            "properties": {
                "調査時期": "2022_W",
                "都道府県": "長野県",
                "市区町村": "南牧村",
                "撮影場所": "国立天文台野辺山宇宙電波観測所内",
                "撮影日時": "2022-01-31T18:57:00+09:00",
                "緯度": "35.94138889",
                "経度": "138.4727778",
                "夜空の明るさ": "20.72",
                "ばらつき": "0.08",
                "周辺状況": "農業地域",
                "備考": "",
                "継続観察登録地点": "○"
            }
        },
        {
            "type": "Feature",
            "geometry": {
                "type": "Point",
                "coordinates": [
                    138.24,
                    35.91361111
                ]
            },
            "properties": {
                "調査時期": "2022_W",
                "都道府県": "長野県",
                "市区町村": "富士見町",
                "撮影場所": "",
                "撮影日時": "2022-01-31T20:03:00+09:00",
                "緯度": "35.91361111",
                "経度": "138.24",
                "夜空の明るさ": "19.83",
                "ばらつき": "0.15",
                "周辺状況": "",
                "備考": "",
                "継続観察登録地点": ""
            }
        },
        {
            "type": "Feature",
            "geometry": {
                "type": "Point",
                "coordinates": [
                    138.2183333,
                    35.96416667
                ]
            },
            "properties": {
                "調査時期": "2022_W",
                "都道府県": "長野県",
                "市区町村": "原村",
                "撮影場所": "",
                "撮影日時": "2022-01-31T20:26:00+09:00",
                "緯度": "35.96416667",
                "経度": "138.2183333",
                "夜空の明るさ": "20.37",
                "ばらつき": "0.1",
                "周辺状況": "",
                "備考": "",
                "継続観察登録地点": ""
            }
        },
        {
            "type": "Feature",
            "geometry": {
                "type": "Point",
                "coordinates": [
                    138.1594444,
                    35.99583333
                ]
            },
            "properties": {
                "調査時期": "2022_W",
                "都道府県": "長野県",
                "市区町村": "茅野市",
                "撮影場所": "",
                "撮影日時": "2022-02-02T19:09:00+09:00",
                "緯度": "35.99583333",
                "経度": "138.1594444",
                "夜空の明るさ": "18.94",
                "ばらつき": "0.08",
                "周辺状況": "",
                "備考": "",
                "継続観察登録地点": ""
            }
        },
        {
            "type": "Feature",
            "geometry": {
                "type": "Point",
                "coordinates": [
                    138.0897222,
                    36.0275
                ]
            },
            "properties": {
                "調査時期": "2022_W",
                "都道府県": "長野県",
                "市区町村": "諏訪市",
                "撮影場所": "",
                "撮影日時": "2022-02-02T20:14:00+09:00",
                "緯度": "36.0275",
                "経度": "138.0897222",
                "夜空の明るさ": "19.62",
                "ばらつき": "0.08",
                "周辺状況": "",
                "備考": "",
                "継続観察登録地点": ""
            }
        },
        {
            "type": "Feature",
            "geometry": {
                "type": "Point",
                "coordinates": [
                    138.1461111,
                    36.15083333
                ]
            },
            "properties": {
                "調査時期": "2022_W",
                "都道府県": "長野県",
                "市区町村": "長和町",
                "撮影場所": "",
                "撮影日時": "2022-02-04T19:33:00+09:00",
                "緯度": "36.15083333",
                "経度": "138.1461111",
                "夜空の明るさ": "20.07",
                "ばらつき": "0.11",
                "周辺状況": "",
                "備考": "",
                "継続観察登録地点": ""
            }
        },
        {
            "type": "Feature",
            "geometry": {
                "type": "Point",
                "coordinates": [
                    137.9002778,
                    36.83888889
                ]
            },
            "properties": {
                "調査時期": "2022_W",
                "都道府県": "長野県",
                "市区町村": "小谷村",
                "撮影場所": "",
                "撮影日時": "2022-01-31T18:34:00+09:00",
                "緯度": "36.83888889",
                "経度": "137.9002778",
                "夜空の明るさ": "20.84",
                "ばらつき": "0.1",
                "周辺状況": "",
                "備考": "",
                "継続観察登録地点": ""
            }
        },
        {
            "type": "Feature",
            "geometry": {
                "type": "Point",
                "coordinates": [
                    137.7836111,
                    35.93166667
                ]
            },
            "properties": {
                "調査時期": "2022_W",
                "都道府県": "長野県",
                "市区町村": "木祖村",
                "撮影場所": "木祖村郷土館脇",
                "撮影日時": "2022-01-26T19:02:00+09:00",
                "緯度": "35.93166667",
                "経度": "137.7836111",
                "夜空の明るさ": "20.35",
                "ばらつき": "0.08",
                "周辺状況": "商業地域",
                "備考": "",
                "継続観察登録地点": "○"
            }
        },
        {
            "type": "Feature",
            "geometry": {
                "type": "Point",
                "coordinates": [
                    137.9086111,
                    36.80444444
                ]
            },
            "properties": {
                "調査時期": "2022_W",
                "都道府県": "長野県",
                "市区町村": "小谷村",
                "撮影場所": "",
                "撮影日時": "2022-01-31T18:50:00+09:00",
                "緯度": "36.80444444",
                "経度": "137.9086111",
                "夜空の明るさ": "20.31",
                "ばらつき": "0.19",
                "周辺状況": "",
                "備考": "",
                "継続観察登録地点": ""
            }
        },
        {
            "type": "Feature",
            "geometry": {
                "type": "Point",
                "coordinates": [
                    137.8969444,
                    36.76
                ]
            },
            "properties": {
                "調査時期": "2022_W",
                "都道府県": "長野県",
                "市区町村": "小谷村",
                "撮影場所": "",
                "撮影日時": "2022-01-31T19:08:00+09:00",
                "緯度": "36.76",
                "経度": "137.8969444",
                "夜空の明るさ": "19.89",
                "ばらつき": "0.21",
                "周辺状況": "",
                "備考": "",
                "継続観察登録地点": ""
            }
        },
        {
            "type": "Feature",
            "geometry": {
                "type": "Point",
                "coordinates": [
                    137.8730556,
                    36.75361111
                ]
            },
            "properties": {
                "調査時期": "2022_W",
                "都道府県": "長野県",
                "市区町村": "小谷村",
                "撮影場所": "",
                "撮影日時": "2022-01-31T19:23:00+09:00",
                "緯度": "36.75361111",
                "経度": "137.8730556",
                "夜空の明るさ": "20.21",
                "ばらつき": "0.14",
                "周辺状況": "",
                "備考": "",
                "継続観察登録地点": ""
            }
        },
        {
            "type": "Feature",
            "geometry": {
                "type": "Point",
                "coordinates": [
                    137.7627778,
                    35.8875
                ]
            },
            "properties": {
                "調査時期": "2022_W",
                "都道府県": "長野県",
                "市区町村": "木曽町",
                "撮影場所": "宮ノ越駅前",
                "撮影日時": "2022-01-26T19:15:00+09:00",
                "緯度": "35.8875",
                "経度": "137.7627778",
                "夜空の明るさ": "20.4",
                "ばらつき": "0.06",
                "周辺状況": "住宅地域",
                "備考": "",
                "継続観察登録地点": "○"
            }
        },
        {
            "type": "Feature",
            "geometry": {
                "type": "Point",
                "coordinates": [
                    137.8605556,
                    36.71638889
                ]
            },
            "properties": {
                "調査時期": "2022_W",
                "都道府県": "長野県",
                "市区町村": "白馬村",
                "撮影場所": "",
                "撮影日時": "2022-01-31T19:40:00+09:00",
                "緯度": "36.71638889",
                "経度": "137.8605556",
                "夜空の明るさ": "19.49",
                "ばらつき": "0.1",
                "周辺状況": "",
                "備考": "",
                "継続観察登録地点": ""
            }
        },
        {
            "type": "Feature",
            "geometry": {
                "type": "Point",
                "coordinates": [
                    137.8469444,
                    36.70805556
                ]
            },
            "properties": {
                "調査時期": "2022_W",
                "都道府県": "長野県",
                "市区町村": "白馬村",
                "撮影場所": "",
                "撮影日時": "2022-01-31T19:50:00+09:00",
                "緯度": "36.70805556",
                "経度": "137.8469444",
                "夜空の明るさ": "18.89",
                "ばらつき": "0.24",
                "周辺状況": "",
                "備考": "参考値（薄雲）",
                "継続観察登録地点": ""
            }
        },
        {
            "type": "Feature",
            "geometry": {
                "type": "Point",
                "coordinates": [
                    137.74,
                    35.86611111
                ]
            },
            "properties": {
                "調査時期": "2022_W",
                "都道府県": "長野県",
                "市区町村": "木曽町",
                "撮影場所": "道の駅日義木曽駒高原",
                "撮影日時": "2022-01-26T19:27:00+09:00",
                "緯度": "35.86611111",
                "経度": "137.74",
                "夜空の明るさ": "20.47",
                "ばらつき": "0.07",
                "周辺状況": "住宅地域",
                "備考": "",
                "継続観察登録地点": "○"
            }
        },
        {
            "type": "Feature",
            "geometry": {
                "type": "Point",
                "coordinates": [
                    137.8572222,
                    36.63305556
                ]
            },
            "properties": {
                "調査時期": "2022_W",
                "都道府県": "長野県",
                "市区町村": "白馬村",
                "撮影場所": "",
                "撮影日時": "2022-01-31T20:19:00+09:00",
                "緯度": "36.63305556",
                "経度": "137.8572222",
                "夜空の明るさ": "19.31",
                "ばらつき": "0.33",
                "周辺状況": "",
                "備考": "参考値（薄雲）",
                "継続観察登録地点": ""
            }
        },
        {
            "type": "Feature",
            "geometry": {
                "type": "Point",
                "coordinates": [
                    137.8558333,
                    36.20277778
                ]
            },
            "properties": {
                "調査時期": "2022_W",
                "都道府県": "長野県",
                "市区町村": "松本市",
                "撮影場所": "",
                "撮影日時": "2022-02-02T19:27:00+09:00",
                "緯度": "36.20277778",
                "経度": "137.8558333",
                "夜空の明るさ": "18.49",
                "ばらつき": "0.39",
                "周辺状況": "",
                "備考": "参考値（薄雲）",
                "継続観察登録地点": ""
            }
        },
        {
            "type": "Feature",
            "geometry": {
                "type": "Point",
                "coordinates": [
                    137.6875,
                    35.83888889
                ]
            },
            "properties": {
                "調査時期": "2022_W",
                "都道府県": "長野県",
                "市区町村": "木曽町",
                "撮影場所": "木曽合同庁舎脇",
                "撮影日時": "2022-01-26T19:49:00+09:00",
                "緯度": "35.83888889",
                "経度": "137.6875",
                "夜空の明るさ": "20.07",
                "ばらつき": "0.1",
                "周辺状況": "商業地域",
                "備考": "",
                "継続観察登録地点": "○"
            }
        },
        {
            "type": "Feature",
            "geometry": {
                "type": "Point",
                "coordinates": [
                    137.9613889,
                    36.19194444
                ]
            },
            "properties": {
                "調査時期": "2022_W",
                "都道府県": "長野県",
                "市区町村": "松本市",
                "撮影場所": "平田駅西口",
                "撮影日時": "2022-02-03T18:36:00+09:00",
                "緯度": "36.19194444",
                "経度": "137.9613889",
                "夜空の明るさ": "18.44",
                "ばらつき": "0.1",
                "周辺状況": "住宅地域",
                "備考": "",
                "継続観察登録地点": "○"
            }
        },
        {
            "type": "Feature",
            "geometry": {
                "type": "Point",
                "coordinates": [
                    137.9427778,
                    36.23555556
                ]
            },
            "properties": {
                "調査時期": "2022_W",
                "都道府県": "長野県",
                "市区町村": "松本市",
                "撮影場所": "",
                "撮影日時": "2022-02-03T18:57:00+09:00",
                "緯度": "36.23555556",
                "経度": "137.9427778",
                "夜空の明るさ": "18.54",
                "ばらつき": "0.1",
                "周辺状況": "",
                "備考": "参考値（薄雲）",
                "継続観察登録地点": ""
            }
        },
        {
            "type": "Feature",
            "geometry": {
                "type": "Point",
                "coordinates": [
                    137.7036111,
                    35.84972222
                ]
            },
            "properties": {
                "調査時期": "2022_W",
                "都道府県": "長野県",
                "市区町村": "木曽町",
                "撮影場所": "関山公園",
                "撮影日時": "2022-01-24T19:47:00+09:00",
                "緯度": "35.84972222",
                "経度": "137.7036111",
                "夜空の明るさ": "20.37",
                "ばらつき": "0.09",
                "周辺状況": "自然公園等",
                "備考": "",
                "継続観察登録地点": "○"
            }
        },
        {
            "type": "Feature",
            "geometry": {
                "type": "Point",
                "coordinates": [
                    137.9633333,
                    36.23055556
                ]
            },
            "properties": {
                "調査時期": "2022_W",
                "都道府県": "長野県",
                "市区町村": "松本市",
                "撮影場所": "松本駅西口",
                "撮影日時": "2022-02-03T19:09:00+09:00",
                "緯度": "36.23055556",
                "経度": "137.9633333",
                "夜空の明るさ": "17.81",
                "ばらつき": "0.11",
                "周辺状況": "商業地域",
                "備考": "参考値（薄雲）",
                "継続観察登録地点": "○"
            }
        },
        {
            "type": "Feature",
            "geometry": {
                "type": "Point",
                "coordinates": [
                    137.9547222,
                    36.25777778
                ]
            },
            "properties": {
                "調査時期": "2022_W",
                "都道府県": "長野県",
                "市区町村": "松本市",
                "撮影場所": "アルプス公園駐車場",
                "撮影日時": "2022-02-03T19:27:00+09:00",
                "緯度": "36.25777778",
                "経度": "137.9547222",
                "夜空の明るさ": "19.14",
                "ばらつき": "0.15",
                "周辺状況": "自然公園等",
                "備考": "",
                "継続観察登録地点": "○"
            }
        },
        {
            "type": "Feature",
            "geometry": {
                "type": "Point",
                "coordinates": [
                    137.9780556,
                    36.23388889
                ]
            },
            "properties": {
                "調査時期": "2022_W",
                "都道府県": "長野県",
                "市区町村": "松本市",
                "撮影場所": "松本市中央",
                "撮影日時": "2022-02-03T19:51:00+09:00",
                "緯度": "36.23388889",
                "経度": "137.9780556",
                "夜空の明るさ": "18.11",
                "ばらつき": "0.19",
                "周辺状況": "商業地域",
                "備考": "参考値（薄雲）",
                "継続観察登録地点": "○"
            }
        },
        {
            "type": "Feature",
            "geometry": {
                "type": "Point",
                "coordinates": [
                    137.7558333,
                    35.83083333
                ]
            },
            "properties": {
                "調査時期": "2022_W",
                "都道府県": "長野県",
                "市区町村": "木曽町",
                "撮影場所": "キビオ峠",
                "撮影日時": "2022-01-29T18:37:00+09:00",
                "緯度": "35.83083333",
                "経度": "137.7558333",
                "夜空の明るさ": "21",
                "ばらつき": "0.1",
                "周辺状況": "森林山間地",
                "備考": "",
                "継続観察登録地点": "○"
            }
        },
        {
            "type": "Feature",
            "geometry": {
                "type": "Point",
                "coordinates": [
                    137.6705556,
                    35.68888889
                ]
            },
            "properties": {
                "調査時期": "2022_W",
                "都道府県": "長野県",
                "市区町村": "大桑村",
                "撮影場所": "大桑中学校",
                "撮影日時": "2022-01-29T19:27:00+09:00",
                "緯度": "35.68888889",
                "経度": "137.6705556",
                "夜空の明るさ": "20.94",
                "ばらつき": "0.08",
                "周辺状況": "住宅地域",
                "備考": "",
                "継続観察登録地点": "○"
            }
        },
        {
            "type": "Feature",
            "geometry": {
                "type": "Point",
                "coordinates": [
                    137.6058333,
                    35.59916667
                ]
            },
            "properties": {
                "調査時期": "2022_W",
                "都道府県": "長野県",
                "市区町村": "南木曽町",
                "撮影場所": "天白公園駐車場",
                "撮影日時": "2022-01-29T19:45:00+09:00",
                "緯度": "35.59916667",
                "経度": "137.6058333",
                "夜空の明るさ": "20.66",
                "ばらつき": "0.08",
                "周辺状況": "自然公園等",
                "備考": "",
                "継続観察登録地点": "○"
            }
        },
        {
            "type": "Feature",
            "geometry": {
                "type": "Point",
                "coordinates": [
                    137.5497222,
                    35.59111111
                ]
            },
            "properties": {
                "調査時期": "2022_W",
                "都道府県": "長野県",
                "市区町村": "南木曽町",
                "撮影場所": "田立小学校",
                "撮影日時": "2022-01-31T19:34:00+09:00",
                "緯度": "35.59111111",
                "経度": "137.5497222",
                "夜空の明るさ": "20.68",
                "ばらつき": "0.08",
                "周辺状況": "住宅地域",
                "備考": "",
                "継続観察登録地点": "○"
            }
        },
        {
            "type": "Feature",
            "geometry": {
                "type": "Point",
                "coordinates": [
                    137.5075,
                    35.79611111
                ]
            },
            "properties": {
                "調査時期": "2022_W",
                "都道府県": "長野県",
                "市区町村": "王滝村",
                "撮影場所": "王滝村氷ケ瀬",
                "撮影日時": "2022-01-31T20:44:00+09:00",
                "緯度": "35.79611111",
                "経度": "137.5075",
                "夜空の明るさ": "21.15",
                "ばらつき": "0.06",
                "周辺状況": "森林山間地",
                "備考": "",
                "継続観察登録地点": "○"
            }
        },
        {
            "type": "Feature",
            "geometry": {
                "type": "Point",
                "coordinates": [
                    137.7152778,
                    35.7225
                ]
            },
            "properties": {
                "調査時期": "2022_W",
                "都道府県": "長野県",
                "市区町村": "上松町",
                "撮影場所": "木曽郡上松町倉本",
                "撮影日時": "2022-01-24T20:35:00+09:00",
                "緯度": "35.7225",
                "経度": "137.7152778",
                "夜空の明るさ": "21.11",
                "ばらつき": "0.11",
                "周辺状況": "その他",
                "備考": "",
                "継続観察登録地点": "○"
            }
        },
        {
            "type": "Feature",
            "geometry": {
                "type": "Point",
                "coordinates": [
                    137.6936111,
                    35.78388889
                ]
            },
            "properties": {
                "調査時期": "2022_W",
                "都道府県": "長野県",
                "市区町村": "上松町",
                "撮影場所": "上松駅前",
                "撮影日時": "2022-01-24T20:21:00+09:00",
                "緯度": "35.78388889",
                "経度": "137.6936111",
                "夜空の明るさ": "19.72",
                "ばらつき": "0.08",
                "周辺状況": "商業地域",
                "備考": "",
                "継続観察登録地点": "○"
            }
        },
        {
            "type": "Feature",
            "geometry": {
                "type": "Point",
                "coordinates": [
                    137.6875,
                    35.80777778
                ]
            },
            "properties": {
                "調査時期": "2022_W",
                "都道府県": "長野県",
                "市区町村": "上松町",
                "撮影場所": "木曽の桟",
                "撮影日時": "2022-01-24T20:10:00+09:00",
                "緯度": "35.80777778",
                "経度": "137.6875",
                "夜空の明るさ": "20.79",
                "ばらつき": "0.07",
                "周辺状況": "森林山間地",
                "備考": "",
                "継続観察登録地点": "○"
            }
        },
        {
            "type": "Feature",
            "geometry": {
                "type": "Point",
                "coordinates": [
                    138.1783333,
                    36.63527778
                ]
            },
            "properties": {
                "調査時期": "2022_W",
                "都道府県": "長野県",
                "市区町村": "長野市",
                "撮影場所": "",
                "撮影日時": "2022-01-28T18:48:00+09:00",
                "緯度": "36.63527778",
                "経度": "138.1783333",
                "夜空の明るさ": "18.39",
                "ばらつき": "0.08",
                "周辺状況": "",
                "備考": "",
                "継続観察登録地点": ""
            }
        },
        {
            "type": "Feature",
            "geometry": {
                "type": "Point",
                "coordinates": [
                    136.4575,
                    35.57583333
                ]
            },
            "properties": {
                "調査時期": "2022_W",
                "都道府県": "岐阜県",
                "市区町村": "揖斐川町",
                "撮影場所": "揖斐川町西横山",
                "撮影日時": "2022-01-24T19:07:00+09:00",
                "緯度": "35.57583333",
                "経度": "136.4575",
                "夜空の明るさ": "20.38",
                "ばらつき": "0.1",
                "周辺状況": "森林山間地",
                "備考": "",
                "継続観察登録地点": "○"
            }
        },
        {
            "type": "Feature",
            "geometry": {
                "type": "Point",
                "coordinates": [
                    137.0588889,
                    35.39555556
                ]
            },
            "properties": {
                "調査時期": "2022_W",
                "都道府県": "岐阜県",
                "市区町村": "可児市",
                "撮影場所": "可児市 天体ドーム横",
                "撮影日時": "2022-01-24T20:21:00+09:00",
                "緯度": "35.39555556",
                "経度": "137.0588889",
                "夜空の明るさ": "18.84",
                "ばらつき": "0.12",
                "周辺状況": "住宅地域",
                "備考": "",
                "継続観察登録地点": "○"
            }
        },
        {
            "type": "Feature",
            "geometry": {
                "type": "Point",
                "coordinates": [
                    138.8933333,
                    35.10138889
                ]
            },
            "properties": {
                "調査時期": "2022_W",
                "都道府県": "静岡県",
                "市区町村": "清水町",
                "撮影場所": "",
                "撮影日時": "2022-01-29T20:24:00+09:00",
                "緯度": "35.10138889",
                "経度": "138.8933333",
                "夜空の明るさ": "18.22",
                "ばらつき": "0.1",
                "周辺状況": "",
                "備考": "",
                "継続観察登録地点": ""
            }
        },
        {
            "type": "Feature",
            "geometry": {
                "type": "Point",
                "coordinates": [
                    138.6141667,
                    35.24722222
                ]
            },
            "properties": {
                "調査時期": "2022_W",
                "都道府県": "静岡県",
                "市区町村": "富士宮市",
                "撮影場所": "富士宮市内",
                "撮影日時": "2022-02-01T19:33:00+09:00",
                "緯度": "35.24722222",
                "経度": "138.6141667",
                "夜空の明るさ": "18.45",
                "ばらつき": "0.07",
                "周辺状況": "住宅地域",
                "備考": "",
                "継続観察登録地点": "○"
            }
        },
        {
            "type": "Feature",
            "geometry": {
                "type": "Point",
                "coordinates": [
                    138.6141667,
                    35.24722222
                ]
            },
            "properties": {
                "調査時期": "2022_W",
                "都道府県": "静岡県",
                "市区町村": "富士宮市",
                "撮影場所": "富士宮市内",
                "撮影日時": "2022-02-02T19:41:00+09:00",
                "緯度": "35.24722222",
                "経度": "138.6141667",
                "夜空の明るさ": "18.27",
                "ばらつき": "0.11",
                "周辺状況": "住宅地域",
                "備考": "",
                "継続観察登録地点": "○"
            }
        },
        {
            "type": "Feature",
            "geometry": {
                "type": "Point",
                "coordinates": [
                    138.6141667,
                    35.24722222
                ]
            },
            "properties": {
                "調査時期": "2022_W",
                "都道府県": "静岡県",
                "市区町村": "富士宮市",
                "撮影場所": "富士宮市内",
                "撮影日時": "2022-02-04T20:07:00+09:00",
                "緯度": "35.24722222",
                "経度": "138.6141667",
                "夜空の明るさ": "18.63",
                "ばらつき": "0.06",
                "周辺状況": "住宅地域",
                "備考": "",
                "継続観察登録地点": "○"
            }
        },
        {
            "type": "Feature",
            "geometry": {
                "type": "Point",
                "coordinates": [
                    137.4377778,
                    34.6675
                ]
            },
            "properties": {
                "調査時期": "2022_W",
                "都道府県": "愛知県",
                "市区町村": "豊橋市",
                "撮影場所": "",
                "撮影日時": "2022-01-28T18:59:00+09:00",
                "緯度": "34.6675",
                "経度": "137.4377778",
                "夜空の明るさ": "19.53",
                "ばらつき": "0.07",
                "周辺状況": "",
                "備考": "",
                "継続観察登録地点": ""
            }
        },
        {
            "type": "Feature",
            "geometry": {
                "type": "Point",
                "coordinates": [
                    137.0491667,
                    35.13583333
                ]
            },
            "properties": {
                "調査時期": "2022_W",
                "都道府県": "愛知県",
                "市区町村": "日進市",
                "撮影場所": "",
                "撮影日時": "2022-01-24T20:33:00+09:00",
                "緯度": "35.13583333",
                "経度": "137.0491667",
                "夜空の明るさ": "17.83",
                "ばらつき": "0.14",
                "周辺状況": "",
                "備考": "",
                "継続観察登録地点": ""
            }
        },
        {
            "type": "Feature",
            "geometry": {
                "type": "Point",
                "coordinates": [
                    137.6038889,
                    35.20194444
                ]
            },
            "properties": {
                "調査時期": "2022_W",
                "都道府県": "愛知県",
                "市区町村": "設楽町",
                "撮影場所": "道の駅つぐ高原グリーンパーク",
                "撮影日時": "2022-01-29T18:40:00+09:00",
                "緯度": "35.20194444",
                "経度": "137.6038889",
                "夜空の明るさ": "20.74",
                "ばらつき": "0.07",
                "周辺状況": "自然公園等",
                "備考": "",
                "継続観察登録地点": "○"
            }
        },
        {
            "type": "Feature",
            "geometry": {
                "type": "Point",
                "coordinates": [
                    137.6597222,
                    35.22305556
                ]
            },
            "properties": {
                "調査時期": "2022_W",
                "都道府県": "愛知県",
                "市区町村": "豊根村",
                "撮影場所": "茶臼山高原(愛知県北設楽郡豊根村)",
                "撮影日時": "2022-01-29T20:19:00+09:00",
                "緯度": "35.22305556",
                "経度": "137.6597222",
                "夜空の明るさ": "20.79",
                "ばらつき": "0.31",
                "周辺状況": "自然公園等",
                "備考": "",
                "継続観察登録地点": "○"
            }
        },
        {
            "type": "Feature",
            "geometry": {
                "type": "Point",
                "coordinates": [
                    137.6597222,
                    35.22277778
                ]
            },
            "properties": {
                "調査時期": "2022_W",
                "都道府県": "愛知県",
                "市区町村": "豊根村",
                "撮影場所": "",
                "撮影日時": "2022-01-29T20:20:00+09:00",
                "緯度": "35.22277778",
                "経度": "137.6597222",
                "夜空の明るさ": "20.98",
                "ばらつき": "0.12",
                "周辺状況": "",
                "備考": "",
                "継続観察登録地点": ""
            }
        },
        {
            "type": "Feature",
            "geometry": {
                "type": "Point",
                "coordinates": [
                    137.6038889,
                    35.20222222
                ]
            },
            "properties": {
                "調査時期": "2022_W",
                "都道府県": "愛知県",
                "市区町村": "設楽町",
                "撮影場所": "道の駅つぐ高原グリーンパーク",
                "撮影日時": "2022-01-29T20:37:00+09:00",
                "緯度": "35.20222222",
                "経度": "137.6038889",
                "夜空の明るさ": "20.48",
                "ばらつき": "0.14",
                "周辺状況": "自然公園等",
                "備考": "",
                "継続観察登録地点": "○"
            }
        },
        {
            "type": "Feature",
            "geometry": {
                "type": "Point",
                "coordinates": [
                    137.6038889,
                    35.20222222
                ]
            },
            "properties": {
                "調査時期": "2022_W",
                "都道府県": "愛知県",
                "市区町村": "設楽町",
                "撮影場所": "道の駅つぐ高原グリーンパーク",
                "撮影日時": "2022-01-29T20:38:00+09:00",
                "緯度": "35.20222222",
                "経度": "137.6038889",
                "夜空の明るさ": "20.9",
                "ばらつき": "0.11",
                "周辺状況": "自然公園等",
                "備考": "",
                "継続観察登録地点": "○"
            }
        },
        {
            "type": "Feature",
            "geometry": {
                "type": "Point",
                "coordinates": [
                    137.7225,
                    35.12027778
                ]
            },
            "properties": {
                "調査時期": "2022_W",
                "都道府県": "愛知県",
                "市区町村": "東栄町",
                "撮影場所": "",
                "撮影日時": "2022-01-31T19:02:00+09:00",
                "緯度": "35.12027778",
                "経度": "137.7225",
                "夜空の明るさ": "20.92",
                "ばらつき": "0.09",
                "周辺状況": "",
                "備考": "",
                "継続観察登録地点": ""
            }
        },
        {
            "type": "Feature",
            "geometry": {
                "type": "Point",
                "coordinates": [
                    137.7158333,
                    35.08083333
                ]
            },
            "properties": {
                "調査時期": "2022_W",
                "都道府県": "愛知県",
                "市区町村": "東栄町",
                "撮影場所": "",
                "撮影日時": "2022-01-31T19:39:00+09:00",
                "緯度": "35.08083333",
                "経度": "137.7158333",
                "夜空の明るさ": "20.79",
                "ばらつき": "0.11",
                "周辺状況": "",
                "備考": "",
                "継続観察登録地点": ""
            }
        },
        {
            "type": "Feature",
            "geometry": {
                "type": "Point",
                "coordinates": [
                    137.5502778,
                    35.06361111
                ]
            },
            "properties": {
                "調査時期": "2022_W",
                "都道府県": "愛知県",
                "市区町村": "設楽町",
                "撮影場所": "",
                "撮影日時": "2022-01-31T19:09:00+09:00",
                "緯度": "35.06361111",
                "経度": "137.5502778",
                "夜空の明るさ": "20.34",
                "ばらつき": "0.1",
                "周辺状況": "",
                "備考": "",
                "継続観察登録地点": ""
            }
        },
        {
            "type": "Feature",
            "geometry": {
                "type": "Point",
                "coordinates": [
                    137.5736111,
                    35.09361111
                ]
            },
            "properties": {
                "調査時期": "2022_W",
                "都道府県": "愛知県",
                "市区町村": "設楽町",
                "撮影場所": "奥三河総合センター",
                "撮影日時": "2022-01-31T19:25:00+09:00",
                "緯度": "35.09361111",
                "経度": "137.5736111",
                "夜空の明るさ": "20.49",
                "ばらつき": "0.08",
                "周辺状況": "住宅地域",
                "備考": "",
                "継続観察登録地点": "○"
            }
        },
        {
            "type": "Feature",
            "geometry": {
                "type": "Point",
                "coordinates": [
                    137.5713889,
                    35.09666667
                ]
            },
            "properties": {
                "調査時期": "2022_W",
                "都道府県": "愛知県",
                "市区町村": "設楽町",
                "撮影場所": "",
                "撮影日時": "2022-01-31T19:33:00+09:00",
                "緯度": "35.09666667",
                "経度": "137.5713889",
                "夜空の明るさ": "20.21",
                "ばらつき": "0.09",
                "周辺状況": "",
                "備考": "",
                "継続観察登録地点": ""
            }
        },
        {
            "type": "Feature",
            "geometry": {
                "type": "Point",
                "coordinates": [
                    137.6063889,
                    35.19888889
                ]
            },
            "properties": {
                "調査時期": "2022_W",
                "都道府県": "愛知県",
                "市区町村": "設楽町",
                "撮影場所": "道の駅つぐ高原グリーンパーク",
                "撮影日時": "2022-01-31T20:05:00+09:00",
                "緯度": "35.19888889",
                "経度": "137.6063889",
                "夜空の明るさ": "20.82",
                "ばらつき": "0.08",
                "周辺状況": "自然公園等",
                "備考": "",
                "継続観察登録地点": "○"
            }
        },
        {
            "type": "Feature",
            "geometry": {
                "type": "Point",
                "coordinates": [
                    137.5913889,
                    35.18888889
                ]
            },
            "properties": {
                "調査時期": "2022_W",
                "都道府県": "愛知県",
                "市区町村": "設楽町",
                "撮影場所": "",
                "撮影日時": "2022-01-31T20:18:00+09:00",
                "緯度": "35.18888889",
                "経度": "137.5913889",
                "夜空の明るさ": "20.86",
                "ばらつき": "0.08",
                "周辺状況": "",
                "備考": "",
                "継続観察登録地点": ""
            }
        },
        {
            "type": "Feature",
            "geometry": {
                "type": "Point",
                "coordinates": [
                    137.5325,
                    35.15361111
                ]
            },
            "properties": {
                "調査時期": "2022_W",
                "都道府県": "愛知県",
                "市区町村": "設楽町",
                "撮影場所": "",
                "撮影日時": "2022-01-31T20:37:00+09:00",
                "緯度": "35.15361111",
                "経度": "137.5325",
                "夜空の明るさ": "20.7",
                "ばらつき": "0.05",
                "周辺状況": "",
                "備考": "",
                "継続観察登録地点": ""
            }
        },
        {
            "type": "Feature",
            "geometry": {
                "type": "Point",
                "coordinates": [
                    137.1519444,
                    35.08
                ]
            },
            "properties": {
                "調査時期": "2022_W",
                "都道府県": "愛知県",
                "市区町村": "豊田市",
                "撮影場所": "",
                "撮影日時": "2022-02-02T18:58:00+09:00",
                "緯度": "35.08",
                "経度": "137.1519444",
                "夜空の明るさ": "16.65",
                "ばらつき": "0.11",
                "周辺状況": "",
                "備考": "",
                "継続観察登録地点": ""
            }
        },
        {
            "type": "Feature",
            "geometry": {
                "type": "Point",
                "coordinates": [
                    136.36,
                    34.88222222
                ]
            },
            "properties": {
                "調査時期": "2022_W",
                "都道府県": "三重県",
                "市区町村": "亀山市",
                "撮影場所": "鈴鹿峠自然の家",
                "撮影日時": "2022-01-28T20:46:00+09:00",
                "緯度": "34.88222222",
                "経度": "136.36",
                "夜空の明るさ": "19.98",
                "ばらつき": "0.04",
                "周辺状況": "森林山間地",
                "備考": "",
                "継続観察登録地点": "○"
            }
        },
        {
            "type": "Feature",
            "geometry": {
                "type": "Point",
                "coordinates": [
                    136.36,
                    34.88222222
                ]
            },
            "properties": {
                "調査時期": "2022_W",
                "都道府県": "三重県",
                "市区町村": "亀山市",
                "撮影場所": "鈴鹿峠自然の家",
                "撮影日時": "2022-02-02T20:15:00+09:00",
                "緯度": "34.88222222",
                "経度": "136.36",
                "夜空の明るさ": "19.43",
                "ばらつき": "0.09",
                "周辺状況": "森林山間地",
                "備考": "",
                "継続観察登録地点": "○"
            }
        },
        {
            "type": "Feature",
            "geometry": {
                "type": "Point",
                "coordinates": [
                    136.36,
                    34.88222222
                ]
            },
            "properties": {
                "調査時期": "2022_W",
                "都道府県": "三重県",
                "市区町村": "亀山市",
                "撮影場所": "鈴鹿峠自然の家",
                "撮影日時": "2022-02-02T20:32:00+09:00",
                "緯度": "34.88222222",
                "経度": "136.36",
                "夜空の明るさ": "19.31",
                "ばらつき": "0.16",
                "周辺状況": "森林山間地",
                "備考": "",
                "継続観察登録地点": "○"
            }
        },
        {
            "type": "Feature",
            "geometry": {
                "type": "Point",
                "coordinates": [
                    136.2208333,
                    35.54638889
                ]
            },
            "properties": {
                "調査時期": "2022_W",
                "都道府県": "滋賀県",
                "市区町村": "長浜市",
                "撮影場所": "ウッデイパル余呉",
                "撮影日時": "2022-01-24T19:11:00+09:00",
                "緯度": "35.54638889",
                "経度": "136.2208333",
                "夜空の明るさ": "20.08",
                "ばらつき": "0.19",
                "周辺状況": "森林山間地",
                "備考": "",
                "継続観察登録地点": "○"
            }
        },
        {
            "type": "Feature",
            "geometry": {
                "type": "Point",
                "coordinates": [
                    135.7716667,
                    35.01444444
                ]
            },
            "properties": {
                "調査時期": "2022_W",
                "都道府県": "京都府",
                "市区町村": "京都市　中京区",
                "撮影場所": "京都市左京区 鴨川河川敷",
                "撮影日時": "2022-01-24T19:36:00+09:00",
                "緯度": "35.01444444",
                "経度": "135.7716667",
                "夜空の明るさ": "17.75",
                "ばらつき": "0.08",
                "周辺状況": "住宅地域",
                "備考": "",
                "継続観察登録地点": "○"
            }
        },
        {
            "type": "Feature",
            "geometry": {
                "type": "Point",
                "coordinates": [
                    135.9038889,
                    34.78888889
                ]
            },
            "properties": {
                "調査時期": "2022_W",
                "都道府県": "京都府",
                "市区町村": "和束町",
                "撮影場所": "相楽郡和束町杣田",
                "撮影日時": "2022-01-27T20:46:00+09:00",
                "緯度": "34.78888889",
                "経度": "135.9038889",
                "夜空の明るさ": "19.43",
                "ばらつき": "0.09",
                "周辺状況": "農業地域",
                "備考": "",
                "継続観察登録地点": "○"
            }
        },
        {
            "type": "Feature",
            "geometry": {
                "type": "Point",
                "coordinates": [
                    135.6397222,
                    34.81027778
                ]
            },
            "properties": {
                "調査時期": "2022_W",
                "都道府県": "大阪府",
                "市区町村": "枚方市",
                "撮影場所": "枚方市 ひらパー",
                "撮影日時": "2022-02-05T20:42:00+09:00",
                "緯度": "34.81027778",
                "経度": "135.6397222",
                "夜空の明るさ": "17.51",
                "ばらつき": "0.08",
                "周辺状況": "住宅地域",
                "備考": "",
                "継続観察登録地点": "○"
            }
        },
        {
            "type": "Feature",
            "geometry": {
                "type": "Point",
                "coordinates": [
                    135.6391667,
                    34.81083333
                ]
            },
            "properties": {
                "調査時期": "2022_W",
                "都道府県": "大阪府",
                "市区町村": "枚方市",
                "撮影場所": "枚方市 ひらパー",
                "撮影日時": "2022-02-04T21:10:00+09:00",
                "緯度": "34.81083333",
                "経度": "135.6391667",
                "夜空の明るさ": "17.37",
                "ばらつき": "0.08",
                "周辺状況": "住宅地域",
                "備考": "",
                "継続観察登録地点": "○"
            }
        },
        {
            "type": "Feature",
            "geometry": {
                "type": "Point",
                "coordinates": [
                    135.1330556,
                    34.68361111
                ]
            },
            "properties": {
                "調査時期": "2022_W",
                "都道府県": "兵庫県",
                "市区町村": "神戸市　長田区",
                "撮影場所": "神戸市長田区鹿松町",
                "撮影日時": "2022-01-24T20:36:00+09:00",
                "緯度": "34.68361111",
                "経度": "135.1330556",
                "夜空の明るさ": "18.34",
                "ばらつき": "0.11",
                "周辺状況": "住宅地域",
                "備考": "",
                "継続観察登録地点": "○"
            }
        },
        {
            "type": "Feature",
            "geometry": {
                "type": "Point",
                "coordinates": [
                    135.1163889,
                    34.68361111
                ]
            },
            "properties": {
                "調査時期": "2022_W",
                "都道府県": "兵庫県",
                "市区町村": "神戸市　須磨区",
                "撮影場所": "神戸市長田区鹿松町",
                "撮影日時": "2022-01-25T20:09:00+09:00",
                "緯度": "34.68361111",
                "経度": "135.1163889",
                "夜空の明るさ": "18.1",
                "ばらつき": "0.11",
                "周辺状況": "住宅地域",
                "備考": "",
                "継続観察登録地点": "○"
            }
        },
        {
            "type": "Feature",
            "geometry": {
                "type": "Point",
                "coordinates": [
                    134.7313889,
                    35.46111111
                ]
            },
            "properties": {
                "調査時期": "2022_W",
                "都道府県": "兵庫県",
                "市区町村": "豊岡市",
                "撮影場所": "",
                "撮影日時": "2022-01-25T21:57:00+09:00",
                "緯度": "35.46111111",
                "経度": "134.7313889",
                "夜空の明るさ": "20.69",
                "ばらつき": "0.07",
                "周辺状況": "",
                "備考": "参考値（時間外）",
                "継続観察登録地点": ""
            }
        },
        {
            "type": "Feature",
            "geometry": {
                "type": "Point",
                "coordinates": [
                    135.1336111,
                    34.68361111
                ]
            },
            "properties": {
                "調査時期": "2022_W",
                "都道府県": "兵庫県",
                "市区町村": "神戸市　長田区",
                "撮影場所": "神戸市長田区鹿松町",
                "撮影日時": "2022-01-29T20:57:00+09:00",
                "緯度": "34.68361111",
                "経度": "135.1336111",
                "夜空の明るさ": "17.75",
                "ばらつき": "0.17",
                "周辺状況": "住宅地域",
                "備考": "",
                "継続観察登録地点": "○"
            }
        },
        {
            "type": "Feature",
            "geometry": {
                "type": "Point",
                "coordinates": [
                    134.9930556,
                    34.52472222
                ]
            },
            "properties": {
                "調査時期": "2022_W",
                "都道府県": "兵庫県",
                "市区町村": "淡路市",
                "撮影場所": "淡路市久留麻 淡路",
                "撮影日時": "2022-01-26T22:27:00+09:00",
                "緯度": "34.52472222",
                "経度": "134.9930556",
                "夜空の明るさ": "",
                "ばらつき": "",
                "周辺状況": "その他",
                "備考": "測定不可（雲量大）",
                "継続観察登録地点": "○"
            }
        },
        {
            "type": "Feature",
            "geometry": {
                "type": "Point",
                "coordinates": [
                    134.9933333,
                    34.525
                ]
            },
            "properties": {
                "調査時期": "2022_W",
                "都道府県": "兵庫県",
                "市区町村": "淡路市",
                "撮影場所": "淡路市久留麻 淡路",
                "撮影日時": "2022-01-27T22:13:00+09:00",
                "緯度": "34.525",
                "経度": "134.9933333",
                "夜空の明るさ": "18.64",
                "ばらつき": "0.21",
                "周辺状況": "その他",
                "備考": "参考値（時間外）",
                "継続観察登録地点": "○"
            }
        },
        {
            "type": "Feature",
            "geometry": {
                "type": "Point",
                "coordinates": [
                    134.9933333,
                    34.52472222
                ]
            },
            "properties": {
                "調査時期": "2022_W",
                "都道府県": "兵庫県",
                "市区町村": "淡路市",
                "撮影場所": "淡路市久留麻 淡路",
                "撮影日時": "2022-01-29T22:22:00+09:00",
                "緯度": "34.52472222",
                "経度": "134.9933333",
                "夜空の明るさ": "18.46",
                "ばらつき": "0.24",
                "周辺状況": "その他",
                "備考": "参考値（時間外）",
                "継続観察登録地点": "○"
            }
        },
        {
            "type": "Feature",
            "geometry": {
                "type": "Point",
                "coordinates": [
                    134.9930556,
                    34.52444444
                ]
            },
            "properties": {
                "調査時期": "2022_W",
                "都道府県": "兵庫県",
                "市区町村": "淡路市",
                "撮影場所": "淡路市久留麻 淡路",
                "撮影日時": "2022-01-31T22:17:00+09:00",
                "緯度": "34.52444444",
                "経度": "134.9930556",
                "夜空の明るさ": "19.04",
                "ばらつき": "0.19",
                "周辺状況": "その他",
                "備考": "参考値（時間外）",
                "継続観察登録地点": "○"
            }
        },
        {
            "type": "Feature",
            "geometry": {
                "type": "Point",
                "coordinates": [
                    134.9933333,
                    34.52416667
                ]
            },
            "properties": {
                "調査時期": "2022_W",
                "都道府県": "兵庫県",
                "市区町村": "淡路市",
                "撮影場所": "淡路市久留麻 淡路",
                "撮影日時": "2022-02-04T22:08:00+09:00",
                "緯度": "34.52416667",
                "経度": "134.9933333",
                "夜空の明るさ": "18.67",
                "ばらつき": "0.14",
                "周辺状況": "その他",
                "備考": "参考値（時間外）",
                "継続観察登録地点": "○"
            }
        },
        {
            "type": "Feature",
            "geometry": {
                "type": "Point",
                "coordinates": [
                    134.9936111,
                    34.52472222
                ]
            },
            "properties": {
                "調査時期": "2022_W",
                "都道府県": "兵庫県",
                "市区町村": "淡路市",
                "撮影場所": "淡路市久留麻 淡路",
                "撮影日時": "2022-02-05T22:24:00+09:00",
                "緯度": "34.52472222",
                "経度": "134.9936111",
                "夜空の明るさ": "17.74",
                "ばらつき": "0.92",
                "周辺状況": "その他",
                "備考": "参考値（薄雲）",
                "継続観察登録地点": "○"
            }
        },
        {
            "type": "Feature",
            "geometry": {
                "type": "Point",
                "coordinates": [
                    135.055,
                    34.65527778
                ]
            },
            "properties": {
                "調査時期": "2022_W",
                "都道府県": "兵庫県",
                "市区町村": "神戸市　垂水区",
                "撮影場所": "兵庫県立舞子高等学校屋上",
                "撮影日時": "2022-01-25T20:21:00+09:00",
                "緯度": "34.65527778",
                "経度": "135.055",
                "夜空の明るさ": "17.98",
                "ばらつき": "0.09",
                "周辺状況": "住宅地域",
                "備考": "",
                "継続観察登録地点": "○"
            }
        },
        {
            "type": "Feature",
            "geometry": {
                "type": "Point",
                "coordinates": [
                    135.055,
                    34.65527778
                ]
            },
            "properties": {
                "調査時期": "2022_W",
                "都道府県": "兵庫県",
                "市区町村": "神戸市　垂水区",
                "撮影場所": "兵庫県立舞子高等学校屋上",
                "撮影日時": "2022-01-26T19:05:00+09:00",
                "緯度": "34.65527778",
                "経度": "135.055",
                "夜空の明るさ": "17.29",
                "ばらつき": "0.15",
                "周辺状況": "住宅地域",
                "備考": "",
                "継続観察登録地点": "○"
            }
        },
        {
            "type": "Feature",
            "geometry": {
                "type": "Point",
                "coordinates": [
                    135.0552778,
                    34.65527778
                ]
            },
            "properties": {
                "調査時期": "2022_W",
                "都道府県": "兵庫県",
                "市区町村": "神戸市　垂水区",
                "撮影場所": "兵庫県立舞子高等学校屋上",
                "撮影日時": "2022-01-27T18:28:00+09:00",
                "緯度": "34.65527778",
                "経度": "135.0552778",
                "夜空の明るさ": "17.15",
                "ばらつき": "0.11",
                "周辺状況": "住宅地域",
                "備考": "参考値（薄雲）",
                "継続観察登録地点": "○"
            }
        },
        {
            "type": "Feature",
            "geometry": {
                "type": "Point",
                "coordinates": [
                    135.055,
                    34.65527778
                ]
            },
            "properties": {
                "調査時期": "2022_W",
                "都道府県": "兵庫県",
                "市区町村": "神戸市　垂水区",
                "撮影場所": "兵庫県立舞子高等学校屋上",
                "撮影日時": "2022-01-28T18:33:00+09:00",
                "緯度": "34.65527778",
                "経度": "135.055",
                "夜空の明るさ": "17.58",
                "ばらつき": "0.11",
                "周辺状況": "住宅地域",
                "備考": "参考値（薄雲）",
                "継続観察登録地点": "○"
            }
        },
        {
            "type": "Feature",
            "geometry": {
                "type": "Point",
                "coordinates": [
                    135.0552778,
                    34.65527778
                ]
            },
            "properties": {
                "調査時期": "2022_W",
                "都道府県": "兵庫県",
                "市区町村": "神戸市　垂水区",
                "撮影場所": "兵庫県立舞子高等学校屋上",
                "撮影日時": "2022-01-29T18:21:00+09:00",
                "緯度": "34.65527778",
                "経度": "135.0552778",
                "夜空の明るさ": "17.07",
                "ばらつき": "0.08",
                "周辺状況": "住宅地域",
                "備考": "参考値（薄雲）",
                "継続観察登録地点": "○"
            }
        },
        {
            "type": "Feature",
            "geometry": {
                "type": "Point",
                "coordinates": [
                    135.0552778,
                    34.65527778
                ]
            },
            "properties": {
                "調査時期": "2022_W",
                "都道府県": "兵庫県",
                "市区町村": "神戸市　垂水区",
                "撮影場所": "兵庫県立舞子高等学校屋上",
                "撮影日時": "2022-01-30T18:21:00+09:00",
                "緯度": "34.65527778",
                "経度": "135.0552778",
                "夜空の明るさ": "17.54",
                "ばらつき": "0.14",
                "周辺状況": "住宅地域",
                "備考": "参考値（薄雲）",
                "継続観察登録地点": "○"
            }
        },
        {
            "type": "Feature",
            "geometry": {
                "type": "Point",
                "coordinates": [
                    135.055,
                    34.65527778
                ]
            },
            "properties": {
                "調査時期": "2022_W",
                "都道府県": "兵庫県",
                "市区町村": "神戸市　垂水区",
                "撮影場所": "兵庫県立舞子高等学校屋上",
                "撮影日時": "2022-01-31T18:30:00+09:00",
                "緯度": "34.65527778",
                "経度": "135.055",
                "夜空の明るさ": "17.8",
                "ばらつき": "0.1",
                "周辺状況": "住宅地域",
                "備考": "",
                "継続観察登録地点": "○"
            }
        },
        {
            "type": "Feature",
            "geometry": {
                "type": "Point",
                "coordinates": [
                    135.0552778,
                    34.65527778
                ]
            },
            "properties": {
                "調査時期": "2022_W",
                "都道府県": "兵庫県",
                "市区町村": "神戸市　垂水区",
                "撮影場所": "兵庫県立舞子高等学校屋上",
                "撮影日時": "2022-02-04T18:54:00+09:00",
                "緯度": "34.65527778",
                "経度": "135.0552778",
                "夜空の明るさ": "17.85",
                "ばらつき": "0.09",
                "周辺状況": "住宅地域",
                "備考": "",
                "継続観察登録地点": "○"
            }
        },
        {
            "type": "Feature",
            "geometry": {
                "type": "Point",
                "coordinates": [
                    135.055,
                    34.65527778
                ]
            },
            "properties": {
                "調査時期": "2022_W",
                "都道府県": "兵庫県",
                "市区町村": "神戸市　垂水区",
                "撮影場所": "兵庫県立舞子高等学校屋上",
                "撮影日時": "2022-02-05T19:07:00+09:00",
                "緯度": "34.65527778",
                "経度": "135.055",
                "夜空の明るさ": "17.75",
                "ばらつき": "0.12",
                "周辺状況": "住宅地域",
                "備考": "参考値（薄雲）",
                "継続観察登録地点": "○"
            }
        },
        {
            "type": "Feature",
            "geometry": {
                "type": "Point",
                "coordinates": [
                    135.0316667,
                    34.69861111
                ]
            },
            "properties": {
                "調査時期": "2022_W",
                "都道府県": "兵庫県",
                "市区町村": "神戸市　西区",
                "撮影場所": "神戸市西区井吹台 西神南",
                "撮影日時": "2022-01-25T20:52:00+09:00",
                "緯度": "34.69861111",
                "経度": "135.0316667",
                "夜空の明るさ": "18.1",
                "ばらつき": "0.06",
                "周辺状況": "住宅地域",
                "備考": "",
                "継続観察登録地点": "○"
            }
        },
        {
            "type": "Feature",
            "geometry": {
                "type": "Point",
                "coordinates": [
                    135.0316667,
                    34.69861111
                ]
            },
            "properties": {
                "調査時期": "2022_W",
                "都道府県": "兵庫県",
                "市区町村": "神戸市　西区",
                "撮影場所": "神戸市西区井吹台 西神南",
                "撮影日時": "2022-01-26T19:42:00+09:00",
                "緯度": "34.69861111",
                "経度": "135.0316667",
                "夜空の明るさ": "17.36",
                "ばらつき": "0.1",
                "周辺状況": "住宅地域",
                "備考": "参考値（薄雲）",
                "継続観察登録地点": "○"
            }
        },
        {
            "type": "Feature",
            "geometry": {
                "type": "Point",
                "coordinates": [
                    135.0313889,
                    34.69833333
                ]
            },
            "properties": {
                "調査時期": "2022_W",
                "都道府県": "兵庫県",
                "市区町村": "神戸市　西区",
                "撮影場所": "神戸市西区井吹台 西神南",
                "撮影日時": "2022-01-27T18:51:00+09:00",
                "緯度": "34.69833333",
                "経度": "135.0313889",
                "夜空の明るさ": "17.58",
                "ばらつき": "0.11",
                "周辺状況": "住宅地域",
                "備考": "参考値（薄雲）",
                "継続観察登録地点": "○"
            }
        },
        {
            "type": "Feature",
            "geometry": {
                "type": "Point",
                "coordinates": [
                    135.0313889,
                    34.69861111
                ]
            },
            "properties": {
                "調査時期": "2022_W",
                "都道府県": "兵庫県",
                "市区町村": "神戸市　西区",
                "撮影場所": "神戸市西区井吹台 西神南",
                "撮影日時": "2022-01-28T20:12:00+09:00",
                "緯度": "34.69861111",
                "経度": "135.0313889",
                "夜空の明るさ": "17.96",
                "ばらつき": "0.1",
                "周辺状況": "住宅地域",
                "備考": "参考値（薄雲）",
                "継続観察登録地点": "○"
            }
        },
        {
            "type": "Feature",
            "geometry": {
                "type": "Point",
                "coordinates": [
                    135.0313889,
                    34.69861111
                ]
            },
            "properties": {
                "調査時期": "2022_W",
                "都道府県": "兵庫県",
                "市区町村": "神戸市　西区",
                "撮影場所": "神戸市西区井吹台 西神南",
                "撮影日時": "2022-01-29T18:53:00+09:00",
                "緯度": "34.69861111",
                "経度": "135.0313889",
                "夜空の明るさ": "17.47",
                "ばらつき": "0.12",
                "周辺状況": "住宅地域",
                "備考": "参考値（薄雲）",
                "継続観察登録地点": "○"
            }
        },
        {
            "type": "Feature",
            "geometry": {
                "type": "Point",
                "coordinates": [
                    135.0313889,
                    34.69861111
                ]
            },
            "properties": {
                "調査時期": "2022_W",
                "都道府県": "兵庫県",
                "市区町村": "神戸市　西区",
                "撮影場所": "神戸市西区井吹台 西神南",
                "撮影日時": "2022-01-31T19:30:00+09:00",
                "緯度": "34.69861111",
                "経度": "135.0313889",
                "夜空の明るさ": "18.13",
                "ばらつき": "0.11",
                "周辺状況": "住宅地域",
                "備考": "参考値（薄雲）",
                "継続観察登録地点": "○"
            }
        },
        {
            "type": "Feature",
            "geometry": {
                "type": "Point",
                "coordinates": [
                    135.0313889,
                    34.69833333
                ]
            },
            "properties": {
                "調査時期": "2022_W",
                "都道府県": "兵庫県",
                "市区町村": "神戸市　西区",
                "撮影場所": "神戸市西区井吹台 西神南",
                "撮影日時": "2022-02-01T20:49:00+09:00",
                "緯度": "34.69833333",
                "経度": "135.0313889",
                "夜空の明るさ": "17.66",
                "ばらつき": "0.08",
                "周辺状況": "住宅地域",
                "備考": "参考値（薄雲）",
                "継続観察登録地点": "○"
            }
        },
        {
            "type": "Feature",
            "geometry": {
                "type": "Point",
                "coordinates": [
                    135.0313889,
                    34.69833333
                ]
            },
            "properties": {
                "調査時期": "2022_W",
                "都道府県": "兵庫県",
                "市区町村": "神戸市　西区",
                "撮影場所": "神戸市西区井吹台 西神南",
                "撮影日時": "2022-02-04T20:57:00+09:00",
                "緯度": "34.69833333",
                "経度": "135.0313889",
                "夜空の明るさ": "17.88",
                "ばらつき": "0.17",
                "周辺状況": "住宅地域",
                "備考": "",
                "継続観察登録地点": "○"
            }
        },
        {
            "type": "Feature",
            "geometry": {
                "type": "Point",
                "coordinates": [
                    135.0313889,
                    34.69833333
                ]
            },
            "properties": {
                "調査時期": "2022_W",
                "都道府県": "兵庫県",
                "市区町村": "神戸市　西区",
                "撮影場所": "神戸市西区井吹台 西神南",
                "撮影日時": "2022-02-05T20:00:00+09:00",
                "緯度": "34.69833333",
                "経度": "135.0313889",
                "夜空の明るさ": "18.17",
                "ばらつき": "0.11",
                "周辺状況": "住宅地域",
                "備考": "",
                "継続観察登録地点": "○"
            }
        },
        {
            "type": "Feature",
            "geometry": {
                "type": "Point",
                "coordinates": [
                    135.6975,
                    33.59333333
                ]
            },
            "properties": {
                "調査時期": "2022_W",
                "都道府県": "和歌山県",
                "市区町村": "古座川町",
                "撮影場所": "和歌山県東牟婁郡古座川町佐田",
                "撮影日時": "2022-01-24T19:14:00+09:00",
                "緯度": "33.59333333",
                "経度": "135.6975",
                "夜空の明るさ": "20.12",
                "ばらつき": "0.25",
                "周辺状況": "森林山間地",
                "備考": "",
                "継続観察登録地点": "○"
            }
        },
        {
            "type": "Feature",
            "geometry": {
                "type": "Point",
                "coordinates": [
                    135.6975,
                    33.59333333
                ]
            },
            "properties": {
                "調査時期": "2022_W",
                "都道府県": "和歌山県",
                "市区町村": "古座川町",
                "撮影場所": "和歌山県東牟婁郡古座川町佐田",
                "撮影日時": "2022-01-24T19:21:00+09:00",
                "緯度": "33.59333333",
                "経度": "135.6975",
                "夜空の明るさ": "20.92",
                "ばらつき": "0.17",
                "周辺状況": "森林山間地",
                "備考": "",
                "継続観察登録地点": "○"
            }
        },
        {
            "type": "Feature",
            "geometry": {
                "type": "Point",
                "coordinates": [
                    135.4063889,
                    34.14416667
                ]
            },
            "properties": {
                "調査時期": "2022_W",
                "都道府県": "和歌山県",
                "市区町村": "紀美野町",
                "撮影場所": "和歌山県海草郡紀美野町　みさと天文台",
                "撮影日時": "2022-01-27T21:31:00+09:00",
                "緯度": "34.14416667",
                "経度": "135.4063889",
                "夜空の明るさ": "20.53",
                "ばらつき": "0",
                "周辺状況": "森林山間地",
                "備考": "参考値（時間外）",
                "継続観察登録地点": "○"
            }
        },
        {
            "type": "Feature",
            "geometry": {
                "type": "Point",
                "coordinates": [
                    135.6975,
                    33.59333333
                ]
            },
            "properties": {
                "調査時期": "2022_W",
                "都道府県": "和歌山県",
                "市区町村": "古座川町",
                "撮影場所": "和歌山県東牟婁郡古座川町佐田",
                "撮影日時": "2022-01-27T20:18:00+09:00",
                "緯度": "33.59333333",
                "経度": "135.6975",
                "夜空の明るさ": "21.65",
                "ばらつき": "0.05",
                "周辺状況": "森林山間地",
                "備考": "",
                "継続観察登録地点": "○"
            }
        },
        {
            "type": "Feature",
            "geometry": {
                "type": "Point",
                "coordinates": [
                    135.6975,
                    33.59333333
                ]
            },
            "properties": {
                "調査時期": "2022_W",
                "都道府県": "和歌山県",
                "市区町村": "古座川町",
                "撮影場所": "和歌山県東牟婁郡古座川町佐田",
                "撮影日時": "2022-01-27T20:11:00+09:00",
                "緯度": "33.59333333",
                "経度": "135.6975",
                "夜空の明るさ": "21.5",
                "ばらつき": "0.08",
                "周辺状況": "森林山間地",
                "備考": "",
                "継続観察登録地点": "○"
            }
        },
        {
            "type": "Feature",
            "geometry": {
                "type": "Point",
                "coordinates": [
                    135.6975,
                    33.59333333
                ]
            },
            "properties": {
                "調査時期": "2022_W",
                "都道府県": "和歌山県",
                "市区町村": "古座川町",
                "撮影場所": "和歌山県東牟婁郡古座川町佐田",
                "撮影日時": "2022-01-27T20:13:00+09:00",
                "緯度": "33.59333333",
                "経度": "135.6975",
                "夜空の明るさ": "21.58",
                "ばらつき": "0.05",
                "周辺状況": "森林山間地",
                "備考": "",
                "継続観察登録地点": "○"
            }
        },
        {
            "type": "Feature",
            "geometry": {
                "type": "Point",
                "coordinates": [
                    135.1833333,
                    34.24527778
                ]
            },
            "properties": {
                "調査時期": "2022_W",
                "都道府県": "和歌山県",
                "市区町村": "和歌山市",
                "撮影場所": "和歌山県和歌山市中之島",
                "撮影日時": "2022-01-31T20:23:00+09:00",
                "緯度": "34.24527778",
                "経度": "135.1833333",
                "夜空の明るさ": "18.27",
                "ばらつき": "0.12",
                "周辺状況": "住宅地域",
                "備考": "",
                "継続観察登録地点": "○"
            }
        },
        {
            "type": "Feature",
            "geometry": {
                "type": "Point",
                "coordinates": [
                    133.4177778,
                    35.39861111
                ]
            },
            "properties": {
                "調査時期": "2022_W",
                "都道府県": "鳥取県",
                "市区町村": "米子市",
                "撮影場所": "",
                "撮影日時": "2022-01-25T19:03:00+09:00",
                "緯度": "35.39861111",
                "経度": "133.4177778",
                "夜空の明るさ": "20.14",
                "ばらつき": "0.04",
                "周辺状況": "",
                "備考": "",
                "継続観察登録地点": ""
            }
        },
        {
            "type": "Feature",
            "geometry": {
                "type": "Point",
                "coordinates": [
                    133.4361111,
                    35.39055556
                ]
            },
            "properties": {
                "調査時期": "2022_W",
                "都道府県": "鳥取県",
                "市区町村": "伯耆町",
                "撮影場所": "",
                "撮影日時": "2022-01-25T19:09:00+09:00",
                "緯度": "35.39055556",
                "経度": "133.4361111",
                "夜空の明るさ": "20.42",
                "ばらつき": "0.07",
                "周辺状況": "",
                "備考": "",
                "継続観察登録地点": ""
            }
        },
        {
            "type": "Feature",
            "geometry": {
                "type": "Point",
                "coordinates": [
                    133.4675,
                    35.38055556
                ]
            },
            "properties": {
                "調査時期": "2022_W",
                "都道府県": "鳥取県",
                "市区町村": "伯耆町",
                "撮影場所": "",
                "撮影日時": "2022-01-25T19:16:00+09:00",
                "緯度": "35.38055556",
                "経度": "133.4675",
                "夜空の明るさ": "20.59",
                "ばらつき": "0.05",
                "周辺状況": "",
                "備考": "",
                "継続観察登録地点": ""
            }
        },
        {
            "type": "Feature",
            "geometry": {
                "type": "Point",
                "coordinates": [
                    133.485,
                    35.28277778
                ]
            },
            "properties": {
                "調査時期": "2022_W",
                "都道府県": "鳥取県",
                "市区町村": "江府町",
                "撮影場所": "",
                "撮影日時": "2022-01-25T19:59:00+09:00",
                "緯度": "35.28277778",
                "経度": "133.485",
                "夜空の明るさ": "20.38",
                "ばらつき": "0.08",
                "周辺状況": "",
                "備考": "",
                "継続観察登録地点": ""
            }
        },
        {
            "type": "Feature",
            "geometry": {
                "type": "Point",
                "coordinates": [
                    133.3836111,
                    35.20638889
                ]
            },
            "properties": {
                "調査時期": "2022_W",
                "都道府県": "鳥取県",
                "市区町村": "日野町",
                "撮影場所": "",
                "撮影日時": "2022-01-25T20:24:00+09:00",
                "緯度": "35.20638889",
                "経度": "133.3836111",
                "夜空の明るさ": "20.79",
                "ばらつき": "0.12",
                "周辺状況": "",
                "備考": "",
                "継続観察登録地点": ""
            }
        },
        {
            "type": "Feature",
            "geometry": {
                "type": "Point",
                "coordinates": [
                    133.3108333,
                    35.17111111
                ]
            },
            "properties": {
                "調査時期": "2022_W",
                "都道府県": "鳥取県",
                "市区町村": "日南町",
                "撮影場所": "",
                "撮影日時": "2022-01-25T20:39:00+09:00",
                "緯度": "35.17111111",
                "経度": "133.3108333",
                "夜空の明るさ": "20.85",
                "ばらつき": "0.09",
                "周辺状況": "",
                "備考": "",
                "継続観察登録地点": ""
            }
        },
        {
            "type": "Feature",
            "geometry": {
                "type": "Point",
                "coordinates": [
                    133.1694444,
                    35.13611111
                ]
            },
            "properties": {
                "調査時期": "2022_W",
                "都道府県": "鳥取県",
                "市区町村": "日南町",
                "撮影場所": "日南町上萩山",
                "撮影日時": "2022-01-27T20:16:00+09:00",
                "緯度": "35.13611111",
                "経度": "133.1694444",
                "夜空の明るさ": "21.24",
                "ばらつき": "0.13",
                "周辺状況": "農業地域",
                "備考": "",
                "継続観察登録地点": "○"
            }
        },
        {
            "type": "Feature",
            "geometry": {
                "type": "Point",
                "coordinates": [
                    134.255,
                    35.40611111
                ]
            },
            "properties": {
                "調査時期": "2022_W",
                "都道府県": "鳥取県",
                "市区町村": "八頭町",
                "撮影場所": "",
                "撮影日時": "2022-01-28T20:53:00+09:00",
                "緯度": "35.40611111",
                "経度": "134.255",
                "夜空の明るさ": "20.08",
                "ばらつき": "0.1",
                "周辺状況": "",
                "備考": "",
                "継続観察登録地点": ""
            }
        },
        {
            "type": "Feature",
            "geometry": {
                "type": "Point",
                "coordinates": [
                    134.29,
                    35.38305556
                ]
            },
            "properties": {
                "調査時期": "2022_W",
                "都道府県": "鳥取県",
                "市区町村": "八頭町",
                "撮影場所": "",
                "撮影日時": "2022-01-28T21:10:00+09:00",
                "緯度": "35.38305556",
                "経度": "134.29",
                "夜空の明るさ": "20.69",
                "ばらつき": "0.1",
                "周辺状況": "",
                "備考": "",
                "継続観察登録地点": ""
            }
        },
        {
            "type": "Feature",
            "geometry": {
                "type": "Point",
                "coordinates": [
                    133.3675,
                    35.40416667
                ]
            },
            "properties": {
                "調査時期": "2022_W",
                "都道府県": "鳥取県",
                "市区町村": "米子市",
                "撮影場所": "",
                "撮影日時": "2022-01-31T19:05:00+09:00",
                "緯度": "35.40416667",
                "経度": "133.3675",
                "夜空の明るさ": "19.4",
                "ばらつき": "0.04",
                "周辺状況": "",
                "備考": "",
                "継続観察登録地点": ""
            }
        },
        {
            "type": "Feature",
            "geometry": {
                "type": "Point",
                "coordinates": [
                    133.3325,
                    35.42111111
                ]
            },
            "properties": {
                "調査時期": "2022_W",
                "都道府県": "鳥取県",
                "市区町村": "米子市",
                "撮影場所": "",
                "撮影日時": "2022-01-31T19:23:00+09:00",
                "緯度": "35.42111111",
                "経度": "133.3325",
                "夜空の明るさ": "18.37",
                "ばらつき": "0.06",
                "周辺状況": "",
                "備考": "",
                "継続観察登録地点": ""
            }
        },
        {
            "type": "Feature",
            "geometry": {
                "type": "Point",
                "coordinates": [
                    133.3211111,
                    35.42944444
                ]
            },
            "properties": {
                "調査時期": "2022_W",
                "都道府県": "鳥取県",
                "市区町村": "米子市",
                "撮影場所": "",
                "撮影日時": "2022-01-31T19:34:00+09:00",
                "緯度": "35.42944444",
                "経度": "133.3211111",
                "夜空の明るさ": "18.75",
                "ばらつき": "0.12",
                "周辺状況": "",
                "備考": "",
                "継続観察登録地点": ""
            }
        },
        {
            "type": "Feature",
            "geometry": {
                "type": "Point",
                "coordinates": [
                    133.76,
                    35.35611111
                ]
            },
            "properties": {
                "調査時期": "2022_W",
                "都道府県": "鳥取県",
                "市区町村": "倉吉市",
                "撮影場所": "倉吉市関金町関金宿",
                "撮影日時": "2022-01-25T20:02:00+09:00",
                "緯度": "35.35611111",
                "経度": "133.76",
                "夜空の明るさ": "21",
                "ばらつき": "0.21",
                "周辺状況": "農業地域",
                "備考": "",
                "継続観察登録地点": "○"
            }
        },
        {
            "type": "Feature",
            "geometry": {
                "type": "Point",
                "coordinates": [
                    134.1194444,
                    35.34194444
                ]
            },
            "properties": {
                "調査時期": "2022_W",
                "都道府県": "鳥取県",
                "市区町村": "鳥取市",
                "撮影場所": "さじアストロパーク園地",
                "撮影日時": "2022-01-28T20:56:00+09:00",
                "緯度": "35.34194444",
                "経度": "134.1194444",
                "夜空の明るさ": "20.98",
                "ばらつき": "0.1",
                "周辺状況": "森林山間地",
                "備考": "",
                "継続観察登録地点": "○"
            }
        },
        {
            "type": "Feature",
            "geometry": {
                "type": "Point",
                "coordinates": [
                    134.0408333,
                    35.32694444
                ]
            },
            "properties": {
                "調査時期": "2022_W",
                "都道府県": "鳥取県",
                "市区町村": "鳥取市",
                "撮影場所": "",
                "撮影日時": "2022-01-31T19:22:00+09:00",
                "緯度": "35.32694444",
                "経度": "134.0408333",
                "夜空の明るさ": "21.04",
                "ばらつき": "0.08",
                "周辺状況": "",
                "備考": "",
                "継続観察登録地点": ""
            }
        },
        {
            "type": "Feature",
            "geometry": {
                "type": "Point",
                "coordinates": [
                    134.0738889,
                    35.33027778
                ]
            },
            "properties": {
                "調査時期": "2022_W",
                "都道府県": "鳥取県",
                "市区町村": "鳥取市",
                "撮影場所": "",
                "撮影日時": "2022-01-29T20:14:00+09:00",
                "緯度": "35.33027778",
                "経度": "134.0738889",
                "夜空の明るさ": "21.33",
                "ばらつき": "0.06",
                "周辺状況": "",
                "備考": "",
                "継続観察登録地点": ""
            }
        },
        {
            "type": "Feature",
            "geometry": {
                "type": "Point",
                "coordinates": [
                    134.1052778,
                    35.33055556
                ]
            },
            "properties": {
                "調査時期": "2022_W",
                "都道府県": "鳥取県",
                "市区町村": "鳥取市",
                "撮影場所": "",
                "撮影日時": "2022-01-29T19:36:00+09:00",
                "緯度": "35.33055556",
                "経度": "134.1052778",
                "夜空の明るさ": "20.97",
                "ばらつき": "0.1",
                "周辺状況": "",
                "備考": "",
                "継続観察登録地点": ""
            }
        },
        {
            "type": "Feature",
            "geometry": {
                "type": "Point",
                "coordinates": [
                    134.16,
                    35.34305556
                ]
            },
            "properties": {
                "調査時期": "2022_W",
                "都道府県": "鳥取県",
                "市区町村": "鳥取市",
                "撮影場所": "",
                "撮影日時": "2022-01-29T19:09:00+09:00",
                "緯度": "35.34305556",
                "経度": "134.16",
                "夜空の明るさ": "20.71",
                "ばらつき": "0.09",
                "周辺状況": "",
                "備考": "",
                "継続観察登録地点": ""
            }
        },
        {
            "type": "Feature",
            "geometry": {
                "type": "Point",
                "coordinates": [
                    134.2055556,
                    35.35694444
                ]
            },
            "properties": {
                "調査時期": "2022_W",
                "都道府県": "鳥取県",
                "市区町村": "鳥取市",
                "撮影場所": "鳥取県鳥取市用瀬町鷹狩",
                "撮影日時": "2022-01-31T19:02:00+09:00",
                "緯度": "35.35694444",
                "経度": "134.2055556",
                "夜空の明るさ": "20.31",
                "ばらつき": "0.08",
                "周辺状況": "農業地域",
                "備考": "",
                "継続観察登録地点": "○"
            }
        },
        {
            "type": "Feature",
            "geometry": {
                "type": "Point",
                "coordinates": [
                    134.1755556,
                    35.35694444
                ]
            },
            "properties": {
                "調査時期": "2022_W",
                "都道府県": "鳥取県",
                "市区町村": "鳥取市",
                "撮影場所": "",
                "撮影日時": "2022-01-28T20:39:00+09:00",
                "緯度": "35.35694444",
                "経度": "134.1755556",
                "夜空の明るさ": "20.8",
                "ばらつき": "0.12",
                "周辺状況": "",
                "備考": "",
                "継続観察登録地点": ""
            }
        },
        {
            "type": "Feature",
            "geometry": {
                "type": "Point",
                "coordinates": [
                    134.2002778,
                    35.39333333
                ]
            },
            "properties": {
                "調査時期": "2022_W",
                "都道府県": "鳥取県",
                "市区町村": "鳥取市",
                "撮影場所": "鳥取市河原町曳田 桜広場駐車場",
                "撮影日時": "2022-01-31T19:22:00+09:00",
                "緯度": "35.39333333",
                "経度": "134.2002778",
                "夜空の明るさ": "20.14",
                "ばらつき": "0.07",
                "周辺状況": "住宅地域",
                "備考": "",
                "継続観察登録地点": "○"
            }
        },
        {
            "type": "Feature",
            "geometry": {
                "type": "Point",
                "coordinates": [
                    134.2119444,
                    35.4475
                ]
            },
            "properties": {
                "調査時期": "2022_W",
                "都道府県": "鳥取県",
                "市区町村": "鳥取市",
                "撮影場所": "鳥取市倉田 倉田スポーツ広場",
                "撮影日時": "2022-01-31T19:39:00+09:00",
                "緯度": "35.4475",
                "経度": "134.2119444",
                "夜空の明るさ": "19.76",
                "ばらつき": "0.12",
                "周辺状況": "その他",
                "備考": "",
                "継続観察登録地点": "○"
            }
        },
        {
            "type": "Feature",
            "geometry": {
                "type": "Point",
                "coordinates": [
                    134.22,
                    35.49416667
                ]
            },
            "properties": {
                "調査時期": "2022_W",
                "都道府県": "鳥取県",
                "市区町村": "鳥取市",
                "撮影場所": "鳥取市幸町 幸町棒鼻公園",
                "撮影日時": "2022-02-02T20:51:00+09:00",
                "緯度": "35.49416667",
                "経度": "134.22",
                "夜空の明るさ": "17.25",
                "ばらつき": "0.15",
                "周辺状況": "住宅地域",
                "備考": "",
                "継続観察登録地点": "○"
            }
        },
        {
            "type": "Feature",
            "geometry": {
                "type": "Point",
                "coordinates": [
                    134.1552778,
                    35.49777778
                ]
            },
            "properties": {
                "調査時期": "2022_W",
                "都道府県": "鳥取県",
                "市区町村": "鳥取市",
                "撮影場所": "",
                "撮影日時": "2022-01-31T20:08:00+09:00",
                "緯度": "35.49777778",
                "経度": "134.1552778",
                "夜空の明るさ": "19.79",
                "ばらつき": "0.09",
                "周辺状況": "",
                "備考": "",
                "継続観察登録地点": ""
            }
        },
        {
            "type": "Feature",
            "geometry": {
                "type": "Point",
                "coordinates": [
                    134.2369444,
                    35.54472222
                ]
            },
            "properties": {
                "調査時期": "2022_W",
                "都道府県": "鳥取県",
                "市区町村": "鳥取市",
                "撮影場所": "鳥取砂丘駐車場",
                "撮影日時": "2022-02-02T19:18:00+09:00",
                "緯度": "35.54472222",
                "経度": "134.2369444",
                "夜空の明るさ": "18.56",
                "ばらつき": "0.11",
                "周辺状況": "自然公園等",
                "備考": "",
                "継続観察登録地点": "○"
            }
        },
        {
            "type": "Feature",
            "geometry": {
                "type": "Point",
                "coordinates": [
                    134.2219444,
                    35.48805556
                ]
            },
            "properties": {
                "調査時期": "2022_W",
                "都道府県": "鳥取県",
                "市区町村": "鳥取市",
                "撮影場所": "",
                "撮影日時": "2022-01-31T19:04:00+09:00",
                "緯度": "35.48805556",
                "経度": "134.2219444",
                "夜空の明るさ": "18.64",
                "ばらつき": "0.08",
                "周辺状況": "",
                "備考": "",
                "継続観察登録地点": ""
            }
        },
        {
            "type": "Feature",
            "geometry": {
                "type": "Point",
                "coordinates": [
                    134.2261111,
                    35.29
                ]
            },
            "properties": {
                "調査時期": "2022_W",
                "都道府県": "鳥取県",
                "市区町村": "智頭町",
                "撮影場所": "",
                "撮影日時": "2022-02-04T19:25:00+09:00",
                "緯度": "35.29",
                "経度": "134.2261111",
                "夜空の明るさ": "20.6",
                "ばらつき": "0.07",
                "周辺状況": "",
                "備考": "",
                "継続観察登録地点": ""
            }
        },
        {
            "type": "Feature",
            "geometry": {
                "type": "Point",
                "coordinates": [
                    134.2266667,
                    35.26416667
                ]
            },
            "properties": {
                "調査時期": "2022_W",
                "都道府県": "鳥取県",
                "市区町村": "智頭町",
                "撮影場所": "",
                "撮影日時": "2022-02-04T19:39:00+09:00",
                "緯度": "35.26416667",
                "経度": "134.2266667",
                "夜空の明るさ": "19.92",
                "ばらつき": "0.09",
                "周辺状況": "",
                "備考": "",
                "継続観察登録地点": ""
            }
        },
        {
            "type": "Feature",
            "geometry": {
                "type": "Point",
                "coordinates": [
                    134.2291667,
                    35.23972222
                ]
            },
            "properties": {
                "調査時期": "2022_W",
                "都道府県": "鳥取県",
                "市区町村": "智頭町",
                "撮影場所": "",
                "撮影日時": "2022-02-04T19:54:00+09:00",
                "緯度": "35.23972222",
                "経度": "134.2291667",
                "夜空の明るさ": "20.78",
                "ばらつき": "0.07",
                "周辺状況": "",
                "備考": "",
                "継続観察登録地点": ""
            }
        },
        {
            "type": "Feature",
            "geometry": {
                "type": "Point",
                "coordinates": [
                    134.2761111,
                    35.26444444
                ]
            },
            "properties": {
                "調査時期": "2022_W",
                "都道府県": "鳥取県",
                "市区町村": "智頭町",
                "撮影場所": "",
                "撮影日時": "2022-02-04T20:12:00+09:00",
                "緯度": "35.26444444",
                "経度": "134.2761111",
                "夜空の明るさ": "20.85",
                "ばらつき": "0.11",
                "周辺状況": "",
                "備考": "",
                "継続観察登録地点": ""
            }
        },
        {
            "type": "Feature",
            "geometry": {
                "type": "Point",
                "coordinates": [
                    134.2036111,
                    35.19277778
                ]
            },
            "properties": {
                "調査時期": "2022_W",
                "都道府県": "鳥取県",
                "市区町村": "智頭町",
                "撮影場所": "",
                "撮影日時": "2022-02-04T20:27:00+09:00",
                "緯度": "35.19277778",
                "経度": "134.2036111",
                "夜空の明るさ": "20.76",
                "ばらつき": "0.09",
                "周辺状況": "",
                "備考": "",
                "継続観察登録地点": ""
            }
        },
        {
            "type": "Feature",
            "geometry": {
                "type": "Point",
                "coordinates": [
                    134.1894444,
                    35.25027778
                ]
            },
            "properties": {
                "調査時期": "2022_W",
                "都道府県": "鳥取県",
                "市区町村": "智頭町",
                "撮影場所": "",
                "撮影日時": "2022-02-04T20:50:00+09:00",
                "緯度": "35.25027778",
                "経度": "134.1894444",
                "夜空の明るさ": "20",
                "ばらつき": "0.08",
                "周辺状況": "",
                "備考": "",
                "継続観察登録地点": ""
            }
        },
        {
            "type": "Feature",
            "geometry": {
                "type": "Point",
                "coordinates": [
                    133.1663889,
                    35.50222222
                ]
            },
            "properties": {
                "調査時期": "2022_W",
                "都道府県": "島根県",
                "市区町村": "松江市",
                "撮影場所": "",
                "撮影日時": "2022-01-25T20:52:00+09:00",
                "緯度": "35.50222222",
                "経度": "133.1663889",
                "夜空の明るさ": "19.96",
                "ばらつき": "0.1",
                "周辺状況": "",
                "備考": "",
                "継続観察登録地点": ""
            }
        },
        {
            "type": "Feature",
            "geometry": {
                "type": "Point",
                "coordinates": [
                    133.0458333,
                    35.47111111
                ]
            },
            "properties": {
                "調査時期": "2022_W",
                "都道府県": "島根県",
                "市区町村": "松江市",
                "撮影場所": "",
                "撮影日時": "2022-01-31T20:00:00+09:00",
                "緯度": "35.47111111",
                "経度": "133.0458333",
                "夜空の明るさ": "18.61",
                "ばらつき": "0.05",
                "周辺状況": "",
                "備考": "",
                "継続観察登録地点": ""
            }
        },
        {
            "type": "Feature",
            "geometry": {
                "type": "Point",
                "coordinates": [
                    133.8561111,
                    34.82444444
                ]
            },
            "properties": {
                "調査時期": "2022_W",
                "都道府県": "岡山県",
                "市区町村": "岡山市　北区",
                "撮影場所": "河原邸",
                "撮影日時": "2022-01-24T20:37:00+09:00",
                "緯度": "34.82444444",
                "経度": "133.8561111",
                "夜空の明るさ": "20.71",
                "ばらつき": "0.08",
                "周辺状況": "森林山間地",
                "備考": "",
                "継続観察登録地点": "○"
            }
        },
        {
            "type": "Feature",
            "geometry": {
                "type": "Point",
                "coordinates": [
                    133.7688889,
                    34.53611111
                ]
            },
            "properties": {
                "調査時期": "2022_W",
                "都道府県": "岡山県",
                "市区町村": "倉敷市",
                "撮影場所": "倉敷市 ライフパーク倉敷科学センター 屋上",
                "撮影日時": "2022-01-29T19:59:00+09:00",
                "緯度": "34.53611111",
                "経度": "133.7688889",
                "夜空の明るさ": "18.31",
                "ばらつき": "0.07",
                "周辺状況": "工業地域",
                "備考": "",
                "継続観察登録地点": "○"
            }
        },
        {
            "type": "Feature",
            "geometry": {
                "type": "Point",
                "coordinates": [
                    133.8058333,
                    34.88416667
                ]
            },
            "properties": {
                "調査時期": "2022_W",
                "都道府県": "岡山県",
                "市区町村": "吉備中央町",
                "撮影場所": "",
                "撮影日時": "2022-02-04T20:11:00+09:00",
                "緯度": "34.88416667",
                "経度": "133.8058333",
                "夜空の明るさ": "20.75",
                "ばらつき": "0.05",
                "周辺状況": "",
                "備考": "",
                "継続観察登録地点": ""
            }
        },
        {
            "type": "Feature",
            "geometry": {
                "type": "Point",
                "coordinates": [
                    133.5452778,
                    34.67194444
                ]
            },
            "properties": {
                "調査時期": "2022_W",
                "都道府県": "岡山県",
                "市区町村": "井原市",
                "撮影場所": "井原市美星天文台",
                "撮影日時": "2022-01-28T19:12:00+09:00",
                "緯度": "34.67194444",
                "経度": "133.5452778",
                "夜空の明るさ": "20.46",
                "ばらつき": "0.11",
                "周辺状況": "森林山間地",
                "備考": "",
                "継続観察登録地点": "○"
            }
        },
        {
            "type": "Feature",
            "geometry": {
                "type": "Point",
                "coordinates": [
                    133.7611111,
                    34.57944444
                ]
            },
            "properties": {
                "調査時期": "2022_W",
                "都道府県": "岡山県",
                "市区町村": "倉敷市",
                "撮影場所": "",
                "撮影日時": "2022-01-24T20:31:00+09:00",
                "緯度": "34.57944444",
                "経度": "133.7611111",
                "夜空の明るさ": "18.21",
                "ばらつき": "0.08",
                "周辺状況": "",
                "備考": "",
                "継続観察登録地点": ""
            }
        },
        {
            "type": "Feature",
            "geometry": {
                "type": "Point",
                "coordinates": [
                    134.0025,
                    34.89361111
                ]
            },
            "properties": {
                "調査時期": "2022_W",
                "都道府県": "岡山県",
                "市区町村": "赤磐市",
                "撮影場所": "竜天天文台公園",
                "撮影日時": "2022-02-05T20:35:00+09:00",
                "緯度": "34.89361111",
                "経度": "134.0025",
                "夜空の明るさ": "19.13",
                "ばらつき": "0.29",
                "周辺状況": "森林山間地",
                "備考": "",
                "継続観察登録地点": "○"
            }
        },
        {
            "type": "Feature",
            "geometry": {
                "type": "Point",
                "coordinates": [
                    134.5575,
                    34.06972222
                ]
            },
            "properties": {
                "調査時期": "2022_W",
                "都道府県": "徳島県",
                "市区町村": "徳島市",
                "撮影場所": "",
                "撮影日時": "2022-01-24T20:03:00+09:00",
                "緯度": "34.06972222",
                "経度": "134.5575",
                "夜空の明るさ": "18.12",
                "ばらつき": "0.05",
                "周辺状況": "",
                "備考": "",
                "継続観察登録地点": ""
            }
        },
        {
            "type": "Feature",
            "geometry": {
                "type": "Point",
                "coordinates": [
                    134.5611111,
                    34.07055556
                ]
            },
            "properties": {
                "調査時期": "2022_W",
                "都道府県": "徳島県",
                "市区町村": "徳島市",
                "撮影場所": "",
                "撮影日時": "2022-01-24T20:18:00+09:00",
                "緯度": "34.07055556",
                "経度": "134.5611111",
                "夜空の明るさ": "18.34",
                "ばらつき": "0.07",
                "周辺状況": "",
                "備考": "",
                "継続観察登録地点": ""
            }
        },
        {
            "type": "Feature",
            "geometry": {
                "type": "Point",
                "coordinates": [
                    134.6030556,
                    34.06305556
                ]
            },
            "properties": {
                "調査時期": "2022_W",
                "都道府県": "徳島県",
                "市区町村": "徳島市",
                "撮影場所": "",
                "撮影日時": "2022-01-24T20:51:00+09:00",
                "緯度": "34.06305556",
                "経度": "134.6030556",
                "夜空の明るさ": "19.42",
                "ばらつき": "0.07",
                "周辺状況": "",
                "備考": "",
                "継続観察登録地点": ""
            }
        },
        {
            "type": "Feature",
            "geometry": {
                "type": "Point",
                "coordinates": [
                    134.4486111,
                    34.0675
                ]
            },
            "properties": {
                "調査時期": "2022_W",
                "都道府県": "徳島県",
                "市区町村": "石井町",
                "撮影場所": "",
                "撮影日時": "2022-01-26T20:30:00+09:00",
                "緯度": "34.0675",
                "経度": "134.4486111",
                "夜空の明るさ": "18.5",
                "ばらつき": "0.13",
                "周辺状況": "",
                "備考": "",
                "継続観察登録地点": ""
            }
        },
        {
            "type": "Feature",
            "geometry": {
                "type": "Point",
                "coordinates": [
                    134.6336111,
                    33.95194444
                ]
            },
            "properties": {
                "調査時期": "2022_W",
                "都道府県": "徳島県",
                "市区町村": "阿南市",
                "撮影場所": "",
                "撮影日時": "2022-01-31T22:29:00+09:00",
                "緯度": "33.95194444",
                "経度": "134.6336111",
                "夜空の明るさ": "20.28",
                "ばらつき": "0.06",
                "周辺状況": "",
                "備考": "参考値（時間外）",
                "継続観察登録地点": ""
            }
        },
        {
            "type": "Feature",
            "geometry": {
                "type": "Point",
                "coordinates": [
                    134.4486111,
                    34.0675
                ]
            },
            "properties": {
                "調査時期": "2022_W",
                "都道府県": "徳島県",
                "市区町村": "石井町",
                "撮影場所": "",
                "撮影日時": "2022-01-31T22:13:00+09:00",
                "緯度": "34.0675",
                "経度": "134.4486111",
                "夜空の明るさ": "19.53",
                "ばらつき": "0.1",
                "周辺状況": "",
                "備考": "参考値（時間外）",
                "継続観察登録地点": ""
            }
        },
        {
            "type": "Feature",
            "geometry": {
                "type": "Point",
                "coordinates": [
                    134.6638889,
                    33.80666667
                ]
            },
            "properties": {
                "調査時期": "2022_W",
                "都道府県": "徳島県",
                "市区町村": "美波町",
                "撮影場所": "",
                "撮影日時": "2022-02-07T00:51:00+09:00",
                "緯度": "33.80666667",
                "経度": "134.6638889",
                "夜空の明るさ": "21.31",
                "ばらつき": "0.08",
                "周辺状況": "",
                "備考": "参考値（時間外）",
                "継続観察登録地点": ""
            }
        },
        {
            "type": "Feature",
            "geometry": {
                "type": "Point",
                "coordinates": [
                    132.9394444,
                    33.67638889
                ]
            },
            "properties": {
                "調査時期": "2022_W",
                "都道府県": "愛媛県",
                "市区町村": "久万高原町",
                "撮影場所": "久万高原天体観測館",
                "撮影日時": "2022-01-27T20:16:00+09:00",
                "緯度": "33.67638889",
                "経度": "132.9394444",
                "夜空の明るさ": "21.1",
                "ばらつき": "0.08",
                "周辺状況": "森林山間地 ",
                "備考": "",
                "継続観察登録地点": "○"
            }
        },
        {
            "type": "Feature",
            "geometry": {
                "type": "Point",
                "coordinates": [
                    133.0788889,
                    34.17055556
                ]
            },
            "properties": {
                "調査時期": "2022_W",
                "都道府県": "愛媛県",
                "市区町村": "今治市",
                "撮影場所": "愛媛県今治市宮窪町宮窪",
                "撮影日時": "2022-02-04T20:49:00+09:00",
                "緯度": "34.17055556",
                "経度": "133.0788889",
                "夜空の明るさ": "20.49",
                "ばらつき": "0.03",
                "周辺状況": "住宅地域",
                "備考": "",
                "継続観察登録地点": "○"
            }
        },
        {
            "type": "Feature",
            "geometry": {
                "type": "Point",
                "coordinates": [
                    133.0788889,
                    34.17055556
                ]
            },
            "properties": {
                "調査時期": "2022_W",
                "都道府県": "愛媛県",
                "市区町村": "今治市",
                "撮影場所": "愛媛県今治市宮窪町宮窪",
                "撮影日時": "2022-01-31T00:47:00+09:00",
                "緯度": "34.17055556",
                "経度": "133.0788889",
                "夜空の明るさ": "21.22",
                "ばらつき": "0.07",
                "周辺状況": "住宅地域",
                "備考": "参考値（時間外）",
                "継続観察登録地点": "○"
            }
        },
        {
            "type": "Feature",
            "geometry": {
                "type": "Point",
                "coordinates": [
                    133.0788889,
                    34.17055556
                ]
            },
            "properties": {
                "調査時期": "2022_W",
                "都道府県": "愛媛県",
                "市区町村": "今治市",
                "撮影場所": "愛媛県今治市宮窪町宮窪",
                "撮影日時": "2022-01-26T21:12:00+09:00",
                "緯度": "34.17055556",
                "経度": "133.0788889",
                "夜空の明るさ": "20.28",
                "ばらつき": "0.02",
                "周辺状況": "住宅地域",
                "備考": "",
                "継続観察登録地点": "○"
            }
        },
        {
            "type": "Feature",
            "geometry": {
                "type": "Point",
                "coordinates": [
                    133.0788889,
                    34.17055556
                ]
            },
            "properties": {
                "調査時期": "2022_W",
                "都道府県": "愛媛県",
                "市区町村": "今治市",
                "撮影場所": "愛媛県今治市宮窪町宮窪",
                "撮影日時": "2022-01-25T21:55:00+09:00",
                "緯度": "34.17055556",
                "経度": "133.0788889",
                "夜空の明るさ": "20.74",
                "ばらつき": "0.11",
                "周辺状況": "住宅地域",
                "備考": "参考値（時間外）",
                "継続観察登録地点": "○"
            }
        },
        {
            "type": "Feature",
            "geometry": {
                "type": "Point",
                "coordinates": [
                    133.2447222,
                    33.90972222
                ]
            },
            "properties": {
                "調査時期": "2022_W",
                "都道府県": "愛媛県",
                "市区町村": "新居浜市",
                "撮影場所": "愛媛県総合科学博物館 屋上（愛媛県新居浜市）",
                "撮影日時": "2022-01-25T19:57:00+09:00",
                "緯度": "33.90972222",
                "経度": "133.2447222",
                "夜空の明るさ": "19.61",
                "ばらつき": "0.07",
                "周辺状況": "その他",
                "備考": "",
                "継続観察登録地点": "○"
            }
        },
        {
            "type": "Feature",
            "geometry": {
                "type": "Point",
                "coordinates": [
                    133.3091667,
                    33.90027778
                ]
            },
            "properties": {
                "調査時期": "2022_W",
                "都道府県": "愛媛県",
                "市区町村": "新居浜市",
                "撮影場所": "",
                "撮影日時": "2022-02-02T20:50:00+09:00",
                "緯度": "33.90027778",
                "経度": "133.3091667",
                "夜空の明るさ": "19.09",
                "ばらつき": "0.14",
                "周辺状況": "",
                "備考": "",
                "継続観察登録地点": ""
            }
        },
        {
            "type": "Feature",
            "geometry": {
                "type": "Point",
                "coordinates": [
                    133.5361111,
                    33.9425
                ]
            },
            "properties": {
                "調査時期": "2022_W",
                "都道府県": "愛媛県",
                "市区町村": "四国中央市",
                "撮影場所": "",
                "撮影日時": "2022-02-02T19:35:00+09:00",
                "緯度": "33.9425",
                "経度": "133.5361111",
                "夜空の明るさ": "19.92",
                "ばらつき": "0.08",
                "周辺状況": "",
                "備考": "",
                "継続観察登録地点": ""
            }
        },
        {
            "type": "Feature",
            "geometry": {
                "type": "Point",
                "coordinates": [
                    133.0336111,
                    34.11944444
                ]
            },
            "properties": {
                "調査時期": "2022_W",
                "都道府県": "愛媛県",
                "市区町村": "今治市",
                "撮影場所": "",
                "撮影日時": "2022-02-04T21:00:00+09:00",
                "緯度": "34.11944444",
                "経度": "133.0336111",
                "夜空の明るさ": "20.14",
                "ばらつき": "0.1",
                "周辺状況": "",
                "備考": "",
                "継続観察登録地点": ""
            }
        },
        {
            "type": "Feature",
            "geometry": {
                "type": "Point",
                "coordinates": [
                    133.0141667,
                    33.85833333
                ]
            },
            "properties": {
                "調査時期": "2022_W",
                "都道府県": "愛媛県",
                "市区町村": "西条市",
                "撮影場所": "",
                "撮影日時": "2022-02-04T19:43:00+09:00",
                "緯度": "33.85833333",
                "経度": "133.0141667",
                "夜空の明るさ": "20.39",
                "ばらつき": "0.08",
                "周辺状況": "",
                "備考": "",
                "継続観察登録地点": ""
            }
        },
        {
            "type": "Feature",
            "geometry": {
                "type": "Point",
                "coordinates": [
                    133.5286111,
                    33.53638889
                ]
            },
            "properties": {
                "調査時期": "2022_W",
                "都道府県": "高知県",
                "市区町村": "高知市",
                "撮影場所": "土佐塾中学・高等学校",
                "撮影日時": "2022-01-24T19:10:00+09:00",
                "緯度": "33.53638889",
                "経度": "133.5286111",
                "夜空の明るさ": "18.89",
                "ばらつき": "0.07",
                "周辺状況": "その他",
                "備考": "",
                "継続観察登録地点": "○"
            }
        },
        {
            "type": "Feature",
            "geometry": {
                "type": "Point",
                "coordinates": [
                    133.005,
                    33.47722222
                ]
            },
            "properties": {
                "調査時期": "2022_W",
                "都道府県": "高知県",
                "市区町村": "津野町",
                "撮影場所": "高知県高岡郡津野町芳生野乙 星ふるヴィレッジTENGU",
                "撮影日時": "2022-01-24T19:12:00+09:00",
                "緯度": "33.47722222",
                "経度": "133.005",
                "夜空の明るさ": "21.59",
                "ばらつき": "0.13",
                "周辺状況": "森林山間地",
                "備考": "",
                "継続観察登録地点": "○"
            }
        },
        {
            "type": "Feature",
            "geometry": {
                "type": "Point",
                "coordinates": [
                    133.0058333,
                    33.47722222
                ]
            },
            "properties": {
                "調査時期": "2022_W",
                "都道府県": "高知県",
                "市区町村": "津野町",
                "撮影場所": "高知県高岡郡津野町芳生野乙 星ふるヴィレッジTENGU",
                "撮影日時": "2022-01-24T19:13:00+09:00",
                "緯度": "33.47722222",
                "経度": "133.0058333",
                "夜空の明るさ": "21.54",
                "ばらつき": "0.12",
                "周辺状況": "森林山間地",
                "備考": "",
                "継続観察登録地点": "○"
            }
        },
        {
            "type": "Feature",
            "geometry": {
                "type": "Point",
                "coordinates": [
                    133.825,
                    33.53055556
                ]
            },
            "properties": {
                "調査時期": "2022_W",
                "都道府県": "高知県",
                "市区町村": "芸西村",
                "撮影場所": "芸西天文台",
                "撮影日時": "2022-01-26T20:09:00+09:00",
                "緯度": "33.53055556",
                "経度": "133.825",
                "夜空の明るさ": "20.92",
                "ばらつき": "0.08",
                "周辺状況": "森林山間地",
                "備考": "",
                "継続観察登録地点": "○"
            }
        },
        {
            "type": "Feature",
            "geometry": {
                "type": "Point",
                "coordinates": [
                    133.825,
                    33.53055556
                ]
            },
            "properties": {
                "調査時期": "2022_W",
                "都道府県": "高知県",
                "市区町村": "芸西村",
                "撮影場所": "芸西天文台",
                "撮影日時": "2022-01-26T20:12:00+09:00",
                "緯度": "33.53055556",
                "経度": "133.825",
                "夜空の明るさ": "20.93",
                "ばらつき": "0.07",
                "周辺状況": "森林山間地",
                "備考": "",
                "継続観察登録地点": "○"
            }
        },
        {
            "type": "Feature",
            "geometry": {
                "type": "Point",
                "coordinates": [
                    133.0202778,
                    33.39777778
                ]
            },
            "properties": {
                "調査時期": "2022_W",
                "都道府県": "高知県",
                "市区町村": "津野町",
                "撮影場所": "高知県高岡郡津野町芳生野甲",
                "撮影日時": "2022-01-27T21:00:00+09:00",
                "緯度": "33.39777778",
                "経度": "133.0202778",
                "夜空の明るさ": "21.43",
                "ばらつき": "0.1",
                "周辺状況": "森林山間地",
                "備考": "",
                "継続観察登録地点": "○"
            }
        },
        {
            "type": "Feature",
            "geometry": {
                "type": "Point",
                "coordinates": [
                    133.0055556,
                    33.47722222
                ]
            },
            "properties": {
                "調査時期": "2022_W",
                "都道府県": "高知県",
                "市区町村": "津野町",
                "撮影場所": "高知県高岡郡津野町芳生野乙 星ふるヴィレッジTENGU",
                "撮影日時": "2022-01-26T20:55:00+09:00",
                "緯度": "33.47722222",
                "経度": "133.0055556",
                "夜空の明るさ": "21.44",
                "ばらつき": "0.2",
                "周辺状況": "森林山間地",
                "備考": "",
                "継続観察登録地点": "○"
            }
        },
        {
            "type": "Feature",
            "geometry": {
                "type": "Point",
                "coordinates": [
                    132.7930556,
                    33.17388889
                ]
            },
            "properties": {
                "調査時期": "2022_W",
                "都道府県": "高知県",
                "市区町村": "四万十市",
                "撮影場所": "四万十天文台前",
                "撮影日時": "2022-01-29T20:23:00+09:00",
                "緯度": "33.17388889",
                "経度": "132.7930556",
                "夜空の明るさ": "19.83",
                "ばらつき": "0.06",
                "周辺状況": "森林山間地",
                "備考": "",
                "継続観察登録地点": "○"
            }
        },
        {
            "type": "Feature",
            "geometry": {
                "type": "Point",
                "coordinates": [
                    133.5291667,
                    33.53611111
                ]
            },
            "properties": {
                "調査時期": "2022_W",
                "都道府県": "高知県",
                "市区町村": "高知市",
                "撮影場所": "土佐塾中学・高等学校",
                "撮影日時": "2022-01-31T19:33:00+09:00",
                "緯度": "33.53611111",
                "経度": "133.5291667",
                "夜空の明るさ": "18.96",
                "ばらつき": "0.09",
                "周辺状況": "その他",
                "備考": "",
                "継続観察登録地点": "○"
            }
        },
        {
            "type": "Feature",
            "geometry": {
                "type": "Point",
                "coordinates": [
                    132.7930556,
                    33.17388889
                ]
            },
            "properties": {
                "調査時期": "2022_W",
                "都道府県": "高知県",
                "市区町村": "四万十市",
                "撮影場所": "四万十天文台前",
                "撮影日時": "2022-01-31T19:54:00+09:00",
                "緯度": "33.17388889",
                "経度": "132.7930556",
                "夜空の明るさ": "21.07",
                "ばらつき": "0.13",
                "周辺状況": "森林山間地",
                "備考": "",
                "継続観察登録地点": "○"
            }
        },
        {
            "type": "Feature",
            "geometry": {
                "type": "Point",
                "coordinates": [
                    133.0208333,
                    33.39777778
                ]
            },
            "properties": {
                "調査時期": "2022_W",
                "都道府県": "高知県",
                "市区町村": "津野町",
                "撮影場所": "高知県高岡郡津野町芳生野甲",
                "撮影日時": "2022-01-31T21:02:00+09:00",
                "緯度": "33.39777778",
                "経度": "133.0208333",
                "夜空の明るさ": "21.43",
                "ばらつき": "0.03",
                "周辺状況": "森林山間地",
                "備考": "",
                "継続観察登録地点": "○"
            }
        },
        {
            "type": "Feature",
            "geometry": {
                "type": "Point",
                "coordinates": [
                    133.0208333,
                    33.39777778
                ]
            },
            "properties": {
                "調査時期": "2022_W",
                "都道府県": "高知県",
                "市区町村": "津野町",
                "撮影場所": "高知県高岡郡津野町芳生野甲",
                "撮影日時": "2022-01-31T21:00:00+09:00",
                "緯度": "33.39777778",
                "経度": "133.0208333",
                "夜空の明るさ": "21.47",
                "ばらつき": "0.1",
                "周辺状況": "森林山間地",
                "備考": "",
                "継続観察登録地点": "○"
            }
        },
        {
            "type": "Feature",
            "geometry": {
                "type": "Point",
                "coordinates": [
                    133.2416667,
                    33.535
                ]
            },
            "properties": {
                "調査時期": "2022_W",
                "都道府県": "高知県",
                "市区町村": "越知町",
                "撮影場所": "高知県越知町立横倉山自然の森博物館",
                "撮影日時": "2022-01-31T19:50:00+09:00",
                "緯度": "33.535",
                "経度": "133.2416667",
                "夜空の明るさ": "20.89",
                "ばらつき": "0.07",
                "周辺状況": "自然公園等",
                "備考": "",
                "継続観察登録地点": "○"
            }
        },
        {
            "type": "Feature",
            "geometry": {
                "type": "Point",
                "coordinates": [
                    133.5291667,
                    33.53611111
                ]
            },
            "properties": {
                "調査時期": "2022_W",
                "都道府県": "高知県",
                "市区町村": "高知市",
                "撮影場所": "土佐塾中学・高等学校",
                "撮影日時": "2022-02-04T19:33:00+09:00",
                "緯度": "33.53611111",
                "経度": "133.5291667",
                "夜空の明るさ": "18.79",
                "ばらつき": "0.05",
                "周辺状況": "その他",
                "備考": "",
                "継続観察登録地点": "○"
            }
        },
        {
            "type": "Feature",
            "geometry": {
                "type": "Point",
                "coordinates": [
                    133.9502778,
                    33.45055556
                ]
            },
            "properties": {
                "調査時期": "2022_W",
                "都道府県": "高知県",
                "市区町村": "安芸市",
                "撮影場所": "",
                "撮影日時": "2022-02-04T20:27:00+09:00",
                "緯度": "33.45055556",
                "経度": "133.9502778",
                "夜空の明るさ": "21.15",
                "ばらつき": "0.14",
                "周辺状況": "",
                "備考": "",
                "継続観察登録地点": ""
            }
        },
        {
            "type": "Feature",
            "geometry": {
                "type": "Point",
                "coordinates": [
                    133.5741667,
                    33.54666667
                ]
            },
            "properties": {
                "調査時期": "2022_W",
                "都道府県": "高知県",
                "市区町村": "高知市",
                "撮影場所": "",
                "撮影日時": "2022-02-05T23:27:00+09:00",
                "緯度": "33.54666667",
                "経度": "133.5741667",
                "夜空の明るさ": "19.36",
                "ばらつき": "0.11",
                "周辺状況": "",
                "備考": "参考値（時間外）",
                "継続観察登録地点": ""
            }
        },
        {
            "type": "Feature",
            "geometry": {
                "type": "Point",
                "coordinates": [
                    133.4258333,
                    33.41583333
                ]
            },
            "properties": {
                "調査時期": "2022_W",
                "都道府県": "高知県",
                "市区町村": "須崎市",
                "撮影場所": "",
                "撮影日時": "2022-02-05T19:52:00+09:00",
                "緯度": "33.41583333",
                "経度": "133.4258333",
                "夜空の明るさ": "20.74",
                "ばらつき": "0.08",
                "周辺状況": "",
                "備考": "",
                "継続観察登録地点": ""
            }
        },
        {
            "type": "Feature",
            "geometry": {
                "type": "Point",
                "coordinates": [
                    133.3880556,
                    33.40694444
                ]
            },
            "properties": {
                "調査時期": "2022_W",
                "都道府県": "高知県",
                "市区町村": "須崎市",
                "撮影場所": "",
                "撮影日時": "2022-02-05T20:34:00+09:00",
                "緯度": "33.40694444",
                "経度": "133.3880556",
                "夜空の明るさ": "20.87",
                "ばらつき": "0.09",
                "周辺状況": "",
                "備考": "",
                "継続観察登録地点": ""
            }
        },
        {
            "type": "Feature",
            "geometry": {
                "type": "Point",
                "coordinates": [
                    133.4747222,
                    33.465
                ]
            },
            "properties": {
                "調査時期": "2022_W",
                "都道府県": "高知県",
                "市区町村": "高知市",
                "撮影場所": "",
                "撮影日時": "2022-02-05T21:06:00+09:00",
                "緯度": "33.465",
                "経度": "133.4747222",
                "夜空の明るさ": "20.47",
                "ばらつき": "0.07",
                "周辺状況": "",
                "備考": "",
                "継続観察登録地点": ""
            }
        },
        {
            "type": "Feature",
            "geometry": {
                "type": "Point",
                "coordinates": [
                    133.0208333,
                    33.39777778
                ]
            },
            "properties": {
                "調査時期": "2022_W",
                "都道府県": "高知県",
                "市区町村": "津野町",
                "撮影場所": "高知県高岡郡津野町芳生野甲",
                "撮影日時": "2022-02-04T21:18:00+09:00",
                "緯度": "33.39777778",
                "経度": "133.0208333",
                "夜空の明るさ": "20.62",
                "ばらつき": "0.28",
                "周辺状況": "森林山間地",
                "備考": "",
                "継続観察登録地点": "○"
            }
        },
        {
            "type": "Feature",
            "geometry": {
                "type": "Point",
                "coordinates": [
                    133.0208333,
                    33.39777778
                ]
            },
            "properties": {
                "調査時期": "2022_W",
                "都道府県": "高知県",
                "市区町村": "津野町",
                "撮影場所": "高知県高岡郡津野町芳生野甲",
                "撮影日時": "2022-02-04T21:20:00+09:00",
                "緯度": "33.39777778",
                "経度": "133.0208333",
                "夜空の明るさ": "21.42",
                "ばらつき": "0.17",
                "周辺状況": "森林山間地",
                "備考": "",
                "継続観察登録地点": "○"
            }
        },
        {
            "type": "Feature",
            "geometry": {
                "type": "Point",
                "coordinates": [
                    130.5405556,
                    33.52416667
                ]
            },
            "properties": {
                "調査時期": "2022_W",
                "都道府県": "福岡県",
                "市区町村": "太宰府市",
                "撮影場所": "",
                "撮影日時": "2022-01-31T20:57:00+09:00",
                "緯度": "33.52416667",
                "経度": "130.5405556",
                "夜空の明るさ": "18.78",
                "ばらつき": "0.14",
                "周辺状況": "",
                "備考": "",
                "継続観察登録地点": ""
            }
        },
        {
            "type": "Feature",
            "geometry": {
                "type": "Point",
                "coordinates": [
                    130.4205556,
                    33.41277778
                ]
            },
            "properties": {
                "調査時期": "2022_W",
                "都道府県": "福岡県",
                "市区町村": "那珂川市",
                "撮影場所": "",
                "撮影日時": "2022-01-31T20:31:00+09:00",
                "緯度": "33.41277778",
                "経度": "130.4205556",
                "夜空の明るさ": "19.54",
                "ばらつき": "0.16",
                "周辺状況": "",
                "備考": "",
                "継続観察登録地点": ""
            }
        },
        {
            "type": "Feature",
            "geometry": {
                "type": "Point",
                "coordinates": [
                    130.3725,
                    33.57916667
                ]
            },
            "properties": {
                "調査時期": "2022_W",
                "都道府県": "福岡県",
                "市区町村": "福岡市　城南区",
                "撮影場所": "福岡市中央区草香江",
                "撮影日時": "2022-01-31T20:42:00+09:00",
                "緯度": "33.57916667",
                "経度": "130.3725",
                "夜空の明るさ": "17.58",
                "ばらつき": "0.07",
                "周辺状況": "住宅地域",
                "備考": "",
                "継続観察登録地点": "○"
            }
        },
        {
            "type": "Feature",
            "geometry": {
                "type": "Point",
                "coordinates": [
                    130.8397222,
                    33.89
                ]
            },
            "properties": {
                "調査時期": "2022_W",
                "都道府県": "福岡県",
                "市区町村": "北九州市　戸畑区",
                "撮影場所": "九州工業大学 戸畑キャンパス運動場",
                "撮影日時": "2022-02-04T20:10:00+09:00",
                "緯度": "33.89",
                "経度": "130.8397222",
                "夜空の明るさ": "17.33",
                "ばらつき": "0.09",
                "周辺状況": "住宅地域",
                "備考": "",
                "継続観察登録地点": "○"
            }
        },
        {
            "type": "Feature",
            "geometry": {
                "type": "Point",
                "coordinates": [
                    130.5405556,
                    33.525
                ]
            },
            "properties": {
                "調査時期": "2022_W",
                "都道府県": "福岡県",
                "市区町村": "太宰府市",
                "撮影場所": "",
                "撮影日時": "2022-02-04T21:20:00+09:00",
                "緯度": "33.525",
                "経度": "130.5405556",
                "夜空の明るさ": "17.32",
                "ばらつき": "0.27",
                "周辺状況": "",
                "備考": "",
                "継続観察登録地点": ""
            }
        },
        {
            "type": "Feature",
            "geometry": {
                "type": "Point",
                "coordinates": [
                    130.5405556,
                    33.52416667
                ]
            },
            "properties": {
                "調査時期": "2022_W",
                "都道府県": "福岡県",
                "市区町村": "太宰府市",
                "撮影場所": "",
                "撮影日時": "2022-02-04T21:23:00+09:00",
                "緯度": "33.52416667",
                "経度": "130.5405556",
                "夜空の明るさ": "17.18",
                "ばらつき": "0.25",
                "周辺状況": "",
                "備考": "",
                "継続観察登録地点": ""
            }
        },
        {
            "type": "Feature",
            "geometry": {
                "type": "Point",
                "coordinates": [
                    130.7408333,
                    32.83
                ]
            },
            "properties": {
                "調査時期": "2022_W",
                "都道府県": "熊本県",
                "市区町村": "熊本市　北区",
                "撮影場所": "",
                "撮影日時": "2022-01-31T20:28:00+09:00",
                "緯度": "32.83",
                "経度": "130.7408333",
                "夜空の明るさ": "18.22",
                "ばらつき": "0.11",
                "周辺状況": "",
                "備考": "",
                "継続観察登録地点": ""
            }
        },
        {
            "type": "Feature",
            "geometry": {
                "type": "Point",
                "coordinates": [
                    130.1222222,
                    32.45333333
                ]
            },
            "properties": {
                "調査時期": "2022_W",
                "都道府県": "熊本県",
                "市区町村": "天草市",
                "撮影場所": "熊本県天草市",
                "撮影日時": "2022-01-31T20:29:00+09:00",
                "緯度": "32.45333333",
                "経度": "130.1222222",
                "夜空の明るさ": "21.15",
                "ばらつき": "0.09",
                "周辺状況": "森林山間地",
                "備考": "",
                "継続観察登録地点": "○"
            }
        },
        {
            "type": "Feature",
            "geometry": {
                "type": "Point",
                "coordinates": [
                    130.535,
                    33.07361111
                ]
            },
            "properties": {
                "調査時期": "2022_W",
                "都道府県": "熊本県",
                "市区町村": "南関町",
                "撮影場所": "リフレスおおむた",
                "撮影日時": "2022-01-31T20:32:00+09:00",
                "緯度": "33.07361111",
                "経度": "130.535",
                "夜空の明るさ": "19.21",
                "ばらつき": "0.19",
                "周辺状況": "農業地域",
                "備考": "",
                "継続観察登録地点": "○"
            }
        },
        {
            "type": "Feature",
            "geometry": {
                "type": "Point",
                "coordinates": [
                    130.535,
                    33.07361111
                ]
            },
            "properties": {
                "調査時期": "2022_W",
                "都道府県": "熊本県",
                "市区町村": "南関町",
                "撮影場所": "リフレスおおむた",
                "撮影日時": "2022-01-31T20:39:00+09:00",
                "緯度": "33.07361111",
                "経度": "130.535",
                "夜空の明るさ": "19.4",
                "ばらつき": "0.09",
                "周辺状況": "農業地域",
                "備考": "",
                "継続観察登録地点": "○"
            }
        },
        {
            "type": "Feature",
            "geometry": {
                "type": "Point",
                "coordinates": [
                    131.2430556,
                    33.04944444
                ]
            },
            "properties": {
                "調査時期": "2022_W",
                "都道府県": "大分県",
                "市区町村": "竹田市",
                "撮影場所": "くじゅう花公園周辺",
                "撮影日時": "2022-01-31T21:01:00+09:00",
                "緯度": "33.04944444",
                "経度": "131.2430556",
                "夜空の明るさ": "21.01",
                "ばらつき": "0.14",
                "周辺状況": "自然公園等",
                "備考": "",
                "継続観察登録地点": "○"
            }
        },
        {
            "type": "Feature",
            "geometry": {
                "type": "Point",
                "coordinates": [
                    131.2769444,
                    32.7175
                ]
            },
            "properties": {
                "調査時期": "2022_W",
                "都道府県": "宮崎県",
                "市区町村": "高千穂町",
                "撮影場所": "宮崎県西臼杵郡高千穂町　国見ヶ丘",
                "撮影日時": "2022-01-25T19:31:00+09:00",
                "緯度": "32.7175",
                "経度": "131.2769444",
                "夜空の明るさ": "21.56",
                "ばらつき": "0.16",
                "周辺状況": "森林山間地",
                "備考": "",
                "継続観察登録地点": "○"
            }
        },
        {
            "type": "Feature",
            "geometry": {
                "type": "Point",
                "coordinates": [
                    131.2788889,
                    32.72027778
                ]
            },
            "properties": {
                "調査時期": "2022_W",
                "都道府県": "宮崎県",
                "市区町村": "高千穂町",
                "撮影場所": "",
                "撮影日時": "2022-01-26T19:23:00+09:00",
                "緯度": "32.72027778",
                "経度": "131.2788889",
                "夜空の明るさ": "21.04",
                "ばらつき": "0.09",
                "周辺状況": "",
                "備考": "",
                "継続観察登録地点": ""
            }
        },
        {
            "type": "Feature",
            "geometry": {
                "type": "Point",
                "coordinates": [
                    131.2763889,
                    32.71666667
                ]
            },
            "properties": {
                "調査時期": "2022_W",
                "都道府県": "宮崎県",
                "市区町村": "高千穂町",
                "撮影場所": "",
                "撮影日時": "2022-01-31T19:22:00+09:00",
                "緯度": "32.71666667",
                "経度": "131.2763889",
                "夜空の明るさ": "21.23",
                "ばらつき": "0.09",
                "周辺状況": "",
                "備考": "",
                "継続観察登録地点": ""
            }
        },
        {
            "type": "Feature",
            "geometry": {
                "type": "Point",
                "coordinates": [
                    129.3266667,
                    28.175
                ]
            },
            "properties": {
                "調査時期": "2022_W",
                "都道府県": "鹿児島県",
                "市区町村": "瀬戸内町",
                "撮影場所": "鹿児島県大島郡瀬戸内町阿木名",
                "撮影日時": "2022-01-24T21:30:00+09:00",
                "緯度": "28.175",
                "経度": "129.3266667",
                "夜空の明るさ": "21.5",
                "ばらつき": "0.07",
                "周辺状況": "農業地域",
                "備考": "",
                "継続観察登録地点": "○"
            }
        },
        {
            "type": "Feature",
            "geometry": {
                "type": "Point",
                "coordinates": [
                    129.37,
                    28.13083333
                ]
            },
            "properties": {
                "調査時期": "2022_W",
                "都道府県": "鹿児島県",
                "市区町村": "瀬戸内町",
                "撮影場所": "鹿児島県大島郡瀬戸内町ホノホシ海岸",
                "撮影日時": "2022-01-24T21:50:00+09:00",
                "緯度": "28.13083333",
                "経度": "129.37",
                "夜空の明るさ": "21.41",
                "ばらつき": "0.13",
                "周辺状況": "自然公園等",
                "備考": "",
                "継続観察登録地点": "○"
            }
        },
        {
            "type": "Feature",
            "geometry": {
                "type": "Point",
                "coordinates": [
                    129.3638889,
                    28.12361111
                ]
            },
            "properties": {
                "調査時期": "2022_W",
                "都道府県": "鹿児島県",
                "市区町村": "瀬戸内町",
                "撮影場所": "鹿児島県大島郡瀬戸内町ヤドリ浜",
                "撮影日時": "2022-01-24T21:59:00+09:00",
                "緯度": "28.12361111",
                "経度": "129.3638889",
                "夜空の明るさ": "21.51",
                "ばらつき": "0.1",
                "周辺状況": "自然公園等",
                "備考": "参考値（時間外）",
                "継続観察登録地点": "○"
            }
        },
        {
            "type": "Feature",
            "geometry": {
                "type": "Point",
                "coordinates": [
                    129.3366667,
                    28.13138889
                ]
            },
            "properties": {
                "調査時期": "2022_W",
                "都道府県": "鹿児島県",
                "市区町村": "瀬戸内町",
                "撮影場所": "鹿児島県大島郡瀬戸内町マネン崎",
                "撮影日時": "2022-01-24T22:12:00+09:00",
                "緯度": "28.13138889",
                "経度": "129.3366667",
                "夜空の明るさ": "21.49",
                "ばらつき": "0.14",
                "周辺状況": "自然公園等",
                "備考": "参考値（時間外）",
                "継続観察登録地点": "○"
            }
        },
        {
            "type": "Feature",
            "geometry": {
                "type": "Point",
                "coordinates": [
                    129.3111111,
                    28.14805556
                ]
            },
            "properties": {
                "調査時期": "2022_W",
                "都道府県": "鹿児島県",
                "市区町村": "瀬戸内町",
                "撮影場所": "鹿児島県大島郡瀬戸内町春日公園",
                "撮影日時": "2022-01-24T22:19:00+09:00",
                "緯度": "28.14805556",
                "経度": "129.3111111",
                "夜空の明るさ": "20.66",
                "ばらつき": "0.09",
                "周辺状況": "商業地域",
                "備考": "参考値（時間外）",
                "継続観察登録地点": "○"
            }
        },
        {
            "type": "Feature",
            "geometry": {
                "type": "Point",
                "coordinates": [
                    129.2961111,
                    28.14916667
                ]
            },
            "properties": {
                "調査時期": "2022_W",
                "都道府県": "鹿児島県",
                "市区町村": "瀬戸内町",
                "撮影場所": "鹿児島県大島郡瀬戸内町瀬戸崎",
                "撮影日時": "2022-01-24T22:26:00+09:00",
                "緯度": "28.14916667",
                "経度": "129.2961111",
                "夜空の明るさ": "21.32",
                "ばらつき": "0.08",
                "周辺状況": "森林山間地",
                "備考": "参考値（時間外）",
                "継続観察登録地点": "○"
            }
        },
        {
            "type": "Feature",
            "geometry": {
                "type": "Point",
                "coordinates": [
                    129.64,
                    28.41777778
                ]
            },
            "properties": {
                "調査時期": "2022_W",
                "都道府県": "鹿児島県",
                "市区町村": "龍郷町",
                "撮影場所": "鹿児島県大島郡龍郷町赤尾木",
                "撮影日時": "2022-01-26T20:41:00+09:00",
                "緯度": "28.41777778",
                "経度": "129.64",
                "夜空の明るさ": "21.63",
                "ばらつき": "0.08",
                "周辺状況": "その他",
                "備考": "",
                "継続観察登録地点": "○"
            }
        },
        {
            "type": "Feature",
            "geometry": {
                "type": "Point",
                "coordinates": [
                    130.9794444,
                    30.55694444
                ]
            },
            "properties": {
                "調査時期": "2022_W",
                "都道府県": "鹿児島県",
                "市区町村": "中種子町",
                "撮影場所": "熊毛郡中種子町",
                "撮影日時": "2022-01-31T21:01:00+09:00",
                "緯度": "30.55694444",
                "経度": "130.9794444",
                "夜空の明るさ": "21.55",
                "ばらつき": "0.1",
                "周辺状況": "農業地域",
                "備考": "",
                "継続観察登録地点": "○"
            }
        },
        {
            "type": "Feature",
            "geometry": {
                "type": "Point",
                "coordinates": [
                    129.29,
                    28.11027778
                ]
            },
            "properties": {
                "調査時期": "2022_W",
                "都道府県": "鹿児島県",
                "市区町村": "瀬戸内町",
                "撮影場所": "",
                "撮影日時": "2022-01-31T20:25:00+09:00",
                "緯度": "28.11027778",
                "経度": "129.29",
                "夜空の明るさ": "20.91",
                "ばらつき": "0.38",
                "周辺状況": "",
                "備考": "",
                "継続観察登録地点": ""
            }
        },
        {
            "type": "Feature",
            "geometry": {
                "type": "Point",
                "coordinates": [
                    129.5419444,
                    28.33555556
                ]
            },
            "properties": {
                "調査時期": "2022_W",
                "都道府県": "鹿児島県",
                "市区町村": "奄美市",
                "撮影場所": "",
                "撮影日時": "2022-01-26T21:41:00+09:00",
                "緯度": "28.33555556",
                "経度": "129.5419444",
                "夜空の明るさ": "21.33",
                "ばらつき": "0.11",
                "周辺状況": "",
                "備考": "",
                "継続観察登録地点": ""
            }
        },
        {
            "type": "Feature",
            "geometry": {
                "type": "Point",
                "coordinates": [
                    129.3158333,
                    28.16916667
                ]
            },
            "properties": {
                "調査時期": "2022_W",
                "都道府県": "鹿児島県",
                "市区町村": "瀬戸内町",
                "撮影場所": "鹿児島県 瀬戸内町高知山",
                "撮影日時": "2022-01-31T19:30:00+09:00",
                "緯度": "28.16916667",
                "経度": "129.3158333",
                "夜空の明るさ": "21.52",
                "ばらつき": "0.09",
                "周辺状況": "森林山間地",
                "備考": "",
                "継続観察登録地点": "○"
            }
        },
        {
            "type": "Feature",
            "geometry": {
                "type": "Point",
                "coordinates": [
                    129.3138889,
                    28.17333333
                ]
            },
            "properties": {
                "調査時期": "2022_W",
                "都道府県": "鹿児島県",
                "市区町村": "瀬戸内町",
                "撮影場所": "鹿児島県瀬戸内町油井岳",
                "撮影日時": "2022-01-31T19:41:00+09:00",
                "緯度": "28.17333333",
                "経度": "129.3138889",
                "夜空の明るさ": "21.68",
                "ばらつき": "0.1",
                "周辺状況": "自然公園等",
                "備考": "",
                "継続観察登録地点": "○"
            }
        },
        {
            "type": "Feature",
            "geometry": {
                "type": "Point",
                "coordinates": [
                    129.2961111,
                    28.14916667
                ]
            },
            "properties": {
                "調査時期": "2022_W",
                "都道府県": "鹿児島県",
                "市区町村": "瀬戸内町",
                "撮影場所": "鹿児島県大島郡瀬戸内町瀬戸崎",
                "撮影日時": "2022-01-31T19:55:00+09:00",
                "緯度": "28.14916667",
                "経度": "129.2961111",
                "夜空の明るさ": "21.52",
                "ばらつき": "0.09",
                "周辺状況": "森林山間地",
                "備考": "",
                "継続観察登録地点": "○"
            }
        },
        {
            "type": "Feature",
            "geometry": {
                "type": "Point",
                "coordinates": [
                    129.3369444,
                    28.13138889
                ]
            },
            "properties": {
                "調査時期": "2022_W",
                "都道府県": "鹿児島県",
                "市区町村": "瀬戸内町",
                "撮影場所": "鹿児島県大島郡瀬戸内町マネン崎",
                "撮影日時": "2022-01-31T20:34:00+09:00",
                "緯度": "28.13138889",
                "経度": "129.3369444",
                "夜空の明るさ": "21.57",
                "ばらつき": "0.05",
                "周辺状況": "自然公園等",
                "備考": "",
                "継続観察登録地点": "○"
            }
        },
        {
            "type": "Feature",
            "geometry": {
                "type": "Point",
                "coordinates": [
                    129.3636111,
                    28.12388889
                ]
            },
            "properties": {
                "調査時期": "2022_W",
                "都道府県": "鹿児島県",
                "市区町村": "瀬戸内町",
                "撮影場所": "鹿児島県大島郡瀬戸内町ヤドリ浜",
                "撮影日時": "2022-01-31T20:50:00+09:00",
                "緯度": "28.12388889",
                "経度": "129.3636111",
                "夜空の明るさ": "21.63",
                "ばらつき": "0.06",
                "周辺状況": "自然公園等",
                "備考": "",
                "継続観察登録地点": "○"
            }
        },
        {
            "type": "Feature",
            "geometry": {
                "type": "Point",
                "coordinates": [
                    129.3111111,
                    28.14805556
                ]
            },
            "properties": {
                "調査時期": "2022_W",
                "都道府県": "鹿児島県",
                "市区町村": "瀬戸内町",
                "撮影場所": "鹿児島県大島郡瀬戸内町春日公園",
                "撮影日時": "2022-01-31T21:10:00+09:00",
                "緯度": "28.14805556",
                "経度": "129.3111111",
                "夜空の明るさ": "20.35",
                "ばらつき": "0.08",
                "周辺状況": "商業地域",
                "備考": "",
                "継続観察登録地点": "○"
            }
        },
        {
            "type": "Feature",
            "geometry": {
                "type": "Point",
                "coordinates": [
                    124.2444444,
                    24.38833333
                ]
            },
            "properties": {
                "調査時期": "2022_W",
                "都道府県": "沖縄県",
                "市区町村": "石垣市",
                "撮影場所": "",
                "撮影日時": "2022-02-01T00:00:00+09:00",
                "緯度": "24.38833333",
                "経度": "124.2444444",
                "夜空の明るさ": "19.23",
                "ばらつき": "0.14",
                "周辺状況": "",
                "備考": "参考値（時間外）",
                "継続観察登録地点": ""
            }
        },
        {
            "type": "Feature",
            "geometry": {
                "type": "Point",
                "coordinates": [
                    124.2744444,
                    24.48722222
                ]
            },
            "properties": {
                "調査時期": "2022_W",
                "都道府県": "沖縄県",
                "市区町村": "石垣市",
                "撮影場所": "",
                "撮影日時": "2022-01-25T20:45:00+09:00",
                "緯度": "24.48722222",
                "経度": "124.2744444",
                "夜空の明るさ": "21.41",
                "ばらつき": "0.18",
                "周辺状況": "",
                "備考": "",
                "継続観察登録地点": ""
            }
        },
        {
            "type": "Feature",
            "geometry": {
                "type": "Point",
                "coordinates": [
                    124.1255556,
                    24.47333333
                ]
            },
            "properties": {
                "調査時期": "2022_W",
                "都道府県": "沖縄県",
                "市区町村": "石垣市",
                "撮影場所": "",
                "撮影日時": "2022-01-25T20:57:00+09:00",
                "緯度": "24.47333333",
                "経度": "124.1255556",
                "夜空の明るさ": "21.33",
                "ばらつき": "0.06",
                "周辺状況": "",
                "備考": "",
                "継続観察登録地点": ""
            }
        },
        {
            "type": "Feature",
            "geometry": {
                "type": "Point",
                "coordinates": [
                    124.1391667,
                    24.37333333
                ]
            },
            "properties": {
                "調査時期": "2022_W",
                "都道府県": "沖縄県",
                "市区町村": "石垣市",
                "撮影場所": "",
                "撮影日時": "2022-02-05T23:12:00+09:00",
                "緯度": "24.37333333",
                "経度": "124.1391667",
                "夜空の明るさ": "18.76",
                "ばらつき": "0.22",
                "周辺状況": "",
                "備考": "参考値（時間外）",
                "継続観察登録地点": ""
            }
        },
        {
            "type": "Feature",
            "geometry": {
                "type": "Point",
                "coordinates": [
                    123.7975,
                    24.04972222
                ]
            },
            "properties": {
                "調査時期": "2022_W",
                "都道府県": "沖縄県",
                "市区町村": "竹富町",
                "撮影場所": "波照間島星空観測タワー広場",
                "撮影日時": "2022-01-26T21:00:00+09:00",
                "緯度": "24.04972222",
                "経度": "123.7975",
                "夜空の明るさ": "21.6",
                "ばらつき": "0.15",
                "周辺状況": "その他",
                "備考": "",
                "継続観察登録地点": "○"
            }
        },
        {
            "type": "Feature",
            "geometry": {
                "type": "Point",
                "coordinates": [
                    124.2552778,
                    24.44555556
                ]
            },
            "properties": {
                "調査時期": "2022_W",
                "都道府県": "沖縄県",
                "市区町村": "石垣市",
                "撮影場所": "",
                "撮影日時": "2022-01-25T22:12:00+09:00",
                "緯度": "24.44555556",
                "経度": "124.2552778",
                "夜空の明るさ": "21.35",
                "ばらつき": "0.06",
                "周辺状況": "",
                "備考": "",
                "継続観察登録地点": ""
            }
        },
        {
            "type": "Feature",
            "geometry": {
                "type": "Point",
                "coordinates": [
                    124.2416667,
                    24.35083333
                ]
            },
            "properties": {
                "調査時期": "2022_W",
                "都道府県": "沖縄県",
                "市区町村": "石垣市",
                "撮影場所": "",
                "撮影日時": "2022-02-04T02:12:00+09:00",
                "緯度": "24.35083333",
                "経度": "124.2416667",
                "夜空の明るさ": "20.91",
                "ばらつき": "0.11",
                "周辺状況": "",
                "備考": "参考値（時間外）",
                "継続観察登録地点": ""
            }
        },
        {
            "type": "Feature",
            "geometry": {
                "type": "Point",
                "coordinates": [
                    124.1594444,
                    24.33638889
                ]
            },
            "properties": {
                "調査時期": "2022_W",
                "都道府県": "沖縄県",
                "市区町村": "石垣市",
                "撮影場所": "",
                "撮影日時": "2022-02-01T00:46:00+09:00",
                "緯度": "24.33638889",
                "経度": "124.1594444",
                "夜空の明るさ": "18.77",
                "ばらつき": "0.17",
                "周辺状況": "",
                "備考": "参考値（時間外）",
                "継続観察登録地点": ""
            }
        },
        {
            "type": "Feature",
            "geometry": {
                "type": "Point",
                "coordinates": [
                    124.2180556,
                    24.37111111
                ]
            },
            "properties": {
                "調査時期": "2022_W",
                "都道府県": "沖縄県",
                "市区町村": "石垣市",
                "撮影場所": "",
                "撮影日時": "2022-01-25T21:16:00+09:00",
                "緯度": "24.37111111",
                "経度": "124.2180556",
                "夜空の明るさ": "21.1",
                "ばらつき": "0.07",
                "周辺状況": "",
                "備考": "",
                "継続観察登録地点": ""
            }
        }
    ]
}