{
    "type": "FeatureCollection",
    "features": [
        {
            "type": "Feature",
            "geometry": {
                "type": "Point",
                "coordinates": [
                    143.76611111,
                    43.45638889
                ]
            },
            "properties": {
                "調査時期": "2020_S",
                "都道府県": "北海道",
                "市区町村": "陸別町",
                "撮影場所": "りくべつ宇宙地球科学館（銀河の森天文台）",
                "撮影日時": "2020-08-11T21:16:00+09:00",
                "緯度": "43.45638889",
                "経度": "143.76611111",
                "夜空の明るさ": "22.18",
                "ばらつき": "0.11",
                "周辺状況": "森林山間地",
                "備考": "",
                "継続観察登録地点": "○"
            }
        },
        {
            "type": "Feature",
            "geometry": {
                "type": "Point",
                "coordinates": [
                    144.4025,
                    43.52472222
                ]
            },
            "properties": {
                "調査時期": "2020_S",
                "都道府県": "北海道",
                "市区町村": "弟子屈町",
                "撮影場所": "北海道川上郡弟子屈町",
                "撮影日時": "2020-08-11T22:07:00+09:00",
                "緯度": "43.52472222",
                "経度": "144.40250000",
                "夜空の明るさ": "21.72",
                "ばらつき": "0.13",
                "周辺状況": "農業地域",
                "備考": "",
                "継続観察登録地点": "○"
            }
        },
        {
            "type": "Feature",
            "geometry": {
                "type": "Point",
                "coordinates": [
                    144.4025,
                    43.52472222
                ]
            },
            "properties": {
                "調査時期": "2020_S",
                "都道府県": "北海道",
                "市区町村": "弟子屈町",
                "撮影場所": "北海道川上郡弟子屈町",
                "撮影日時": "2020-08-16T21:07:00+09:00",
                "緯度": "43.52472222",
                "経度": "144.40250000",
                "夜空の明るさ": "21.77",
                "ばらつき": "0.15",
                "周辺状況": "農業地域",
                "備考": "",
                "継続観察登録地点": "○"
            }
        },
        {
            "type": "Feature",
            "geometry": {
                "type": "Point",
                "coordinates": [
                    141.02583333,
                    42.62444444
                ]
            },
            "properties": {
                "調査時期": "2020_S",
                "都道府県": "北海道",
                "市区町村": "伊達市",
                "撮影場所": "北湯沢温泉",
                "撮影日時": "2020-08-16T21:56:00+09:00",
                "緯度": "42.62444444",
                "経度": "141.02583333",
                "夜空の明るさ": "20.80",
                "ばらつき": "0.12",
                "周辺状況": "森林山間地",
                "備考": "",
                "継続観察登録地点": "○"
            }
        },
        {
            "type": "Feature",
            "geometry": {
                "type": "Point",
                "coordinates": [
                    141.02583333,
                    42.62444444
                ]
            },
            "properties": {
                "調査時期": "2020_S",
                "都道府県": "北海道",
                "市区町村": "伊達市",
                "撮影場所": "北湯沢温泉",
                "撮影日時": "2020-08-17T21:27:00+09:00",
                "緯度": "42.62444444",
                "経度": "141.02583333",
                "夜空の明るさ": "19.69",
                "ばらつき": "0.06",
                "周辺状況": "森林山間地",
                "備考": "",
                "継続観察登録地点": "○"
            }
        },
        {
            "type": "Feature",
            "geometry": {
                "type": "Point",
                "coordinates": [
                    141.02555556,
                    42.62444444
                ]
            },
            "properties": {
                "調査時期": "2020_S",
                "都道府県": "北海道",
                "市区町村": "伊達市",
                "撮影場所": "北湯沢温泉",
                "撮影日時": "2020-08-23T20:50:00+09:00",
                "緯度": "42.62444444",
                "経度": "141.02555556",
                "夜空の明るさ": "20.91",
                "ばらつき": "0.04",
                "周辺状況": "森林山間地",
                "備考": "",
                "継続観察登録地点": "○"
            }
        },
        {
            "type": "Feature",
            "geometry": {
                "type": "Point",
                "coordinates": [
                    140.89361111,
                    42.56583333
                ]
            },
            "properties": {
                "調査時期": "2020_S",
                "都道府県": "北海道",
                "市区町村": "壮瞥町",
                "撮影場所": "壮瞥町森と木の里センター周辺",
                "撮影日時": "2020-08-22T21:18:00+09:00",
                "緯度": "42.56583333",
                "経度": "140.89361111",
                "夜空の明るさ": "21.03",
                "ばらつき": "0.13",
                "周辺状況": "森林山間地",
                "備考": "",
                "継続観察登録地点": "○"
            }
        },
        {
            "type": "Feature",
            "geometry": {
                "type": "Point",
                "coordinates": [
                    142.4825,
                    44.37388889
                ]
            },
            "properties": {
                "調査時期": "2020_S",
                "都道府県": "北海道",
                "市区町村": "名寄市",
                "撮影場所": "なよろ市立天文台",
                "撮影日時": "2020-08-22T21:35:00+09:00",
                "緯度": "44.37388889",
                "経度": "142.48250000",
                "夜空の明るさ": "21.30",
                "ばらつき": "0.13",
                "周辺状況": "住宅地域",
                "備考": "",
                "継続観察登録地点": "○"
            }
        },
        {
            "type": "Feature",
            "geometry": {
                "type": "Point",
                "coordinates": [
                    142.4825,
                    44.37388889
                ]
            },
            "properties": {
                "調査時期": "2020_S",
                "都道府県": "北海道",
                "市区町村": "名寄市",
                "撮影場所": "なよろ市立天文台",
                "撮影日時": "2020-08-22T21:52:00+09:00",
                "緯度": "44.37388889",
                "経度": "142.48250000",
                "夜空の明るさ": "21.42",
                "ばらつき": "0.15",
                "周辺状況": "住宅地域",
                "備考": "",
                "継続観察登録地点": "○"
            }
        },
        {
            "type": "Feature",
            "geometry": {
                "type": "Point",
                "coordinates": [
                    142.4825,
                    44.37388889
                ]
            },
            "properties": {
                "調査時期": "2020_S",
                "都道府県": "北海道",
                "市区町村": "名寄市",
                "撮影場所": "なよろ市立天文台",
                "撮影日時": "2020-08-17T22:21:00+09:00",
                "緯度": "44.37388889",
                "経度": "142.48250000",
                "夜空の明るさ": "21.29",
                "ばらつき": "0.10",
                "周辺状況": "住宅地域",
                "備考": "",
                "継続観察登録地点": "○"
            }
        },
        {
            "type": "Feature",
            "geometry": {
                "type": "Point",
                "coordinates": [
                    144.32027778,
                    43.07361111
                ]
            },
            "properties": {
                "調査時期": "2020_S",
                "都道府県": "北海道",
                "市区町村": "釧路市",
                "撮影場所": "",
                "撮影日時": "2020-08-19T20:26:00+09:00",
                "緯度": "43.07361111",
                "経度": "144.32027778",
                "夜空の明るさ": "20.67",
                "ばらつき": "0.27",
                "周辺状況": "",
                "備考": "",
                "継続観察登録地点": ""
            }
        },
        {
            "type": "Feature",
            "geometry": {
                "type": "Point",
                "coordinates": [
                    144.37888889,
                    42.98611111
                ]
            },
            "properties": {
                "調査時期": "2020_S",
                "都道府県": "北海道",
                "市区町村": "釧路市",
                "撮影場所": "",
                "撮影日時": "2020-08-19T21:10:00+09:00",
                "緯度": "42.98611111",
                "経度": "144.37888889",
                "夜空の明るさ": "18.15",
                "ばらつき": "0.12",
                "周辺状況": "",
                "備考": "",
                "継続観察登録地点": ""
            }
        },
        {
            "type": "Feature",
            "geometry": {
                "type": "Point",
                "coordinates": [
                    144.405,
                    43.01777778
                ]
            },
            "properties": {
                "調査時期": "2020_S",
                "都道府県": "北海道",
                "市区町村": "釧路市",
                "撮影場所": "",
                "撮影日時": "2020-08-22T21:08:00+09:00",
                "緯度": "43.01777778",
                "経度": "144.40500000",
                "夜空の明るさ": "18.88",
                "ばらつき": "0.06",
                "周辺状況": "",
                "備考": "",
                "継続観察登録地点": ""
            }
        },
        {
            "type": "Feature",
            "geometry": {
                "type": "Point",
                "coordinates": [
                    141.54027778,
                    40.50527778
                ]
            },
            "properties": {
                "調査時期": "2020_S",
                "都道府県": "青森県",
                "市区町村": "八戸市",
                "撮影場所": "八戸市 湊高台二丁目",
                "撮影日時": "2020-08-12T21:36:00+09:00",
                "緯度": "40.50527778",
                "経度": "141.54027778",
                "夜空の明るさ": "19.35",
                "ばらつき": "0.10",
                "周辺状況": "住宅地域",
                "備考": "",
                "継続観察登録地点": "○"
            }
        },
        {
            "type": "Feature",
            "geometry": {
                "type": "Point",
                "coordinates": [
                    140.95222222,
                    40.6
                ]
            },
            "properties": {
                "調査時期": "2020_S",
                "都道府県": "青森県",
                "市区町村": "十和田市",
                "撮影場所": "",
                "撮影日時": "2020-08-12T20:13:00+09:00",
                "緯度": "40.60000000",
                "経度": "140.95222222",
                "夜空の明るさ": "21.52",
                "ばらつき": "0.15",
                "周辺状況": "",
                "備考": "",
                "継続観察登録地点": ""
            }
        },
        {
            "type": "Feature",
            "geometry": {
                "type": "Point",
                "coordinates": [
                    140.95194444,
                    40.6
                ]
            },
            "properties": {
                "調査時期": "2020_S",
                "都道府県": "青森県",
                "市区町村": "十和田市",
                "撮影場所": "",
                "撮影日時": "2020-08-12T20:21:00+09:00",
                "緯度": "40.60000000",
                "経度": "140.95194444",
                "夜空の明るさ": "21.22",
                "ばらつき": "0.13",
                "周辺状況": "",
                "備考": "",
                "継続観察登録地点": ""
            }
        },
        {
            "type": "Feature",
            "geometry": {
                "type": "Point",
                "coordinates": [
                    140.89638889,
                    40.42638889
                ]
            },
            "properties": {
                "調査時期": "2020_S",
                "都道府県": "青森県",
                "市区町村": "十和田市",
                "撮影場所": "十和田湖付近",
                "撮影日時": "2020-08-19T22:01:00+09:00",
                "緯度": "40.42638889",
                "経度": "140.89638889",
                "夜空の明るさ": "21.34",
                "ばらつき": "0.24",
                "周辺状況": "自然公園等",
                "備考": "",
                "継続観察登録地点": "○"
            }
        },
        {
            "type": "Feature",
            "geometry": {
                "type": "Point",
                "coordinates": [
                    140.8975,
                    40.4275
                ]
            },
            "properties": {
                "調査時期": "2020_S",
                "都道府県": "青森県",
                "市区町村": "十和田市",
                "撮影場所": "十和田湖付近",
                "撮影日時": "2020-08-20T21:30:00+09:00",
                "緯度": "40.42750000",
                "経度": "140.89750000",
                "夜空の明るさ": "21.10",
                "ばらつき": "0.04",
                "周辺状況": "自然公園等",
                "備考": "",
                "継続観察登録地点": "○"
            }
        },
        {
            "type": "Feature",
            "geometry": {
                "type": "Point",
                "coordinates": [
                    141.31472222,
                    40.27138889
                ]
            },
            "properties": {
                "調査時期": "2020_S",
                "都道府県": "岩手県",
                "市区町村": "二戸市",
                "撮影場所": "二戸市福岡 古梅児童公園の近辺",
                "撮影日時": "2020-08-12T21:56:00+09:00",
                "緯度": "40.27138889",
                "経度": "141.31472222",
                "夜空の明るさ": "20.82",
                "ばらつき": "0.12",
                "周辺状況": "住宅地域",
                "備考": "",
                "継続観察登録地点": "○"
            }
        },
        {
            "type": "Feature",
            "geometry": {
                "type": "Point",
                "coordinates": [
                    141.69472222,
                    39.01388889
                ]
            },
            "properties": {
                "調査時期": "2020_S",
                "都道府県": "岩手県",
                "市区町村": "陸前高田市",
                "撮影場所": "箱根山展望台",
                "撮影日時": "2020-08-20T20:14:00+09:00",
                "緯度": "39.01388889",
                "経度": "141.69472222",
                "夜空の明るさ": "20.82",
                "ばらつき": "0.16",
                "周辺状況": "自然公園等",
                "備考": "",
                "継続観察登録地点": "○"
            }
        },
        {
            "type": "Feature",
            "geometry": {
                "type": "Point",
                "coordinates": [
                    141.70277778,
                    38.93833333
                ]
            },
            "properties": {
                "調査時期": "2020_S",
                "都道府県": "岩手県",
                "市区町村": "陸前高田市",
                "撮影場所": "",
                "撮影日時": "2020-08-19T20:44:00+09:00",
                "緯度": "38.93833333",
                "経度": "141.70277778",
                "夜空の明るさ": "21.39",
                "ばらつき": "0.10",
                "周辺状況": "",
                "備考": "",
                "継続観察登録地点": ""
            }
        },
        {
            "type": "Feature",
            "geometry": {
                "type": "Point",
                "coordinates": [
                    140.98666667,
                    39.08638889
                ]
            },
            "properties": {
                "調査時期": "2020_S",
                "都道府県": "岩手県",
                "市区町村": "奥州市",
                "撮影場所": "",
                "撮影日時": "2020-08-19T20:36:00+09:00",
                "緯度": "39.08638889",
                "経度": "140.98666667",
                "夜空の明るさ": "21.40",
                "ばらつき": "0.16",
                "周辺状況": "",
                "備考": "",
                "継続観察登録地点": ""
            }
        },
        {
            "type": "Feature",
            "geometry": {
                "type": "Point",
                "coordinates": [
                    140.96388889,
                    39.63166667
                ]
            },
            "properties": {
                "調査時期": "2020_S",
                "都道府県": "岩手県",
                "市区町村": "雫石町",
                "撮影場所": "コテージむら管理センター 近辺",
                "撮影日時": "2020-08-19T20:31:00+09:00",
                "緯度": "39.63166667",
                "経度": "140.96388889",
                "夜空の明るさ": "21.59",
                "ばらつき": "0.39",
                "周辺状況": "農業地域",
                "備考": "",
                "継続観察登録地点": "○"
            }
        },
        {
            "type": "Feature",
            "geometry": {
                "type": "Point",
                "coordinates": [
                    141.79,
                    40.18611111
                ]
            },
            "properties": {
                "調査時期": "2020_S",
                "都道府県": "岩手県",
                "市区町村": "久慈市",
                "撮影場所": "久慈市長内町",
                "撮影日時": "2020-08-17T20:35:00+09:00",
                "緯度": "40.18611111",
                "経度": "141.79000000",
                "夜空の明るさ": "20.39",
                "ばらつき": "0.35",
                "周辺状況": "住宅地域",
                "備考": "",
                "継続観察登録地点": "○"
            }
        },
        {
            "type": "Feature",
            "geometry": {
                "type": "Point",
                "coordinates": [
                    141.03027778,
                    38.73833333
                ]
            },
            "properties": {
                "調査時期": "2020_S",
                "都道府県": "宮城県",
                "市区町村": "栗原市",
                "撮影場所": "",
                "撮影日時": "2020-08-13T21:39:00+09:00",
                "緯度": "38.73833333",
                "経度": "141.03027778",
                "夜空の明るさ": "20.35",
                "ばらつき": "0.09",
                "周辺状況": "",
                "備考": "",
                "継続観察登録地点": ""
            }
        },
        {
            "type": "Feature",
            "geometry": {
                "type": "Point",
                "coordinates": [
                    141.03,
                    38.73833333
                ]
            },
            "properties": {
                "調査時期": "2020_S",
                "都道府県": "宮城県",
                "市区町村": "栗原市",
                "撮影場所": "",
                "撮影日時": "2020-08-20T20:56:00+09:00",
                "緯度": "38.73833333",
                "経度": "141.03000000",
                "夜空の明るさ": "19.85",
                "ばらつき": "0.08",
                "周辺状況": "",
                "備考": "",
                "継続観察登録地点": ""
            }
        },
        {
            "type": "Feature",
            "geometry": {
                "type": "Point",
                "coordinates": [
                    140.75583333,
                    38.07555556
                ]
            },
            "properties": {
                "調査時期": "2020_S",
                "都道府県": "宮城県",
                "市区町村": "柴田町",
                "撮影場所": "柴田郡柴田町本船迫",
                "撮影日時": "2020-08-13T20:56:00+09:00",
                "緯度": "38.07555556",
                "経度": "140.75583333",
                "夜空の明るさ": "19.74",
                "ばらつき": "0.13",
                "周辺状況": "自然公園等",
                "備考": "",
                "継続観察登録地点": "○"
            }
        },
        {
            "type": "Feature",
            "geometry": {
                "type": "Point",
                "coordinates": [
                    141.21416667,
                    38.72194444
                ]
            },
            "properties": {
                "調査時期": "2020_S",
                "都道府県": "宮城県",
                "市区町村": "登米市",
                "撮影場所": "ナイン・タウン駐車場観測地点",
                "撮影日時": "2020-08-20T21:30:00+09:00",
                "緯度": "38.72194444",
                "経度": "141.21416667",
                "夜空の明るさ": "20.28",
                "ばらつき": "0.09",
                "周辺状況": "住宅地域",
                "備考": "",
                "継続観察登録地点": "○"
            }
        },
        {
            "type": "Feature",
            "geometry": {
                "type": "Point",
                "coordinates": [
                    141.23777778,
                    38.74138889
                ]
            },
            "properties": {
                "調査時期": "2020_S",
                "都道府県": "宮城県",
                "市区町村": "登米市",
                "撮影場所": "ナイン・タウン旧中田沼観測地点",
                "撮影日時": "2020-08-19T21:12:00+09:00",
                "緯度": "38.74138889",
                "経度": "141.23777778",
                "夜空の明るさ": "20.92",
                "ばらつき": "0.18",
                "周辺状況": "農業地域",
                "備考": "",
                "継続観察登録地点": "○"
            }
        },
        {
            "type": "Feature",
            "geometry": {
                "type": "Point",
                "coordinates": [
                    141.31083333,
                    38.73722222
                ]
            },
            "properties": {
                "調査時期": "2020_S",
                "都道府県": "宮城県",
                "市区町村": "登米市",
                "撮影場所": "ナイン・タウン米谷新中渡戸観測地点",
                "撮影日時": "2020-08-19T21:40:00+09:00",
                "緯度": "38.73722222",
                "経度": "141.31083333",
                "夜空の明るさ": "21.10",
                "ばらつき": "0.14",
                "周辺状況": "農業地域",
                "備考": "",
                "継続観察登録地点": "○"
            }
        },
        {
            "type": "Feature",
            "geometry": {
                "type": "Point",
                "coordinates": [
                    140.22944444,
                    37.04527778
                ]
            },
            "properties": {
                "調査時期": "2020_S",
                "都道府県": "福島県",
                "市区町村": "白河市",
                "撮影場所": "白河関の森公園駐車場",
                "撮影日時": "2020-08-18T20:44:00+09:00",
                "緯度": "37.04527778",
                "経度": "140.22944444",
                "夜空の明るさ": "19.48",
                "ばらつき": "0.25",
                "周辺状況": "農業地域",
                "備考": "",
                "継続観察登録地点": "○"
            }
        },
        {
            "type": "Feature",
            "geometry": {
                "type": "Point",
                "coordinates": [
                    140.99361111,
                    37.21611111
                ]
            },
            "properties": {
                "調査時期": "2020_S",
                "都道府県": "福島県",
                "市区町村": "広野町",
                "撮影場所": "双葉郡広野町",
                "撮影日時": "2020-08-19T21:35:00+09:00",
                "緯度": "37.21611111",
                "経度": "140.99361111",
                "夜空の明るさ": "20.09",
                "ばらつき": "0.09",
                "周辺状況": "住宅地域",
                "備考": "",
                "継続観察登録地点": "○"
            }
        },
        {
            "type": "Feature",
            "geometry": {
                "type": "Point",
                "coordinates": [
                    140.95166667,
                    37.19166667
                ]
            },
            "properties": {
                "調査時期": "2020_S",
                "都道府県": "福島県",
                "市区町村": "広野町",
                "撮影場所": "SUZUKI天体観測所",
                "撮影日時": "2020-08-19T20:47:00+09:00",
                "緯度": "37.19166667",
                "経度": "140.95166667",
                "夜空の明るさ": "20.84",
                "ばらつき": "0.17",
                "周辺状況": "森林山間地",
                "備考": "",
                "継続観察登録地点": "○"
            }
        },
        {
            "type": "Feature",
            "geometry": {
                "type": "Point",
                "coordinates": [
                    140.8825,
                    36.95277778
                ]
            },
            "properties": {
                "調査時期": "2020_S",
                "都道府県": "福島県",
                "市区町村": "いわき市",
                "撮影場所": "",
                "撮影日時": "2020-08-20T21:07:00+09:00",
                "緯度": "36.95277778",
                "経度": "140.88250000",
                "夜空の明るさ": "18.35",
                "ばらつき": "0.06",
                "周辺状況": "",
                "備考": "",
                "継続観察登録地点": ""
            }
        },
        {
            "type": "Feature",
            "geometry": {
                "type": "Point",
                "coordinates": [
                    140.92388889,
                    37.0075
                ]
            },
            "properties": {
                "調査時期": "2020_S",
                "都道府県": "福島県",
                "市区町村": "いわき市",
                "撮影場所": "いわき市中央台鹿島",
                "撮影日時": "2020-08-13T20:09:00+09:00",
                "緯度": "37.00750000",
                "経度": "140.92388889",
                "夜空の明るさ": "19.34",
                "ばらつき": "0.16",
                "周辺状況": "住宅地域",
                "備考": "",
                "継続観察登録地点": "○"
            }
        },
        {
            "type": "Feature",
            "geometry": {
                "type": "Point",
                "coordinates": [
                    140.92416667,
                    37.0075
                ]
            },
            "properties": {
                "調査時期": "2020_S",
                "都道府県": "福島県",
                "市区町村": "いわき市",
                "撮影場所": "いわき市中央台鹿島",
                "撮影日時": "2020-08-13T21:53:00+09:00",
                "緯度": "37.00750000",
                "経度": "140.92416667",
                "夜空の明るさ": "19.67",
                "ばらつき": "0.13",
                "周辺状況": "住宅地域",
                "備考": "",
                "継続観察登録地点": "○"
            }
        },
        {
            "type": "Feature",
            "geometry": {
                "type": "Point",
                "coordinates": [
                    140.92388889,
                    37.0075
                ]
            },
            "properties": {
                "調査時期": "2020_S",
                "都道府県": "福島県",
                "市区町村": "いわき市",
                "撮影場所": "いわき市中央台鹿島",
                "撮影日時": "2020-08-18T21:15:00+09:00",
                "緯度": "37.00750000",
                "経度": "140.92388889",
                "夜空の明るさ": "19.71",
                "ばらつき": "0.20",
                "周辺状況": "住宅地域",
                "備考": "",
                "継続観察登録地点": "○"
            }
        },
        {
            "type": "Feature",
            "geometry": {
                "type": "Point",
                "coordinates": [
                    140.92416667,
                    37.0075
                ]
            },
            "properties": {
                "調査時期": "2020_S",
                "都道府県": "福島県",
                "市区町村": "いわき市",
                "撮影場所": "いわき市中央台鹿島",
                "撮影日時": "2020-08-19T21:07:00+09:00",
                "緯度": "37.00750000",
                "経度": "140.92416667",
                "夜空の明るさ": "19.56",
                "ばらつき": "0.09",
                "周辺状況": "住宅地域",
                "備考": "",
                "継続観察登録地点": "○"
            }
        },
        {
            "type": "Feature",
            "geometry": {
                "type": "Point",
                "coordinates": [
                    140.92416667,
                    37.0075
                ]
            },
            "properties": {
                "調査時期": "2020_S",
                "都道府県": "福島県",
                "市区町村": "いわき市",
                "撮影場所": "いわき市中央台鹿島",
                "撮影日時": "2020-08-20T20:53:00+09:00",
                "緯度": "37.00750000",
                "経度": "140.92416667",
                "夜空の明るさ": "18.98",
                "ばらつき": "0.10",
                "周辺状況": "住宅地域",
                "備考": "",
                "継続観察登録地点": "○"
            }
        },
        {
            "type": "Feature",
            "geometry": {
                "type": "Point",
                "coordinates": [
                    140.65444444,
                    37.53666667
                ]
            },
            "properties": {
                "調査時期": "2020_S",
                "都道府県": "福島県",
                "市区町村": "二本松市",
                "撮影場所": "",
                "撮影日時": "2020-08-12T22:31:00+09:00",
                "緯度": "37.53666667",
                "経度": "140.65444444",
                "夜空の明るさ": "21.83",
                "ばらつき": "0.20",
                "周辺状況": "",
                "備考": "観測時間外のため参考値",
                "継続観察登録地点": ""
            }
        },
        {
            "type": "Feature",
            "geometry": {
                "type": "Point",
                "coordinates": [
                    140.10333333,
                    36.17722222
                ]
            },
            "properties": {
                "調査時期": "2020_S",
                "都道府県": "茨城県",
                "市区町村": "つくば市",
                "撮影場所": "",
                "撮影日時": "2020-08-11T20:40:00+09:00",
                "緯度": "36.17722222",
                "経度": "140.10333333",
                "夜空の明るさ": "19.43",
                "ばらつき": "0.14",
                "周辺状況": "",
                "備考": "",
                "継続観察登録地点": ""
            }
        },
        {
            "type": "Feature",
            "geometry": {
                "type": "Point",
                "coordinates": [
                    140.11833333,
                    36.08333333
                ]
            },
            "properties": {
                "調査時期": "2020_S",
                "都道府県": "茨城県",
                "市区町村": "つくば市",
                "撮影場所": "つくば市吾妻",
                "撮影日時": "2020-08-11T22:02:00+09:00",
                "緯度": "36.08333333",
                "経度": "140.11833333",
                "夜空の明るさ": "18.32",
                "ばらつき": "0.14",
                "周辺状況": "住宅地域",
                "備考": "",
                "継続観察登録地点": "○"
            }
        },
        {
            "type": "Feature",
            "geometry": {
                "type": "Point",
                "coordinates": [
                    140.12194444,
                    36.0925
                ]
            },
            "properties": {
                "調査時期": "2020_S",
                "都道府県": "茨城県",
                "市区町村": "つくば市",
                "撮影場所": "",
                "撮影日時": "2020-08-14T21:38:00+09:00",
                "緯度": "36.09250000",
                "経度": "140.12194444",
                "夜空の明るさ": "17.08",
                "ばらつき": "0.27",
                "周辺状況": "",
                "備考": "",
                "継続観察登録地点": ""
            }
        },
        {
            "type": "Feature",
            "geometry": {
                "type": "Point",
                "coordinates": [
                    140.11833333,
                    36.08333333
                ]
            },
            "properties": {
                "調査時期": "2020_S",
                "都道府県": "茨城県",
                "市区町村": "つくば市",
                "撮影場所": "つくば市吾妻",
                "撮影日時": "2020-08-14T21:57:00+09:00",
                "緯度": "36.08333333",
                "経度": "140.11833333",
                "夜空の明るさ": "16.99",
                "ばらつき": "0.14",
                "周辺状況": "住宅地域",
                "備考": "",
                "継続観察登録地点": "○"
            }
        },
        {
            "type": "Feature",
            "geometry": {
                "type": "Point",
                "coordinates": [
                    140.11833333,
                    36.08333333
                ]
            },
            "properties": {
                "調査時期": "2020_S",
                "都道府県": "茨城県",
                "市区町村": "つくば市",
                "撮影場所": "つくば市吾妻",
                "撮影日時": "2020-08-19T21:41:00+09:00",
                "緯度": "36.08333333",
                "経度": "140.11833333",
                "夜空の明るさ": "18.10",
                "ばらつき": "0.13",
                "周辺状況": "住宅地域",
                "備考": "",
                "継続観察登録地点": "○"
            }
        },
        {
            "type": "Feature",
            "geometry": {
                "type": "Point",
                "coordinates": [
                    140.12138889,
                    36.09333333
                ]
            },
            "properties": {
                "調査時期": "2020_S",
                "都道府県": "茨城県",
                "市区町村": "つくば市",
                "撮影場所": "",
                "撮影日時": "2020-08-21T21:48:00+09:00",
                "緯度": "36.09333333",
                "経度": "140.12138889",
                "夜空の明るさ": "17.61",
                "ばらつき": "0.25",
                "周辺状況": "",
                "備考": "",
                "継続観察登録地点": ""
            }
        },
        {
            "type": "Feature",
            "geometry": {
                "type": "Point",
                "coordinates": [
                    140.3575,
                    36.43777778
                ]
            },
            "properties": {
                "調査時期": "2020_S",
                "都道府県": "茨城県",
                "市区町村": "城里町",
                "撮影場所": "",
                "撮影日時": "2020-08-20T20:25:00+09:00",
                "緯度": "36.43777778",
                "経度": "140.35750000",
                "夜空の明るさ": "19.30",
                "ばらつき": "0.14",
                "周辺状況": "",
                "備考": "",
                "継続観察登録地点": ""
            }
        },
        {
            "type": "Feature",
            "geometry": {
                "type": "Point",
                "coordinates": [
                    140.3575,
                    36.43777778
                ]
            },
            "properties": {
                "調査時期": "2020_S",
                "都道府県": "茨城県",
                "市区町村": "城里町",
                "撮影場所": "",
                "撮影日時": "2020-08-20T21:44:00+09:00",
                "緯度": "36.43777778",
                "経度": "140.35750000",
                "夜空の明るさ": "19.88",
                "ばらつき": "0.15",
                "周辺状況": "",
                "備考": "",
                "継続観察登録地点": ""
            }
        },
        {
            "type": "Feature",
            "geometry": {
                "type": "Point",
                "coordinates": [
                    140.3575,
                    36.43777778
                ]
            },
            "properties": {
                "調査時期": "2020_S",
                "都道府県": "茨城県",
                "市区町村": "城里町",
                "撮影場所": "",
                "撮影日時": "2020-08-20T21:18:00+09:00",
                "緯度": "36.43777778",
                "経度": "140.35750000",
                "夜空の明るさ": "19.89",
                "ばらつき": "0.10",
                "周辺状況": "",
                "備考": "",
                "継続観察登録地点": ""
            }
        },
        {
            "type": "Feature",
            "geometry": {
                "type": "Point",
                "coordinates": [
                    139.84638889,
                    36.79972222
                ]
            },
            "properties": {
                "調査時期": "2020_S",
                "都道府県": "栃木県",
                "市区町村": "塩谷町",
                "撮影場所": "星ふる学校「くまの木」",
                "撮影日時": "2020-08-13T20:59:00+09:00",
                "緯度": "36.79972222",
                "経度": "139.84638889",
                "夜空の明るさ": "20.65",
                "ばらつき": "0.14",
                "周辺状況": "農業地域",
                "備考": "",
                "継続観察登録地点": "○"
            }
        },
        {
            "type": "Feature",
            "geometry": {
                "type": "Point",
                "coordinates": [
                    139.60944444,
                    36.35388889
                ]
            },
            "properties": {
                "調査時期": "2020_S",
                "都道府県": "栃木県",
                "市区町村": "佐野市",
                "撮影場所": "佐野市 梅林公園",
                "撮影日時": "2020-08-19T20:32:00+09:00",
                "緯度": "36.35388889",
                "経度": "139.60944444",
                "夜空の明るさ": "18.93",
                "ばらつき": "0.11",
                "周辺状況": "農業地域",
                "備考": "",
                "継続観察登録地点": "○"
            }
        },
        {
            "type": "Feature",
            "geometry": {
                "type": "Point",
                "coordinates": [
                    139.57722222,
                    36.29694444
                ]
            },
            "properties": {
                "調査時期": "2020_S",
                "都道府県": "栃木県",
                "市区町村": "佐野市",
                "撮影場所": "佐野市 赤城神社",
                "撮影日時": "2020-08-13T21:44:00+09:00",
                "緯度": "36.29694444",
                "経度": "139.57722222",
                "夜空の明るさ": "18.84",
                "ばらつき": "0.08",
                "周辺状況": "住宅地域",
                "備考": "",
                "継続観察登録地点": "○"
            }
        },
        {
            "type": "Feature",
            "geometry": {
                "type": "Point",
                "coordinates": [
                    139.46916667,
                    36.56444444
                ]
            },
            "properties": {
                "調査時期": "2020_S",
                "都道府県": "栃木県",
                "市区町村": "佐野市",
                "撮影場所": "作原自然環境保全地域",
                "撮影日時": "2020-08-11T20:14:00+09:00",
                "緯度": "36.56444444",
                "経度": "139.46916667",
                "夜空の明るさ": "20.71",
                "ばらつき": "0.08",
                "周辺状況": "自然公園等",
                "備考": "",
                "継続観察登録地点": "○"
            }
        },
        {
            "type": "Feature",
            "geometry": {
                "type": "Point",
                "coordinates": [
                    139.87861111,
                    36.55805556
                ]
            },
            "properties": {
                "調査時期": "2020_S",
                "都道府県": "栃木県",
                "市区町村": "宇都宮市",
                "撮影場所": "",
                "撮影日時": "2020-08-23T22:20:00+09:00",
                "緯度": "36.55805556",
                "経度": "139.87861111",
                "夜空の明るさ": "17.99",
                "ばらつき": "0.02",
                "周辺状況": "",
                "備考": "観測時間外のため参考値",
                "継続観察登録地点": ""
            }
        },
        {
            "type": "Feature",
            "geometry": {
                "type": "Point",
                "coordinates": [
                    139.73222222,
                    35.89611111
                ]
            },
            "properties": {
                "調査時期": "2020_S",
                "都道府県": "埼玉県",
                "市区町村": "さいたま市",
                "撮影場所": "浦和美園４丁目公園",
                "撮影日時": "2020-08-15T20:27:00+09:00",
                "緯度": "35.89611111",
                "経度": "139.73222222",
                "夜空の明るさ": "16.79",
                "ばらつき": "0.19",
                "周辺状況": "住宅地域",
                "備考": "",
                "継続観察登録地点": "○"
            }
        },
        {
            "type": "Feature",
            "geometry": {
                "type": "Point",
                "coordinates": [
                    139.79472222,
                    36.00666667
                ]
            },
            "properties": {
                "調査時期": "2020_S",
                "都道府県": "埼玉県",
                "市区町村": "春日部市",
                "撮影場所": "",
                "撮影日時": "2020-08-19T20:23:00+09:00",
                "緯度": "36.00666667",
                "経度": "139.79472222",
                "夜空の明るさ": "18.13",
                "ばらつき": "0.07",
                "周辺状況": "",
                "備考": "",
                "継続観察登録地点": ""
            }
        },
        {
            "type": "Feature",
            "geometry": {
                "type": "Point",
                "coordinates": [
                    139.74777778,
                    35.97472222
                ]
            },
            "properties": {
                "調査時期": "2020_S",
                "都道府県": "埼玉県",
                "市区町村": "春日部市",
                "撮影場所": "春日部市 中央町第6公園",
                "撮影日時": "2020-08-20T23:56:00+09:00",
                "緯度": "35.97472222",
                "経度": "139.74777778",
                "夜空の明るさ": "18.10",
                "ばらつき": "0.15",
                "周辺状況": "住宅地域",
                "備考": "観測時間外のため参考値",
                "継続観察登録地点": "○"
            }
        },
        {
            "type": "Feature",
            "geometry": {
                "type": "Point",
                "coordinates": [
                    139.33888889,
                    35.92111111
                ]
            },
            "properties": {
                "調査時期": "2020_S",
                "都道府県": "埼玉県",
                "市区町村": "坂戸市",
                "撮影場所": "坂戸市内",
                "撮影日時": "2020-08-20T20:41:00+09:00",
                "緯度": "35.92111111",
                "経度": "139.33888889",
                "夜空の明るさ": "18.30",
                "ばらつき": "0.09",
                "周辺状況": "農業地域",
                "備考": "",
                "継続観察登録地点": "○"
            }
        },
        {
            "type": "Feature",
            "geometry": {
                "type": "Point",
                "coordinates": [
                    139.8075,
                    35.86583333
                ]
            },
            "properties": {
                "調査時期": "2020_S",
                "都道府県": "埼玉県",
                "市区町村": "越谷市",
                "撮影場所": "越天蒲生観測所",
                "撮影日時": "2020-08-20T20:36:00+09:00",
                "緯度": "35.86583333",
                "経度": "139.80750000",
                "夜空の明るさ": "17.20",
                "ばらつき": "0.16",
                "周辺状況": "住宅地域",
                "備考": "",
                "継続観察登録地点": "○"
            }
        },
        {
            "type": "Feature",
            "geometry": {
                "type": "Point",
                "coordinates": [
                    140.01222222,
                    35.68916667
                ]
            },
            "properties": {
                "調査時期": "2020_S",
                "都道府県": "千葉県",
                "市区町村": "習志野市",
                "撮影場所": "谷津奏の杜公園",
                "撮影日時": "2020-08-20T21:35:00+09:00",
                "緯度": "35.68916667",
                "経度": "140.01222222",
                "夜空の明るさ": "17.21",
                "ばらつき": "0.17",
                "周辺状況": "住宅地域",
                "備考": "",
                "継続観察登録地点": "○"
            }
        },
        {
            "type": "Feature",
            "geometry": {
                "type": "Point",
                "coordinates": [
                    140.29722222,
                    35.2825
                ]
            },
            "properties": {
                "調査時期": "2020_S",
                "都道府県": "千葉県",
                "市区町村": "いすみ市",
                "撮影場所": "",
                "撮影日時": "2020-08-20T20:00:00+09:00",
                "緯度": "35.28250000",
                "経度": "140.29722222",
                "夜空の明るさ": "20.39",
                "ばらつき": "0.09",
                "周辺状況": "",
                "備考": "",
                "継続観察登録地点": ""
            }
        },
        {
            "type": "Feature",
            "geometry": {
                "type": "Point",
                "coordinates": [
                    139.90444444,
                    35.77944444
                ]
            },
            "properties": {
                "調査時期": "2020_S",
                "都道府県": "千葉県",
                "市区町村": "松戸市",
                "撮影場所": "松戸市内",
                "撮影日時": "2020-08-19T20:21:00+09:00",
                "緯度": "35.77944444",
                "経度": "139.90444444",
                "夜空の明るさ": "17.05",
                "ばらつき": "0.15",
                "周辺状況": "住宅地域",
                "備考": "",
                "継続観察登録地点": "○"
            }
        },
        {
            "type": "Feature",
            "geometry": {
                "type": "Point",
                "coordinates": [
                    139.90444444,
                    35.77944444
                ]
            },
            "properties": {
                "調査時期": "2020_S",
                "都道府県": "千葉県",
                "市区町村": "松戸市",
                "撮影場所": "松戸市内",
                "撮影日時": "2020-08-19T21:02:00+09:00",
                "緯度": "35.77944444",
                "経度": "139.90444444",
                "夜空の明るさ": "17.13",
                "ばらつき": "0.12",
                "周辺状況": "住宅地域",
                "備考": "",
                "継続観察登録地点": "○"
            }
        },
        {
            "type": "Feature",
            "geometry": {
                "type": "Point",
                "coordinates": [
                    139.90444444,
                    35.77944444
                ]
            },
            "properties": {
                "調査時期": "2020_S",
                "都道府県": "千葉県",
                "市区町村": "松戸市",
                "撮影場所": "松戸市内",
                "撮影日時": "2020-08-23T20:31:00+09:00",
                "緯度": "35.77944444",
                "経度": "139.90444444",
                "夜空の明るさ": "17.35",
                "ばらつき": "0.14",
                "周辺状況": "住宅地域",
                "備考": "",
                "継続観察登録地点": "○"
            }
        },
        {
            "type": "Feature",
            "geometry": {
                "type": "Point",
                "coordinates": [
                    139.99083333,
                    35.77833333
                ]
            },
            "properties": {
                "調査時期": "2020_S",
                "都道府県": "千葉県",
                "市区町村": "鎌ケ谷市",
                "撮影場所": "",
                "撮影日時": "2020-08-19T20:36:00+09:00",
                "緯度": "35.77833333",
                "経度": "139.99083333",
                "夜空の明るさ": "17.65",
                "ばらつき": "0.04",
                "周辺状況": "",
                "備考": "",
                "継続観察登録地点": ""
            }
        },
        {
            "type": "Feature",
            "geometry": {
                "type": "Point",
                "coordinates": [
                    139.99777778,
                    35.14
                ]
            },
            "properties": {
                "調査時期": "2020_S",
                "都道府県": "千葉県",
                "市区町村": "鴨川市",
                "撮影場所": "鴨川市内",
                "撮影日時": "2020-08-20T21:45:00+09:00",
                "緯度": "35.14000000",
                "経度": "139.99777778",
                "夜空の明るさ": "19.90",
                "ばらつき": "0.09",
                "周辺状況": "農業地域",
                "備考": "",
                "継続観察登録地点": "○"
            }
        },
        {
            "type": "Feature",
            "geometry": {
                "type": "Point",
                "coordinates": [
                    139.47611111,
                    35.68166667
                ]
            },
            "properties": {
                "調査時期": "2020_S",
                "都道府県": "東京都",
                "市区町村": "府中市",
                "撮影場所": "",
                "撮影日時": "2020-08-11T21:41:00+09:00",
                "緯度": "35.68166667",
                "経度": "139.47611111",
                "夜空の明るさ": "17.46",
                "ばらつき": "0.09",
                "周辺状況": "",
                "備考": "",
                "継続観察登録地点": ""
            }
        },
        {
            "type": "Feature",
            "geometry": {
                "type": "Point",
                "coordinates": [
                    139.53777778,
                    35.67444444
                ]
            },
            "properties": {
                "調査時期": "2020_S",
                "都道府県": "東京都",
                "市区町村": "三鷹市",
                "撮影場所": "",
                "撮影日時": "2020-08-11T21:14:00+09:00",
                "緯度": "35.67444444",
                "経度": "139.53777778",
                "夜空の明るさ": "17.69",
                "ばらつき": "0.07",
                "周辺状況": "",
                "備考": "",
                "継続観察登録地点": ""
            }
        },
        {
            "type": "Feature",
            "geometry": {
                "type": "Point",
                "coordinates": [
                    139.75611111,
                    35.64222222
                ]
            },
            "properties": {
                "調査時期": "2020_S",
                "都道府県": "東京都",
                "市区町村": "港区",
                "撮影場所": "",
                "撮影日時": "2020-08-11T20:08:00+09:00",
                "緯度": "35.64222222",
                "経度": "139.75611111",
                "夜空の明るさ": "16.73",
                "ばらつき": "0.08",
                "周辺状況": "",
                "備考": "",
                "継続観察登録地点": ""
            }
        },
        {
            "type": "Feature",
            "geometry": {
                "type": "Point",
                "coordinates": [
                    139.61111111,
                    35.72722222
                ]
            },
            "properties": {
                "調査時期": "2020_S",
                "都道府県": "東京都",
                "市区町村": "杉並区",
                "撮影場所": "",
                "撮影日時": "2020-08-14T20:05:00+09:00",
                "緯度": "35.72722222",
                "経度": "139.61111111",
                "夜空の明るさ": "16.67",
                "ばらつき": "0.12",
                "周辺状況": "",
                "備考": "",
                "継続観察登録地点": ""
            }
        },
        {
            "type": "Feature",
            "geometry": {
                "type": "Point",
                "coordinates": [
                    139.30083333,
                    35.77194444
                ]
            },
            "properties": {
                "調査時期": "2020_S",
                "都道府県": "東京都",
                "市区町村": "羽村市",
                "撮影場所": "羽村市",
                "撮影日時": "2020-08-13T22:02:00+09:00",
                "緯度": "35.77194444",
                "経度": "139.30083333",
                "夜空の明るさ": "18.40",
                "ばらつき": "0.11",
                "周辺状況": "住宅地域",
                "備考": "",
                "継続観察登録地点": "○"
            }
        },
        {
            "type": "Feature",
            "geometry": {
                "type": "Point",
                "coordinates": [
                    139.04333333,
                    35.78972222
                ]
            },
            "properties": {
                "調査時期": "2020_S",
                "都道府県": "東京都",
                "市区町村": "奥多摩町",
                "撮影場所": "西多摩郡奥多摩町 奥多摩湖大麦代園地駐車場",
                "撮影日時": "2020-08-19T19:59:00+09:00",
                "緯度": "35.78972222",
                "経度": "139.04333333",
                "夜空の明るさ": "20.08",
                "ばらつき": "0.09",
                "周辺状況": "森林山間地",
                "備考": "",
                "継続観察登録地点": "○"
            }
        },
        {
            "type": "Feature",
            "geometry": {
                "type": "Point",
                "coordinates": [
                    139.39055556,
                    35.69638889
                ]
            },
            "properties": {
                "調査時期": "2020_S",
                "都道府県": "東京都",
                "市区町村": "立川市",
                "撮影場所": "立川市 お庭天文台",
                "撮影日時": "2020-08-20T21:23:00+09:00",
                "緯度": "35.69638889",
                "経度": "139.39055556",
                "夜空の明るさ": "17.47",
                "ばらつき": "0.11",
                "周辺状況": "住宅地域",
                "備考": "",
                "継続観察登録地点": "○"
            }
        },
        {
            "type": "Feature",
            "geometry": {
                "type": "Point",
                "coordinates": [
                    139.75055556,
                    35.72305556
                ]
            },
            "properties": {
                "調査時期": "2020_S",
                "都道府県": "東京都",
                "市区町村": "文京区",
                "撮影場所": "東洋大学白山キャンパス１号館屋上",
                "撮影日時": "2020-08-19T20:25:00+09:00",
                "緯度": "35.72305556",
                "経度": "139.75055556",
                "夜空の明るさ": "16.67",
                "ばらつき": "0.15",
                "周辺状況": "商業地域",
                "備考": "",
                "継続観察登録地点": "○"
            }
        },
        {
            "type": "Feature",
            "geometry": {
                "type": "Point",
                "coordinates": [
                    139.67111111,
                    35.70444444
                ]
            },
            "properties": {
                "調査時期": "2020_S",
                "都道府県": "東京都",
                "市区町村": "中野区",
                "撮影場所": "なかのZERO",
                "撮影日時": "2020-08-20T20:09:00+09:00",
                "緯度": "35.70444444",
                "経度": "139.67111111",
                "夜空の明るさ": "16.83",
                "ばらつき": "0.15",
                "周辺状況": "商業地域",
                "備考": "",
                "継続観察登録地点": "○"
            }
        },
        {
            "type": "Feature",
            "geometry": {
                "type": "Point",
                "coordinates": [
                    139.13916667,
                    34.20472222
                ]
            },
            "properties": {
                "調査時期": "2020_S",
                "都道府県": "東京都",
                "市区町村": "神津島村",
                "撮影場所": "神津島村 よたね広場",
                "撮影日時": "2020-08-14T21:51:00+09:00",
                "緯度": "34.20472222",
                "経度": "139.13916667",
                "夜空の明るさ": "21.18",
                "ばらつき": "0.13",
                "周辺状況": "住宅地域",
                "備考": "",
                "継続観察登録地点": "○"
            }
        },
        {
            "type": "Feature",
            "geometry": {
                "type": "Point",
                "coordinates": [
                    139.12666667,
                    34.19861111
                ]
            },
            "properties": {
                "調査時期": "2020_S",
                "都道府県": "東京都",
                "市区町村": "神津島村",
                "撮影場所": "神津島村 ヘリポート",
                "撮影日時": "2020-08-14T21:37:00+09:00",
                "緯度": "34.19861111",
                "経度": "139.12666667",
                "夜空の明るさ": "21.87",
                "ばらつき": "0.39",
                "周辺状況": "農業地域",
                "備考": "",
                "継続観察登録地点": "○"
            }
        },
        {
            "type": "Feature",
            "geometry": {
                "type": "Point",
                "coordinates": [
                    139.14416667,
                    34.19166667
                ]
            },
            "properties": {
                "調査時期": "2020_S",
                "都道府県": "東京都",
                "市区町村": "神津島村",
                "撮影場所": "神津島村 三浦湾展望台",
                "撮影日時": "2020-08-14T21:17:00+09:00",
                "緯度": "34.19166667",
                "経度": "139.14416667",
                "夜空の明るさ": "21.55",
                "ばらつき": "0.18",
                "周辺状況": "その他",
                "備考": "",
                "継続観察登録地点": "○"
            }
        },
        {
            "type": "Feature",
            "geometry": {
                "type": "Point",
                "coordinates": [
                    139.1375,
                    34.23944444
                ]
            },
            "properties": {
                "調査時期": "2020_S",
                "都道府県": "東京都",
                "市区町村": "神津島村",
                "撮影場所": "神津島村 赤崎遊歩道",
                "撮影日時": "2020-08-21T21:31:00+09:00",
                "緯度": "34.23944444",
                "経度": "139.13750000",
                "夜空の明るさ": "21.79",
                "ばらつき": "0.26",
                "周辺状況": "その他",
                "備考": "",
                "継続観察登録地点": "○"
            }
        },
        {
            "type": "Feature",
            "geometry": {
                "type": "Point",
                "coordinates": [
                    139.42222222,
                    35.56638889
                ]
            },
            "properties": {
                "調査時期": "2020_S",
                "都道府県": "東京都",
                "市区町村": "町田市",
                "撮影場所": "",
                "撮影日時": "2020-08-20T20:30:00+09:00",
                "緯度": "35.56638889",
                "経度": "139.42222222",
                "夜空の明るさ": "17.63",
                "ばらつき": "0.09",
                "周辺状況": "",
                "備考": "",
                "継続観察登録地点": ""
            }
        },
        {
            "type": "Feature",
            "geometry": {
                "type": "Point",
                "coordinates": [
                    139.32055556,
                    35.36888889
                ]
            },
            "properties": {
                "調査時期": "2020_S",
                "都道府県": "神奈川県",
                "市区町村": "平塚市",
                "撮影場所": "平塚市岡崎",
                "撮影日時": "2020-08-11T21:01:00+09:00",
                "緯度": "35.36888889",
                "経度": "139.32055556",
                "夜空の明るさ": "18.72",
                "ばらつき": "0.07",
                "周辺状況": "農業地域",
                "備考": "",
                "継続観察登録地点": "○"
            }
        },
        {
            "type": "Feature",
            "geometry": {
                "type": "Point",
                "coordinates": [
                    139.56583333,
                    35.33944444
                ]
            },
            "properties": {
                "調査時期": "2020_S",
                "都道府県": "神奈川県",
                "市区町村": "鎌倉市",
                "撮影場所": "",
                "撮影日時": "2020-08-12T00:13:00+09:00",
                "緯度": "35.33944444",
                "経度": "139.56583333",
                "夜空の明るさ": "18.87",
                "ばらつき": "0.08",
                "周辺状況": "",
                "備考": "観測時間外のため参考値",
                "継続観察登録地点": ""
            }
        },
        {
            "type": "Feature",
            "geometry": {
                "type": "Point",
                "coordinates": [
                    139.3725,
                    35.58111111
                ]
            },
            "properties": {
                "調査時期": "2020_S",
                "都道府県": "神奈川県",
                "市区町村": "相模原市",
                "撮影場所": "",
                "撮影日時": "2020-08-20T20:59:00+09:00",
                "緯度": "35.58111111",
                "経度": "139.37250000",
                "夜空の明るさ": "17.29",
                "ばらつき": "0.10",
                "周辺状況": "",
                "備考": "",
                "継続観察登録地点": ""
            }
        },
        {
            "type": "Feature",
            "geometry": {
                "type": "Point",
                "coordinates": [
                    139.27666667,
                    35.60444444
                ]
            },
            "properties": {
                "調査時期": "2020_S",
                "都道府県": "神奈川県",
                "市区町村": "相模原市",
                "撮影場所": "",
                "撮影日時": "2020-08-20T21:53:00+09:00",
                "緯度": "35.60444444",
                "経度": "139.27666667",
                "夜空の明るさ": "19.06",
                "ばらつき": "0.11",
                "周辺状況": "",
                "備考": "",
                "継続観察登録地点": ""
            }
        },
        {
            "type": "Feature",
            "geometry": {
                "type": "Point",
                "coordinates": [
                    139.37388889,
                    35.53833333
                ]
            },
            "properties": {
                "調査時期": "2020_S",
                "都道府県": "神奈川県",
                "市区町村": "相模原市",
                "撮影場所": "相模原市南区下溝",
                "撮影日時": "2020-08-11T20:30:00+09:00",
                "緯度": "35.53833333",
                "経度": "139.37388889",
                "夜空の明るさ": "17.99",
                "ばらつき": "0.08",
                "周辺状況": "農業地域",
                "備考": "",
                "継続観察登録地点": "○"
            }
        },
        {
            "type": "Feature",
            "geometry": {
                "type": "Point",
                "coordinates": [
                    139.56138889,
                    35.60833333
                ]
            },
            "properties": {
                "調査時期": "2020_S",
                "都道府県": "神奈川県",
                "市区町村": "川崎市",
                "撮影場所": "",
                "撮影日時": "2020-08-15T20:45:00+09:00",
                "緯度": "35.60833333",
                "経度": "139.56138889",
                "夜空の明るさ": "",
                "ばらつき": "",
                "周辺状況": "",
                "備考": "設定エラー測定不可",
                "継続観察登録地点": ""
            }
        },
        {
            "type": "Feature",
            "geometry": {
                "type": "Point",
                "coordinates": [
                    139.65361111,
                    35.56777778
                ]
            },
            "properties": {
                "調査時期": "2020_S",
                "都道府県": "神奈川県",
                "市区町村": "川崎市",
                "撮影場所": "",
                "撮影日時": "2020-08-21T20:16:00+09:00",
                "緯度": "35.56777778",
                "経度": "139.65361111",
                "夜空の明るさ": "16.08",
                "ばらつき": "0.41",
                "周辺状況": "",
                "備考": "",
                "継続観察登録地点": ""
            }
        },
        {
            "type": "Feature",
            "geometry": {
                "type": "Point",
                "coordinates": [
                    139.53361111,
                    35.62027778
                ]
            },
            "properties": {
                "調査時期": "2020_S",
                "都道府県": "神奈川県",
                "市区町村": "川崎市",
                "撮影場所": "",
                "撮影日時": "2020-08-21T22:46:00+09:00",
                "緯度": "35.62027778",
                "経度": "139.53361111",
                "夜空の明るさ": "16.95",
                "ばらつき": "0.00",
                "周辺状況": "",
                "備考": "観測時間外のため参考値",
                "継続観察登録地点": ""
            }
        },
        {
            "type": "Feature",
            "geometry": {
                "type": "Point",
                "coordinates": [
                    139.51888889,
                    35.62166667
                ]
            },
            "properties": {
                "調査時期": "2020_S",
                "都道府県": "神奈川県",
                "市区町村": "川崎市",
                "撮影場所": "",
                "撮影日時": "2020-08-15T21:16:00+09:00",
                "緯度": "35.62166667",
                "経度": "139.51888889",
                "夜空の明るさ": "15.41",
                "ばらつき": "0.14",
                "周辺状況": "",
                "備考": "",
                "継続観察登録地点": ""
            }
        },
        {
            "type": "Feature",
            "geometry": {
                "type": "Point",
                "coordinates": [
                    139.21361111,
                    35.46194444
                ]
            },
            "properties": {
                "調査時期": "2020_S",
                "都道府県": "神奈川県",
                "市区町村": "清川村",
                "撮影場所": "神奈川県清川村内",
                "撮影日時": "2020-08-15T20:13:00+09:00",
                "緯度": "35.46194444",
                "経度": "139.21361111",
                "夜空の明るさ": "19.41",
                "ばらつき": "0.12",
                "周辺状況": "森林山間地",
                "備考": "",
                "継続観察登録地点": "○"
            }
        },
        {
            "type": "Feature",
            "geometry": {
                "type": "Point",
                "coordinates": [
                    139.46944444,
                    35.39805556
                ]
            },
            "properties": {
                "調査時期": "2020_S",
                "都道府県": "神奈川県",
                "市区町村": "藤沢市",
                "撮影場所": "藤沢市内",
                "撮影日時": "2020-08-20T21:30:00+09:00",
                "緯度": "35.39805556",
                "経度": "139.46944444",
                "夜空の明るさ": "17.47",
                "ばらつき": "0.13",
                "周辺状況": "商業地域",
                "備考": "",
                "継続観察登録地点": "○"
            }
        },
        {
            "type": "Feature",
            "geometry": {
                "type": "Point",
                "coordinates": [
                    138.14777778,
                    37.16111111
                ]
            },
            "properties": {
                "調査時期": "2020_S",
                "都道府県": "新潟県",
                "市区町村": "上越市",
                "撮影場所": "",
                "撮影日時": "2020-08-10T21:47:00+09:00",
                "緯度": "37.16111111",
                "経度": "138.14777778",
                "夜空の明るさ": "20.85",
                "ばらつき": "0.12",
                "周辺状況": "",
                "備考": "",
                "継続観察登録地点": ""
            }
        },
        {
            "type": "Feature",
            "geometry": {
                "type": "Point",
                "coordinates": [
                    138.41944444,
                    38.0675
                ]
            },
            "properties": {
                "調査時期": "2020_S",
                "都道府県": "新潟県",
                "市区町村": "佐渡市",
                "撮影場所": "",
                "撮影日時": "2020-08-19T20:04:00+09:00",
                "緯度": "38.06750000",
                "経度": "138.41944444",
                "夜空の明るさ": "20.83",
                "ばらつき": "0.15",
                "周辺状況": "",
                "備考": "",
                "継続観察登録地点": ""
            }
        },
        {
            "type": "Feature",
            "geometry": {
                "type": "Point",
                "coordinates": [
                    138.41861111,
                    38.06055556
                ]
            },
            "properties": {
                "調査時期": "2020_S",
                "都道府県": "新潟県",
                "市区町村": "佐渡市",
                "撮影場所": "",
                "撮影日時": "2020-08-19T20:16:00+09:00",
                "緯度": "38.06055556",
                "経度": "138.41861111",
                "夜空の明るさ": "21.17",
                "ばらつき": "0.15",
                "周辺状況": "",
                "備考": "",
                "継続観察登録地点": ""
            }
        },
        {
            "type": "Feature",
            "geometry": {
                "type": "Point",
                "coordinates": [
                    138.71138889,
                    37.30888889
                ]
            },
            "properties": {
                "調査時期": "2020_S",
                "都道府県": "新潟県",
                "市区町村": "長岡市",
                "撮影場所": "長岡市小国町法坂 せせらぎ公園",
                "撮影日時": "2020-08-18T20:26:00+09:00",
                "緯度": "37.30888889",
                "経度": "138.71138889",
                "夜空の明るさ": "20.89",
                "ばらつき": "0.11",
                "周辺状況": "その他",
                "備考": "",
                "継続観察登録地点": "○"
            }
        },
        {
            "type": "Feature",
            "geometry": {
                "type": "Point",
                "coordinates": [
                    138.6975,
                    37.25694444
                ]
            },
            "properties": {
                "調査時期": "2020_S",
                "都道府県": "新潟県",
                "市区町村": "長岡市",
                "撮影場所": "長岡市小国町原　県道341号沿",
                "撮影日時": "2020-08-18T20:42:00+09:00",
                "緯度": "37.25694444",
                "経度": "138.69750000",
                "夜空の明るさ": "21.10",
                "ばらつき": "0.14",
                "周辺状況": "森林山間地",
                "備考": "",
                "継続観察登録地点": "○"
            }
        },
        {
            "type": "Feature",
            "geometry": {
                "type": "Point",
                "coordinates": [
                    136.99888889,
                    36.89083333
                ]
            },
            "properties": {
                "調査時期": "2020_S",
                "都道府県": "富山県",
                "市区町村": "氷見市",
                "撮影場所": "",
                "撮影日時": "2020-08-14T20:19:00+09:00",
                "緯度": "36.89083333",
                "経度": "136.99888889",
                "夜空の明るさ": "20.50",
                "ばらつき": "0.12",
                "周辺状況": "",
                "備考": "",
                "継続観察登録地点": ""
            }
        },
        {
            "type": "Feature",
            "geometry": {
                "type": "Point",
                "coordinates": [
                    137.55444444,
                    36.64694444
                ]
            },
            "properties": {
                "調査時期": "2020_S",
                "都道府県": "富山県",
                "市区町村": "上市町",
                "撮影場所": "富山県中新川郡上市町伊折　番場島",
                "撮影日時": "2020-08-21T22:27:00+09:00",
                "緯度": "36.64694444",
                "経度": "137.55444444",
                "夜空の明るさ": "21.27",
                "ばらつき": "0.14",
                "周辺状況": "自然公園等",
                "備考": "",
                "継続観察登録地点": "○"
            }
        },
        {
            "type": "Feature",
            "geometry": {
                "type": "Point",
                "coordinates": [
                    137.42527778,
                    36.90138889
                ]
            },
            "properties": {
                "調査時期": "2020_S",
                "都道府県": "富山県",
                "市区町村": "黒部市",
                "撮影場所": "富山県黒部市黒部市吉田科学館",
                "撮影日時": "2020-08-19T20:45:00+09:00",
                "緯度": "36.90138889",
                "経度": "137.42527778",
                "夜空の明るさ": "19.61",
                "ばらつき": "0.10",
                "周辺状況": "住宅地域",
                "備考": "",
                "継続観察登録地点": "○"
            }
        },
        {
            "type": "Feature",
            "geometry": {
                "type": "Point",
                "coordinates": [
                    137.10333333,
                    36.65972222
                ]
            },
            "properties": {
                "調査時期": "2020_S",
                "都道府県": "富山県",
                "市区町村": "富山市",
                "撮影場所": "富山県富山市三熊　古洞ダム付近",
                "撮影日時": "2020-08-23T20:49:00+09:00",
                "緯度": "36.65972222",
                "経度": "137.10333333",
                "夜空の明るさ": "19.47",
                "ばらつき": "0.10",
                "周辺状況": "自然公園等",
                "備考": "",
                "継続観察登録地点": "○"
            }
        },
        {
            "type": "Feature",
            "geometry": {
                "type": "Point",
                "coordinates": [
                    136.70444444,
                    36.71861111
                ]
            },
            "properties": {
                "調査時期": "2020_S",
                "都道府県": "石川県",
                "市区町村": "かほく市",
                "撮影場所": "",
                "撮影日時": "2020-08-14T20:26:00+09:00",
                "緯度": "36.71861111",
                "経度": "136.70444444",
                "夜空の明るさ": "19.39",
                "ばらつき": "0.09",
                "周辺状況": "",
                "備考": "",
                "継続観察登録地点": ""
            }
        },
        {
            "type": "Feature",
            "geometry": {
                "type": "Point",
                "coordinates": [
                    137.13694444,
                    37.335
                ]
            },
            "properties": {
                "調査時期": "2020_S",
                "都道府県": "石川県",
                "市区町村": "能登町",
                "撮影場所": "石川県柳田星の観察館「満天星」 ",
                "撮影日時": "2020-08-10T20:58:00+09:00",
                "緯度": "37.33500000",
                "経度": "137.13694444",
                "夜空の明るさ": "21.82",
                "ばらつき": "0.29",
                "周辺状況": "自然公園等",
                "備考": "",
                "継続観察登録地点": "○"
            }
        },
        {
            "type": "Feature",
            "geometry": {
                "type": "Point",
                "coordinates": [
                    137.13694444,
                    37.335
                ]
            },
            "properties": {
                "調査時期": "2020_S",
                "都道府県": "石川県",
                "市区町村": "能登町",
                "撮影場所": "石川県柳田星の観察館「満天星」 ",
                "撮影日時": "2020-08-14T21:42:00+09:00",
                "緯度": "37.33500000",
                "経度": "137.13694444",
                "夜空の明るさ": "21.78",
                "ばらつき": "0.14",
                "周辺状況": "自然公園等",
                "備考": "",
                "継続観察登録地点": "○"
            }
        },
        {
            "type": "Feature",
            "geometry": {
                "type": "Point",
                "coordinates": [
                    136.29472222,
                    36.0
                ]
            },
            "properties": {
                "調査時期": "2020_S",
                "都道府県": "福井県",
                "市区町村": "福井市",
                "撮影場所": "一乗谷朝倉氏遺跡",
                "撮影日時": "2020-08-14T21:22:00+09:00",
                "緯度": "36.00000000",
                "経度": "136.29472222",
                "夜空の明るさ": "20.55",
                "ばらつき": "0.05",
                "周辺状況": "その他",
                "備考": "",
                "継続観察登録地点": "○"
            }
        },
        {
            "type": "Feature",
            "geometry": {
                "type": "Point",
                "coordinates": [
                    136.64472222,
                    36.07111111
                ]
            },
            "properties": {
                "調査時期": "2020_S",
                "都道府県": "福井県",
                "市区町村": "勝山市",
                "撮影場所": "勝山市北谷町小原集落",
                "撮影日時": "2020-08-19T20:30:00+09:00",
                "緯度": "36.07111111",
                "経度": "136.64472222",
                "夜空の明るさ": "21.45",
                "ばらつき": "0.16",
                "周辺状況": "森林山間地",
                "備考": "",
                "継続観察登録地点": "○"
            }
        },
        {
            "type": "Feature",
            "geometry": {
                "type": "Point",
                "coordinates": [
                    136.59444444,
                    36.08944444
                ]
            },
            "properties": {
                "調査時期": "2020_S",
                "都道府県": "福井県",
                "市区町村": "勝山市",
                "撮影場所": "勝山市北谷町小原集落",
                "撮影日時": "2020-08-14T21:47:00+09:00",
                "緯度": "36.08944444",
                "経度": "136.59444444",
                "夜空の明るさ": "21.38",
                "ばらつき": "0.15",
                "周辺状況": "森林山間地",
                "備考": "",
                "継続観察登録地点": "○"
            }
        },
        {
            "type": "Feature",
            "geometry": {
                "type": "Point",
                "coordinates": [
                    135.57111111,
                    35.39666667
                ]
            },
            "properties": {
                "調査時期": "2020_S",
                "都道府県": "福井県",
                "市区町村": "おおい町",
                "撮影場所": "大飯郡おおい町名田庄納田終",
                "撮影日時": "2020-08-14T20:47:00+09:00",
                "緯度": "35.39666667",
                "経度": "135.57111111",
                "夜空の明るさ": "21.14",
                "ばらつき": "0.26",
                "周辺状況": "森林山間地",
                "備考": "",
                "継続観察登録地点": "○"
            }
        },
        {
            "type": "Feature",
            "geometry": {
                "type": "Point",
                "coordinates": [
                    135.64027778,
                    35.40527778
                ]
            },
            "properties": {
                "調査時期": "2020_S",
                "都道府県": "福井県",
                "市区町村": "おおい町",
                "撮影場所": "大飯郡おおい町名田庄中",
                "撮影日時": "2020-08-14T21:14:00+09:00",
                "緯度": "35.40527778",
                "経度": "135.64027778",
                "夜空の明るさ": "21.01",
                "ばらつき": "0.16",
                "周辺状況": "農業地域",
                "備考": "",
                "継続観察登録地点": "○"
            }
        },
        {
            "type": "Feature",
            "geometry": {
                "type": "Point",
                "coordinates": [
                    135.64027778,
                    35.40527778
                ]
            },
            "properties": {
                "調査時期": "2020_S",
                "都道府県": "福井県",
                "市区町村": "おおい町",
                "撮影場所": "大飯郡おおい町名田庄中",
                "撮影日時": "2020-08-18T20:43:00+09:00",
                "緯度": "35.40527778",
                "経度": "135.64027778",
                "夜空の明るさ": "20.86",
                "ばらつき": "0.10",
                "周辺状況": "農業地域",
                "備考": "",
                "継続観察登録地点": "○"
            }
        },
        {
            "type": "Feature",
            "geometry": {
                "type": "Point",
                "coordinates": [
                    135.64027778,
                    35.40527778
                ]
            },
            "properties": {
                "調査時期": "2020_S",
                "都道府県": "福井県",
                "市区町村": "おおい町",
                "撮影場所": "大飯郡おおい町名田庄中",
                "撮影日時": "2020-08-20T21:40:00+09:00",
                "緯度": "35.40527778",
                "経度": "135.64027778",
                "夜空の明るさ": "20.76",
                "ばらつき": "0.15",
                "周辺状況": "農業地域",
                "備考": "",
                "継続観察登録地点": "○"
            }
        },
        {
            "type": "Feature",
            "geometry": {
                "type": "Point",
                "coordinates": [
                    135.68138889,
                    35.41638889
                ]
            },
            "properties": {
                "調査時期": "2020_S",
                "都道府県": "福井県",
                "市区町村": "おおい町",
                "撮影場所": "大飯郡おおい町名田庄三重",
                "撮影日時": "2020-08-14T21:33:00+09:00",
                "緯度": "35.41638889",
                "経度": "135.68138889",
                "夜空の明るさ": "20.31",
                "ばらつき": "0.17",
                "周辺状況": "農業地域",
                "備考": "",
                "継続観察登録地点": "○"
            }
        },
        {
            "type": "Feature",
            "geometry": {
                "type": "Point",
                "coordinates": [
                    135.68138889,
                    35.41666667
                ]
            },
            "properties": {
                "調査時期": "2020_S",
                "都道府県": "福井県",
                "市区町村": "おおい町",
                "撮影場所": "大飯郡おおい町名田庄三重",
                "撮影日時": "2020-08-20T21:33:00+09:00",
                "緯度": "35.41666667",
                "経度": "135.68138889",
                "夜空の明るさ": "20.69",
                "ばらつき": "0.15",
                "周辺状況": "農業地域",
                "備考": "",
                "継続観察登録地点": "○"
            }
        },
        {
            "type": "Feature",
            "geometry": {
                "type": "Point",
                "coordinates": [
                    135.57111111,
                    35.39638889
                ]
            },
            "properties": {
                "調査時期": "2020_S",
                "都道府県": "福井県",
                "市区町村": "おおい町",
                "撮影場所": "",
                "撮影日時": "2020-08-14T20:46:00+09:00",
                "緯度": "35.39638889",
                "経度": "135.57111111",
                "夜空の明るさ": "21.35",
                "ばらつき": "0.34",
                "周辺状況": "",
                "備考": "",
                "継続観察登録地点": ""
            }
        },
        {
            "type": "Feature",
            "geometry": {
                "type": "Point",
                "coordinates": [
                    135.63944444,
                    35.40555556
                ]
            },
            "properties": {
                "調査時期": "2020_S",
                "都道府県": "福井県",
                "市区町村": "おおい町",
                "撮影場所": "",
                "撮影日時": "2020-08-14T21:14:00+09:00",
                "緯度": "35.40555556",
                "経度": "135.63944444",
                "夜空の明るさ": "21.01",
                "ばらつき": "0.17",
                "周辺状況": "",
                "備考": "",
                "継続観察登録地点": ""
            }
        },
        {
            "type": "Feature",
            "geometry": {
                "type": "Point",
                "coordinates": [
                    135.64083333,
                    35.405
                ]
            },
            "properties": {
                "調査時期": "2020_S",
                "都道府県": "福井県",
                "市区町村": "おおい町",
                "撮影場所": "",
                "撮影日時": "2020-08-14T21:15:00+09:00",
                "緯度": "35.40500000",
                "経度": "135.64083333",
                "夜空の明るさ": "20.93",
                "ばらつき": "0.07",
                "周辺状況": "",
                "備考": "",
                "継続観察登録地点": ""
            }
        },
        {
            "type": "Feature",
            "geometry": {
                "type": "Point",
                "coordinates": [
                    135.73972222,
                    35.47166667
                ]
            },
            "properties": {
                "調査時期": "2020_S",
                "都道府県": "福井県",
                "市区町村": "小浜市",
                "撮影場所": "",
                "撮影日時": "2020-08-14T21:52:00+09:00",
                "緯度": "35.47166667",
                "経度": "135.73972222",
                "夜空の明るさ": "20.12",
                "ばらつき": "0.19",
                "周辺状況": "",
                "備考": "",
                "継続観察登録地点": ""
            }
        },
        {
            "type": "Feature",
            "geometry": {
                "type": "Point",
                "coordinates": [
                    135.73722222,
                    35.50166667
                ]
            },
            "properties": {
                "調査時期": "2020_S",
                "都道府県": "福井県",
                "市区町村": "小浜市",
                "撮影場所": "",
                "撮影日時": "2020-08-16T20:36:00+09:00",
                "緯度": "35.50166667",
                "経度": "135.73722222",
                "夜空の明るさ": "",
                "ばらつき": "",
                "周辺状況": "",
                "備考": "雲量多く測定不可",
                "継続観察登録地点": ""
            }
        },
        {
            "type": "Feature",
            "geometry": {
                "type": "Point",
                "coordinates": [
                    135.82972222,
                    35.48888889
                ]
            },
            "properties": {
                "調査時期": "2020_S",
                "都道府県": "福井県",
                "市区町村": "小浜市",
                "撮影場所": "",
                "撮影日時": "2020-08-20T20:57:00+09:00",
                "緯度": "35.48888889",
                "経度": "135.82972222",
                "夜空の明るさ": "20.71",
                "ばらつき": "0.19",
                "周辺状況": "",
                "備考": "",
                "継続観察登録地点": ""
            }
        },
        {
            "type": "Feature",
            "geometry": {
                "type": "Point",
                "coordinates": [
                    136.58222222,
                    36.02111111
                ]
            },
            "properties": {
                "調査時期": "2020_S",
                "都道府県": "福井県",
                "市区町村": "大野市",
                "撮影場所": "福井県自然保護センター観察棟",
                "撮影日時": "2020-08-14T21:15:00+09:00",
                "緯度": "36.02111111",
                "経度": "136.58222222",
                "夜空の明るさ": "21.17",
                "ばらつき": "0.12",
                "周辺状況": "自然公園等",
                "備考": "",
                "継続観察登録地点": "○"
            }
        },
        {
            "type": "Feature",
            "geometry": {
                "type": "Point",
                "coordinates": [
                    136.58222222,
                    36.02111111
                ]
            },
            "properties": {
                "調査時期": "2020_S",
                "都道府県": "福井県",
                "市区町村": "大野市",
                "撮影場所": "福井県自然保護センター観察棟",
                "撮影日時": "2020-08-14T21:30:00+09:00",
                "緯度": "36.02111111",
                "経度": "136.58222222",
                "夜空の明るさ": "21.09",
                "ばらつき": "0.11",
                "周辺状況": "自然公園等",
                "備考": "",
                "継続観察登録地点": "○"
            }
        },
        {
            "type": "Feature",
            "geometry": {
                "type": "Point",
                "coordinates": [
                    136.58222222,
                    36.02111111
                ]
            },
            "properties": {
                "調査時期": "2020_S",
                "都道府県": "福井県",
                "市区町村": "大野市",
                "撮影場所": "福井県自然保護センター観察棟",
                "撮影日時": "2020-08-14T21:45:00+09:00",
                "緯度": "36.02111111",
                "経度": "136.58222222",
                "夜空の明るさ": "21.10",
                "ばらつき": "0.15",
                "周辺状況": "自然公園等",
                "備考": "",
                "継続観察登録地点": "○"
            }
        },
        {
            "type": "Feature",
            "geometry": {
                "type": "Point",
                "coordinates": [
                    136.58222222,
                    36.02111111
                ]
            },
            "properties": {
                "調査時期": "2020_S",
                "都道府県": "福井県",
                "市区町村": "大野市",
                "撮影場所": "福井県自然保護センター観察棟",
                "撮影日時": "2020-08-14T22:00:00+09:00",
                "緯度": "36.02111111",
                "経度": "136.58222222",
                "夜空の明るさ": "21.12",
                "ばらつき": "0.18",
                "周辺状況": "自然公園等",
                "備考": "",
                "継続観察登録地点": "○"
            }
        },
        {
            "type": "Feature",
            "geometry": {
                "type": "Point",
                "coordinates": [
                    136.58222222,
                    36.02111111
                ]
            },
            "properties": {
                "調査時期": "2020_S",
                "都道府県": "福井県",
                "市区町村": "大野市",
                "撮影場所": "福井県自然保護センター観察棟",
                "撮影日時": "2020-08-20T21:23:00+09:00",
                "緯度": "36.02111111",
                "経度": "136.58222222",
                "夜空の明るさ": "20.81",
                "ばらつき": "0.16",
                "周辺状況": "自然公園等",
                "備考": "",
                "継続観察登録地点": "○"
            }
        },
        {
            "type": "Feature",
            "geometry": {
                "type": "Point",
                "coordinates": [
                    136.58222222,
                    36.02111111
                ]
            },
            "properties": {
                "調査時期": "2020_S",
                "都道府県": "福井県",
                "市区町村": "大野市",
                "撮影場所": "福井県自然保護センター観察棟",
                "撮影日時": "2020-08-20T22:02:00+09:00",
                "緯度": "36.02111111",
                "経度": "136.58222222",
                "夜空の明るさ": "20.97",
                "ばらつき": "0.10",
                "周辺状況": "自然公園等",
                "備考": "",
                "継続観察登録地点": "○"
            }
        },
        {
            "type": "Feature",
            "geometry": {
                "type": "Point",
                "coordinates": [
                    136.58222222,
                    36.02111111
                ]
            },
            "properties": {
                "調査時期": "2020_S",
                "都道府県": "福井県",
                "市区町村": "大野市",
                "撮影場所": "福井県自然保護センター観察棟",
                "撮影日時": "2020-08-14T21:15:00+09:00",
                "緯度": "36.02111111",
                "経度": "136.58222222",
                "夜空の明るさ": "21.12",
                "ばらつき": "0.17",
                "周辺状況": "自然公園等",
                "備考": "",
                "継続観察登録地点": "○"
            }
        },
        {
            "type": "Feature",
            "geometry": {
                "type": "Point",
                "coordinates": [
                    136.58222222,
                    36.02111111
                ]
            },
            "properties": {
                "調査時期": "2020_S",
                "都道府県": "福井県",
                "市区町村": "大野市",
                "撮影場所": "福井県自然保護センター観察棟",
                "撮影日時": "2020-08-14T21:30:00+09:00",
                "緯度": "36.02111111",
                "経度": "136.58222222",
                "夜空の明るさ": "21.09",
                "ばらつき": "0.11",
                "周辺状況": "自然公園等",
                "備考": "",
                "継続観察登録地点": "○"
            }
        },
        {
            "type": "Feature",
            "geometry": {
                "type": "Point",
                "coordinates": [
                    136.58222222,
                    36.02111111
                ]
            },
            "properties": {
                "調査時期": "2020_S",
                "都道府県": "福井県",
                "市区町村": "大野市",
                "撮影場所": "福井県自然保護センター観察棟",
                "撮影日時": "2020-08-14T21:45:00+09:00",
                "緯度": "36.02111111",
                "経度": "136.58222222",
                "夜空の明るさ": "21.07",
                "ばらつき": "0.15",
                "周辺状況": "自然公園等",
                "備考": "",
                "継続観察登録地点": "○"
            }
        },
        {
            "type": "Feature",
            "geometry": {
                "type": "Point",
                "coordinates": [
                    136.58222222,
                    36.02111111
                ]
            },
            "properties": {
                "調査時期": "2020_S",
                "都道府県": "福井県",
                "市区町村": "大野市",
                "撮影場所": "福井県自然保護センター観察棟",
                "撮影日時": "2020-08-14T22:00:00+09:00",
                "緯度": "36.02111111",
                "経度": "136.58222222",
                "夜空の明るさ": "21.12",
                "ばらつき": "0.21",
                "周辺状況": "自然公園等",
                "備考": "",
                "継続観察登録地点": "○"
            }
        },
        {
            "type": "Feature",
            "geometry": {
                "type": "Point",
                "coordinates": [
                    136.58222222,
                    36.02111111
                ]
            },
            "properties": {
                "調査時期": "2020_S",
                "都道府県": "福井県",
                "市区町村": "大野市",
                "撮影場所": "福井県自然保護センター観察棟",
                "撮影日時": "2020-08-20T21:23:00+09:00",
                "緯度": "36.02111111",
                "経度": "136.58222222",
                "夜空の明るさ": "20.82",
                "ばらつき": "0.15",
                "周辺状況": "自然公園等",
                "備考": "",
                "継続観察登録地点": "○"
            }
        },
        {
            "type": "Feature",
            "geometry": {
                "type": "Point",
                "coordinates": [
                    136.58222222,
                    36.02111111
                ]
            },
            "properties": {
                "調査時期": "2020_S",
                "都道府県": "福井県",
                "市区町村": "大野市",
                "撮影場所": "福井県自然保護センター観察棟",
                "撮影日時": "2020-08-20T22:02:00+09:00",
                "緯度": "36.02111111",
                "経度": "136.58222222",
                "夜空の明るさ": "20.97",
                "ばらつき": "0.10",
                "周辺状況": "自然公園等",
                "備考": "",
                "継続観察登録地点": "○"
            }
        },
        {
            "type": "Feature",
            "geometry": {
                "type": "Point",
                "coordinates": [
                    136.58222222,
                    36.02111111
                ]
            },
            "properties": {
                "調査時期": "2020_S",
                "都道府県": "福井県",
                "市区町村": "大野市",
                "撮影場所": "福井県自然保護センター観察棟",
                "撮影日時": "2020-08-14T21:20:00+09:00",
                "緯度": "36.02111111",
                "経度": "136.58222222",
                "夜空の明るさ": "21.07",
                "ばらつき": "0.12",
                "周辺状況": "自然公園等",
                "備考": "",
                "継続観察登録地点": "○"
            }
        },
        {
            "type": "Feature",
            "geometry": {
                "type": "Point",
                "coordinates": [
                    136.58222222,
                    36.02111111
                ]
            },
            "properties": {
                "調査時期": "2020_S",
                "都道府県": "福井県",
                "市区町村": "大野市",
                "撮影場所": "福井県自然保護センター観察棟",
                "撮影日時": "2020-08-14T21:17:00+09:00",
                "緯度": "36.02111111",
                "経度": "136.58222222",
                "夜空の明るさ": "",
                "ばらつき": "",
                "周辺状況": "自然公園等",
                "備考": "カメラブレ測定不可",
                "継続観察登録地点": "○"
            }
        },
        {
            "type": "Feature",
            "geometry": {
                "type": "Point",
                "coordinates": [
                    136.58222222,
                    36.02111111
                ]
            },
            "properties": {
                "調査時期": "2020_S",
                "都道府県": "福井県",
                "市区町村": "大野市",
                "撮影場所": "福井県自然保護センター観察棟",
                "撮影日時": "2020-08-14T21:14:00+09:00",
                "緯度": "36.02111111",
                "経度": "136.58222222",
                "夜空の明るさ": "21.12",
                "ばらつき": "0.09",
                "周辺状況": "自然公園等",
                "備考": "",
                "継続観察登録地点": "○"
            }
        },
        {
            "type": "Feature",
            "geometry": {
                "type": "Point",
                "coordinates": [
                    136.51277778,
                    35.96722222
                ]
            },
            "properties": {
                "調査時期": "2020_S",
                "都道府県": "福井県",
                "市区町村": "大野市",
                "撮影場所": "大野市下据",
                "撮影日時": "2020-08-14T21:02:00+09:00",
                "緯度": "35.96722222",
                "経度": "136.51277778",
                "夜空の明るさ": "20.84",
                "ばらつき": "0.10",
                "周辺状況": "農業地域",
                "備考": "",
                "継続観察登録地点": "○"
            }
        },
        {
            "type": "Feature",
            "geometry": {
                "type": "Point",
                "coordinates": [
                    136.47972222,
                    36.01777778
                ]
            },
            "properties": {
                "調査時期": "2020_S",
                "都道府県": "福井県",
                "市区町村": "大野市",
                "撮影場所": "大矢戸天文台",
                "撮影日時": "2020-08-14T21:26:00+09:00",
                "緯度": "36.01777778",
                "経度": "136.47972222",
                "夜空の明るさ": "21.01",
                "ばらつき": "0.13",
                "周辺状況": "森林山間地",
                "備考": "",
                "継続観察登録地点": "○"
            }
        },
        {
            "type": "Feature",
            "geometry": {
                "type": "Point",
                "coordinates": [
                    136.58305556,
                    36.02027778
                ]
            },
            "properties": {
                "調査時期": "2020_S",
                "都道府県": "福井県",
                "市区町村": "大野市",
                "撮影場所": "六呂師自然保護センター第２駐車場",
                "撮影日時": "2020-08-14T21:51:00+09:00",
                "緯度": "36.02027778",
                "経度": "136.58305556",
                "夜空の明るさ": "21.40",
                "ばらつき": "0.14",
                "周辺状況": "自然公園等",
                "備考": "",
                "継続観察登録地点": "○"
            }
        },
        {
            "type": "Feature",
            "geometry": {
                "type": "Point",
                "coordinates": [
                    138.73027778,
                    35.52416667
                ]
            },
            "properties": {
                "調査時期": "2020_S",
                "都道府県": "山梨県",
                "市区町村": "富士河口湖町",
                "撮影場所": "南都留郡富士河口湖町大石",
                "撮影日時": "2020-08-11T21:02:00+09:00",
                "緯度": "35.52416667",
                "経度": "138.73027778",
                "夜空の明るさ": "20.69",
                "ばらつき": "0.11",
                "周辺状況": "農業地域",
                "備考": "",
                "継続観察登録地点": "○"
            }
        },
        {
            "type": "Feature",
            "geometry": {
                "type": "Point",
                "coordinates": [
                    138.63944444,
                    35.40777778
                ]
            },
            "properties": {
                "調査時期": "2020_S",
                "都道府県": "山梨県",
                "市区町村": "富士河口湖町",
                "撮影場所": "",
                "撮影日時": "2020-08-21T20:13:00+09:00",
                "緯度": "35.40777778",
                "経度": "138.63944444",
                "夜空の明るさ": "19.46",
                "ばらつき": "0.11",
                "周辺状況": "",
                "備考": "",
                "継続観察登録地点": ""
            }
        },
        {
            "type": "Feature",
            "geometry": {
                "type": "Point",
                "coordinates": [
                    138.76722222,
                    35.45666667
                ]
            },
            "properties": {
                "調査時期": "2020_S",
                "都道府県": "山梨県",
                "市区町村": "富士吉田市",
                "撮影場所": "富士北麓公園駐車場",
                "撮影日時": "2020-08-15T20:05:00+09:00",
                "緯度": "35.45666667",
                "経度": "138.76722222",
                "夜空の明るさ": "20.08",
                "ばらつき": "0.08",
                "周辺状況": "自然公園等",
                "備考": "",
                "継続観察登録地点": "○"
            }
        },
        {
            "type": "Feature",
            "geometry": {
                "type": "Point",
                "coordinates": [
                    138.80444444,
                    35.45583333
                ]
            },
            "properties": {
                "調査時期": "2020_S",
                "都道府県": "山梨県",
                "市区町村": "富士吉田市",
                "撮影場所": "富士散策公園",
                "撮影日時": "2020-08-15T20:21:00+09:00",
                "緯度": "35.45583333",
                "経度": "138.80444444",
                "夜空の明るさ": "19.23",
                "ばらつき": "0.13",
                "周辺状況": "自然公園等",
                "備考": "",
                "継続観察登録地点": "○"
            }
        },
        {
            "type": "Feature",
            "geometry": {
                "type": "Point",
                "coordinates": [
                    138.81805556,
                    35.48472222
                ]
            },
            "properties": {
                "調査時期": "2020_S",
                "都道府県": "山梨県",
                "市区町村": "富士吉田市",
                "撮影場所": "富士吉田市大明見地内",
                "撮影日時": "2020-08-15T20:32:00+09:00",
                "緯度": "35.48472222",
                "経度": "138.81805556",
                "夜空の明るさ": "19.20",
                "ばらつき": "0.12",
                "周辺状況": "住宅地域",
                "備考": "",
                "継続観察登録地点": "○"
            }
        },
        {
            "type": "Feature",
            "geometry": {
                "type": "Point",
                "coordinates": [
                    138.31694444,
                    35.78805556
                ]
            },
            "properties": {
                "調査時期": "2020_S",
                "都道府県": "山梨県",
                "市区町村": "北杜市",
                "撮影場所": "北杜市白州町横手",
                "撮影日時": "2020-08-15T21:40:00+09:00",
                "緯度": "35.78805556",
                "経度": "138.31694444",
                "夜空の明るさ": "21.13",
                "ばらつき": "0.17",
                "周辺状況": "農業地域",
                "備考": "",
                "継続観察登録地点": "○"
            }
        },
        {
            "type": "Feature",
            "geometry": {
                "type": "Point",
                "coordinates": [
                    138.42861111,
                    35.80083333
                ]
            },
            "properties": {
                "調査時期": "2020_S",
                "都道府県": "山梨県",
                "市区町村": "北杜市",
                "撮影場所": "",
                "撮影日時": "2020-08-12T20:59:00+09:00",
                "緯度": "35.80083333",
                "経度": "138.42861111",
                "夜空の明るさ": "20.41",
                "ばらつき": "0.11",
                "周辺状況": "",
                "備考": "",
                "継続観察登録地点": ""
            }
        },
        {
            "type": "Feature",
            "geometry": {
                "type": "Point",
                "coordinates": [
                    138.94916667,
                    35.7275
                ]
            },
            "properties": {
                "調査時期": "2020_S",
                "都道府県": "山梨県",
                "市区町村": "小菅村",
                "撮影場所": "",
                "撮影日時": "2020-08-15T20:56:00+09:00",
                "緯度": "35.72750000",
                "経度": "138.94916667",
                "夜空の明るさ": "20.72",
                "ばらつき": "0.13",
                "周辺状況": "",
                "備考": "",
                "継続観察登録地点": ""
            }
        },
        {
            "type": "Feature",
            "geometry": {
                "type": "Point",
                "coordinates": [
                    138.94027778,
                    35.76333333
                ]
            },
            "properties": {
                "調査時期": "2020_S",
                "都道府県": "山梨県",
                "市区町村": "小菅村",
                "撮影場所": "北都留郡小菅村 小菅村ヘリポート",
                "撮影日時": "2020-08-19T20:31:00+09:00",
                "緯度": "35.76333333",
                "経度": "138.94027778",
                "夜空の明るさ": "20.29",
                "ばらつき": "0.05",
                "周辺状況": "森林山間地",
                "備考": "",
                "継続観察登録地点": "○"
            }
        },
        {
            "type": "Feature",
            "geometry": {
                "type": "Point",
                "coordinates": [
                    138.97805556,
                    35.78527778
                ]
            },
            "properties": {
                "調査時期": "2020_S",
                "都道府県": "山梨県",
                "市区町村": "丹波山村",
                "撮影場所": "北都留郡小菅村 小菅村ヘリポート",
                "撮影日時": "2020-08-19T21:06:00+09:00",
                "緯度": "35.78527778",
                "経度": "138.97805556",
                "夜空の明るさ": "20.32",
                "ばらつき": "0.15",
                "周辺状況": "森林山間地",
                "備考": "",
                "継続観察登録地点": "○"
            }
        },
        {
            "type": "Feature",
            "geometry": {
                "type": "Point",
                "coordinates": [
                    138.87055556,
                    35.45555556
                ]
            },
            "properties": {
                "調査時期": "2020_S",
                "都道府県": "山梨県",
                "市区町村": "忍野村",
                "撮影場所": "",
                "撮影日時": "2020-08-21T21:29:00+09:00",
                "緯度": "35.45555556",
                "経度": "138.87055556",
                "夜空の明るさ": "17.92",
                "ばらつき": "0.26",
                "周辺状況": "",
                "備考": "",
                "継続観察登録地点": ""
            }
        },
        {
            "type": "Feature",
            "geometry": {
                "type": "Point",
                "coordinates": [
                    137.98777778,
                    35.89944444
                ]
            },
            "properties": {
                "調査時期": "2020_S",
                "都道府県": "長野県",
                "市区町村": "箕輪町",
                "撮影場所": "JR木ノ下駅周辺",
                "撮影日時": "2020-08-10T21:01:00+09:00",
                "緯度": "35.89944444",
                "経度": "137.98777778",
                "夜空の明るさ": "19.94",
                "ばらつき": "0.09",
                "周辺状況": "住宅地域",
                "備考": "",
                "継続観察登録地点": "○"
            }
        },
        {
            "type": "Feature",
            "geometry": {
                "type": "Point",
                "coordinates": [
                    137.99916667,
                    35.91027778
                ]
            },
            "properties": {
                "調査時期": "2020_S",
                "都道府県": "長野県",
                "市区町村": "箕輪町",
                "撮影場所": "",
                "撮影日時": "2020-08-10T20:19:00+09:00",
                "緯度": "35.91027778",
                "経度": "137.99916667",
                "夜空の明るさ": "20.27",
                "ばらつき": "0.09",
                "周辺状況": "",
                "備考": "",
                "継続観察登録地点": ""
            }
        },
        {
            "type": "Feature",
            "geometry": {
                "type": "Point",
                "coordinates": [
                    138.03083333,
                    35.92972222
                ]
            },
            "properties": {
                "調査時期": "2020_S",
                "都道府県": "長野県",
                "市区町村": "箕輪町",
                "撮影場所": "",
                "撮影日時": "2020-08-19T20:02:00+09:00",
                "緯度": "35.92972222",
                "経度": "138.03083333",
                "夜空の明るさ": "20.23",
                "ばらつき": "0.13",
                "周辺状況": "",
                "備考": "",
                "継続観察登録地点": ""
            }
        },
        {
            "type": "Feature",
            "geometry": {
                "type": "Point",
                "coordinates": [
                    138.005,
                    35.88777778
                ]
            },
            "properties": {
                "調査時期": "2020_S",
                "都道府県": "長野県",
                "市区町村": "箕輪町",
                "撮影場所": "",
                "撮影日時": "2020-08-19T20:34:00+09:00",
                "緯度": "35.88777778",
                "経度": "138.00500000",
                "夜空の明るさ": "19.35",
                "ばらつき": "0.14",
                "周辺状況": "",
                "備考": "",
                "継続観察登録地点": ""
            }
        },
        {
            "type": "Feature",
            "geometry": {
                "type": "Point",
                "coordinates": [
                    138.05305556,
                    35.83666667
                ]
            },
            "properties": {
                "調査時期": "2020_S",
                "都道府県": "長野県",
                "市区町村": "伊那市",
                "撮影場所": "",
                "撮影日時": "2020-08-10T20:52:00+09:00",
                "緯度": "35.83666667",
                "経度": "138.05305556",
                "夜空の明るさ": "21.01",
                "ばらつき": "0.16",
                "周辺状況": "",
                "備考": "",
                "継続観察登録地点": ""
            }
        },
        {
            "type": "Feature",
            "geometry": {
                "type": "Point",
                "coordinates": [
                    138.08222222,
                    35.79166667
                ]
            },
            "properties": {
                "調査時期": "2020_S",
                "都道府県": "長野県",
                "市区町村": "伊那市",
                "撮影場所": "",
                "撮影日時": "2020-08-10T21:15:00+09:00",
                "緯度": "35.79166667",
                "経度": "138.08222222",
                "夜空の明るさ": "21.50",
                "ばらつき": "0.22",
                "周辺状況": "",
                "備考": "",
                "継続観察登録地点": ""
            }
        },
        {
            "type": "Feature",
            "geometry": {
                "type": "Point",
                "coordinates": [
                    138.07638889,
                    35.76777778
                ]
            },
            "properties": {
                "調査時期": "2020_S",
                "都道府県": "長野県",
                "市区町村": "伊那市",
                "撮影場所": "",
                "撮影日時": "2020-08-10T21:30:00+09:00",
                "緯度": "35.76777778",
                "経度": "138.07638889",
                "夜空の明るさ": "21.43",
                "ばらつき": "0.19",
                "周辺状況": "",
                "備考": "",
                "継続観察登録地点": ""
            }
        },
        {
            "type": "Feature",
            "geometry": {
                "type": "Point",
                "coordinates": [
                    138.06694444,
                    35.69972222
                ]
            },
            "properties": {
                "調査時期": "2020_S",
                "都道府県": "長野県",
                "市区町村": "伊那市",
                "撮影場所": "",
                "撮影日時": "2020-08-10T21:52:00+09:00",
                "緯度": "35.69972222",
                "経度": "138.06694444",
                "夜空の明るさ": "21.64",
                "ばらつき": "0.12",
                "周辺状況": "",
                "備考": "",
                "継続観察登録地点": ""
            }
        },
        {
            "type": "Feature",
            "geometry": {
                "type": "Point",
                "coordinates": [
                    137.92694444,
                    35.87416667
                ]
            },
            "properties": {
                "調査時期": "2020_S",
                "都道府県": "長野県",
                "市区町村": "伊那市",
                "撮影場所": "伊那市西箕輪 中条地区",
                "撮影日時": "2020-08-14T20:14:00+09:00",
                "緯度": "35.87416667",
                "経度": "137.92694444",
                "夜空の明るさ": "20.62",
                "ばらつき": "0.10",
                "周辺状況": "農業地域",
                "備考": "",
                "継続観察登録地点": "○"
            }
        },
        {
            "type": "Feature",
            "geometry": {
                "type": "Point",
                "coordinates": [
                    137.96,
                    35.83027778
                ]
            },
            "properties": {
                "調査時期": "2020_S",
                "都道府県": "長野県",
                "市区町村": "伊那市",
                "撮影場所": "",
                "撮影日時": "2020-08-10T20:37:00+09:00",
                "緯度": "35.83027778",
                "経度": "137.96000000",
                "夜空の明るさ": "19.86",
                "ばらつき": "0.10",
                "周辺状況": "",
                "備考": "",
                "継続観察登録地点": ""
            }
        },
        {
            "type": "Feature",
            "geometry": {
                "type": "Point",
                "coordinates": [
                    138.17083333,
                    35.9025
                ]
            },
            "properties": {
                "調査時期": "2020_S",
                "都道府県": "長野県",
                "市区町村": "伊那市",
                "撮影場所": "マナスル山荘天文館コテージ広場",
                "撮影日時": "2020-08-14T22:41:00+09:00",
                "緯度": "35.90250000",
                "経度": "138.17083333",
                "夜空の明るさ": "21.29",
                "ばらつき": "0.11",
                "周辺状況": "森林山間地",
                "備考": "観測時間外のため参考値",
                "継続観察登録地点": "○"
            }
        },
        {
            "type": "Feature",
            "geometry": {
                "type": "Point",
                "coordinates": [
                    137.975,
                    36.10111111
                ]
            },
            "properties": {
                "調査時期": "2020_S",
                "都道府県": "長野県",
                "市区町村": "塩尻市",
                "撮影場所": "塩尻東地区センター",
                "撮影日時": "2020-08-10T20:59:00+09:00",
                "緯度": "36.10111111",
                "経度": "137.97500000",
                "夜空の明るさ": "19.90",
                "ばらつき": "0.11",
                "周辺状況": "農業地域",
                "備考": "",
                "継続観察登録地点": "○"
            }
        },
        {
            "type": "Feature",
            "geometry": {
                "type": "Point",
                "coordinates": [
                    137.92222222,
                    36.15611111
                ]
            },
            "properties": {
                "調査時期": "2020_S",
                "都道府県": "長野県",
                "市区町村": "塩尻市",
                "撮影場所": "",
                "撮影日時": "2020-08-10T20:34:00+09:00",
                "緯度": "36.15611111",
                "経度": "137.92222222",
                "夜空の明るさ": "19.65",
                "ばらつき": "0.11",
                "周辺状況": "",
                "備考": "",
                "継続観察登録地点": ""
            }
        },
        {
            "type": "Feature",
            "geometry": {
                "type": "Point",
                "coordinates": [
                    137.94638889,
                    36.16472222
                ]
            },
            "properties": {
                "調査時期": "2020_S",
                "都道府県": "長野県",
                "市区町村": "塩尻市",
                "撮影場所": "",
                "撮影日時": "2020-08-10T21:07:00+09:00",
                "緯度": "36.16472222",
                "経度": "137.94638889",
                "夜空の明るさ": "19.31",
                "ばらつき": "0.16",
                "周辺状況": "",
                "備考": "",
                "継続観察登録地点": ""
            }
        },
        {
            "type": "Feature",
            "geometry": {
                "type": "Point",
                "coordinates": [
                    137.94444444,
                    36.15305556
                ]
            },
            "properties": {
                "調査時期": "2020_S",
                "都道府県": "長野県",
                "市区町村": "塩尻市",
                "撮影場所": "",
                "撮影日時": "2020-08-10T21:21:00+09:00",
                "緯度": "36.15305556",
                "経度": "137.94444444",
                "夜空の明るさ": "19.32",
                "ばらつき": "0.12",
                "周辺状況": "",
                "備考": "",
                "継続観察登録地点": ""
            }
        },
        {
            "type": "Feature",
            "geometry": {
                "type": "Point",
                "coordinates": [
                    137.98805556,
                    36.10583333
                ]
            },
            "properties": {
                "調査時期": "2020_S",
                "都道府県": "長野県",
                "市区町村": "塩尻市",
                "撮影場所": "",
                "撮影日時": "2020-08-13T20:14:00+09:00",
                "緯度": "36.10583333",
                "経度": "137.98805556",
                "夜空の明るさ": "19.80",
                "ばらつき": "0.09",
                "周辺状況": "",
                "備考": "",
                "継続観察登録地点": ""
            }
        },
        {
            "type": "Feature",
            "geometry": {
                "type": "Point",
                "coordinates": [
                    137.99805556,
                    36.09277778
                ]
            },
            "properties": {
                "調査時期": "2020_S",
                "都道府県": "長野県",
                "市区町村": "塩尻市",
                "撮影場所": "",
                "撮影日時": "2020-08-13T21:01:00+09:00",
                "緯度": "36.09277778",
                "経度": "137.99805556",
                "夜空の明るさ": "19.92",
                "ばらつき": "0.16",
                "周辺状況": "",
                "備考": "",
                "継続観察登録地点": ""
            }
        },
        {
            "type": "Feature",
            "geometry": {
                "type": "Point",
                "coordinates": [
                    137.98972222,
                    36.09361111
                ]
            },
            "properties": {
                "調査時期": "2020_S",
                "都道府県": "長野県",
                "市区町村": "塩尻市",
                "撮影場所": "",
                "撮影日時": "2020-08-13T21:16:00+09:00",
                "緯度": "36.09361111",
                "経度": "137.98972222",
                "夜空の明るさ": "19.46",
                "ばらつき": "0.40",
                "周辺状況": "",
                "備考": "",
                "継続観察登録地点": ""
            }
        },
        {
            "type": "Feature",
            "geometry": {
                "type": "Point",
                "coordinates": [
                    137.95333333,
                    36.11527778
                ]
            },
            "properties": {
                "調査時期": "2020_S",
                "都道府県": "長野県",
                "市区町村": "塩尻市",
                "撮影場所": "塩尻市役所北側駐車場",
                "撮影日時": "2020-08-13T21:54:00+09:00",
                "緯度": "36.11527778",
                "経度": "137.95333333",
                "夜空の明るさ": "19.26",
                "ばらつき": "0.03",
                "周辺状況": "住宅地域",
                "備考": "",
                "継続観察登録地点": "○"
            }
        },
        {
            "type": "Feature",
            "geometry": {
                "type": "Point",
                "coordinates": [
                    137.96916667,
                    36.09777778
                ]
            },
            "properties": {
                "調査時期": "2020_S",
                "都道府県": "長野県",
                "市区町村": "塩尻市",
                "撮影場所": "",
                "撮影日時": "2020-08-13T22:16:00+09:00",
                "緯度": "36.09777778",
                "経度": "137.96916667",
                "夜空の明るさ": "20.15",
                "ばらつき": "0.00",
                "周辺状況": "",
                "備考": "",
                "継続観察登録地点": ""
            }
        },
        {
            "type": "Feature",
            "geometry": {
                "type": "Point",
                "coordinates": [
                    137.94277778,
                    36.10416667
                ]
            },
            "properties": {
                "調査時期": "2020_S",
                "都道府県": "長野県",
                "市区町村": "塩尻市",
                "撮影場所": "",
                "撮影日時": "2020-08-14T21:06:00+09:00",
                "緯度": "36.10416667",
                "経度": "137.94277778",
                "夜空の明るさ": "20.07",
                "ばらつき": "0.11",
                "周辺状況": "",
                "備考": "",
                "継続観察登録地点": ""
            }
        },
        {
            "type": "Feature",
            "geometry": {
                "type": "Point",
                "coordinates": [
                    137.9,
                    36.06444444
                ]
            },
            "properties": {
                "調査時期": "2020_S",
                "都道府県": "長野県",
                "市区町村": "塩尻市",
                "撮影場所": "",
                "撮影日時": "2020-08-14T21:19:00+09:00",
                "緯度": "36.06444444",
                "経度": "137.90000000",
                "夜空の明るさ": "21.01",
                "ばらつき": "0.13",
                "周辺状況": "",
                "備考": "",
                "継続観察登録地点": ""
            }
        },
        {
            "type": "Feature",
            "geometry": {
                "type": "Point",
                "coordinates": [
                    138.0375,
                    36.13472222
                ]
            },
            "properties": {
                "調査時期": "2020_S",
                "都道府県": "長野県",
                "市区町村": "塩尻市",
                "撮影場所": "",
                "撮影日時": "2020-08-14T20:08:00+09:00",
                "緯度": "36.13472222",
                "経度": "138.03750000",
                "夜空の明るさ": "20.77",
                "ばらつき": "0.07",
                "周辺状況": "",
                "備考": "",
                "継続観察登録地点": ""
            }
        },
        {
            "type": "Feature",
            "geometry": {
                "type": "Point",
                "coordinates": [
                    138.00361111,
                    36.07138889
                ]
            },
            "properties": {
                "調査時期": "2020_S",
                "都道府県": "長野県",
                "市区町村": "塩尻市",
                "撮影場所": "いこいの森公園",
                "撮影日時": "2020-08-14T21:21:00+09:00",
                "緯度": "36.07138889",
                "経度": "138.00361111",
                "夜空の明るさ": "19.49",
                "ばらつき": "0.75",
                "周辺状況": "自然公園等",
                "備考": "",
                "継続観察登録地点": "○"
            }
        },
        {
            "type": "Feature",
            "geometry": {
                "type": "Point",
                "coordinates": [
                    138.00361111,
                    36.07138889
                ]
            },
            "properties": {
                "調査時期": "2020_S",
                "都道府県": "長野県",
                "市区町村": "塩尻市",
                "撮影場所": "いこいの森公園",
                "撮影日時": "2020-08-15T20:15:00+09:00",
                "緯度": "36.07138889",
                "経度": "138.00361111",
                "夜空の明るさ": "20.44",
                "ばらつき": "0.10",
                "周辺状況": "自然公園等",
                "備考": "",
                "継続観察登録地点": "○"
            }
        },
        {
            "type": "Feature",
            "geometry": {
                "type": "Point",
                "coordinates": [
                    137.96916667,
                    36.05166667
                ]
            },
            "properties": {
                "調査時期": "2020_S",
                "都道府県": "長野県",
                "市区町村": "塩尻市",
                "撮影場所": "",
                "撮影日時": "2020-08-14T21:44:00+09:00",
                "緯度": "36.05166667",
                "経度": "137.96916667",
                "夜空の明るさ": "19.69",
                "ばらつき": "0.65",
                "周辺状況": "",
                "備考": "",
                "継続観察登録地点": ""
            }
        },
        {
            "type": "Feature",
            "geometry": {
                "type": "Point",
                "coordinates": [
                    137.9425,
                    36.10361111
                ]
            },
            "properties": {
                "調査時期": "2020_S",
                "都道府県": "長野県",
                "市区町村": "塩尻市",
                "撮影場所": "平出遺跡公園",
                "撮影日時": "2020-08-14T22:14:00+09:00",
                "緯度": "36.10361111",
                "経度": "137.94250000",
                "夜空の明るさ": "18.92",
                "ばらつき": "0.64",
                "周辺状況": "自然公園等",
                "備考": "",
                "継続観察登録地点": "○"
            }
        },
        {
            "type": "Feature",
            "geometry": {
                "type": "Point",
                "coordinates": [
                    137.9425,
                    36.10361111
                ]
            },
            "properties": {
                "調査時期": "2020_S",
                "都道府県": "長野県",
                "市区町村": "塩尻市",
                "撮影場所": "平出遺跡公園",
                "撮影日時": "2020-08-14T22:22:00+09:00",
                "緯度": "36.10361111",
                "経度": "137.94250000",
                "夜空の明るさ": "20.39",
                "ばらつき": "0.12",
                "周辺状況": "自然公園等",
                "備考": "",
                "継続観察登録地点": "○"
            }
        },
        {
            "type": "Feature",
            "geometry": {
                "type": "Point",
                "coordinates": [
                    137.94277778,
                    36.10305556
                ]
            },
            "properties": {
                "調査時期": "2020_S",
                "都道府県": "長野県",
                "市区町村": "塩尻市",
                "撮影場所": "平出遺跡公園",
                "撮影日時": "2020-08-15T21:06:00+09:00",
                "緯度": "36.10305556",
                "経度": "137.94277778",
                "夜空の明るさ": "19.96",
                "ばらつき": "0.08",
                "周辺状況": "自然公園等",
                "備考": "",
                "継続観察登録地点": "○"
            }
        },
        {
            "type": "Feature",
            "geometry": {
                "type": "Point",
                "coordinates": [
                    137.99583333,
                    36.14916667
                ]
            },
            "properties": {
                "調査時期": "2020_S",
                "都道府県": "長野県",
                "市区町村": "塩尻市",
                "撮影場所": "",
                "撮影日時": "2020-08-15T20:26:00+09:00",
                "緯度": "36.14916667",
                "経度": "137.99583333",
                "夜空の明るさ": "19.99",
                "ばらつき": "0.10",
                "周辺状況": "",
                "備考": "",
                "継続観察登録地点": ""
            }
        },
        {
            "type": "Feature",
            "geometry": {
                "type": "Point",
                "coordinates": [
                    138.01277778,
                    36.14888889
                ]
            },
            "properties": {
                "調査時期": "2020_S",
                "都道府県": "長野県",
                "市区町村": "塩尻市",
                "撮影場所": "",
                "撮影日時": "2020-08-15T20:55:00+09:00",
                "緯度": "36.14888889",
                "経度": "138.01277778",
                "夜空の明るさ": "20.32",
                "ばらつき": "0.10",
                "周辺状況": "",
                "備考": "",
                "継続観察登録地点": ""
            }
        },
        {
            "type": "Feature",
            "geometry": {
                "type": "Point",
                "coordinates": [
                    137.96388889,
                    36.14388889
                ]
            },
            "properties": {
                "調査時期": "2020_S",
                "都道府県": "長野県",
                "市区町村": "塩尻市",
                "撮影場所": "",
                "撮影日時": "2020-08-15T21:19:00+09:00",
                "緯度": "36.14388889",
                "経度": "137.96388889",
                "夜空の明るさ": "19.36",
                "ばらつき": "0.09",
                "周辺状況": "",
                "備考": "",
                "継続観察登録地点": ""
            }
        },
        {
            "type": "Feature",
            "geometry": {
                "type": "Point",
                "coordinates": [
                    137.97972222,
                    36.14416667
                ]
            },
            "properties": {
                "調査時期": "2020_S",
                "都道府県": "長野県",
                "市区町村": "塩尻市",
                "撮影場所": "",
                "撮影日時": "2020-08-15T21:43:00+09:00",
                "緯度": "36.14416667",
                "経度": "137.97972222",
                "夜空の明るさ": "19.83",
                "ばらつき": "0.13",
                "周辺状況": "",
                "備考": "",
                "継続観察登録地点": ""
            }
        },
        {
            "type": "Feature",
            "geometry": {
                "type": "Point",
                "coordinates": [
                    137.91416667,
                    36.11388889
                ]
            },
            "properties": {
                "調査時期": "2020_S",
                "都道府県": "長野県",
                "市区町村": "塩尻市",
                "撮影場所": "",
                "撮影日時": "2020-08-15T20:11:00+09:00",
                "緯度": "36.11388889",
                "経度": "137.91416667",
                "夜空の明るさ": "20.04",
                "ばらつき": "0.20",
                "周辺状況": "",
                "備考": "",
                "継続観察登録地点": ""
            }
        },
        {
            "type": "Feature",
            "geometry": {
                "type": "Point",
                "coordinates": [
                    137.95527778,
                    36.08722222
                ]
            },
            "properties": {
                "調査時期": "2020_S",
                "都道府県": "長野県",
                "市区町村": "塩尻市",
                "撮影場所": "",
                "撮影日時": "2020-08-15T21:19:00+09:00",
                "緯度": "36.08722222",
                "経度": "137.95527778",
                "夜空の明るさ": "20.06",
                "ばらつき": "0.05",
                "周辺状況": "",
                "備考": "",
                "継続観察登録地点": ""
            }
        },
        {
            "type": "Feature",
            "geometry": {
                "type": "Point",
                "coordinates": [
                    137.90555556,
                    36.13055556
                ]
            },
            "properties": {
                "調査時期": "2020_S",
                "都道府県": "長野県",
                "市区町村": "塩尻市",
                "撮影場所": "",
                "撮影日時": "2020-08-15T21:47:00+09:00",
                "緯度": "36.13055556",
                "経度": "137.90555556",
                "夜空の明るさ": "19.91",
                "ばらつき": "0.12",
                "周辺状況": "",
                "備考": "",
                "継続観察登録地点": ""
            }
        },
        {
            "type": "Feature",
            "geometry": {
                "type": "Point",
                "coordinates": [
                    138.0375,
                    36.13472222
                ]
            },
            "properties": {
                "調査時期": "2020_S",
                "都道府県": "長野県",
                "市区町村": "塩尻市",
                "撮影場所": "",
                "撮影日時": "2020-08-14T20:12:00+09:00",
                "緯度": "36.13472222",
                "経度": "138.03750000",
                "夜空の明るさ": "20.60",
                "ばらつき": "0.11",
                "周辺状況": "",
                "備考": "",
                "継続観察登録地点": ""
            }
        },
        {
            "type": "Feature",
            "geometry": {
                "type": "Point",
                "coordinates": [
                    137.96888889,
                    36.05138889
                ]
            },
            "properties": {
                "調査時期": "2020_S",
                "都道府県": "長野県",
                "市区町村": "塩尻市",
                "撮影場所": "",
                "撮影日時": "2020-08-15T20:43:00+09:00",
                "緯度": "36.05138889",
                "経度": "137.96888889",
                "夜空の明るさ": "20.48",
                "ばらつき": "0.26",
                "周辺状況": "",
                "備考": "",
                "継続観察登録地点": ""
            }
        },
        {
            "type": "Feature",
            "geometry": {
                "type": "Point",
                "coordinates": [
                    137.96416667,
                    36.14388889
                ]
            },
            "properties": {
                "調査時期": "2020_S",
                "都道府県": "長野県",
                "市区町村": "塩尻市",
                "撮影場所": "",
                "撮影日時": "2020-08-15T21:32:00+09:00",
                "緯度": "36.14388889",
                "経度": "137.96416667",
                "夜空の明るさ": "19.44",
                "ばらつき": "0.09",
                "周辺状況": "",
                "備考": "",
                "継続観察登録地点": ""
            }
        },
        {
            "type": "Feature",
            "geometry": {
                "type": "Point",
                "coordinates": [
                    137.97972222,
                    36.14388889
                ]
            },
            "properties": {
                "調査時期": "2020_S",
                "都道府県": "長野県",
                "市区町村": "塩尻市",
                "撮影場所": "片丘小学校東",
                "撮影日時": "2020-08-14T20:09:00+09:00",
                "緯度": "36.14388889",
                "経度": "137.97972222",
                "夜空の明るさ": "19.91",
                "ばらつき": "0.12",
                "周辺状況": "農業地域",
                "備考": "",
                "継続観察登録地点": "○"
            }
        },
        {
            "type": "Feature",
            "geometry": {
                "type": "Point",
                "coordinates": [
                    137.9,
                    36.06444444
                ]
            },
            "properties": {
                "調査時期": "2020_S",
                "都道府県": "長野県",
                "市区町村": "塩尻市",
                "撮影場所": "塩尻市本山",
                "撮影日時": "2020-08-14T20:36:00+09:00",
                "緯度": "36.06444444",
                "経度": "137.90000000",
                "夜空の明るさ": "20.94",
                "ばらつき": "0.16",
                "周辺状況": "農業地域",
                "備考": "",
                "継続観察登録地点": "○"
            }
        },
        {
            "type": "Feature",
            "geometry": {
                "type": "Point",
                "coordinates": [
                    137.85944444,
                    36.01277778
                ]
            },
            "properties": {
                "調査時期": "2020_S",
                "都道府県": "長野県",
                "市区町村": "塩尻市",
                "撮影場所": "",
                "撮影日時": "2020-08-14T20:53:00+09:00",
                "緯度": "36.01277778",
                "経度": "137.85944444",
                "夜空の明るさ": "21.25",
                "ばらつき": "0.15",
                "周辺状況": "",
                "備考": "",
                "継続観察登録地点": ""
            }
        },
        {
            "type": "Feature",
            "geometry": {
                "type": "Point",
                "coordinates": [
                    137.8425,
                    35.98638889
                ]
            },
            "properties": {
                "調査時期": "2020_S",
                "都道府県": "長野県",
                "市区町村": "塩尻市",
                "撮影場所": "",
                "撮影日時": "2020-08-14T21:04:00+09:00",
                "緯度": "35.98638889",
                "経度": "137.84250000",
                "夜空の明るさ": "21.45",
                "ばらつき": "0.19",
                "周辺状況": "",
                "備考": "",
                "継続観察登録地点": ""
            }
        },
        {
            "type": "Feature",
            "geometry": {
                "type": "Point",
                "coordinates": [
                    137.80888889,
                    35.96027778
                ]
            },
            "properties": {
                "調査時期": "2020_S",
                "都道府県": "長野県",
                "市区町村": "塩尻市",
                "撮影場所": "",
                "撮影日時": "2020-08-14T21:18:00+09:00",
                "緯度": "35.96027778",
                "経度": "137.80888889",
                "夜空の明るさ": "21.52",
                "ばらつき": "0.16",
                "周辺状況": "",
                "備考": "",
                "継続観察登録地点": ""
            }
        },
        {
            "type": "Feature",
            "geometry": {
                "type": "Point",
                "coordinates": [
                    137.81027778,
                    35.93416667
                ]
            },
            "properties": {
                "調査時期": "2020_S",
                "都道府県": "長野県",
                "市区町村": "塩尻市",
                "撮影場所": "奈良井ダム",
                "撮影日時": "2020-08-14T21:31:00+09:00",
                "緯度": "35.93416667",
                "経度": "137.81027778",
                "夜空の明るさ": "21.57",
                "ばらつき": "0.22",
                "周辺状況": "森林山間地",
                "備考": "",
                "継続観察登録地点": "○"
            }
        },
        {
            "type": "Feature",
            "geometry": {
                "type": "Point",
                "coordinates": [
                    138.21861111,
                    36.35083333
                ]
            },
            "properties": {
                "調査時期": "2020_S",
                "都道府県": "長野県",
                "市区町村": "上田市",
                "撮影場所": "古安曽観測所前",
                "撮影日時": "2020-08-11T20:23:00+09:00",
                "緯度": "36.35083333",
                "経度": "138.21861111",
                "夜空の明るさ": "19.65",
                "ばらつき": "0.15",
                "周辺状況": "農業地域",
                "備考": "",
                "継続観察登録地点": "○"
            }
        },
        {
            "type": "Feature",
            "geometry": {
                "type": "Point",
                "coordinates": [
                    138.21861111,
                    36.35111111
                ]
            },
            "properties": {
                "調査時期": "2020_S",
                "都道府県": "長野県",
                "市区町村": "上田市",
                "撮影場所": "古安曽観測所前",
                "撮影日時": "2020-08-11T20:24:00+09:00",
                "緯度": "36.35111111",
                "経度": "138.21861111",
                "夜空の明るさ": "19.57",
                "ばらつき": "0.26",
                "周辺状況": "農業地域",
                "備考": "",
                "継続観察登録地点": "○"
            }
        },
        {
            "type": "Feature",
            "geometry": {
                "type": "Point",
                "coordinates": [
                    138.17361111,
                    36.38
                ]
            },
            "properties": {
                "調査時期": "2020_S",
                "都道府県": "長野県",
                "市区町村": "上田市",
                "撮影場所": "",
                "撮影日時": "2020-08-11T20:44:00+09:00",
                "緯度": "36.38000000",
                "経度": "138.17361111",
                "夜空の明るさ": "20.33",
                "ばらつき": "0.09",
                "周辺状況": "",
                "備考": "",
                "継続観察登録地点": ""
            }
        },
        {
            "type": "Feature",
            "geometry": {
                "type": "Point",
                "coordinates": [
                    138.15388889,
                    36.37611111
                ]
            },
            "properties": {
                "調査時期": "2020_S",
                "都道府県": "長野県",
                "市区町村": "上田市",
                "撮影場所": "",
                "撮影日時": "2020-08-12T21:57:00+09:00",
                "緯度": "36.37611111",
                "経度": "138.15388889",
                "夜空の明るさ": "20.89",
                "ばらつき": "0.14",
                "周辺状況": "",
                "備考": "",
                "継続観察登録地点": ""
            }
        },
        {
            "type": "Feature",
            "geometry": {
                "type": "Point",
                "coordinates": [
                    138.16138889,
                    36.3775
                ]
            },
            "properties": {
                "調査時期": "2020_S",
                "都道府県": "長野県",
                "市区町村": "上田市",
                "撮影場所": "",
                "撮影日時": "2020-08-13T21:12:00+09:00",
                "緯度": "36.37750000",
                "経度": "138.16138889",
                "夜空の明るさ": "20.57",
                "ばらつき": "0.14",
                "周辺状況": "",
                "備考": "",
                "継続観察登録地点": ""
            }
        },
        {
            "type": "Feature",
            "geometry": {
                "type": "Point",
                "coordinates": [
                    138.13555556,
                    36.25777778
                ]
            },
            "properties": {
                "調査時期": "2020_S",
                "都道府県": "長野県",
                "市区町村": "上田市",
                "撮影場所": "武石観光センター",
                "撮影日時": "2020-08-11T20:38:00+09:00",
                "緯度": "36.25777778",
                "経度": "138.13555556",
                "夜空の明るさ": "21.34",
                "ばらつき": "0.19",
                "周辺状況": "森林山間地",
                "備考": "",
                "継続観察登録地点": "○"
            }
        },
        {
            "type": "Feature",
            "geometry": {
                "type": "Point",
                "coordinates": [
                    138.13555556,
                    36.25805556
                ]
            },
            "properties": {
                "調査時期": "2020_S",
                "都道府県": "長野県",
                "市区町村": "上田市",
                "撮影場所": "武石観光センター",
                "撮影日時": "2020-08-14T21:14:00+09:00",
                "緯度": "36.25805556",
                "経度": "138.13555556",
                "夜空の明るさ": "",
                "ばらつき": "",
                "周辺状況": "森林山間地",
                "備考": "ピンボケ測定不可",
                "継続観察登録地点": "○"
            }
        },
        {
            "type": "Feature",
            "geometry": {
                "type": "Point",
                "coordinates": [
                    138.13583333,
                    36.25805556
                ]
            },
            "properties": {
                "調査時期": "2020_S",
                "都道府県": "長野県",
                "市区町村": "上田市",
                "撮影場所": "武石観光センター",
                "撮影日時": "2020-08-19T20:19:00+09:00",
                "緯度": "36.25805556",
                "経度": "138.13583333",
                "夜空の明るさ": "20.95",
                "ばらつき": "0.12",
                "周辺状況": "森林山間地",
                "備考": "",
                "継続観察登録地点": "○"
            }
        },
        {
            "type": "Feature",
            "geometry": {
                "type": "Point",
                "coordinates": [
                    138.14527778,
                    36.22694444
                ]
            },
            "properties": {
                "調査時期": "2020_S",
                "都道府県": "長野県",
                "市区町村": "上田市",
                "撮影場所": "美ヶ原高原",
                "撮影日時": "2020-08-14T20:31:00+09:00",
                "緯度": "36.22694444",
                "経度": "138.14527778",
                "夜空の明るさ": "21.52",
                "ばらつき": "0.09",
                "周辺状況": "自然公園等",
                "備考": "",
                "継続観察登録地点": "○"
            }
        },
        {
            "type": "Feature",
            "geometry": {
                "type": "Point",
                "coordinates": [
                    138.145,
                    36.22666667
                ]
            },
            "properties": {
                "調査時期": "2020_S",
                "都道府県": "長野県",
                "市区町村": "上田市",
                "撮影場所": "美ヶ原高原",
                "撮影日時": "2020-08-18T20:06:00+09:00",
                "緯度": "36.22666667",
                "経度": "138.14500000",
                "夜空の明るさ": "20.72",
                "ばらつき": "0.17",
                "周辺状況": "自然公園等",
                "備考": "",
                "継続観察登録地点": "○"
            }
        },
        {
            "type": "Feature",
            "geometry": {
                "type": "Point",
                "coordinates": [
                    138.20444444,
                    36.38944444
                ]
            },
            "properties": {
                "調査時期": "2020_S",
                "都道府県": "長野県",
                "市区町村": "上田市",
                "撮影場所": "",
                "撮影日時": "2020-08-14T22:14:00+09:00",
                "緯度": "36.38944444",
                "経度": "138.20444444",
                "夜空の明るさ": "21.35",
                "ばらつき": "0.12",
                "周辺状況": "",
                "備考": "",
                "継続観察登録地点": ""
            }
        },
        {
            "type": "Feature",
            "geometry": {
                "type": "Point",
                "coordinates": [
                    138.21861111,
                    36.35111111
                ]
            },
            "properties": {
                "調査時期": "2020_S",
                "都道府県": "長野県",
                "市区町村": "上田市",
                "撮影場所": "古安曽観測所前",
                "撮影日時": "2020-08-15T21:32:00+09:00",
                "緯度": "36.35111111",
                "経度": "138.21861111",
                "夜空の明るさ": "20.34",
                "ばらつき": "0.17",
                "周辺状況": "農業地域",
                "備考": "",
                "継続観察登録地点": "○"
            }
        },
        {
            "type": "Feature",
            "geometry": {
                "type": "Point",
                "coordinates": [
                    138.21861111,
                    36.35111111
                ]
            },
            "properties": {
                "調査時期": "2020_S",
                "都道府県": "長野県",
                "市区町村": "上田市",
                "撮影場所": "古安曽観測所前",
                "撮影日時": "2020-08-15T21:34:00+09:00",
                "緯度": "36.35111111",
                "経度": "138.21861111",
                "夜空の明るさ": "20.35",
                "ばらつき": "0.13",
                "周辺状況": "農業地域",
                "備考": "",
                "継続観察登録地点": "○"
            }
        },
        {
            "type": "Feature",
            "geometry": {
                "type": "Point",
                "coordinates": [
                    138.185,
                    36.38194444
                ]
            },
            "properties": {
                "調査時期": "2020_S",
                "都道府県": "長野県",
                "市区町村": "上田市",
                "撮影場所": "",
                "撮影日時": "2020-08-13T21:11:00+09:00",
                "緯度": "36.38194444",
                "経度": "138.18500000",
                "夜空の明るさ": "20.55",
                "ばらつき": "0.14",
                "周辺状況": "",
                "備考": "",
                "継続観察登録地点": ""
            }
        },
        {
            "type": "Feature",
            "geometry": {
                "type": "Point",
                "coordinates": [
                    138.18694444,
                    36.37694444
                ]
            },
            "properties": {
                "調査時期": "2020_S",
                "都道府県": "長野県",
                "市区町村": "上田市",
                "撮影場所": "",
                "撮影日時": "2020-08-14T21:10:00+09:00",
                "緯度": "36.37694444",
                "経度": "138.18694444",
                "夜空の明るさ": "19.94",
                "ばらつき": "0.12",
                "周辺状況": "",
                "備考": "",
                "継続観察登録地点": ""
            }
        },
        {
            "type": "Feature",
            "geometry": {
                "type": "Point",
                "coordinates": [
                    138.1975,
                    36.38611111
                ]
            },
            "properties": {
                "調査時期": "2020_S",
                "都道府県": "長野県",
                "市区町村": "上田市",
                "撮影場所": "",
                "撮影日時": "2020-08-14T21:31:00+09:00",
                "緯度": "36.38611111",
                "経度": "138.19750000",
                "夜空の明るさ": "19.70",
                "ばらつき": "0.18",
                "周辺状況": "",
                "備考": "",
                "継続観察登録地点": ""
            }
        },
        {
            "type": "Feature",
            "geometry": {
                "type": "Point",
                "coordinates": [
                    138.20694444,
                    36.38583333
                ]
            },
            "properties": {
                "調査時期": "2020_S",
                "都道府県": "長野県",
                "市区町村": "上田市",
                "撮影場所": "",
                "撮影日時": "2020-08-14T21:32:00+09:00",
                "緯度": "36.38583333",
                "経度": "138.20694444",
                "夜空の明るさ": "19.72",
                "ばらつき": "0.18",
                "周辺状況": "",
                "備考": "",
                "継続観察登録地点": ""
            }
        },
        {
            "type": "Feature",
            "geometry": {
                "type": "Point",
                "coordinates": [
                    138.21361111,
                    36.39527778
                ]
            },
            "properties": {
                "調査時期": "2020_S",
                "都道府県": "長野県",
                "市区町村": "上田市",
                "撮影場所": "",
                "撮影日時": "2020-08-14T21:41:00+09:00",
                "緯度": "36.39527778",
                "経度": "138.21361111",
                "夜空の明るさ": "19.41",
                "ばらつき": "0.19",
                "周辺状況": "",
                "備考": "",
                "継続観察登録地点": ""
            }
        },
        {
            "type": "Feature",
            "geometry": {
                "type": "Point",
                "coordinates": [
                    138.22722222,
                    36.38722222
                ]
            },
            "properties": {
                "調査時期": "2020_S",
                "都道府県": "長野県",
                "市区町村": "上田市",
                "撮影場所": "",
                "撮影日時": "2020-08-14T21:52:00+09:00",
                "緯度": "36.38722222",
                "経度": "138.22722222",
                "夜空の明るさ": "19.36",
                "ばらつき": "0.13",
                "周辺状況": "",
                "備考": "",
                "継続観察登録地点": ""
            }
        },
        {
            "type": "Feature",
            "geometry": {
                "type": "Point",
                "coordinates": [
                    138.24666667,
                    36.395
                ]
            },
            "properties": {
                "調査時期": "2020_S",
                "都道府県": "長野県",
                "市区町村": "上田市",
                "撮影場所": "",
                "撮影日時": "2020-08-14T22:14:00+09:00",
                "緯度": "36.39500000",
                "経度": "138.24666667",
                "夜空の明るさ": "19.76",
                "ばらつき": "0.12",
                "周辺状況": "",
                "備考": "",
                "継続観察登録地点": ""
            }
        },
        {
            "type": "Feature",
            "geometry": {
                "type": "Point",
                "coordinates": [
                    138.24444444,
                    36.40361111
                ]
            },
            "properties": {
                "調査時期": "2020_S",
                "都道府県": "長野県",
                "市区町村": "上田市",
                "撮影場所": "",
                "撮影日時": "2020-08-16T21:31:00+09:00",
                "緯度": "36.40361111",
                "経度": "138.24444444",
                "夜空の明るさ": "18.50",
                "ばらつき": "0.13",
                "周辺状況": "",
                "備考": "",
                "継続観察登録地点": ""
            }
        },
        {
            "type": "Feature",
            "geometry": {
                "type": "Point",
                "coordinates": [
                    138.34444444,
                    36.52111111
                ]
            },
            "properties": {
                "調査時期": "2020_S",
                "都道府県": "長野県",
                "市区町村": "上田市",
                "撮影場所": "",
                "撮影日時": "2020-08-18T22:26:00+09:00",
                "緯度": "36.52111111",
                "経度": "138.34444444",
                "夜空の明るさ": "21.19",
                "ばらつき": "0.14",
                "周辺状況": "",
                "備考": "",
                "継続観察登録地点": ""
            }
        },
        {
            "type": "Feature",
            "geometry": {
                "type": "Point",
                "coordinates": [
                    138.145,
                    36.2275
                ]
            },
            "properties": {
                "調査時期": "2020_S",
                "都道府県": "長野県",
                "市区町村": "上田市",
                "撮影場所": "",
                "撮影日時": "2020-08-19T21:44:00+09:00",
                "緯度": "36.22750000",
                "経度": "138.14500000",
                "夜空の明るさ": "21.18",
                "ばらつき": "0.19",
                "周辺状況": "",
                "備考": "",
                "継続観察登録地点": ""
            }
        },
        {
            "type": "Feature",
            "geometry": {
                "type": "Point",
                "coordinates": [
                    138.22833333,
                    36.40333333
                ]
            },
            "properties": {
                "調査時期": "2020_S",
                "都道府県": "長野県",
                "市区町村": "上田市",
                "撮影場所": "上田千曲高校周辺",
                "撮影日時": "2020-08-15T20:51:00+09:00",
                "緯度": "36.40333333",
                "経度": "138.22833333",
                "夜空の明るさ": "19.13",
                "ばらつき": "0.08",
                "周辺状況": "住宅地域",
                "備考": "",
                "継続観察登録地点": "○"
            }
        },
        {
            "type": "Feature",
            "geometry": {
                "type": "Point",
                "coordinates": [
                    138.22833333,
                    36.40333333
                ]
            },
            "properties": {
                "調査時期": "2020_S",
                "都道府県": "長野県",
                "市区町村": "上田市",
                "撮影場所": "",
                "撮影日時": "2020-08-14T21:41:00+09:00",
                "緯度": "36.40333333",
                "経度": "138.22833333",
                "夜空の明るさ": "18.98",
                "ばらつき": "0.10",
                "周辺状況": "",
                "備考": "",
                "継続観察登録地点": ""
            }
        },
        {
            "type": "Feature",
            "geometry": {
                "type": "Point",
                "coordinates": [
                    137.91944444,
                    36.1825
                ]
            },
            "properties": {
                "調査時期": "2020_S",
                "都道府県": "長野県",
                "市区町村": "松本市",
                "撮影場所": "",
                "撮影日時": "2020-08-10T20:23:00+09:00",
                "緯度": "36.18250000",
                "経度": "137.91944444",
                "夜空の明るさ": "19.40",
                "ばらつき": "0.10",
                "周辺状況": "",
                "備考": "",
                "継続観察登録地点": ""
            }
        },
        {
            "type": "Feature",
            "geometry": {
                "type": "Point",
                "coordinates": [
                    137.98444444,
                    36.23083333
                ]
            },
            "properties": {
                "調査時期": "2020_S",
                "都道府県": "長野県",
                "市区町村": "松本市",
                "撮影場所": "",
                "撮影日時": "2020-08-14T20:12:00+09:00",
                "緯度": "36.23083333",
                "経度": "137.98444444",
                "夜空の明るさ": "18.70",
                "ばらつき": "0.13",
                "周辺状況": "",
                "備考": "",
                "継続観察登録地点": ""
            }
        },
        {
            "type": "Feature",
            "geometry": {
                "type": "Point",
                "coordinates": [
                    138.00305556,
                    36.19638889
                ]
            },
            "properties": {
                "調査時期": "2020_S",
                "都道府県": "長野県",
                "市区町村": "松本市",
                "撮影場所": "",
                "撮影日時": "2020-08-14T20:35:00+09:00",
                "緯度": "36.19638889",
                "経度": "138.00305556",
                "夜空の明るさ": "19.71",
                "ばらつき": "0.12",
                "周辺状況": "",
                "備考": "",
                "継続観察登録地点": ""
            }
        },
        {
            "type": "Feature",
            "geometry": {
                "type": "Point",
                "coordinates": [
                    138.00305556,
                    36.19638889
                ]
            },
            "properties": {
                "調査時期": "2020_S",
                "都道府県": "長野県",
                "市区町村": "松本市",
                "撮影場所": "",
                "撮影日時": "2020-08-14T21:04:00+09:00",
                "緯度": "36.19638889",
                "経度": "138.00305556",
                "夜空の明るさ": "20.03",
                "ばらつき": "0.07",
                "周辺状況": "",
                "備考": "",
                "継続観察登録地点": ""
            }
        },
        {
            "type": "Feature",
            "geometry": {
                "type": "Point",
                "coordinates": [
                    137.9925,
                    36.17194444
                ]
            },
            "properties": {
                "調査時期": "2020_S",
                "都道府県": "長野県",
                "市区町村": "松本市",
                "撮影場所": "",
                "撮影日時": "2020-08-14T21:23:00+09:00",
                "緯度": "36.17194444",
                "経度": "137.99250000",
                "夜空の明るさ": "19.99",
                "ばらつき": "0.10",
                "周辺状況": "",
                "備考": "",
                "継続観察登録地点": ""
            }
        },
        {
            "type": "Feature",
            "geometry": {
                "type": "Point",
                "coordinates": [
                    138.0075,
                    36.23027778
                ]
            },
            "properties": {
                "調査時期": "2020_S",
                "都道府県": "長野県",
                "市区町村": "松本市",
                "撮影場所": "",
                "撮影日時": "2020-08-14T20:35:00+09:00",
                "緯度": "36.23027778",
                "経度": "138.00750000",
                "夜空の明るさ": "19.71",
                "ばらつき": "0.12",
                "周辺状況": "",
                "備考": "",
                "継続観察登録地点": ""
            }
        },
        {
            "type": "Feature",
            "geometry": {
                "type": "Point",
                "coordinates": [
                    137.98444444,
                    36.23055556
                ]
            },
            "properties": {
                "調査時期": "2020_S",
                "都道府県": "長野県",
                "市区町村": "松本市",
                "撮影場所": "",
                "撮影日時": "2020-08-14T20:12:00+09:00",
                "緯度": "36.23055556",
                "経度": "137.98444444",
                "夜空の明るさ": "18.72",
                "ばらつき": "0.12",
                "周辺状況": "",
                "備考": "",
                "継続観察登録地点": ""
            }
        },
        {
            "type": "Feature",
            "geometry": {
                "type": "Point",
                "coordinates": [
                    138.00305556,
                    36.19638889
                ]
            },
            "properties": {
                "調査時期": "2020_S",
                "都道府県": "長野県",
                "市区町村": "松本市",
                "撮影場所": "",
                "撮影日時": "2020-08-14T21:04:00+09:00",
                "緯度": "36.19638889",
                "経度": "138.00305556",
                "夜空の明るさ": "20.04",
                "ばらつき": "0.08",
                "周辺状況": "",
                "備考": "",
                "継続観察登録地点": ""
            }
        },
        {
            "type": "Feature",
            "geometry": {
                "type": "Point",
                "coordinates": [
                    137.9925,
                    36.17194444
                ]
            },
            "properties": {
                "調査時期": "2020_S",
                "都道府県": "長野県",
                "市区町村": "松本市",
                "撮影場所": "",
                "撮影日時": "2020-08-14T21:23:00+09:00",
                "緯度": "36.17194444",
                "経度": "137.99250000",
                "夜空の明るさ": "20.00",
                "ばらつき": "0.11",
                "周辺状況": "",
                "備考": "",
                "継続観察登録地点": ""
            }
        },
        {
            "type": "Feature",
            "geometry": {
                "type": "Point",
                "coordinates": [
                    138.00055556,
                    36.23277778
                ]
            },
            "properties": {
                "調査時期": "2020_S",
                "都道府県": "長野県",
                "市区町村": "松本市",
                "撮影場所": "",
                "撮影日時": "2020-08-14T21:56:00+09:00",
                "緯度": "36.23277778",
                "経度": "138.00055556",
                "夜空の明るさ": "19.52",
                "ばらつき": "0.12",
                "周辺状況": "",
                "備考": "",
                "継続観察登録地点": ""
            }
        },
        {
            "type": "Feature",
            "geometry": {
                "type": "Point",
                "coordinates": [
                    137.85972222,
                    36.18277778
                ]
            },
            "properties": {
                "調査時期": "2020_S",
                "都道府県": "長野県",
                "市区町村": "松本市",
                "撮影場所": "",
                "撮影日時": "2020-08-15T20:39:00+09:00",
                "緯度": "36.18277778",
                "経度": "137.85972222",
                "夜空の明るさ": "20.28",
                "ばらつき": "0.15",
                "周辺状況": "",
                "備考": "",
                "継続観察登録地点": ""
            }
        },
        {
            "type": "Feature",
            "geometry": {
                "type": "Point",
                "coordinates": [
                    137.85611111,
                    36.2025
                ]
            },
            "properties": {
                "調査時期": "2020_S",
                "都道府県": "長野県",
                "市区町村": "松本市",
                "撮影場所": "",
                "撮影日時": "2020-08-15T20:49:00+09:00",
                "緯度": "36.20250000",
                "経度": "137.85611111",
                "夜空の明るさ": "19.82",
                "ばらつき": "0.18",
                "周辺状況": "",
                "備考": "",
                "継続観察登録地点": ""
            }
        },
        {
            "type": "Feature",
            "geometry": {
                "type": "Point",
                "coordinates": [
                    137.83361111,
                    36.23888889
                ]
            },
            "properties": {
                "調査時期": "2020_S",
                "都道府県": "長野県",
                "市区町村": "松本市",
                "撮影場所": "",
                "撮影日時": "2020-08-15T21:16:00+09:00",
                "緯度": "36.23888889",
                "経度": "137.83361111",
                "夜空の明るさ": "20.73",
                "ばらつき": "0.17",
                "周辺状況": "",
                "備考": "",
                "継続観察登録地点": ""
            }
        },
        {
            "type": "Feature",
            "geometry": {
                "type": "Point",
                "coordinates": [
                    137.99833333,
                    36.31722222
                ]
            },
            "properties": {
                "調査時期": "2020_S",
                "都道府県": "長野県",
                "市区町村": "松本市",
                "撮影場所": "",
                "撮影日時": "2020-08-11T20:47:00+09:00",
                "緯度": "36.31722222",
                "経度": "137.99833333",
                "夜空の明るさ": "20.85",
                "ばらつき": "0.10",
                "周辺状況": "",
                "備考": "",
                "継続観察登録地点": ""
            }
        },
        {
            "type": "Feature",
            "geometry": {
                "type": "Point",
                "coordinates": [
                    137.99611111,
                    36.3575
                ]
            },
            "properties": {
                "調査時期": "2020_S",
                "都道府県": "長野県",
                "市区町村": "松本市",
                "撮影場所": "",
                "撮影日時": "2020-08-11T21:08:00+09:00",
                "緯度": "36.35750000",
                "経度": "137.99611111",
                "夜空の明るさ": "20.62",
                "ばらつき": "0.12",
                "周辺状況": "",
                "備考": "",
                "継続観察登録地点": ""
            }
        },
        {
            "type": "Feature",
            "geometry": {
                "type": "Point",
                "coordinates": [
                    137.74888889,
                    36.15277778
                ]
            },
            "properties": {
                "調査時期": "2020_S",
                "都道府県": "長野県",
                "市区町村": "松本市",
                "撮影場所": "",
                "撮影日時": "2020-08-13T21:00:00+09:00",
                "緯度": "36.15277778",
                "経度": "137.74888889",
                "夜空の明るさ": "21.32",
                "ばらつき": "0.48",
                "周辺状況": "",
                "備考": "",
                "継続観察登録地点": ""
            }
        },
        {
            "type": "Feature",
            "geometry": {
                "type": "Point",
                "coordinates": [
                    137.71805556,
                    36.13111111
                ]
            },
            "properties": {
                "調査時期": "2020_S",
                "都道府県": "長野県",
                "市区町村": "松本市",
                "撮影場所": "奈川渡ダム駐車場",
                "撮影日時": "2020-08-13T21:17:00+09:00",
                "緯度": "36.13111111",
                "経度": "137.71805556",
                "夜空の明るさ": "21.68",
                "ばらつき": "0.26",
                "周辺状況": "森林山間地",
                "備考": "",
                "継続観察登録地点": "○"
            }
        },
        {
            "type": "Feature",
            "geometry": {
                "type": "Point",
                "coordinates": [
                    137.67472222,
                    36.135
                ]
            },
            "properties": {
                "調査時期": "2020_S",
                "都道府県": "長野県",
                "市区町村": "松本市",
                "撮影場所": "",
                "撮影日時": "2020-08-13T21:32:00+09:00",
                "緯度": "36.13500000",
                "経度": "137.67472222",
                "夜空の明るさ": "21.67",
                "ばらつき": "0.23",
                "周辺状況": "",
                "備考": "",
                "継続観察登録地点": ""
            }
        },
        {
            "type": "Feature",
            "geometry": {
                "type": "Point",
                "coordinates": [
                    137.64222222,
                    36.12027778
                ]
            },
            "properties": {
                "調査時期": "2020_S",
                "都道府県": "長野県",
                "市区町村": "松本市",
                "撮影場所": "乗鞍高原・いがや",
                "撮影日時": "2020-08-13T21:48:00+09:00",
                "緯度": "36.12027778",
                "経度": "137.64222222",
                "夜空の明るさ": "21.79",
                "ばらつき": "0.31",
                "周辺状況": "自然公園等",
                "備考": "",
                "継続観察登録地点": "○"
            }
        },
        {
            "type": "Feature",
            "geometry": {
                "type": "Point",
                "coordinates": [
                    137.62666667,
                    36.10416667
                ]
            },
            "properties": {
                "調査時期": "2020_S",
                "都道府県": "長野県",
                "市区町村": "松本市",
                "撮影場所": "",
                "撮影日時": "2020-08-13T21:57:00+09:00",
                "緯度": "36.10416667",
                "経度": "137.62666667",
                "夜空の明るさ": "21.75",
                "ばらつき": "0.23",
                "周辺状況": "",
                "備考": "",
                "継続観察登録地点": ""
            }
        },
        {
            "type": "Feature",
            "geometry": {
                "type": "Point",
                "coordinates": [
                    137.61611111,
                    36.11888889
                ]
            },
            "properties": {
                "調査時期": "2020_S",
                "都道府県": "長野県",
                "市区町村": "松本市",
                "撮影場所": "",
                "撮影日時": "2020-08-13T22:10:00+09:00",
                "緯度": "36.11888889",
                "経度": "137.61611111",
                "夜空の明るさ": "20.52",
                "ばらつき": "1.77",
                "周辺状況": "",
                "備考": "",
                "継続観察登録地点": ""
            }
        },
        {
            "type": "Feature",
            "geometry": {
                "type": "Point",
                "coordinates": [
                    137.60972222,
                    36.10722222
                ]
            },
            "properties": {
                "調査時期": "2020_S",
                "都道府県": "長野県",
                "市区町村": "松本市",
                "撮影場所": "",
                "撮影日時": "2020-08-13T22:21:00+09:00",
                "緯度": "36.10722222",
                "経度": "137.60972222",
                "夜空の明るさ": "21.40",
                "ばらつき": "0.80",
                "周辺状況": "",
                "備考": "",
                "継続観察登録地点": ""
            }
        },
        {
            "type": "Feature",
            "geometry": {
                "type": "Point",
                "coordinates": [
                    137.59722222,
                    36.11361111
                ]
            },
            "properties": {
                "調査時期": "2020_S",
                "都道府県": "長野県",
                "市区町村": "松本市",
                "撮影場所": "",
                "撮影日時": "2020-08-13T22:33:00+09:00",
                "緯度": "36.11361111",
                "経度": "137.59722222",
                "夜空の明るさ": "20.89",
                "ばらつき": "0.38",
                "周辺状況": "",
                "備考": "",
                "継続観察登録地点": ""
            }
        },
        {
            "type": "Feature",
            "geometry": {
                "type": "Point",
                "coordinates": [
                    137.70222222,
                    36.04583333
                ]
            },
            "properties": {
                "調査時期": "2020_S",
                "都道府県": "長野県",
                "市区町村": "松本市",
                "撮影場所": "奈川高原",
                "撮影日時": "2020-08-14T22:06:00+09:00",
                "緯度": "36.04583333",
                "経度": "137.70222222",
                "夜空の明るさ": "21.64",
                "ばらつき": "0.22",
                "周辺状況": "自然公園等",
                "備考": "",
                "継続観察登録地点": "○"
            }
        },
        {
            "type": "Feature",
            "geometry": {
                "type": "Point",
                "coordinates": [
                    137.60527778,
                    36.05166667
                ]
            },
            "properties": {
                "調査時期": "2020_S",
                "都道府県": "長野県",
                "市区町村": "松本市",
                "撮影場所": "",
                "撮影日時": "2020-08-14T23:32:00+09:00",
                "緯度": "36.05166667",
                "経度": "137.60527778",
                "夜空の明るさ": "21.99",
                "ばらつき": "0.14",
                "周辺状況": "",
                "備考": "観測時間外のため参考値",
                "継続観察登録地点": ""
            }
        },
        {
            "type": "Feature",
            "geometry": {
                "type": "Point",
                "coordinates": [
                    137.96138889,
                    36.19222222
                ]
            },
            "properties": {
                "調査時期": "2020_S",
                "都道府県": "長野県",
                "市区町村": "松本市",
                "撮影場所": "平田駅西口",
                "撮影日時": "2020-08-14T21:42:00+09:00",
                "緯度": "36.19222222",
                "経度": "137.96138889",
                "夜空の明るさ": "19.07",
                "ばらつき": "0.11",
                "周辺状況": "住宅地域",
                "備考": "",
                "継続観察登録地点": "○"
            }
        },
        {
            "type": "Feature",
            "geometry": {
                "type": "Point",
                "coordinates": [
                    137.96333333,
                    36.23055556
                ]
            },
            "properties": {
                "調査時期": "2020_S",
                "都道府県": "長野県",
                "市区町村": "松本市",
                "撮影場所": "松本駅西口",
                "撮影日時": "2020-08-14T21:17:00+09:00",
                "緯度": "36.23055556",
                "経度": "137.96333333",
                "夜空の明るさ": "17.77",
                "ばらつき": "0.10",
                "周辺状況": "商業地域",
                "備考": "",
                "継続観察登録地点": "○"
            }
        },
        {
            "type": "Feature",
            "geometry": {
                "type": "Point",
                "coordinates": [
                    137.955,
                    36.2575
                ]
            },
            "properties": {
                "調査時期": "2020_S",
                "都道府県": "長野県",
                "市区町村": "松本市",
                "撮影場所": "アルプス公園駐車場",
                "撮影日時": "2020-08-14T20:58:00+09:00",
                "緯度": "36.25750000",
                "経度": "137.95500000",
                "夜空の明るさ": "19.44",
                "ばらつき": "0.14",
                "周辺状況": "自然公園等",
                "備考": "",
                "継続観察登録地点": "○"
            }
        },
        {
            "type": "Feature",
            "geometry": {
                "type": "Point",
                "coordinates": [
                    137.97833333,
                    36.23416667
                ]
            },
            "properties": {
                "調査時期": "2020_S",
                "都道府県": "長野県",
                "市区町村": "松本市",
                "撮影場所": "松本市中央",
                "撮影日時": "2020-08-14T20:27:00+09:00",
                "緯度": "36.23416667",
                "経度": "137.97833333",
                "夜空の明るさ": "17.93",
                "ばらつき": "0.11",
                "周辺状況": "商業地域",
                "備考": "",
                "継続観察登録地点": "○"
            }
        },
        {
            "type": "Feature",
            "geometry": {
                "type": "Point",
                "coordinates": [
                    137.61972222,
                    36.22916667
                ]
            },
            "properties": {
                "調査時期": "2020_S",
                "都道府県": "長野県",
                "市区町村": "松本市",
                "撮影場所": "松本市安曇上高地　大正池",
                "撮影日時": "2020-08-18T21:07:00+09:00",
                "緯度": "36.22916667",
                "経度": "137.61972222",
                "夜空の明るさ": "21.38",
                "ばらつき": "0.22",
                "周辺状況": "自然公園等",
                "備考": "",
                "継続観察登録地点": "○"
            }
        },
        {
            "type": "Feature",
            "geometry": {
                "type": "Point",
                "coordinates": [
                    137.80388889,
                    36.18333333
                ]
            },
            "properties": {
                "調査時期": "2020_S",
                "都道府県": "長野県",
                "市区町村": "松本市",
                "撮影場所": "",
                "撮影日時": "2020-08-20T21:58:00+09:00",
                "緯度": "36.18333333",
                "経度": "137.80388889",
                "夜空の明るさ": "20.60",
                "ばらつき": "0.16",
                "周辺状況": "",
                "備考": "",
                "継続観察登録地点": ""
            }
        },
        {
            "type": "Feature",
            "geometry": {
                "type": "Point",
                "coordinates": [
                    137.83833333,
                    36.19388889
                ]
            },
            "properties": {
                "調査時期": "2020_S",
                "都道府県": "長野県",
                "市区町村": "松本市",
                "撮影場所": "",
                "撮影日時": "2020-08-20T22:16:00+09:00",
                "緯度": "36.19388889",
                "経度": "137.83833333",
                "夜空の明るさ": "20.14",
                "ばらつき": "0.24",
                "周辺状況": "",
                "備考": "",
                "継続観察登録地点": ""
            }
        },
        {
            "type": "Feature",
            "geometry": {
                "type": "Point",
                "coordinates": [
                    137.88166667,
                    36.20694444
                ]
            },
            "properties": {
                "調査時期": "2020_S",
                "都道府県": "長野県",
                "市区町村": "松本市",
                "撮影場所": "",
                "撮影日時": "2020-08-20T22:27:00+09:00",
                "緯度": "36.20694444",
                "経度": "137.88166667",
                "夜空の明るさ": "19.36",
                "ばらつき": "0.15",
                "周辺状況": "",
                "備考": "",
                "継続観察登録地点": ""
            }
        },
        {
            "type": "Feature",
            "geometry": {
                "type": "Point",
                "coordinates": [
                    137.92333333,
                    36.225
                ]
            },
            "properties": {
                "調査時期": "2020_S",
                "都道府県": "長野県",
                "市区町村": "松本市",
                "撮影場所": "",
                "撮影日時": "2020-08-20T22:39:00+09:00",
                "緯度": "36.22500000",
                "経度": "137.92333333",
                "夜空の明るさ": "18.90",
                "ばらつき": "0.30",
                "周辺状況": "",
                "備考": "観測時間外のため参考値",
                "継続観察登録地点": ""
            }
        },
        {
            "type": "Feature",
            "geometry": {
                "type": "Point",
                "coordinates": [
                    138.42194444,
                    36.41833333
                ]
            },
            "properties": {
                "調査時期": "2020_S",
                "都道府県": "長野県",
                "市区町村": "東御市",
                "撮影場所": "",
                "撮影日時": "2020-08-18T21:36:00+09:00",
                "緯度": "36.41833333",
                "経度": "138.42194444",
                "夜空の明るさ": "21.24",
                "ばらつき": "0.18",
                "周辺状況": "",
                "備考": "",
                "継続観察登録地点": ""
            }
        },
        {
            "type": "Feature",
            "geometry": {
                "type": "Point",
                "coordinates": [
                    138.33944444,
                    36.36083333
                ]
            },
            "properties": {
                "調査時期": "2020_S",
                "都道府県": "長野県",
                "市区町村": "東御市",
                "撮影場所": "",
                "撮影日時": "2020-08-20T22:00:00+09:00",
                "緯度": "36.36083333",
                "経度": "138.33944444",
                "夜空の明るさ": "17.60",
                "ばらつき": "0.23",
                "周辺状況": "",
                "備考": "",
                "継続観察登録地点": ""
            }
        },
        {
            "type": "Feature",
            "geometry": {
                "type": "Point",
                "coordinates": [
                    138.10666667,
                    36.36972222
                ]
            },
            "properties": {
                "調査時期": "2020_S",
                "都道府県": "長野県",
                "市区町村": "青木村",
                "撮影場所": "",
                "撮影日時": "2020-08-11T21:12:00+09:00",
                "緯度": "36.36972222",
                "経度": "138.10666667",
                "夜空の明るさ": "21.03",
                "ばらつき": "0.14",
                "周辺状況": "",
                "備考": "",
                "継続観察登録地点": ""
            }
        },
        {
            "type": "Feature",
            "geometry": {
                "type": "Point",
                "coordinates": [
                    138.14305556,
                    36.37166667
                ]
            },
            "properties": {
                "調査時期": "2020_S",
                "都道府県": "長野県",
                "市区町村": "青木村",
                "撮影場所": "",
                "撮影日時": "2020-08-12T21:47:00+09:00",
                "緯度": "36.37166667",
                "経度": "138.14305556",
                "夜空の明るさ": "20.84",
                "ばらつき": "0.13",
                "周辺状況": "",
                "備考": "",
                "継続観察登録地点": ""
            }
        },
        {
            "type": "Feature",
            "geometry": {
                "type": "Point",
                "coordinates": [
                    138.12833333,
                    36.37083333
                ]
            },
            "properties": {
                "調査時期": "2020_S",
                "都道府県": "長野県",
                "市区町村": "青木村",
                "撮影場所": "",
                "撮影日時": "2020-08-12T21:36:00+09:00",
                "緯度": "36.37083333",
                "経度": "138.12833333",
                "夜空の明るさ": "20.86",
                "ばらつき": "0.11",
                "周辺状況": "",
                "備考": "",
                "継続観察登録地点": ""
            }
        },
        {
            "type": "Feature",
            "geometry": {
                "type": "Point",
                "coordinates": [
                    137.83055556,
                    35.51166667
                ]
            },
            "properties": {
                "調査時期": "2020_S",
                "都道府県": "長野県",
                "市区町村": "飯田市",
                "撮影場所": "",
                "撮影日時": "2020-08-15T20:22:00+09:00",
                "緯度": "35.51166667",
                "経度": "137.83055556",
                "夜空の明るさ": "19.62",
                "ばらつき": "0.08",
                "周辺状況": "",
                "備考": "",
                "継続観察登録地点": ""
            }
        },
        {
            "type": "Feature",
            "geometry": {
                "type": "Point",
                "coordinates": [
                    138.02833333,
                    35.43361111
                ]
            },
            "properties": {
                "調査時期": "2020_S",
                "都道府県": "長野県",
                "市区町村": "飯田市",
                "撮影場所": "",
                "撮影日時": "2020-08-15T21:06:00+09:00",
                "緯度": "35.43361111",
                "経度": "138.02833333",
                "夜空の明るさ": "21.80",
                "ばらつき": "0.26",
                "周辺状況": "",
                "備考": "",
                "継続観察登録地点": ""
            }
        },
        {
            "type": "Feature",
            "geometry": {
                "type": "Point",
                "coordinates": [
                    138.02833333,
                    35.43361111
                ]
            },
            "properties": {
                "調査時期": "2020_S",
                "都道府県": "長野県",
                "市区町村": "飯田市",
                "撮影場所": "",
                "撮影日時": "2020-08-15T21:07:00+09:00",
                "緯度": "35.43361111",
                "経度": "138.02833333",
                "夜空の明るさ": "21.75",
                "ばらつき": "0.17",
                "周辺状況": "",
                "備考": "",
                "継続観察登録地点": ""
            }
        },
        {
            "type": "Feature",
            "geometry": {
                "type": "Point",
                "coordinates": [
                    137.85361111,
                    35.53222222
                ]
            },
            "properties": {
                "調査時期": "2020_S",
                "都道府県": "長野県",
                "市区町村": "飯田市",
                "撮影場所": "",
                "撮影日時": "2020-08-19T20:30:00+09:00",
                "緯度": "35.53222222",
                "経度": "137.85361111",
                "夜空の明るさ": "18.59",
                "ばらつき": "0.14",
                "周辺状況": "",
                "備考": "",
                "継続観察登録地点": ""
            }
        },
        {
            "type": "Feature",
            "geometry": {
                "type": "Point",
                "coordinates": [
                    137.74944444,
                    35.41055556
                ]
            },
            "properties": {
                "調査時期": "2020_S",
                "都道府県": "長野県",
                "市区町村": "阿智村",
                "撮影場所": "下伊那郡阿智村伍和 栗矢観測所",
                "撮影日時": "2020-08-12T21:14:00+09:00",
                "緯度": "35.41055556",
                "経度": "137.74944444",
                "夜空の明るさ": "21.31",
                "ばらつき": "0.15",
                "周辺状況": "農業地域",
                "備考": "",
                "継続観察登録地点": "○"
            }
        },
        {
            "type": "Feature",
            "geometry": {
                "type": "Point",
                "coordinates": [
                    137.96388889,
                    36.01472222
                ]
            },
            "properties": {
                "調査時期": "2020_S",
                "都道府県": "長野県",
                "市区町村": "辰野町",
                "撮影場所": "",
                "撮影日時": "2020-08-15T20:21:00+09:00",
                "緯度": "36.01472222",
                "経度": "137.96388889",
                "夜空の明るさ": "20.93",
                "ばらつき": "0.17",
                "周辺状況": "",
                "備考": "",
                "継続観察登録地点": ""
            }
        },
        {
            "type": "Feature",
            "geometry": {
                "type": "Point",
                "coordinates": [
                    137.99444444,
                    35.96916667
                ]
            },
            "properties": {
                "調査時期": "2020_S",
                "都道府県": "長野県",
                "市区町村": "辰野町",
                "撮影場所": "",
                "撮影日時": "2020-08-15T20:43:00+09:00",
                "緯度": "35.96916667",
                "経度": "137.99444444",
                "夜空の明るさ": "20.33",
                "ばらつき": "0.09",
                "周辺状況": "",
                "備考": "",
                "継続観察登録地点": ""
            }
        },
        {
            "type": "Feature",
            "geometry": {
                "type": "Point",
                "coordinates": [
                    138.03444444,
                    35.56083333
                ]
            },
            "properties": {
                "調査時期": "2020_S",
                "都道府県": "長野県",
                "市区町村": "大鹿村",
                "撮影場所": "",
                "撮影日時": "2020-08-10T22:20:00+09:00",
                "緯度": "35.56083333",
                "経度": "138.03444444",
                "夜空の明るさ": "21.57",
                "ばらつき": "0.22",
                "周辺状況": "",
                "備考": "",
                "継続観察登録地点": ""
            }
        },
        {
            "type": "Feature",
            "geometry": {
                "type": "Point",
                "coordinates": [
                    137.87861111,
                    36.16944444
                ]
            },
            "properties": {
                "調査時期": "2020_S",
                "都道府県": "長野県",
                "市区町村": "山形村",
                "撮影場所": "",
                "撮影日時": "2020-08-15T20:30:00+09:00",
                "緯度": "36.16944444",
                "経度": "137.87861111",
                "夜空の明るさ": "19.71",
                "ばらつき": "0.17",
                "周辺状況": "",
                "備考": "",
                "継続観察登録地点": ""
            }
        },
        {
            "type": "Feature",
            "geometry": {
                "type": "Point",
                "coordinates": [
                    137.86305556,
                    36.1275
                ]
            },
            "properties": {
                "調査時期": "2020_S",
                "都道府県": "長野県",
                "市区町村": "朝日村",
                "撮影場所": "",
                "撮影日時": "2020-08-15T22:04:00+09:00",
                "緯度": "36.12750000",
                "経度": "137.86305556",
                "夜空の明るさ": "20.17",
                "ばらつき": "0.09",
                "周辺状況": "",
                "備考": "",
                "継続観察登録地点": ""
            }
        },
        {
            "type": "Feature",
            "geometry": {
                "type": "Point",
                "coordinates": [
                    138.01611111,
                    36.0625
                ]
            },
            "properties": {
                "調査時期": "2020_S",
                "都道府県": "長野県",
                "市区町村": "岡谷市",
                "撮影場所": "いこいの森公園",
                "撮影日時": "2020-08-14T20:57:00+09:00",
                "緯度": "36.06250000",
                "経度": "138.01611111",
                "夜空の明るさ": "20.14",
                "ばらつき": "0.22",
                "周辺状況": "自然公園等",
                "備考": "",
                "継続観察登録地点": "○"
            }
        },
        {
            "type": "Feature",
            "geometry": {
                "type": "Point",
                "coordinates": [
                    138.18055556,
                    36.65111111
                ]
            },
            "properties": {
                "調査時期": "2020_S",
                "都道府県": "長野県",
                "市区町村": "長野市",
                "撮影場所": "長野県庁",
                "撮影日時": "2020-08-19T20:08:00+09:00",
                "緯度": "36.65111111",
                "経度": "138.18055556",
                "夜空の明るさ": "18.18",
                "ばらつき": "0.13",
                "周辺状況": "住宅地域",
                "備考": "",
                "継続観察登録地点": "○"
            }
        },
        {
            "type": "Feature",
            "geometry": {
                "type": "Point",
                "coordinates": [
                    138.17833333,
                    36.63527778
                ]
            },
            "properties": {
                "調査時期": "2020_S",
                "都道府県": "長野県",
                "市区町村": "長野市",
                "撮影場所": "",
                "撮影日時": "2020-08-18T20:36:00+09:00",
                "緯度": "36.63527778",
                "経度": "138.17833333",
                "夜空の明るさ": "18.93",
                "ばらつき": "0.08",
                "周辺状況": "",
                "備考": "",
                "継続観察登録地点": ""
            }
        },
        {
            "type": "Feature",
            "geometry": {
                "type": "Point",
                "coordinates": [
                    137.91055556,
                    35.67694444
                ]
            },
            "properties": {
                "調査時期": "2020_S",
                "都道府県": "長野県",
                "市区町村": "飯島町",
                "撮影場所": "",
                "撮影日時": "2020-08-15T21:49:00+09:00",
                "緯度": "35.67694444",
                "経度": "137.91055556",
                "夜空の明るさ": "20.96",
                "ばらつき": "0.12",
                "周辺状況": "",
                "備考": "",
                "継続観察登録地点": ""
            }
        },
        {
            "type": "Feature",
            "geometry": {
                "type": "Point",
                "coordinates": [
                    137.90972222,
                    35.66194444
                ]
            },
            "properties": {
                "調査時期": "2020_S",
                "都道府県": "長野県",
                "市区町村": "飯島町",
                "撮影場所": "",
                "撮影日時": "2020-08-15T22:09:00+09:00",
                "緯度": "35.66194444",
                "経度": "137.90972222",
                "夜空の明るさ": "20.87",
                "ばらつき": "0.16",
                "周辺状況": "",
                "備考": "",
                "継続観察登録地点": ""
            }
        },
        {
            "type": "Feature",
            "geometry": {
                "type": "Point",
                "coordinates": [
                    137.89361111,
                    35.66944444
                ]
            },
            "properties": {
                "調査時期": "2020_S",
                "都道府県": "長野県",
                "市区町村": "飯島町",
                "撮影場所": "",
                "撮影日時": "2020-08-16T20:13:00+09:00",
                "緯度": "35.66944444",
                "経度": "137.89361111",
                "夜空の明るさ": "19.78",
                "ばらつき": "0.29",
                "周辺状況": "",
                "備考": "",
                "継続観察登録地点": ""
            }
        },
        {
            "type": "Feature",
            "geometry": {
                "type": "Point",
                "coordinates": [
                    137.89916667,
                    35.73027778
                ]
            },
            "properties": {
                "調査時期": "2020_S",
                "都道府県": "長野県",
                "市区町村": "駒ヶ根市",
                "撮影場所": "駒ヶ根高原家族旅行村アルプスの丘周辺",
                "撮影日時": "2020-08-15T20:11:00+09:00",
                "緯度": "35.73027778",
                "経度": "137.89916667",
                "夜空の明るさ": "20.62",
                "ばらつき": "0.14",
                "周辺状況": "自然公園等",
                "備考": "",
                "継続観察登録地点": "○"
            }
        },
        {
            "type": "Feature",
            "geometry": {
                "type": "Point",
                "coordinates": [
                    137.90972222,
                    35.72
                ]
            },
            "properties": {
                "調査時期": "2020_S",
                "都道府県": "長野県",
                "市区町村": "駒ヶ根市",
                "撮影場所": "日本電産長野技術研究開発センター周辺",
                "撮影日時": "2020-08-15T20:23:00+09:00",
                "緯度": "35.72000000",
                "経度": "137.90972222",
                "夜空の明るさ": "20.42",
                "ばらつき": "0.10",
                "周辺状況": "農業地域",
                "備考": "",
                "継続観察登録地点": "○"
            }
        },
        {
            "type": "Feature",
            "geometry": {
                "type": "Point",
                "coordinates": [
                    137.92666667,
                    35.71027778
                ]
            },
            "properties": {
                "調査時期": "2020_S",
                "都道府県": "長野県",
                "市区町村": "駒ヶ根市",
                "撮影場所": "長野県駒ヶ根工業高等学校周辺",
                "撮影日時": "2020-08-15T20:38:00+09:00",
                "緯度": "35.71027778",
                "経度": "137.92666667",
                "夜空の明るさ": "20.32",
                "ばらつき": "0.18",
                "周辺状況": "住宅地域",
                "備考": "",
                "継続観察登録地点": "○"
            }
        },
        {
            "type": "Feature",
            "geometry": {
                "type": "Point",
                "coordinates": [
                    138.13666667,
                    36.53416667
                ]
            },
            "properties": {
                "調査時期": "2020_S",
                "都道府県": "長野県",
                "市区町村": "千曲市",
                "撮影場所": "",
                "撮影日時": "2020-08-13T20:59:00+09:00",
                "緯度": "36.53416667",
                "経度": "138.13666667",
                "夜空の明るさ": "19.68",
                "ばらつき": "0.13",
                "周辺状況": "",
                "備考": "",
                "継続観察登録地点": ""
            }
        },
        {
            "type": "Feature",
            "geometry": {
                "type": "Point",
                "coordinates": [
                    138.11055556,
                    36.52833333
                ]
            },
            "properties": {
                "調査時期": "2020_S",
                "都道府県": "長野県",
                "市区町村": "千曲市",
                "撮影場所": "千曲市 中央公園",
                "撮影日時": "2020-08-14T22:17:00+09:00",
                "緯度": "36.52833333",
                "経度": "138.11055556",
                "夜空の明るさ": "19.70",
                "ばらつき": "0.19",
                "周辺状況": "住宅地域",
                "備考": "",
                "継続観察登録地点": "○"
            }
        },
        {
            "type": "Feature",
            "geometry": {
                "type": "Point",
                "coordinates": [
                    137.89277778,
                    36.45111111
                ]
            },
            "properties": {
                "調査時期": "2020_S",
                "都道府県": "長野県",
                "市区町村": "池田町",
                "撮影場所": "",
                "撮影日時": "2020-08-18T20:34:00+09:00",
                "緯度": "36.45111111",
                "経度": "137.89277778",
                "夜空の明るさ": "20.95",
                "ばらつき": "0.12",
                "周辺状況": "",
                "備考": "",
                "継続観察登録地点": ""
            }
        },
        {
            "type": "Feature",
            "geometry": {
                "type": "Point",
                "coordinates": [
                    137.87666667,
                    36.4275
                ]
            },
            "properties": {
                "調査時期": "2020_S",
                "都道府県": "長野県",
                "市区町村": "池田町",
                "撮影場所": "",
                "撮影日時": "2020-08-18T20:53:00+09:00",
                "緯度": "36.42750000",
                "経度": "137.87666667",
                "夜空の明るさ": "20.43",
                "ばらつき": "0.08",
                "周辺状況": "",
                "備考": "",
                "継続観察登録地点": ""
            }
        },
        {
            "type": "Feature",
            "geometry": {
                "type": "Point",
                "coordinates": [
                    137.875,
                    36.42138889
                ]
            },
            "properties": {
                "調査時期": "2020_S",
                "都道府県": "長野県",
                "市区町村": "池田町",
                "撮影場所": "",
                "撮影日時": "2020-08-18T21:04:00+09:00",
                "緯度": "36.42138889",
                "経度": "137.87500000",
                "夜空の明るさ": "20.40",
                "ばらつき": "0.14",
                "周辺状況": "",
                "備考": "",
                "継続観察登録地点": ""
            }
        },
        {
            "type": "Feature",
            "geometry": {
                "type": "Point",
                "coordinates": [
                    137.88166667,
                    36.43694444
                ]
            },
            "properties": {
                "調査時期": "2020_S",
                "都道府県": "長野県",
                "市区町村": "池田町",
                "撮影場所": "",
                "撮影日時": "2020-08-18T21:34:00+09:00",
                "緯度": "36.43694444",
                "経度": "137.88166667",
                "夜空の明るさ": "20.69",
                "ばらつき": "0.20",
                "周辺状況": "",
                "備考": "",
                "継続観察登録地点": ""
            }
        },
        {
            "type": "Feature",
            "geometry": {
                "type": "Point",
                "coordinates": [
                    137.69333333,
                    35.78333333
                ]
            },
            "properties": {
                "調査時期": "2020_S",
                "都道府県": "長野県",
                "市区町村": "上松町",
                "撮影場所": "上松駅前",
                "撮影日時": "2020-08-15T20:43:00+09:00",
                "緯度": "35.78333333",
                "経度": "137.69333333",
                "夜空の明るさ": "19.91",
                "ばらつき": "0.41",
                "周辺状況": "商業地域",
                "備考": "",
                "継続観察登録地点": "○"
            }
        },
        {
            "type": "Feature",
            "geometry": {
                "type": "Point",
                "coordinates": [
                    137.68666667,
                    35.80916667
                ]
            },
            "properties": {
                "調査時期": "2020_S",
                "都道府県": "長野県",
                "市区町村": "上松町",
                "撮影場所": "木曽の桟",
                "撮影日時": "2020-08-10T21:44:00+09:00",
                "緯度": "35.80916667",
                "経度": "137.68666667",
                "夜空の明るさ": "21.17",
                "ばらつき": "0.18",
                "周辺状況": "森林山間地",
                "備考": "",
                "継続観察登録地点": "○"
            }
        },
        {
            "type": "Feature",
            "geometry": {
                "type": "Point",
                "coordinates": [
                    137.71527778,
                    35.72277778
                ]
            },
            "properties": {
                "調査時期": "2020_S",
                "都道府県": "長野県",
                "市区町村": "上松町",
                "撮影場所": "木曽郡上松町倉本",
                "撮影日時": "2020-08-10T22:06:00+09:00",
                "緯度": "35.72277778",
                "経度": "137.71527778",
                "夜空の明るさ": "21.42",
                "ばらつき": "0.20",
                "周辺状況": "その他",
                "備考": "",
                "継続観察登録地点": "○"
            }
        },
        {
            "type": "Feature",
            "geometry": {
                "type": "Point",
                "coordinates": [
                    137.60583333,
                    35.59944444
                ]
            },
            "properties": {
                "調査時期": "2020_S",
                "都道府県": "長野県",
                "市区町村": "南木曽町",
                "撮影場所": "天白公園駐車場",
                "撮影日時": "2020-08-15T21:34:00+09:00",
                "緯度": "35.59944444",
                "経度": "137.60583333",
                "夜空の明るさ": "20.73",
                "ばらつき": "0.12",
                "周辺状況": "自然公園等",
                "備考": "",
                "継続観察登録地点": "○"
            }
        },
        {
            "type": "Feature",
            "geometry": {
                "type": "Point",
                "coordinates": [
                    137.54972222,
                    35.59083333
                ]
            },
            "properties": {
                "調査時期": "2020_S",
                "都道府県": "長野県",
                "市区町村": "南木曽町",
                "撮影場所": "田立小学校",
                "撮影日時": "2020-08-13T21:17:00+09:00",
                "緯度": "35.59083333",
                "経度": "137.54972222",
                "夜空の明るさ": "20.77",
                "ばらつき": "0.20",
                "周辺状況": "住宅地域",
                "備考": "",
                "継続観察登録地点": "○"
            }
        },
        {
            "type": "Feature",
            "geometry": {
                "type": "Point",
                "coordinates": [
                    137.62388889,
                    35.79638889
                ]
            },
            "properties": {
                "調査時期": "2020_S",
                "都道府県": "長野県",
                "市区町村": "王滝村",
                "撮影場所": "東京大学木曽観測所",
                "撮影日時": "2020-08-10T20:53:00+09:00",
                "緯度": "35.79638889",
                "経度": "137.62388889",
                "夜空の明るさ": "21.64",
                "ばらつき": "0.19",
                "周辺状況": "森林山間地",
                "備考": "",
                "継続観察登録地点": "○"
            }
        },
        {
            "type": "Feature",
            "geometry": {
                "type": "Point",
                "coordinates": [
                    137.62388889,
                    35.79638889
                ]
            },
            "properties": {
                "調査時期": "2020_S",
                "都道府県": "長野県",
                "市区町村": "王滝村",
                "撮影場所": "東京大学木曽観測所",
                "撮影日時": "2020-08-15T20:16:00+09:00",
                "緯度": "35.79638889",
                "経度": "137.62388889",
                "夜空の明るさ": "21.44",
                "ばらつき": "0.17",
                "周辺状況": "森林山間地",
                "備考": "",
                "継続観察登録地点": "○"
            }
        },
        {
            "type": "Feature",
            "geometry": {
                "type": "Point",
                "coordinates": [
                    138.26611111,
                    35.97222222
                ]
            },
            "properties": {
                "調査時期": "2020_S",
                "都道府県": "長野県",
                "市区町村": "原村",
                "撮影場所": "八ヶ岳自然文化園",
                "撮影日時": "2020-08-18T20:27:00+09:00",
                "緯度": "35.97222222",
                "経度": "138.26611111",
                "夜空の明るさ": "21.25",
                "ばらつき": "0.08",
                "周辺状況": "自然公園等",
                "備考": "",
                "継続観察登録地点": "○"
            }
        },
        {
            "type": "Feature",
            "geometry": {
                "type": "Point",
                "coordinates": [
                    138.26611111,
                    35.97222222
                ]
            },
            "properties": {
                "調査時期": "2020_S",
                "都道府県": "長野県",
                "市区町村": "原村",
                "撮影場所": "",
                "撮影日時": "2020-08-18T20:27:00+09:00",
                "緯度": "35.97222222",
                "経度": "138.26611111",
                "夜空の明るさ": "21.25",
                "ばらつき": "0.08",
                "周辺状況": "",
                "備考": "",
                "継続観察登録地点": ""
            }
        },
        {
            "type": "Feature",
            "geometry": {
                "type": "Point",
                "coordinates": [
                    138.26305556,
                    35.97361111
                ]
            },
            "properties": {
                "調査時期": "2020_S",
                "都道府県": "長野県",
                "市区町村": "原村",
                "撮影場所": "",
                "撮影日時": "2020-08-18T22:08:00+09:00",
                "緯度": "35.97361111",
                "経度": "138.26305556",
                "夜空の明るさ": "21.08",
                "ばらつき": "0.11",
                "周辺状況": "",
                "備考": "",
                "継続観察登録地点": ""
            }
        },
        {
            "type": "Feature",
            "geometry": {
                "type": "Point",
                "coordinates": [
                    137.70611111,
                    36.38416667
                ]
            },
            "properties": {
                "調査時期": "2020_S",
                "都道府県": "長野県",
                "市区町村": "大町市",
                "撮影場所": "",
                "撮影日時": "2020-08-13T21:11:00+09:00",
                "緯度": "36.38416667",
                "経度": "137.70611111",
                "夜空の明るさ": "21.34",
                "ばらつき": "0.20",
                "周辺状況": "",
                "備考": "",
                "継続観察登録地点": ""
            }
        },
        {
            "type": "Feature",
            "geometry": {
                "type": "Point",
                "coordinates": [
                    137.87694444,
                    36.445
                ]
            },
            "properties": {
                "調査時期": "2020_S",
                "都道府県": "長野県",
                "市区町村": "大町市",
                "撮影場所": "大町市社 大町観測所",
                "撮影日時": "2020-08-14T20:48:00+09:00",
                "緯度": "36.44500000",
                "経度": "137.87694444",
                "夜空の明るさ": "20.96",
                "ばらつき": "0.08",
                "周辺状況": "農業地域",
                "備考": "",
                "継続観察登録地点": "○"
            }
        },
        {
            "type": "Feature",
            "geometry": {
                "type": "Point",
                "coordinates": [
                    137.85055556,
                    36.50222222
                ]
            },
            "properties": {
                "調査時期": "2020_S",
                "都道府県": "長野県",
                "市区町村": "大町市",
                "撮影場所": "大町市大町 大町市役所",
                "撮影日時": "2020-08-14T21:14:00+09:00",
                "緯度": "36.50222222",
                "経度": "137.85055556",
                "夜空の明るさ": "20.38",
                "ばらつき": "0.10",
                "周辺状況": "住宅地域",
                "備考": "",
                "継続観察登録地点": "○"
            }
        },
        {
            "type": "Feature",
            "geometry": {
                "type": "Point",
                "coordinates": [
                    137.83611111,
                    36.57
                ]
            },
            "properties": {
                "調査時期": "2020_S",
                "都道府県": "長野県",
                "市区町村": "大町市",
                "撮影場所": "",
                "撮影日時": "2020-08-18T20:11:00+09:00",
                "緯度": "36.57000000",
                "経度": "137.83611111",
                "夜空の明るさ": "21.49",
                "ばらつき": "0.16",
                "周辺状況": "",
                "備考": "",
                "継続観察登録地点": ""
            }
        },
        {
            "type": "Feature",
            "geometry": {
                "type": "Point",
                "coordinates": [
                    137.82805556,
                    36.59527778
                ]
            },
            "properties": {
                "調査時期": "2020_S",
                "都道府県": "長野県",
                "市区町村": "大町市",
                "撮影場所": "",
                "撮影日時": "2020-08-18T21:37:00+09:00",
                "緯度": "36.59527778",
                "経度": "137.82805556",
                "夜空の明るさ": "21.37",
                "ばらつき": "0.13",
                "周辺状況": "",
                "備考": "",
                "継続観察登録地点": ""
            }
        },
        {
            "type": "Feature",
            "geometry": {
                "type": "Point",
                "coordinates": [
                    137.905,
                    36.30388889
                ]
            },
            "properties": {
                "調査時期": "2020_S",
                "都道府県": "長野県",
                "市区町村": "安曇野市",
                "撮影場所": "安曇野市豊科 安曇野市役所",
                "撮影日時": "2020-08-15T21:00:00+09:00",
                "緯度": "36.30388889",
                "経度": "137.90500000",
                "夜空の明るさ": "19.51",
                "ばらつき": "0.04",
                "周辺状況": "住宅地域",
                "備考": "",
                "継続観察登録地点": "○"
            }
        },
        {
            "type": "Feature",
            "geometry": {
                "type": "Point",
                "coordinates": [
                    137.88388889,
                    36.34583333
                ]
            },
            "properties": {
                "調査時期": "2020_S",
                "都道府県": "長野県",
                "市区町村": "安曇野市",
                "撮影場所": "安曇野市穂高 穂高会館",
                "撮影日時": "2020-08-19T21:31:00+09:00",
                "緯度": "36.34583333",
                "経度": "137.88388889",
                "夜空の明るさ": "19.91",
                "ばらつき": "0.15",
                "周辺状況": "住宅地域",
                "備考": "",
                "継続観察登録地点": "○"
            }
        },
        {
            "type": "Feature",
            "geometry": {
                "type": "Point",
                "coordinates": [
                    137.84388889,
                    36.32083333
                ]
            },
            "properties": {
                "調査時期": "2020_S",
                "都道府県": "長野県",
                "市区町村": "安曇野市",
                "撮影場所": "安曇野市穂高牧 安曇野公園穂高",
                "撮影日時": "2020-08-19T20:58:00+09:00",
                "緯度": "36.32083333",
                "経度": "137.84388889",
                "夜空の明るさ": "20.35",
                "ばらつき": "0.15",
                "周辺状況": "農業地域",
                "備考": "",
                "継続観察登録地点": "○"
            }
        },
        {
            "type": "Feature",
            "geometry": {
                "type": "Point",
                "coordinates": [
                    137.62333333,
                    35.22305556
                ]
            },
            "properties": {
                "調査時期": "2020_S",
                "都道府県": "長野県",
                "市区町村": "根羽村",
                "撮影場所": "根羽村 茶臼山",
                "撮影日時": "2020-08-14T21:00:00+09:00",
                "緯度": "35.22305556",
                "経度": "137.62333333",
                "夜空の明るさ": "21.34",
                "ばらつき": "0.16",
                "周辺状況": "自然公園等",
                "備考": "",
                "継続観察登録地点": "○"
            }
        },
        {
            "type": "Feature",
            "geometry": {
                "type": "Point",
                "coordinates": [
                    137.62333333,
                    35.22333333
                ]
            },
            "properties": {
                "調査時期": "2020_S",
                "都道府県": "長野県",
                "市区町村": "根羽村",
                "撮影場所": "根羽村 茶臼山",
                "撮影日時": "2020-08-14T21:02:00+09:00",
                "緯度": "35.22333333",
                "経度": "137.62333333",
                "夜空の明るさ": "21.41",
                "ばらつき": "0.16",
                "周辺状況": "自然公園等",
                "備考": "",
                "継続観察登録地点": "○"
            }
        },
        {
            "type": "Feature",
            "geometry": {
                "type": "Point",
                "coordinates": [
                    137.62333333,
                    35.22305556
                ]
            },
            "properties": {
                "調査時期": "2020_S",
                "都道府県": "長野県",
                "市区町村": "根羽村",
                "撮影場所": "根羽村 茶臼山",
                "撮影日時": "2020-08-14T21:25:00+09:00",
                "緯度": "35.22305556",
                "経度": "137.62333333",
                "夜空の明るさ": "21.38",
                "ばらつき": "0.20",
                "周辺状況": "自然公園等",
                "備考": "",
                "継続観察登録地点": "○"
            }
        },
        {
            "type": "Feature",
            "geometry": {
                "type": "Point",
                "coordinates": [
                    138.4825,
                    36.91833333
                ]
            },
            "properties": {
                "調査時期": "2020_S",
                "都道府県": "長野県",
                "市区町村": "野沢温泉村",
                "撮影場所": "",
                "撮影日時": "2020-08-16T21:54:00+09:00",
                "緯度": "36.91833333",
                "経度": "138.48250000",
                "夜空の明るさ": "20.51",
                "ばらつき": "0.66",
                "周辺状況": "",
                "備考": "",
                "継続観察登録地点": ""
            }
        },
        {
            "type": "Feature",
            "geometry": {
                "type": "Point",
                "coordinates": [
                    138.4475,
                    36.95944444
                ]
            },
            "properties": {
                "調査時期": "2020_S",
                "都道府県": "長野県",
                "市区町村": "野沢温泉村",
                "撮影場所": "",
                "撮影日時": "2020-08-18T21:04:00+09:00",
                "緯度": "36.95944444",
                "経度": "138.44750000",
                "夜空の明るさ": "21.27",
                "ばらつき": "0.17",
                "周辺状況": "",
                "備考": "",
                "継続観察登録地点": ""
            }
        },
        {
            "type": "Feature",
            "geometry": {
                "type": "Point",
                "coordinates": [
                    138.47611111,
                    36.35361111
                ]
            },
            "properties": {
                "調査時期": "2020_S",
                "都道府県": "長野県",
                "市区町村": "小諸市",
                "撮影場所": "",
                "撮影日時": "2020-08-19T20:19:00+09:00",
                "緯度": "36.35361111",
                "経度": "138.47611111",
                "夜空の明るさ": "20.50",
                "ばらつき": "0.15",
                "周辺状況": "",
                "備考": "",
                "継続観察登録地点": ""
            }
        },
        {
            "type": "Feature",
            "geometry": {
                "type": "Point",
                "coordinates": [
                    138.47138889,
                    36.4025
                ]
            },
            "properties": {
                "調査時期": "2020_S",
                "都道府県": "長野県",
                "市区町村": "小諸市",
                "撮影場所": "",
                "撮影日時": "2020-08-18T20:19:00+09:00",
                "緯度": "36.40250000",
                "経度": "138.47138889",
                "夜空の明るさ": "",
                "ばらつき": "",
                "周辺状況": "",
                "備考": "方向エラー測定不可",
                "継続観察登録地点": ""
            }
        },
        {
            "type": "Feature",
            "geometry": {
                "type": "Point",
                "coordinates": [
                    138.275,
                    36.14638889
                ]
            },
            "properties": {
                "調査時期": "2020_S",
                "都道府県": "長野県",
                "市区町村": "立科町",
                "撮影場所": "",
                "撮影日時": "2020-08-18T20:23:00+09:00",
                "緯度": "36.14638889",
                "経度": "138.27500000",
                "夜空の明るさ": "20.49",
                "ばらつき": "0.22",
                "周辺状況": "",
                "備考": "",
                "継続観察登録地点": ""
            }
        },
        {
            "type": "Feature",
            "geometry": {
                "type": "Point",
                "coordinates": [
                    138.2775,
                    36.14722222
                ]
            },
            "properties": {
                "調査時期": "2020_S",
                "都道府県": "長野県",
                "市区町村": "立科町",
                "撮影場所": "",
                "撮影日時": "2020-08-19T20:38:00+09:00",
                "緯度": "36.14722222",
                "経度": "138.27750000",
                "夜空の明るさ": "21.10",
                "ばらつき": "0.16",
                "周辺状況": "",
                "備考": "",
                "継続観察登録地点": ""
            }
        },
        {
            "type": "Feature",
            "geometry": {
                "type": "Point",
                "coordinates": [
                    138.16861111,
                    36.09805556
                ]
            },
            "properties": {
                "調査時期": "2020_S",
                "都道府県": "長野県",
                "市区町村": "諏訪市",
                "撮影場所": "霧ヶ峰高原",
                "撮影日時": "2020-08-13T21:10:00+09:00",
                "緯度": "36.09805556",
                "経度": "138.16861111",
                "夜空の明るさ": "21.36",
                "ばらつき": "0.10",
                "周辺状況": "自然公園等",
                "備考": "",
                "継続観察登録地点": "○"
            }
        },
        {
            "type": "Feature",
            "geometry": {
                "type": "Point",
                "coordinates": [
                    138.18722222,
                    36.10388889
                ]
            },
            "properties": {
                "調査時期": "2020_S",
                "都道府県": "長野県",
                "市区町村": "諏訪市",
                "撮影場所": "諏訪市四賀霧ヶ峰車山肩",
                "撮影日時": "2020-08-13T21:37:00+09:00",
                "緯度": "36.10388889",
                "経度": "138.18722222",
                "夜空の明るさ": "21.45",
                "ばらつき": "0.15",
                "周辺状況": "自然公園等",
                "備考": "",
                "継続観察登録地点": "○"
            }
        },
        {
            "type": "Feature",
            "geometry": {
                "type": "Point",
                "coordinates": [
                    138.11,
                    36.04444444
                ]
            },
            "properties": {
                "調査時期": "2020_S",
                "都道府県": "長野県",
                "市区町村": "諏訪市",
                "撮影場所": "",
                "撮影日時": "2020-08-10T22:25:00+09:00",
                "緯度": "36.04444444",
                "経度": "138.11000000",
                "夜空の明るさ": "20.00",
                "ばらつき": "0.07",
                "周辺状況": "",
                "備考": "",
                "継続観察登録地点": ""
            }
        },
        {
            "type": "Feature",
            "geometry": {
                "type": "Point",
                "coordinates": [
                    138.15972222,
                    36.12055556
                ]
            },
            "properties": {
                "調査時期": "2020_S",
                "都道府県": "長野県",
                "市区町村": "下諏訪町",
                "撮影場所": "諏訪郡下諏訪町八島湿原",
                "撮影日時": "2020-08-18T21:12:00+09:00",
                "緯度": "36.12055556",
                "経度": "138.15972222",
                "夜空の明るさ": "21.40",
                "ばらつき": "0.12",
                "周辺状況": "自然公園等",
                "備考": "",
                "継続観察登録地点": "○"
            }
        },
        {
            "type": "Feature",
            "geometry": {
                "type": "Point",
                "coordinates": [
                    138.15972222,
                    36.12055556
                ]
            },
            "properties": {
                "調査時期": "2020_S",
                "都道府県": "長野県",
                "市区町村": "下諏訪町",
                "撮影場所": "諏訪郡下諏訪町八島湿原",
                "撮影日時": "2020-08-18T20:44:00+09:00",
                "緯度": "36.12055556",
                "経度": "138.15972222",
                "夜空の明るさ": "21.02",
                "ばらつき": "0.11",
                "周辺状況": "自然公園等",
                "備考": "",
                "継続観察登録地点": "○"
            }
        },
        {
            "type": "Feature",
            "geometry": {
                "type": "Point",
                "coordinates": [
                    138.07777778,
                    36.05916667
                ]
            },
            "properties": {
                "調査時期": "2020_S",
                "都道府県": "長野県",
                "市区町村": "下諏訪町",
                "撮影場所": "下諏訪町赤砂崎公園",
                "撮影日時": "2020-08-10T21:38:00+09:00",
                "緯度": "36.05916667",
                "経度": "138.07777778",
                "夜空の明るさ": "20.27",
                "ばらつき": "0.10",
                "周辺状況": "自然公園等",
                "備考": "",
                "継続観察登録地点": "○"
            }
        },
        {
            "type": "Feature",
            "geometry": {
                "type": "Point",
                "coordinates": [
                    137.85527778,
                    36.42333333
                ]
            },
            "properties": {
                "調査時期": "2020_S",
                "都道府県": "長野県",
                "市区町村": "松川村",
                "撮影場所": "",
                "撮影日時": "2020-08-14T20:21:00+09:00",
                "緯度": "36.42333333",
                "経度": "137.85527778",
                "夜空の明るさ": "20.31",
                "ばらつき": "0.12",
                "周辺状況": "",
                "備考": "",
                "継続観察登録地点": ""
            }
        },
        {
            "type": "Feature",
            "geometry": {
                "type": "Point",
                "coordinates": [
                    137.85805556,
                    36.42444444
                ]
            },
            "properties": {
                "調査時期": "2020_S",
                "都道府県": "長野県",
                "市区町村": "松川村",
                "撮影場所": "",
                "撮影日時": "2020-08-18T21:19:00+09:00",
                "緯度": "36.42444444",
                "経度": "137.85805556",
                "夜空の明るさ": "20.11",
                "ばらつき": "0.67",
                "周辺状況": "",
                "備考": "",
                "継続観察登録地点": ""
            }
        },
        {
            "type": "Feature",
            "geometry": {
                "type": "Point",
                "coordinates": [
                    138.335,
                    36.68083333
                ]
            },
            "properties": {
                "調査時期": "2020_S",
                "都道府県": "長野県",
                "市区町村": "高山村",
                "撮影場所": "",
                "撮影日時": "2020-08-16T22:09:00+09:00",
                "緯度": "36.68083333",
                "経度": "138.33500000",
                "夜空の明るさ": "19.95",
                "ばらつき": "0.09",
                "周辺状況": "",
                "備考": "",
                "継続観察登録地点": ""
            }
        },
        {
            "type": "Feature",
            "geometry": {
                "type": "Point",
                "coordinates": [
                    138.45305556,
                    36.63555556
                ]
            },
            "properties": {
                "調査時期": "2020_S",
                "都道府県": "長野県",
                "市区町村": "高山村",
                "撮影場所": "",
                "撮影日時": "2020-08-19T20:17:00+09:00",
                "緯度": "36.63555556",
                "経度": "138.45305556",
                "夜空の明るさ": "21.28",
                "ばらつき": "0.10",
                "周辺状況": "",
                "備考": "",
                "継続観察登録地点": ""
            }
        },
        {
            "type": "Feature",
            "geometry": {
                "type": "Point",
                "coordinates": [
                    138.41694444,
                    36.66333333
                ]
            },
            "properties": {
                "調査時期": "2020_S",
                "都道府県": "長野県",
                "市区町村": "高山村",
                "撮影場所": "",
                "撮影日時": "2020-08-19T20:44:00+09:00",
                "緯度": "36.66333333",
                "経度": "138.41694444",
                "夜空の明るさ": "20.74",
                "ばらつき": "0.11",
                "周辺状況": "",
                "備考": "",
                "継続観察登録地点": ""
            }
        },
        {
            "type": "Feature",
            "geometry": {
                "type": "Point",
                "coordinates": [
                    138.32694444,
                    36.70083333
                ]
            },
            "properties": {
                "調査時期": "2020_S",
                "都道府県": "長野県",
                "市区町村": "小布施町",
                "撮影場所": "",
                "撮影日時": "2020-08-16T21:13:00+09:00",
                "緯度": "36.70083333",
                "経度": "138.32694444",
                "夜空の明るさ": "19.71",
                "ばらつき": "0.05",
                "周辺状況": "",
                "備考": "",
                "継続観察登録地点": ""
            }
        },
        {
            "type": "Feature",
            "geometry": {
                "type": "Point",
                "coordinates": [
                    138.33388889,
                    36.69861111
                ]
            },
            "properties": {
                "調査時期": "2020_S",
                "都道府県": "長野県",
                "市区町村": "小布施町",
                "撮影場所": "",
                "撮影日時": "2020-08-19T21:20:00+09:00",
                "緯度": "36.69861111",
                "経度": "138.33388889",
                "夜空の明るさ": "19.93",
                "ばらつき": "0.08",
                "周辺状況": "",
                "備考": "",
                "継続観察登録地点": ""
            }
        },
        {
            "type": "Feature",
            "geometry": {
                "type": "Point",
                "coordinates": [
                    138.33416667,
                    36.69916667
                ]
            },
            "properties": {
                "調査時期": "2020_S",
                "都道府県": "長野県",
                "市区町村": "小布施町",
                "撮影場所": "",
                "撮影日時": "2020-08-19T21:21:00+09:00",
                "緯度": "36.69916667",
                "経度": "138.33416667",
                "夜空の明るさ": "19.91",
                "ばらつき": "0.10",
                "周辺状況": "",
                "備考": "",
                "継続観察登録地点": ""
            }
        },
        {
            "type": "Feature",
            "geometry": {
                "type": "Point",
                "coordinates": [
                    138.48888889,
                    36.15222222
                ]
            },
            "properties": {
                "調査時期": "2020_S",
                "都道府県": "長野県",
                "市区町村": "佐久穂町",
                "撮影場所": "",
                "撮影日時": "2020-08-19T20:32:00+09:00",
                "緯度": "36.15222222",
                "経度": "138.48888889",
                "夜空の明るさ": "19.81",
                "ばらつき": "0.07",
                "周辺状況": "",
                "備考": "",
                "継続観察登録地点": ""
            }
        },
        {
            "type": "Feature",
            "geometry": {
                "type": "Point",
                "coordinates": [
                    138.39333333,
                    36.07638889
                ]
            },
            "properties": {
                "調査時期": "2020_S",
                "都道府県": "長野県",
                "市区町村": "佐久穂町",
                "撮影場所": "",
                "撮影日時": "2020-08-19T20:37:00+09:00",
                "緯度": "36.07638889",
                "経度": "138.39333333",
                "夜空の明るさ": "20.86",
                "ばらつき": "0.19",
                "周辺状況": "",
                "備考": "",
                "継続観察登録地点": ""
            }
        },
        {
            "type": "Feature",
            "geometry": {
                "type": "Point",
                "coordinates": [
                    138.38222222,
                    36.075
                ]
            },
            "properties": {
                "調査時期": "2020_S",
                "都道府県": "長野県",
                "市区町村": "佐久穂町",
                "撮影場所": "",
                "撮影日時": "2020-08-19T21:58:00+09:00",
                "緯度": "36.07500000",
                "経度": "138.38222222",
                "夜空の明るさ": "21.20",
                "ばらつき": "0.07",
                "周辺状況": "",
                "備考": "",
                "継続観察登録地点": ""
            }
        },
        {
            "type": "Feature",
            "geometry": {
                "type": "Point",
                "coordinates": [
                    138.56916667,
                    36.00416667
                ]
            },
            "properties": {
                "調査時期": "2020_S",
                "都道府県": "長野県",
                "市区町村": "南相木村",
                "撮影場所": "",
                "撮影日時": "2020-08-11T20:43:00+09:00",
                "緯度": "36.00416667",
                "経度": "138.56916667",
                "夜空の明るさ": "21.54",
                "ばらつき": "0.15",
                "周辺状況": "",
                "備考": "",
                "継続観察登録地点": ""
            }
        },
        {
            "type": "Feature",
            "geometry": {
                "type": "Point",
                "coordinates": [
                    138.52444444,
                    36.04611111
                ]
            },
            "properties": {
                "調査時期": "2020_S",
                "都道府県": "長野県",
                "市区町村": "南相木村",
                "撮影場所": "",
                "撮影日時": "2020-08-14T22:18:00+09:00",
                "緯度": "36.04611111",
                "経度": "138.52444444",
                "夜空の明るさ": "21.50",
                "ばらつき": "0.26",
                "周辺状況": "",
                "備考": "",
                "継続観察登録地点": ""
            }
        },
        {
            "type": "Feature",
            "geometry": {
                "type": "Point",
                "coordinates": [
                    138.34222222,
                    36.74972222
                ]
            },
            "properties": {
                "調査時期": "2020_S",
                "都道府県": "長野県",
                "市区町村": "中野市",
                "撮影場所": "",
                "撮影日時": "2020-08-16T20:15:00+09:00",
                "緯度": "36.74972222",
                "経度": "138.34222222",
                "夜空の明るさ": "19.69",
                "ばらつき": "0.09",
                "周辺状況": "",
                "備考": "",
                "継続観察登録地点": ""
            }
        },
        {
            "type": "Feature",
            "geometry": {
                "type": "Point",
                "coordinates": [
                    138.3425,
                    36.74944444
                ]
            },
            "properties": {
                "調査時期": "2020_S",
                "都道府県": "長野県",
                "市区町村": "中野市",
                "撮影場所": "",
                "撮影日時": "2020-08-19T21:54:00+09:00",
                "緯度": "36.74944444",
                "経度": "138.34250000",
                "夜空の明るさ": "",
                "ばらつき": "",
                "周辺状況": "",
                "備考": "方向エラー測定不可",
                "継続観察登録地点": ""
            }
        },
        {
            "type": "Feature",
            "geometry": {
                "type": "Point",
                "coordinates": [
                    138.47277778,
                    35.94138889
                ]
            },
            "properties": {
                "調査時期": "2020_S",
                "都道府県": "長野県",
                "市区町村": "南牧村",
                "撮影場所": "国立天文台野辺山宇宙電波観測所内",
                "撮影日時": "2020-08-12T20:32:00+09:00",
                "緯度": "35.94138889",
                "経度": "138.47277778",
                "夜空の明るさ": "21.33",
                "ばらつき": "0.06",
                "周辺状況": "農業地域",
                "備考": "",
                "継続観察登録地点": "○"
            }
        },
        {
            "type": "Feature",
            "geometry": {
                "type": "Point",
                "coordinates": [
                    138.46361111,
                    35.96111111
                ]
            },
            "properties": {
                "調査時期": "2020_S",
                "都道府県": "長野県",
                "市区町村": "南牧村",
                "撮影場所": "南佐久郡南牧村野辺山",
                "撮影日時": "2020-08-17T21:36:00+09:00",
                "緯度": "35.96111111",
                "経度": "138.46361111",
                "夜空の明るさ": "21.19",
                "ばらつき": "0.01",
                "周辺状況": "住宅地域",
                "備考": "",
                "継続観察登録地点": "○"
            }
        },
        {
            "type": "Feature",
            "geometry": {
                "type": "Point",
                "coordinates": [
                    138.17916667,
                    36.00638889
                ]
            },
            "properties": {
                "調査時期": "2020_S",
                "都道府県": "長野県",
                "市区町村": "茅野市",
                "撮影場所": "",
                "撮影日時": "2020-08-13T22:04:00+09:00",
                "緯度": "36.00638889",
                "経度": "138.17916667",
                "夜空の明るさ": "20.37",
                "ばらつき": "0.11",
                "周辺状況": "",
                "備考": "",
                "継続観察登録地点": ""
            }
        },
        {
            "type": "Feature",
            "geometry": {
                "type": "Point",
                "coordinates": [
                    138.23055556,
                    36.01305556
                ]
            },
            "properties": {
                "調査時期": "2020_S",
                "都道府県": "長野県",
                "市区町村": "茅野市",
                "撮影場所": "",
                "撮影日時": "2020-08-14T20:30:00+09:00",
                "緯度": "36.01305556",
                "経度": "138.23055556",
                "夜空の明るさ": "20.86",
                "ばらつき": "0.08",
                "周辺状況": "",
                "備考": "",
                "継続観察登録地点": ""
            }
        },
        {
            "type": "Feature",
            "geometry": {
                "type": "Point",
                "coordinates": [
                    137.98694444,
                    36.65944444
                ]
            },
            "properties": {
                "調査時期": "2020_S",
                "都道府県": "長野県",
                "市区町村": "小川村",
                "撮影場所": "小川天文台",
                "撮影日時": "2020-08-16T21:07:00+09:00",
                "緯度": "36.65944444",
                "経度": "137.98694444",
                "夜空の明るさ": "21.44",
                "ばらつき": "0.29",
                "周辺状況": "森林山間地",
                "備考": "",
                "継続観察登録地点": "○"
            }
        },
        {
            "type": "Feature",
            "geometry": {
                "type": "Point",
                "coordinates": [
                    137.89444444,
                    35.74611111
                ]
            },
            "properties": {
                "調査時期": "2020_S",
                "都道府県": "長野県",
                "市区町村": "宮田村",
                "撮影場所": "",
                "撮影日時": "2020-08-15T21:22:00+09:00",
                "緯度": "35.74611111",
                "経度": "137.89444444",
                "夜空の明るさ": "21.02",
                "ばらつき": "0.15",
                "周辺状況": "",
                "備考": "",
                "継続観察登録地点": ""
            }
        },
        {
            "type": "Feature",
            "geometry": {
                "type": "Point",
                "coordinates": [
                    137.95222222,
                    35.75916667
                ]
            },
            "properties": {
                "調査時期": "2020_S",
                "都道府県": "長野県",
                "市区町村": "宮田村",
                "撮影場所": "",
                "撮影日時": "2020-08-16T21:00:00+09:00",
                "緯度": "35.75916667",
                "経度": "137.95222222",
                "夜空の明るさ": "19.94",
                "ばらつき": "0.35",
                "周辺状況": "",
                "備考": "",
                "継続観察登録地点": ""
            }
        },
        {
            "type": "Feature",
            "geometry": {
                "type": "Point",
                "coordinates": [
                    138.58166667,
                    36.98805556
                ]
            },
            "properties": {
                "調査時期": "2020_S",
                "都道府県": "長野県",
                "市区町村": "栄村",
                "撮影場所": "",
                "撮影日時": "2020-08-18T20:26:00+09:00",
                "緯度": "36.98805556",
                "経度": "138.58166667",
                "夜空の明るさ": "21.22",
                "ばらつき": "0.16",
                "周辺状況": "",
                "備考": "",
                "継続観察登録地点": ""
            }
        },
        {
            "type": "Feature",
            "geometry": {
                "type": "Point",
                "coordinates": [
                    138.51972222,
                    37.02166667
                ]
            },
            "properties": {
                "調査時期": "2020_S",
                "都道府県": "長野県",
                "市区町村": "栄村",
                "撮影場所": "",
                "撮影日時": "2020-08-18T21:16:00+09:00",
                "緯度": "37.02166667",
                "経度": "138.51972222",
                "夜空の明るさ": "21.63",
                "ばらつき": "0.07",
                "周辺状況": "",
                "備考": "",
                "継続観察登録地点": ""
            }
        },
        {
            "type": "Feature",
            "geometry": {
                "type": "Point",
                "coordinates": [
                    138.52,
                    37.02166667
                ]
            },
            "properties": {
                "調査時期": "2020_S",
                "都道府県": "長野県",
                "市区町村": "栄村",
                "撮影場所": "",
                "撮影日時": "2020-08-18T21:18:00+09:00",
                "緯度": "37.02166667",
                "経度": "138.52000000",
                "夜空の明るさ": "21.89",
                "ばらつき": "0.28",
                "周辺状況": "",
                "備考": "",
                "継続観察登録地点": ""
            }
        },
        {
            "type": "Feature",
            "geometry": {
                "type": "Point",
                "coordinates": [
                    138.40333333,
                    36.81611111
                ]
            },
            "properties": {
                "調査時期": "2020_S",
                "都道府県": "長野県",
                "市区町村": "木島平村",
                "撮影場所": "",
                "撮影日時": "2020-08-18T21:55:00+09:00",
                "緯度": "36.81611111",
                "経度": "138.40333333",
                "夜空の明るさ": "21.26",
                "ばらつき": "0.14",
                "周辺状況": "",
                "備考": "",
                "継続観察登録地点": ""
            }
        },
        {
            "type": "Feature",
            "geometry": {
                "type": "Point",
                "coordinates": [
                    138.19472222,
                    36.43472222
                ]
            },
            "properties": {
                "調査時期": "2020_S",
                "都道府県": "長野県",
                "市区町村": "坂城町",
                "撮影場所": "",
                "撮影日時": "2020-08-13T22:08:00+09:00",
                "緯度": "36.43472222",
                "経度": "138.19472222",
                "夜空の明るさ": "20.11",
                "ばらつき": "0.11",
                "周辺状況": "",
                "備考": "",
                "継続観察登録地点": ""
            }
        },
        {
            "type": "Feature",
            "geometry": {
                "type": "Point",
                "coordinates": [
                    138.50555556,
                    36.33722222
                ]
            },
            "properties": {
                "調査時期": "2020_S",
                "都道府県": "長野県",
                "市区町村": "御代田町",
                "撮影場所": "",
                "撮影日時": "2020-08-19T20:19:00+09:00",
                "緯度": "36.33722222",
                "経度": "138.50555556",
                "夜空の明るさ": "20.03",
                "ばらつき": "0.06",
                "周辺状況": "",
                "備考": "",
                "継続観察登録地点": ""
            }
        },
        {
            "type": "Feature",
            "geometry": {
                "type": "Point",
                "coordinates": [
                    138.19777778,
                    36.79833333
                ]
            },
            "properties": {
                "調査時期": "2020_S",
                "都道府県": "長野県",
                "市区町村": "信濃町",
                "撮影場所": "",
                "撮影日時": "2020-08-19T20:34:00+09:00",
                "緯度": "36.79833333",
                "経度": "138.19777778",
                "夜空の明るさ": "20.75",
                "ばらつき": "0.11",
                "周辺状況": "",
                "備考": "",
                "継続観察登録地点": ""
            }
        },
        {
            "type": "Feature",
            "geometry": {
                "type": "Point",
                "coordinates": [
                    137.67083333,
                    35.68805556
                ]
            },
            "properties": {
                "調査時期": "2020_S",
                "都道府県": "長野県",
                "市区町村": "大桑村",
                "撮影場所": "大桑中学校",
                "撮影日時": "2020-08-15T21:10:00+09:00",
                "緯度": "35.68805556",
                "経度": "137.67083333",
                "夜空の明るさ": "21.06",
                "ばらつき": "0.13",
                "周辺状況": "住宅地域",
                "備考": "",
                "継続観察登録地点": "○"
            }
        },
        {
            "type": "Feature",
            "geometry": {
                "type": "Point",
                "coordinates": [
                    138.51638889,
                    36.06138889
                ]
            },
            "properties": {
                "調査時期": "2020_S",
                "都道府県": "長野県",
                "市区町村": "北相木村",
                "撮影場所": "南佐久郡北相木村栃原",
                "撮影日時": "2020-08-11T20:33:00+09:00",
                "緯度": "36.06138889",
                "経度": "138.51638889",
                "夜空の明るさ": "21.43",
                "ばらつき": "0.14",
                "周辺状況": "森林山間地",
                "備考": "",
                "継続観察登録地点": "○"
            }
        },
        {
            "type": "Feature",
            "geometry": {
                "type": "Point",
                "coordinates": [
                    137.50805556,
                    35.79611111
                ]
            },
            "properties": {
                "調査時期": "2020_S",
                "都道府県": "長野県",
                "市区町村": "王滝村",
                "撮影場所": "王滝村氷ケ瀬",
                "撮影日時": "2020-08-14T20:03:00+09:00",
                "緯度": "35.79611111",
                "経度": "137.50805556",
                "夜空の明るさ": "21.77",
                "ばらつき": "0.14",
                "周辺状況": "森林山間地",
                "備考": "",
                "継続観察登録地点": "○"
            }
        },
        {
            "type": "Feature",
            "geometry": {
                "type": "Point",
                "coordinates": [
                    137.78361111,
                    35.93166667
                ]
            },
            "properties": {
                "調査時期": "2020_S",
                "都道府県": "長野県",
                "市区町村": "木祖村",
                "撮影場所": "木祖村郷土館脇",
                "撮影日時": "2020-08-14T21:52:00+09:00",
                "緯度": "35.93166667",
                "経度": "137.78361111",
                "夜空の明るさ": "20.82",
                "ばらつき": "0.13",
                "周辺状況": "商業地域",
                "備考": "",
                "継続観察登録地点": "○"
            }
        },
        {
            "type": "Feature",
            "geometry": {
                "type": "Point",
                "coordinates": [
                    138.54611111,
                    35.93388889
                ]
            },
            "properties": {
                "調査時期": "2020_S",
                "都道府県": "長野県",
                "市区町村": "川上村",
                "撮影場所": "",
                "撮影日時": "2020-08-11T21:54:00+09:00",
                "緯度": "35.93388889",
                "経度": "138.54611111",
                "夜空の明るさ": "21.62",
                "ばらつき": "0.24",
                "周辺状況": "",
                "備考": "",
                "継続観察登録地点": ""
            }
        },
        {
            "type": "Feature",
            "geometry": {
                "type": "Point",
                "coordinates": [
                    138.28055556,
                    35.91861111
                ]
            },
            "properties": {
                "調査時期": "2020_S",
                "都道府県": "長野県",
                "市区町村": "富士見町",
                "撮影場所": "",
                "撮影日時": "2020-08-13T20:37:00+09:00",
                "緯度": "35.91861111",
                "経度": "138.28055556",
                "夜空の明るさ": "20.95",
                "ばらつき": "0.29",
                "周辺状況": "",
                "備考": "",
                "継続観察登録地点": ""
            }
        },
        {
            "type": "Feature",
            "geometry": {
                "type": "Point",
                "coordinates": [
                    137.57444444,
                    35.96611111
                ]
            },
            "properties": {
                "調査時期": "2020_S",
                "都道府県": "長野県",
                "市区町村": "木曽町",
                "撮影場所": "開田高原水芭蕉園",
                "撮影日時": "2020-08-10T20:23:00+09:00",
                "緯度": "35.96611111",
                "経度": "137.57444444",
                "夜空の明るさ": "21.88",
                "ばらつき": "0.18",
                "周辺状況": "自然公園等",
                "備考": "",
                "継続観察登録地点": "○"
            }
        },
        {
            "type": "Feature",
            "geometry": {
                "type": "Point",
                "coordinates": [
                    137.58611111,
                    35.89611111
                ]
            },
            "properties": {
                "調査時期": "2020_S",
                "都道府県": "長野県",
                "市区町村": "木曽町",
                "撮影場所": "木曽町三岳倉本",
                "撮影日時": "2020-08-14T20:33:00+09:00",
                "緯度": "35.89611111",
                "経度": "137.58611111",
                "夜空の明るさ": "21.88",
                "ばらつき": "0.18",
                "周辺状況": "森林山間地",
                "備考": "",
                "継続観察登録地点": "○"
            }
        },
        {
            "type": "Feature",
            "geometry": {
                "type": "Point",
                "coordinates": [
                    137.62944444,
                    35.9325
                ]
            },
            "properties": {
                "調査時期": "2020_S",
                "都道府県": "長野県",
                "市区町村": "木曽町",
                "撮影場所": "木曽馬の里",
                "撮影日時": "2020-08-15T20:28:00+09:00",
                "緯度": "35.93250000",
                "経度": "137.62944444",
                "夜空の明るさ": "21.78",
                "ばらつき": "0.21",
                "周辺状況": "その他",
                "備考": "",
                "継続観察登録地点": "○"
            }
        },
        {
            "type": "Feature",
            "geometry": {
                "type": "Point",
                "coordinates": [
                    137.55638889,
                    35.91861111
                ]
            },
            "properties": {
                "調査時期": "2020_S",
                "都道府県": "長野県",
                "市区町村": "木曽町",
                "撮影場所": "開田高原保健休養地テニスコート",
                "撮影日時": "2020-08-13T21:44:00+09:00",
                "緯度": "35.91861111",
                "経度": "137.55638889",
                "夜空の明るさ": "21.74",
                "ばらつき": "0.20",
                "周辺状況": "森林山間地",
                "備考": "",
                "継続観察登録地点": "○"
            }
        },
        {
            "type": "Feature",
            "geometry": {
                "type": "Point",
                "coordinates": [
                    137.62916667,
                    35.9325
                ]
            },
            "properties": {
                "調査時期": "2020_S",
                "都道府県": "長野県",
                "市区町村": "木曽町",
                "撮影場所": "木曽町開田高原 末川地区",
                "撮影日時": "2020-08-14T21:47:00+09:00",
                "緯度": "35.93250000",
                "経度": "137.62916667",
                "夜空の明るさ": "21.64",
                "ばらつき": "0.25",
                "周辺状況": "その他",
                "備考": "",
                "継続観察登録地点": "○"
            }
        },
        {
            "type": "Feature",
            "geometry": {
                "type": "Point",
                "coordinates": [
                    137.6875,
                    35.83888889
                ]
            },
            "properties": {
                "調査時期": "2020_S",
                "都道府県": "長野県",
                "市区町村": "木曽町",
                "撮影場所": "木曽合同庁舎脇",
                "撮影日時": "2020-08-14T20:39:00+09:00",
                "緯度": "35.83888889",
                "経度": "137.68750000",
                "夜空の明るさ": "20.53",
                "ばらつき": "0.16",
                "周辺状況": "商業地域",
                "備考": "",
                "継続観察登録地点": "○"
            }
        },
        {
            "type": "Feature",
            "geometry": {
                "type": "Point",
                "coordinates": [
                    137.70361111,
                    35.84972222
                ]
            },
            "properties": {
                "調査時期": "2020_S",
                "都道府県": "長野県",
                "市区町村": "木曽町",
                "撮影場所": "関山公園",
                "撮影日時": "2020-08-14T20:53:00+09:00",
                "緯度": "35.84972222",
                "経度": "137.70361111",
                "夜空の明るさ": "20.94",
                "ばらつき": "0.10",
                "周辺状況": "自然公園等",
                "備考": "",
                "継続観察登録地点": "○"
            }
        },
        {
            "type": "Feature",
            "geometry": {
                "type": "Point",
                "coordinates": [
                    137.75583333,
                    35.83083333
                ]
            },
            "properties": {
                "調査時期": "2020_S",
                "都道府県": "長野県",
                "市区町村": "木曽町",
                "撮影場所": "キビオ峠",
                "撮影日時": "2020-08-14T21:12:00+09:00",
                "緯度": "35.83083333",
                "経度": "137.75583333",
                "夜空の明るさ": "21.52",
                "ばらつき": "0.18",
                "周辺状況": "森林山間地",
                "備考": "",
                "継続観察登録地点": "○"
            }
        },
        {
            "type": "Feature",
            "geometry": {
                "type": "Point",
                "coordinates": [
                    137.74,
                    35.86611111
                ]
            },
            "properties": {
                "調査時期": "2020_S",
                "都道府県": "長野県",
                "市区町村": "木曽町",
                "撮影場所": "道の駅日義木曽駒高原",
                "撮影日時": "2020-08-14T21:26:00+09:00",
                "緯度": "35.86611111",
                "経度": "137.74000000",
                "夜空の明るさ": "20.93",
                "ばらつき": "0.13",
                "周辺状況": "住宅地域",
                "備考": "",
                "継続観察登録地点": "○"
            }
        },
        {
            "type": "Feature",
            "geometry": {
                "type": "Point",
                "coordinates": [
                    137.76277778,
                    35.8875
                ]
            },
            "properties": {
                "調査時期": "2020_S",
                "都道府県": "長野県",
                "市区町村": "木曽町",
                "撮影場所": "宮ノ越駅前",
                "撮影日時": "2020-08-14T21:37:00+09:00",
                "緯度": "35.88750000",
                "経度": "137.76277778",
                "夜空の明るさ": "20.94",
                "ばらつき": "0.22",
                "周辺状況": "住宅地域",
                "備考": "",
                "継続観察登録地点": "○"
            }
        },
        {
            "type": "Feature",
            "geometry": {
                "type": "Point",
                "coordinates": [
                    138.48222222,
                    36.19166667
                ]
            },
            "properties": {
                "調査時期": "2020_S",
                "都道府県": "長野県",
                "市区町村": "佐久市",
                "撮影場所": "",
                "撮影日時": "2020-08-19T20:53:00+09:00",
                "緯度": "36.19166667",
                "経度": "138.48222222",
                "夜空の明るさ": "19.50",
                "ばらつき": "0.09",
                "周辺状況": "",
                "備考": "",
                "継続観察登録地点": ""
            }
        },
        {
            "type": "Feature",
            "geometry": {
                "type": "Point",
                "coordinates": [
                    138.48638889,
                    36.19805556
                ]
            },
            "properties": {
                "調査時期": "2020_S",
                "都道府県": "長野県",
                "市区町村": "佐久市",
                "撮影場所": "",
                "撮影日時": "2020-08-19T21:15:00+09:00",
                "緯度": "36.19805556",
                "経度": "138.48638889",
                "夜空の明るさ": "19.74",
                "ばらつき": "0.08",
                "周辺状況": "",
                "備考": "",
                "継続観察登録地点": ""
            }
        },
        {
            "type": "Feature",
            "geometry": {
                "type": "Point",
                "coordinates": [
                    138.42916667,
                    36.19305556
                ]
            },
            "properties": {
                "調査時期": "2020_S",
                "都道府県": "長野県",
                "市区町村": "佐久市",
                "撮影場所": "うすだスタードーム",
                "撮影日時": "2020-08-19T21:46:00+09:00",
                "緯度": "36.19305556",
                "経度": "138.42916667",
                "夜空の明るさ": "20.55",
                "ばらつき": "0.10",
                "周辺状況": "森林山間地",
                "備考": "",
                "継続観察登録地点": "○"
            }
        },
        {
            "type": "Feature",
            "geometry": {
                "type": "Point",
                "coordinates": [
                    138.42916667,
                    36.19333333
                ]
            },
            "properties": {
                "調査時期": "2020_S",
                "都道府県": "長野県",
                "市区町村": "佐久市",
                "撮影場所": "うすだスタードーム",
                "撮影日時": "2020-08-19T21:46:00+09:00",
                "緯度": "36.19333333",
                "経度": "138.42916667",
                "夜空の明るさ": "20.55",
                "ばらつき": "0.10",
                "周辺状況": "森林山間地",
                "備考": "",
                "継続観察登録地点": "○"
            }
        },
        {
            "type": "Feature",
            "geometry": {
                "type": "Point",
                "coordinates": [
                    138.42944444,
                    36.24972222
                ]
            },
            "properties": {
                "調査時期": "2020_S",
                "都道府県": "長野県",
                "市区町村": "佐久市",
                "撮影場所": "",
                "撮影日時": "2020-08-15T20:09:00+09:00",
                "緯度": "36.24972222",
                "経度": "138.42944444",
                "夜空の明るさ": "20.12",
                "ばらつき": "0.10",
                "周辺状況": "",
                "備考": "",
                "継続観察登録地点": ""
            }
        },
        {
            "type": "Feature",
            "geometry": {
                "type": "Point",
                "coordinates": [
                    138.40388889,
                    36.25805556
                ]
            },
            "properties": {
                "調査時期": "2020_S",
                "都道府県": "長野県",
                "市区町村": "佐久市",
                "撮影場所": "",
                "撮影日時": "2020-08-15T20:27:00+09:00",
                "緯度": "36.25805556",
                "経度": "138.40388889",
                "夜空の明るさ": "19.93",
                "ばらつき": "0.19",
                "周辺状況": "",
                "備考": "",
                "継続観察登録地点": ""
            }
        },
        {
            "type": "Feature",
            "geometry": {
                "type": "Point",
                "coordinates": [
                    138.01722222,
                    36.43666667
                ]
            },
            "properties": {
                "調査時期": "2020_S",
                "都道府県": "長野県",
                "市区町村": "筑北村",
                "撮影場所": "",
                "撮影日時": "2020-08-16T20:24:00+09:00",
                "緯度": "36.43666667",
                "経度": "138.01722222",
                "夜空の明るさ": "20.51",
                "ばらつき": "0.10",
                "周辺状況": "",
                "備考": "",
                "継続観察登録地点": ""
            }
        },
        {
            "type": "Feature",
            "geometry": {
                "type": "Point",
                "coordinates": [
                    138.00472222,
                    36.44027778
                ]
            },
            "properties": {
                "調査時期": "2020_S",
                "都道府県": "長野県",
                "市区町村": "筑北村",
                "撮影場所": "",
                "撮影日時": "2020-08-16T21:18:00+09:00",
                "緯度": "36.44027778",
                "経度": "138.00472222",
                "夜空の明るさ": "21.02",
                "ばらつき": "0.15",
                "周辺状況": "",
                "備考": "",
                "継続観察登録地点": ""
            }
        },
        {
            "type": "Feature",
            "geometry": {
                "type": "Point",
                "coordinates": [
                    138.03805556,
                    36.45388889
                ]
            },
            "properties": {
                "調査時期": "2020_S",
                "都道府県": "長野県",
                "市区町村": "麻績村",
                "撮影場所": "",
                "撮影日時": "2020-08-16T20:57:00+09:00",
                "緯度": "36.45388889",
                "経度": "138.03805556",
                "夜空の明るさ": "20.75",
                "ばらつき": "0.14",
                "周辺状況": "",
                "備考": "",
                "継続観察登録地点": ""
            }
        },
        {
            "type": "Feature",
            "geometry": {
                "type": "Point",
                "coordinates": [
                    138.01027778,
                    36.43805556
                ]
            },
            "properties": {
                "調査時期": "2020_S",
                "都道府県": "長野県",
                "市区町村": "麻績村",
                "撮影場所": "",
                "撮影日時": "2020-08-16T21:27:00+09:00",
                "緯度": "36.43805556",
                "経度": "138.01027778",
                "夜空の明るさ": "20.90",
                "ばらつき": "0.12",
                "周辺状況": "",
                "備考": "",
                "継続観察登録地点": ""
            }
        },
        {
            "type": "Feature",
            "geometry": {
                "type": "Point",
                "coordinates": [
                    137.93416667,
                    36.41388889
                ]
            },
            "properties": {
                "調査時期": "2020_S",
                "都道府県": "長野県",
                "市区町村": "生坂村",
                "撮影場所": "",
                "撮影日時": "2020-08-16T22:01:00+09:00",
                "緯度": "36.41388889",
                "経度": "137.93416667",
                "夜空の明るさ": "20.84",
                "ばらつき": "0.12",
                "周辺状況": "",
                "備考": "",
                "継続観察登録地点": ""
            }
        },
        {
            "type": "Feature",
            "geometry": {
                "type": "Point",
                "coordinates": [
                    137.92722222,
                    36.425
                ]
            },
            "properties": {
                "調査時期": "2020_S",
                "都道府県": "長野県",
                "市区町村": "生坂村",
                "撮影場所": "",
                "撮影日時": "2020-08-19T20:12:00+09:00",
                "緯度": "36.42500000",
                "経度": "137.92722222",
                "夜空の明るさ": "20.62",
                "ばらつき": "0.12",
                "周辺状況": "",
                "備考": "",
                "継続観察登録地点": ""
            }
        },
        {
            "type": "Feature",
            "geometry": {
                "type": "Point",
                "coordinates": [
                    137.81388889,
                    36.70861111
                ]
            },
            "properties": {
                "調査時期": "2020_S",
                "都道府県": "長野県",
                "市区町村": "白馬村",
                "撮影場所": "",
                "撮影日時": "2020-08-19T21:07:00+09:00",
                "緯度": "36.70861111",
                "経度": "137.81388889",
                "夜空の明るさ": "21.54",
                "ばらつき": "0.20",
                "周辺状況": "",
                "備考": "",
                "継続観察登録地点": ""
            }
        },
        {
            "type": "Feature",
            "geometry": {
                "type": "Point",
                "coordinates": [
                    137.85722222,
                    36.63277778
                ]
            },
            "properties": {
                "調査時期": "2020_S",
                "都道府県": "長野県",
                "市区町村": "白馬村",
                "撮影場所": "",
                "撮影日時": "2020-08-18T20:32:00+09:00",
                "緯度": "36.63277778",
                "経度": "137.85722222",
                "夜空の明るさ": "21.65",
                "ばらつき": "0.21",
                "周辺状況": "",
                "備考": "",
                "継続観察登録地点": ""
            }
        },
        {
            "type": "Feature",
            "geometry": {
                "type": "Point",
                "coordinates": [
                    137.85166667,
                    36.68055556
                ]
            },
            "properties": {
                "調査時期": "2020_S",
                "都道府県": "長野県",
                "市区町村": "白馬村",
                "撮影場所": "",
                "撮影日時": "2020-08-18T20:49:00+09:00",
                "緯度": "36.68055556",
                "経度": "137.85166667",
                "夜空の明るさ": "20.97",
                "ばらつき": "0.13",
                "周辺状況": "",
                "備考": "",
                "継続観察登録地点": ""
            }
        },
        {
            "type": "Feature",
            "geometry": {
                "type": "Point",
                "coordinates": [
                    137.8475,
                    36.70805556
                ]
            },
            "properties": {
                "調査時期": "2020_S",
                "都道府県": "長野県",
                "市区町村": "白馬村",
                "撮影場所": "",
                "撮影日時": "2020-08-18T21:03:00+09:00",
                "緯度": "36.70805556",
                "経度": "137.84750000",
                "夜空の明るさ": "21.20",
                "ばらつき": "0.16",
                "周辺状況": "",
                "備考": "",
                "継続観察登録地点": ""
            }
        },
        {
            "type": "Feature",
            "geometry": {
                "type": "Point",
                "coordinates": [
                    137.86,
                    36.71583333
                ]
            },
            "properties": {
                "調査時期": "2020_S",
                "都道府県": "長野県",
                "市区町村": "白馬村",
                "撮影場所": "",
                "撮影日時": "2020-08-18T21:17:00+09:00",
                "緯度": "36.71583333",
                "経度": "137.86000000",
                "夜空の明るさ": "21.46",
                "ばらつき": "0.19",
                "周辺状況": "",
                "備考": "",
                "継続観察登録地点": ""
            }
        },
        {
            "type": "Feature",
            "geometry": {
                "type": "Point",
                "coordinates": [
                    137.87305556,
                    36.75361111
                ]
            },
            "properties": {
                "調査時期": "2020_S",
                "都道府県": "長野県",
                "市区町村": "小谷村",
                "撮影場所": "",
                "撮影日時": "2020-08-18T21:30:00+09:00",
                "緯度": "36.75361111",
                "経度": "137.87305556",
                "夜空の明るさ": "21.48",
                "ばらつき": "0.23",
                "周辺状況": "",
                "備考": "",
                "継続観察登録地点": ""
            }
        },
        {
            "type": "Feature",
            "geometry": {
                "type": "Point",
                "coordinates": [
                    137.89694444,
                    36.75944444
                ]
            },
            "properties": {
                "調査時期": "2020_S",
                "都道府県": "長野県",
                "市区町村": "小谷村",
                "撮影場所": "",
                "撮影日時": "2020-08-18T21:44:00+09:00",
                "緯度": "36.75944444",
                "経度": "137.89694444",
                "夜空の明るさ": "21.36",
                "ばらつき": "0.17",
                "周辺状況": "",
                "備考": "",
                "継続観察登録地点": ""
            }
        },
        {
            "type": "Feature",
            "geometry": {
                "type": "Point",
                "coordinates": [
                    137.90055556,
                    36.83805556
                ]
            },
            "properties": {
                "調査時期": "2020_S",
                "都道府県": "長野県",
                "市区町村": "小谷村",
                "撮影場所": "",
                "撮影日時": "2020-08-18T22:05:00+09:00",
                "緯度": "36.83805556",
                "経度": "137.90055556",
                "夜空の明るさ": "21.41",
                "ばらつき": "0.14",
                "周辺状況": "",
                "備考": "",
                "継続観察登録地点": ""
            }
        },
        {
            "type": "Feature",
            "geometry": {
                "type": "Point",
                "coordinates": [
                    137.87555556,
                    35.51472222
                ]
            },
            "properties": {
                "調査時期": "2020_S",
                "都道府県": "長野県",
                "市区町村": "喬木村",
                "撮影場所": "",
                "撮影日時": "2020-08-19T20:48:00+09:00",
                "緯度": "35.51472222",
                "経度": "137.87555556",
                "夜空の明るさ": "18.20",
                "ばらつき": "0.08",
                "周辺状況": "",
                "備考": "",
                "継続観察登録地点": ""
            }
        },
        {
            "type": "Feature",
            "geometry": {
                "type": "Point",
                "coordinates": [
                    137.88722222,
                    35.48277778
                ]
            },
            "properties": {
                "調査時期": "2020_S",
                "都道府県": "長野県",
                "市区町村": "喬木村",
                "撮影場所": "",
                "撮影日時": "2020-08-19T21:06:00+09:00",
                "緯度": "35.48277778",
                "経度": "137.88722222",
                "夜空の明るさ": "19.61",
                "ばらつき": "0.12",
                "周辺状況": "",
                "備考": "",
                "継続観察登録地点": ""
            }
        },
        {
            "type": "Feature",
            "geometry": {
                "type": "Point",
                "coordinates": [
                    137.9375,
                    35.45083333
                ]
            },
            "properties": {
                "調査時期": "2020_S",
                "都道府県": "長野県",
                "市区町村": "喬木村",
                "撮影場所": "",
                "撮影日時": "2020-08-19T21:26:00+09:00",
                "緯度": "35.45083333",
                "経度": "137.93750000",
                "夜空の明るさ": "20.76",
                "ばらつき": "0.10",
                "周辺状況": "",
                "備考": "",
                "継続観察登録地点": ""
            }
        },
        {
            "type": "Feature",
            "geometry": {
                "type": "Point",
                "coordinates": [
                    136.4575,
                    35.57583333
                ]
            },
            "properties": {
                "調査時期": "2020_S",
                "都道府県": "岐阜県",
                "市区町村": "揖斐川町",
                "撮影場所": "揖斐川町西横山",
                "撮影日時": "2020-08-14T20:34:00+09:00",
                "緯度": "35.57583333",
                "経度": "136.45750000",
                "夜空の明るさ": "20.88",
                "ばらつき": "0.13",
                "周辺状況": "森林山間地",
                "備考": "",
                "継続観察登録地点": "○"
            }
        },
        {
            "type": "Feature",
            "geometry": {
                "type": "Point",
                "coordinates": [
                    137.05861111,
                    35.39555556
                ]
            },
            "properties": {
                "調査時期": "2020_S",
                "都道府県": "岐阜県",
                "市区町村": "可児市",
                "撮影場所": "可児市 天体ドーム横",
                "撮影日時": "2020-08-23T21:25:00+09:00",
                "緯度": "35.39555556",
                "経度": "137.05861111",
                "夜空の明るさ": "18.63",
                "ばらつき": "0.28",
                "周辺状況": "住宅地域",
                "備考": "",
                "継続観察登録地点": "○"
            }
        },
        {
            "type": "Feature",
            "geometry": {
                "type": "Point",
                "coordinates": [
                    138.37277778,
                    34.94388889
                ]
            },
            "properties": {
                "調査時期": "2020_S",
                "都道府県": "静岡県",
                "市区町村": "静岡市",
                "撮影場所": "",
                "撮影日時": "2020-08-12T21:24:00+09:00",
                "緯度": "34.94388889",
                "経度": "138.37277778",
                "夜空の明るさ": "18.39",
                "ばらつき": "0.19",
                "周辺状況": "",
                "備考": "",
                "継続観察登録地点": ""
            }
        },
        {
            "type": "Feature",
            "geometry": {
                "type": "Point",
                "coordinates": [
                    137.91444444,
                    34.75527778
                ]
            },
            "properties": {
                "調査時期": "2020_S",
                "都道府県": "静岡県",
                "市区町村": "袋井市",
                "撮影場所": "",
                "撮影日時": "2020-08-15T20:50:00+09:00",
                "緯度": "34.75527778",
                "経度": "137.91444444",
                "夜空の明るさ": "18.25",
                "ばらつき": "0.30",
                "周辺状況": "",
                "備考": "",
                "継続観察登録地点": ""
            }
        },
        {
            "type": "Feature",
            "geometry": {
                "type": "Point",
                "coordinates": [
                    138.89333333,
                    35.10138889
                ]
            },
            "properties": {
                "調査時期": "2020_S",
                "都道府県": "静岡県",
                "市区町村": "清水町",
                "撮影場所": "",
                "撮影日時": "2020-08-21T21:34:00+09:00",
                "緯度": "35.10138889",
                "経度": "138.89333333",
                "夜空の明るさ": "17.84",
                "ばらつき": "0.01",
                "周辺状況": "",
                "備考": "",
                "継続観察登録地点": ""
            }
        },
        {
            "type": "Feature",
            "geometry": {
                "type": "Point",
                "coordinates": [
                    137.95805556,
                    35.03444444
                ]
            },
            "properties": {
                "調査時期": "2020_S",
                "都道府県": "静岡県",
                "市区町村": "浜松市",
                "撮影場所": "",
                "撮影日時": "2020-08-17T21:01:00+09:00",
                "緯度": "35.03444444",
                "経度": "137.95805556",
                "夜空の明るさ": "20.91",
                "ばらつき": "0.11",
                "周辺状況": "",
                "備考": "",
                "継続観察登録地点": ""
            }
        },
        {
            "type": "Feature",
            "geometry": {
                "type": "Point",
                "coordinates": [
                    137.95805556,
                    35.03416667
                ]
            },
            "properties": {
                "調査時期": "2020_S",
                "都道府県": "静岡県",
                "市区町村": "浜松市",
                "撮影場所": "",
                "撮影日時": "2020-08-17T22:14:00+09:00",
                "緯度": "35.03416667",
                "経度": "137.95805556",
                "夜空の明るさ": "21.18",
                "ばらつき": "0.18",
                "周辺状況": "",
                "備考": "",
                "継続観察登録地点": ""
            }
        },
        {
            "type": "Feature",
            "geometry": {
                "type": "Point",
                "coordinates": [
                    137.95805556,
                    35.03444444
                ]
            },
            "properties": {
                "調査時期": "2020_S",
                "都道府県": "静岡県",
                "市区町村": "浜松市",
                "撮影場所": "",
                "撮影日時": "2020-08-17T22:14:00+09:00",
                "緯度": "35.03444444",
                "経度": "137.95805556",
                "夜空の明るさ": "21.12",
                "ばらつき": "0.17",
                "周辺状況": "",
                "備考": "",
                "継続観察登録地点": ""
            }
        },
        {
            "type": "Feature",
            "geometry": {
                "type": "Point",
                "coordinates": [
                    137.95805556,
                    35.03416667
                ]
            },
            "properties": {
                "調査時期": "2020_S",
                "都道府県": "静岡県",
                "市区町村": "浜松市",
                "撮影場所": "",
                "撮影日時": "2020-08-17T20:45:00+09:00",
                "緯度": "35.03416667",
                "経度": "137.95805556",
                "夜空の明るさ": "20.95",
                "ばらつき": "0.13",
                "周辺状況": "",
                "備考": "",
                "継続観察登録地点": ""
            }
        },
        {
            "type": "Feature",
            "geometry": {
                "type": "Point",
                "coordinates": [
                    137.60416667,
                    35.20138889
                ]
            },
            "properties": {
                "調査時期": "2020_S",
                "都道府県": "愛知県",
                "市区町村": "設楽町",
                "撮影場所": "道の駅つぐ高原グリーンパーク",
                "撮影日時": "2020-08-11T21:20:00+09:00",
                "緯度": "35.20138889",
                "経度": "137.60416667",
                "夜空の明るさ": "21.48",
                "ばらつき": "0.25",
                "周辺状況": "自然公園等",
                "備考": "",
                "継続観察登録地点": "○"
            }
        },
        {
            "type": "Feature",
            "geometry": {
                "type": "Point",
                "coordinates": [
                    137.60416667,
                    35.20138889
                ]
            },
            "properties": {
                "調査時期": "2020_S",
                "都道府県": "愛知県",
                "市区町村": "設楽町",
                "撮影場所": "道の駅つぐ高原グリーンパーク",
                "撮影日時": "2020-08-11T21:24:00+09:00",
                "緯度": "35.20138889",
                "経度": "137.60416667",
                "夜空の明るさ": "21.48",
                "ばらつき": "0.21",
                "周辺状況": "自然公園等",
                "備考": "",
                "継続観察登録地点": "○"
            }
        },
        {
            "type": "Feature",
            "geometry": {
                "type": "Point",
                "coordinates": [
                    137.57388889,
                    35.09361111
                ]
            },
            "properties": {
                "調査時期": "2020_S",
                "都道府県": "愛知県",
                "市区町村": "設楽町",
                "撮影場所": "奥三河総合センター",
                "撮影日時": "2020-08-14T21:53:00+09:00",
                "緯度": "35.09361111",
                "経度": "137.57388889",
                "夜空の明るさ": "20.67",
                "ばらつき": "0.15",
                "周辺状況": "住宅地域",
                "備考": "",
                "継続観察登録地点": "○"
            }
        },
        {
            "type": "Feature",
            "geometry": {
                "type": "Point",
                "coordinates": [
                    137.57361111,
                    35.09361111
                ]
            },
            "properties": {
                "調査時期": "2020_S",
                "都道府県": "愛知県",
                "市区町村": "設楽町",
                "撮影場所": "奥三河総合センター",
                "撮影日時": "2020-08-14T21:55:00+09:00",
                "緯度": "35.09361111",
                "経度": "137.57361111",
                "夜空の明るさ": "20.59",
                "ばらつき": "0.20",
                "周辺状況": "住宅地域",
                "備考": "",
                "継続観察登録地点": "○"
            }
        },
        {
            "type": "Feature",
            "geometry": {
                "type": "Point",
                "coordinates": [
                    137.43666667,
                    34.66722222
                ]
            },
            "properties": {
                "調査時期": "2020_S",
                "都道府県": "愛知県",
                "市区町村": "豊橋市",
                "撮影場所": "",
                "撮影日時": "2020-08-21T20:07:00+09:00",
                "緯度": "34.66722222",
                "経度": "137.43666667",
                "夜空の明るさ": "19.02",
                "ばらつき": "0.08",
                "周辺状況": "",
                "備考": "",
                "継続観察登録地点": ""
            }
        },
        {
            "type": "Feature",
            "geometry": {
                "type": "Point",
                "coordinates": [
                    137.65916667,
                    35.22166667
                ]
            },
            "properties": {
                "調査時期": "2020_S",
                "都道府県": "愛知県",
                "市区町村": "豊根村",
                "撮影場所": "茶臼山高原(愛知県北設楽郡豊根村)",
                "撮影日時": "2020-08-12T22:07:00+09:00",
                "緯度": "35.22166667",
                "経度": "137.65916667",
                "夜空の明るさ": "20.86",
                "ばらつき": "0.18",
                "周辺状況": "自然公園等",
                "備考": "",
                "継続観察登録地点": "○"
            }
        },
        {
            "type": "Feature",
            "geometry": {
                "type": "Point",
                "coordinates": [
                    137.65916667,
                    35.22166667
                ]
            },
            "properties": {
                "調査時期": "2020_S",
                "都道府県": "愛知県",
                "市区町村": "豊根村",
                "撮影場所": "茶臼山高原(愛知県北設楽郡豊根村)",
                "撮影日時": "2020-08-12T22:08:00+09:00",
                "緯度": "35.22166667",
                "経度": "137.65916667",
                "夜空の明るさ": "20.73",
                "ばらつき": "0.32",
                "周辺状況": "自然公園等",
                "備考": "",
                "継続観察登録地点": "○"
            }
        },
        {
            "type": "Feature",
            "geometry": {
                "type": "Point",
                "coordinates": [
                    137.71916667,
                    35.11805556
                ]
            },
            "properties": {
                "調査時期": "2020_S",
                "都道府県": "愛知県",
                "市区町村": "東栄町",
                "撮影場所": "スターフォレスト御園",
                "撮影日時": "2020-08-14T21:19:00+09:00",
                "緯度": "35.11805556",
                "経度": "137.71916667",
                "夜空の明るさ": "21.89",
                "ばらつき": "0.33",
                "周辺状況": "森林山間地",
                "備考": "",
                "継続観察登録地点": "○"
            }
        },
        {
            "type": "Feature",
            "geometry": {
                "type": "Point",
                "coordinates": [
                    137.72222222,
                    35.12
                ]
            },
            "properties": {
                "調査時期": "2020_S",
                "都道府県": "愛知県",
                "市区町村": "東栄町",
                "撮影場所": "",
                "撮影日時": "2020-08-16T20:52:00+09:00",
                "緯度": "35.12000000",
                "経度": "137.72222222",
                "夜空の明るさ": "21.60",
                "ばらつき": "0.19",
                "周辺状況": "",
                "備考": "",
                "継続観察登録地点": ""
            }
        },
        {
            "type": "Feature",
            "geometry": {
                "type": "Point",
                "coordinates": [
                    137.71583333,
                    35.08083333
                ]
            },
            "properties": {
                "調査時期": "2020_S",
                "都道府県": "愛知県",
                "市区町村": "東栄町",
                "撮影場所": "",
                "撮影日時": "2020-08-17T20:36:00+09:00",
                "緯度": "35.08083333",
                "経度": "137.71583333",
                "夜空の明るさ": "21.20",
                "ばらつき": "0.17",
                "周辺状況": "",
                "備考": "",
                "継続観察登録地点": ""
            }
        },
        {
            "type": "Feature",
            "geometry": {
                "type": "Point",
                "coordinates": [
                    136.89944444,
                    35.16472222
                ]
            },
            "properties": {
                "調査時期": "2020_S",
                "都道府県": "愛知県",
                "市区町村": "名古屋市",
                "撮影場所": "名古屋市科学館",
                "撮影日時": "2020-08-14T20:59:00+09:00",
                "緯度": "35.16472222",
                "経度": "136.89944444",
                "夜空の明るさ": "16.60",
                "ばらつき": "0.14",
                "周辺状況": "商業地域",
                "備考": "",
                "継続観察登録地点": "○"
            }
        },
        {
            "type": "Feature",
            "geometry": {
                "type": "Point",
                "coordinates": [
                    136.83277778,
                    35.12305556
                ]
            },
            "properties": {
                "調査時期": "2020_S",
                "都道府県": "愛知県",
                "市区町村": "名古屋市",
                "撮影場所": "",
                "撮影日時": "2020-08-14T23:07:00+09:00",
                "緯度": "35.12305556",
                "経度": "136.83277778",
                "夜空の明るさ": "17.54",
                "ばらつき": "0.00",
                "周辺状況": "",
                "備考": "観測時間外のため参考値",
                "継続観察登録地点": ""
            }
        },
        {
            "type": "Feature",
            "geometry": {
                "type": "Point",
                "coordinates": [
                    136.36,
                    34.88194444
                ]
            },
            "properties": {
                "調査時期": "2020_S",
                "都道府県": "三重県",
                "市区町村": "亀山市",
                "撮影場所": "鈴鹿峠自然の家",
                "撮影日時": "2020-08-15T20:38:00+09:00",
                "緯度": "34.88194444",
                "経度": "136.36000000",
                "夜空の明るさ": "19.84",
                "ばらつき": "0.13",
                "周辺状況": "森林山間地",
                "備考": "",
                "継続観察登録地点": "○"
            }
        },
        {
            "type": "Feature",
            "geometry": {
                "type": "Point",
                "coordinates": [
                    136.22083333,
                    35.54638889
                ]
            },
            "properties": {
                "調査時期": "2020_S",
                "都道府県": "滋賀県",
                "市区町村": "長浜市",
                "撮影場所": "ウッデイパル余呉",
                "撮影日時": "2020-08-18T20:22:00+09:00",
                "緯度": "35.54638889",
                "経度": "136.22083333",
                "夜空の明るさ": "21.40",
                "ばらつき": "0.17",
                "周辺状況": "森林山間地",
                "備考": "",
                "継続観察登録地点": "○"
            }
        },
        {
            "type": "Feature",
            "geometry": {
                "type": "Point",
                "coordinates": [
                    136.07027778,
                    35.13138889
                ]
            },
            "properties": {
                "調査時期": "2020_S",
                "都道府県": "滋賀県",
                "市区町村": "近江八幡市",
                "撮影場所": "近江八幡市　びわこ天文台",
                "撮影日時": "2020-08-18T22:11:00+09:00",
                "緯度": "35.13138889",
                "経度": "136.07027778",
                "夜空の明るさ": "19.47",
                "ばらつき": "0.10",
                "周辺状況": "農業地域",
                "備考": "",
                "継続観察登録地点": "○"
            }
        },
        {
            "type": "Feature",
            "geometry": {
                "type": "Point",
                "coordinates": [
                    135.90416667,
                    34.78833333
                ]
            },
            "properties": {
                "調査時期": "2020_S",
                "都道府県": "京都府",
                "市区町村": "和束町",
                "撮影場所": "相楽郡和束町杣田",
                "撮影日時": "2020-08-14T20:30:00+09:00",
                "緯度": "34.78833333",
                "経度": "135.90416667",
                "夜空の明るさ": "19.54",
                "ばらつき": "0.07",
                "周辺状況": "農業地域",
                "備考": "",
                "継続観察登録地点": "○"
            }
        },
        {
            "type": "Feature",
            "geometry": {
                "type": "Point",
                "coordinates": [
                    135.77194444,
                    35.01444444
                ]
            },
            "properties": {
                "調査時期": "2020_S",
                "都道府県": "京都府",
                "市区町村": "京都市",
                "撮影場所": "京都市左京区 鴨川河川敷",
                "撮影日時": "2020-08-14T21:39:00+09:00",
                "緯度": "35.01444444",
                "経度": "135.77194444",
                "夜空の明るさ": "17.72",
                "ばらつき": "0.30",
                "周辺状況": "住宅地域",
                "備考": "",
                "継続観察登録地点": "○"
            }
        },
        {
            "type": "Feature",
            "geometry": {
                "type": "Point",
                "coordinates": [
                    135.77166667,
                    35.01472222
                ]
            },
            "properties": {
                "調査時期": "2020_S",
                "都道府県": "京都府",
                "市区町村": "京都市",
                "撮影場所": "京都市左京区 鴨川河川敷",
                "撮影日時": "2020-08-14T21:39:00+09:00",
                "緯度": "35.01472222",
                "経度": "135.77166667",
                "夜空の明るさ": "17.79",
                "ばらつき": "0.13",
                "周辺状況": "住宅地域",
                "備考": "",
                "継続観察登録地点": "○"
            }
        },
        {
            "type": "Feature",
            "geometry": {
                "type": "Point",
                "coordinates": [
                    135.77166667,
                    35.01444444
                ]
            },
            "properties": {
                "調査時期": "2020_S",
                "都道府県": "京都府",
                "市区町村": "京都市",
                "撮影場所": "京都市左京区 鴨川河川敷",
                "撮影日時": "2020-08-18T21:47:00+09:00",
                "緯度": "35.01444444",
                "経度": "135.77166667",
                "夜空の明るさ": "17.98",
                "ばらつき": "0.07",
                "周辺状況": "住宅地域",
                "備考": "",
                "継続観察登録地点": "○"
            }
        },
        {
            "type": "Feature",
            "geometry": {
                "type": "Point",
                "coordinates": [
                    135.66972222,
                    35.02444444
                ]
            },
            "properties": {
                "調査時期": "2020_S",
                "都道府県": "京都府",
                "市区町村": "京都市",
                "撮影場所": "",
                "撮影日時": "2020-08-23T20:05:00+09:00",
                "緯度": "35.02444444",
                "経度": "135.66972222",
                "夜空の明るさ": "17.93",
                "ばらつき": "0.11",
                "周辺状況": "",
                "備考": "",
                "継続観察登録地点": ""
            }
        },
        {
            "type": "Feature",
            "geometry": {
                "type": "Point",
                "coordinates": [
                    135.66972222,
                    35.02444444
                ]
            },
            "properties": {
                "調査時期": "2020_S",
                "都道府県": "京都府",
                "市区町村": "京都市",
                "撮影場所": "",
                "撮影日時": "2020-08-23T20:06:00+09:00",
                "緯度": "35.02444444",
                "経度": "135.66972222",
                "夜空の明るさ": "17.77",
                "ばらつき": "0.12",
                "周辺状況": "",
                "備考": "",
                "継続観察登録地点": ""
            }
        },
        {
            "type": "Feature",
            "geometry": {
                "type": "Point",
                "coordinates": [
                    135.6875,
                    35.02555556
                ]
            },
            "properties": {
                "調査時期": "2020_S",
                "都道府県": "京都府",
                "市区町村": "京都市",
                "撮影場所": "",
                "撮影日時": "2020-08-23T20:20:00+09:00",
                "緯度": "35.02555556",
                "経度": "135.68750000",
                "夜空の明るさ": "17.70",
                "ばらつき": "0.19",
                "周辺状況": "",
                "備考": "",
                "継続観察登録地点": ""
            }
        },
        {
            "type": "Feature",
            "geometry": {
                "type": "Point",
                "coordinates": [
                    135.6875,
                    35.02555556
                ]
            },
            "properties": {
                "調査時期": "2020_S",
                "都道府県": "京都府",
                "市区町村": "京都市",
                "撮影場所": "",
                "撮影日時": "2020-08-23T20:21:00+09:00",
                "緯度": "35.02555556",
                "経度": "135.68750000",
                "夜空の明るさ": "17.75",
                "ばらつき": "0.19",
                "周辺状況": "",
                "備考": "",
                "継続観察登録地点": ""
            }
        },
        {
            "type": "Feature",
            "geometry": {
                "type": "Point",
                "coordinates": [
                    135.69611111,
                    35.03277778
                ]
            },
            "properties": {
                "調査時期": "2020_S",
                "都道府県": "京都府",
                "市区町村": "京都市",
                "撮影場所": "",
                "撮影日時": "2020-08-23T20:29:00+09:00",
                "緯度": "35.03277778",
                "経度": "135.69611111",
                "夜空の明るさ": "16.84",
                "ばらつき": "0.23",
                "周辺状況": "",
                "備考": "",
                "継続観察登録地点": ""
            }
        },
        {
            "type": "Feature",
            "geometry": {
                "type": "Point",
                "coordinates": [
                    135.69611111,
                    35.03277778
                ]
            },
            "properties": {
                "調査時期": "2020_S",
                "都道府県": "京都府",
                "市区町村": "京都市",
                "撮影場所": "",
                "撮影日時": "2020-08-23T20:30:00+09:00",
                "緯度": "35.03277778",
                "経度": "135.69611111",
                "夜空の明るさ": "17.04",
                "ばらつき": "0.08",
                "周辺状況": "",
                "備考": "",
                "継続観察登録地点": ""
            }
        },
        {
            "type": "Feature",
            "geometry": {
                "type": "Point",
                "coordinates": [
                    135.69777778,
                    35.02166667
                ]
            },
            "properties": {
                "調査時期": "2020_S",
                "都道府県": "京都府",
                "市区町村": "京都市",
                "撮影場所": "",
                "撮影日時": "2020-08-23T20:42:00+09:00",
                "緯度": "35.02166667",
                "経度": "135.69777778",
                "夜空の明るさ": "17.49",
                "ばらつき": "0.20",
                "周辺状況": "",
                "備考": "",
                "継続観察登録地点": ""
            }
        },
        {
            "type": "Feature",
            "geometry": {
                "type": "Point",
                "coordinates": [
                    135.69777778,
                    35.02194444
                ]
            },
            "properties": {
                "調査時期": "2020_S",
                "都道府県": "京都府",
                "市区町村": "京都市",
                "撮影場所": "",
                "撮影日時": "2020-08-23T20:43:00+09:00",
                "緯度": "35.02194444",
                "経度": "135.69777778",
                "夜空の明るさ": "17.44",
                "ばらつき": "0.26",
                "周辺状況": "",
                "備考": "",
                "継続観察登録地点": ""
            }
        },
        {
            "type": "Feature",
            "geometry": {
                "type": "Point",
                "coordinates": [
                    135.76111111,
                    35.07444444
                ]
            },
            "properties": {
                "調査時期": "2020_S",
                "都道府県": "京都府",
                "市区町村": "京都市",
                "撮影場所": "",
                "撮影日時": "2020-08-14T21:30:00+09:00",
                "緯度": "35.07444444",
                "経度": "135.76111111",
                "夜空の明るさ": "18.72",
                "ばらつき": "0.12",
                "周辺状況": "",
                "備考": "",
                "継続観察登録地点": ""
            }
        },
        {
            "type": "Feature",
            "geometry": {
                "type": "Point",
                "coordinates": [
                    135.76111111,
                    35.07444444
                ]
            },
            "properties": {
                "調査時期": "2020_S",
                "都道府県": "京都府",
                "市区町村": "京都市",
                "撮影場所": "",
                "撮影日時": "2020-08-18T22:02:00+09:00",
                "緯度": "35.07444444",
                "経度": "135.76111111",
                "夜空の明るさ": "19.13",
                "ばらつき": "0.08",
                "周辺状況": "",
                "備考": "",
                "継続観察登録地点": ""
            }
        },
        {
            "type": "Feature",
            "geometry": {
                "type": "Point",
                "coordinates": [
                    135.56916667,
                    34.47361111
                ]
            },
            "properties": {
                "調査時期": "2020_S",
                "都道府県": "大阪府",
                "市区町村": "河内長野市",
                "撮影場所": "",
                "撮影日時": "2020-08-14T21:28:00+09:00",
                "緯度": "34.47361111",
                "経度": "135.56916667",
                "夜空の明るさ": "17.99",
                "ばらつき": "0.11",
                "周辺状況": "",
                "備考": "",
                "継続観察登録地点": ""
            }
        },
        {
            "type": "Feature",
            "geometry": {
                "type": "Point",
                "coordinates": [
                    135.69305556,
                    34.79222222
                ]
            },
            "properties": {
                "調査時期": "2020_S",
                "都道府県": "大阪府",
                "市区町村": "交野市",
                "撮影場所": "",
                "撮影日時": "2020-08-16T20:28:00+09:00",
                "緯度": "34.79222222",
                "経度": "135.69305556",
                "夜空の明るさ": "17.57",
                "ばらつき": "0.32",
                "周辺状況": "",
                "備考": "",
                "継続観察登録地点": ""
            }
        },
        {
            "type": "Feature",
            "geometry": {
                "type": "Point",
                "coordinates": [
                    135.595,
                    34.61388889
                ]
            },
            "properties": {
                "調査時期": "2020_S",
                "都道府県": "大阪府",
                "市区町村": "八尾市",
                "撮影場所": "",
                "撮影日時": "2020-08-19T20:48:00+09:00",
                "緯度": "34.61388889",
                "経度": "135.59500000",
                "夜空の明るさ": "16.63",
                "ばらつき": "0.32",
                "周辺状況": "",
                "備考": "",
                "継続観察登録地点": ""
            }
        },
        {
            "type": "Feature",
            "geometry": {
                "type": "Point",
                "coordinates": [
                    135.47333333,
                    34.80444444
                ]
            },
            "properties": {
                "調査時期": "2020_S",
                "都道府県": "大阪府",
                "市区町村": "豊中市",
                "撮影場所": "",
                "撮影日時": "2020-08-21T03:00:00+09:00",
                "緯度": "34.80444444",
                "経度": "135.47333333",
                "夜空の明るさ": "16.21",
                "ばらつき": "0.55",
                "周辺状況": "",
                "備考": "観測時間外のため参考値",
                "継続観察登録地点": ""
            }
        },
        {
            "type": "Feature",
            "geometry": {
                "type": "Point",
                "coordinates": [
                    134.92888889,
                    34.67944444
                ]
            },
            "properties": {
                "調査時期": "2020_S",
                "都道府県": "兵庫県",
                "市区町村": "明石市",
                "撮影場所": "明姫幹線道路南側",
                "撮影日時": "2020-08-16T20:37:00+09:00",
                "緯度": "34.67944444",
                "経度": "134.92888889",
                "夜空の明るさ": "18.23",
                "ばらつき": "0.10",
                "周辺状況": "住宅地域",
                "備考": "",
                "継続観察登録地点": "○"
            }
        },
        {
            "type": "Feature",
            "geometry": {
                "type": "Point",
                "coordinates": [
                    134.50666667,
                    34.86194444
                ]
            },
            "properties": {
                "調査時期": "2020_S",
                "都道府県": "兵庫県",
                "市区町村": "たつの市",
                "撮影場所": "",
                "撮影日時": "2020-08-21T21:07:00+09:00",
                "緯度": "34.86194444",
                "経度": "134.50666667",
                "夜空の明るさ": "19.79",
                "ばらつき": "0.10",
                "周辺状況": "",
                "備考": "",
                "継続観察登録地点": ""
            }
        },
        {
            "type": "Feature",
            "geometry": {
                "type": "Point",
                "coordinates": [
                    135.13361111,
                    34.68333333
                ]
            },
            "properties": {
                "調査時期": "2020_S",
                "都道府県": "兵庫県",
                "市区町村": "神戸市",
                "撮影場所": "神戸市長田区鹿松町",
                "撮影日時": "2020-08-18T22:10:00+09:00",
                "緯度": "34.68333333",
                "経度": "135.13361111",
                "夜空の明るさ": "18.19",
                "ばらつき": "0.11",
                "周辺状況": "住宅地域",
                "備考": "",
                "継続観察登録地点": "○"
            }
        },
        {
            "type": "Feature",
            "geometry": {
                "type": "Point",
                "coordinates": [
                    135.13361111,
                    34.68361111
                ]
            },
            "properties": {
                "調査時期": "2020_S",
                "都道府県": "兵庫県",
                "市区町村": "神戸市",
                "撮影場所": "神戸市長田区鹿松町",
                "撮影日時": "2020-08-14T21:41:00+09:00",
                "緯度": "34.68361111",
                "経度": "135.13361111",
                "夜空の明るさ": "18.25",
                "ばらつき": "0.07",
                "周辺状況": "住宅地域",
                "備考": "",
                "継続観察登録地点": "○"
            }
        },
        {
            "type": "Feature",
            "geometry": {
                "type": "Point",
                "coordinates": [
                    135.055,
                    34.65527778
                ]
            },
            "properties": {
                "調査時期": "2020_S",
                "都道府県": "兵庫県",
                "市区町村": "神戸市",
                "撮影場所": "兵庫県立舞子高等学校屋上",
                "撮影日時": "2020-08-13T20:08:00+09:00",
                "緯度": "34.65527778",
                "経度": "135.05500000",
                "夜空の明るさ": "17.65",
                "ばらつき": "0.15",
                "周辺状況": "住宅地域",
                "備考": "",
                "継続観察登録地点": "○"
            }
        },
        {
            "type": "Feature",
            "geometry": {
                "type": "Point",
                "coordinates": [
                    135.055,
                    34.65555556
                ]
            },
            "properties": {
                "調査時期": "2020_S",
                "都道府県": "兵庫県",
                "市区町村": "神戸市",
                "撮影場所": "兵庫県立舞子高等学校屋上",
                "撮影日時": "2020-08-13T20:09:00+09:00",
                "緯度": "34.65555556",
                "経度": "135.05500000",
                "夜空の明るさ": "17.61",
                "ばらつき": "0.19",
                "周辺状況": "住宅地域",
                "備考": "",
                "継続観察登録地点": "○"
            }
        },
        {
            "type": "Feature",
            "geometry": {
                "type": "Point",
                "coordinates": [
                    135.05527778,
                    34.655
                ]
            },
            "properties": {
                "調査時期": "2020_S",
                "都道府県": "兵庫県",
                "市区町村": "神戸市",
                "撮影場所": "兵庫県立舞子高等学校屋上",
                "撮影日時": "2020-08-14T20:26:00+09:00",
                "緯度": "34.65500000",
                "経度": "135.05527778",
                "夜空の明るさ": "",
                "ばらつき": "",
                "周辺状況": "住宅地域",
                "備考": "カメラブレ測定不可",
                "継続観察登録地点": "○"
            }
        },
        {
            "type": "Feature",
            "geometry": {
                "type": "Point",
                "coordinates": [
                    135.05472222,
                    34.65555556
                ]
            },
            "properties": {
                "調査時期": "2020_S",
                "都道府県": "兵庫県",
                "市区町村": "神戸市",
                "撮影場所": "兵庫県立舞子高等学校屋上",
                "撮影日時": "2020-08-15T22:20:00+09:00",
                "緯度": "34.65555556",
                "経度": "135.05472222",
                "夜空の明るさ": "",
                "ばらつき": "",
                "周辺状況": "住宅地域",
                "備考": "ピンボケ測定不可",
                "継続観察登録地点": "○"
            }
        },
        {
            "type": "Feature",
            "geometry": {
                "type": "Point",
                "coordinates": [
                    135.055,
                    34.65555556
                ]
            },
            "properties": {
                "調査時期": "2020_S",
                "都道府県": "兵庫県",
                "市区町村": "神戸市",
                "撮影場所": "兵庫県立舞子高等学校屋上",
                "撮影日時": "2020-08-16T21:20:00+09:00",
                "緯度": "34.65555556",
                "経度": "135.05500000",
                "夜空の明るさ": "",
                "ばらつき": "",
                "周辺状況": "住宅地域",
                "備考": "ピンボケ測定不可",
                "継続観察登録地点": "○"
            }
        },
        {
            "type": "Feature",
            "geometry": {
                "type": "Point",
                "coordinates": [
                    135.055,
                    34.65527778
                ]
            },
            "properties": {
                "調査時期": "2020_S",
                "都道府県": "兵庫県",
                "市区町村": "神戸市",
                "撮影場所": "兵庫県立舞子高等学校屋上",
                "撮影日時": "2020-08-17T22:21:00+09:00",
                "緯度": "34.65527778",
                "経度": "135.05500000",
                "夜空の明るさ": "",
                "ばらつき": "",
                "周辺状況": "住宅地域",
                "備考": "ピンボケ測定不可",
                "継続観察登録地点": "○"
            }
        },
        {
            "type": "Feature",
            "geometry": {
                "type": "Point",
                "coordinates": [
                    135.055,
                    34.65555556
                ]
            },
            "properties": {
                "調査時期": "2020_S",
                "都道府県": "兵庫県",
                "市区町村": "神戸市",
                "撮影場所": "兵庫県立舞子高等学校屋上",
                "撮影日時": "2020-08-18T21:51:00+09:00",
                "緯度": "34.65555556",
                "経度": "135.05500000",
                "夜空の明るさ": "",
                "ばらつき": "",
                "周辺状況": "住宅地域",
                "備考": "ピンボケ測定不可",
                "継続観察登録地点": "○"
            }
        },
        {
            "type": "Feature",
            "geometry": {
                "type": "Point",
                "coordinates": [
                    135.055,
                    34.65555556
                ]
            },
            "properties": {
                "調査時期": "2020_S",
                "都道府県": "兵庫県",
                "市区町村": "神戸市",
                "撮影場所": "兵庫県立舞子高等学校屋上",
                "撮影日時": "2020-08-19T22:28:00+09:00",
                "緯度": "34.65555556",
                "経度": "135.05500000",
                "夜空の明るさ": "",
                "ばらつき": "",
                "周辺状況": "住宅地域",
                "備考": "ピンボケ測定不可",
                "継続観察登録地点": "○"
            }
        },
        {
            "type": "Feature",
            "geometry": {
                "type": "Point",
                "coordinates": [
                    135.055,
                    34.65555556
                ]
            },
            "properties": {
                "調査時期": "2020_S",
                "都道府県": "兵庫県",
                "市区町村": "神戸市",
                "撮影場所": "兵庫県立舞子高等学校屋上",
                "撮影日時": "2020-08-20T19:58:00+09:00",
                "緯度": "34.65555556",
                "経度": "135.05500000",
                "夜空の明るさ": "",
                "ばらつき": "",
                "周辺状況": "住宅地域",
                "備考": "ピンボケ測定不可",
                "継続観察登録地点": "○"
            }
        },
        {
            "type": "Feature",
            "geometry": {
                "type": "Point",
                "coordinates": [
                    135.055,
                    34.65555556
                ]
            },
            "properties": {
                "調査時期": "2020_S",
                "都道府県": "兵庫県",
                "市区町村": "神戸市",
                "撮影場所": "兵庫県立舞子高等学校屋上",
                "撮影日時": "2020-08-21T22:08:00+09:00",
                "緯度": "34.65555556",
                "経度": "135.05500000",
                "夜空の明るさ": "",
                "ばらつき": "",
                "周辺状況": "住宅地域",
                "備考": "ピンボケ測定不可",
                "継続観察登録地点": "○"
            }
        },
        {
            "type": "Feature",
            "geometry": {
                "type": "Point",
                "coordinates": [
                    135.055,
                    34.65555556
                ]
            },
            "properties": {
                "調査時期": "2020_S",
                "都道府県": "兵庫県",
                "市区町村": "神戸市",
                "撮影場所": "兵庫県立舞子高等学校屋上",
                "撮影日時": "2020-08-22T22:08:00+09:00",
                "緯度": "34.65555556",
                "経度": "135.05500000",
                "夜空の明るさ": "",
                "ばらつき": "",
                "周辺状況": "住宅地域",
                "備考": "ピンボケ測定不可",
                "継続観察登録地点": "○"
            }
        },
        {
            "type": "Feature",
            "geometry": {
                "type": "Point",
                "coordinates": [
                    135.03166667,
                    34.69861111
                ]
            },
            "properties": {
                "調査時期": "2020_S",
                "都道府県": "兵庫県",
                "市区町村": "神戸市",
                "撮影場所": "神戸市西区井吹台 西神南",
                "撮影日時": "2020-08-13T20:47:00+09:00",
                "緯度": "34.69861111",
                "経度": "135.03166667",
                "夜空の明るさ": "18.11",
                "ばらつき": "0.09",
                "周辺状況": "住宅地域",
                "備考": "",
                "継続観察登録地点": "○"
            }
        },
        {
            "type": "Feature",
            "geometry": {
                "type": "Point",
                "coordinates": [
                    135.03166667,
                    34.69861111
                ]
            },
            "properties": {
                "調査時期": "2020_S",
                "都道府県": "兵庫県",
                "市区町村": "神戸市",
                "撮影場所": "神戸市西区井吹台 西神南",
                "撮影日時": "2020-08-14T20:27:00+09:00",
                "緯度": "34.69861111",
                "経度": "135.03166667",
                "夜空の明るさ": "",
                "ばらつき": "",
                "周辺状況": "住宅地域",
                "備考": "カメラブレ測定不可",
                "継続観察登録地点": "○"
            }
        },
        {
            "type": "Feature",
            "geometry": {
                "type": "Point",
                "coordinates": [
                    135.03166667,
                    34.69888889
                ]
            },
            "properties": {
                "調査時期": "2020_S",
                "都道府県": "兵庫県",
                "市区町村": "神戸市",
                "撮影場所": "神戸市西区井吹台 西神南",
                "撮影日時": "2020-08-15T19:43:00+09:00",
                "緯度": "34.69888889",
                "経度": "135.03166667",
                "夜空の明るさ": "",
                "ばらつき": "",
                "周辺状況": "住宅地域",
                "備考": "雲量多く測定不可",
                "継続観察登録地点": "○"
            }
        },
        {
            "type": "Feature",
            "geometry": {
                "type": "Point",
                "coordinates": [
                    135.03166667,
                    34.69888889
                ]
            },
            "properties": {
                "調査時期": "2020_S",
                "都道府県": "兵庫県",
                "市区町村": "神戸市",
                "撮影場所": "神戸市西区井吹台 西神南",
                "撮影日時": "2020-08-16T19:46:00+09:00",
                "緯度": "34.69888889",
                "経度": "135.03166667",
                "夜空の明るさ": "17.92",
                "ばらつき": "0.06",
                "周辺状況": "住宅地域",
                "備考": "",
                "継続観察登録地点": "○"
            }
        },
        {
            "type": "Feature",
            "geometry": {
                "type": "Point",
                "coordinates": [
                    135.03194444,
                    34.69888889
                ]
            },
            "properties": {
                "調査時期": "2020_S",
                "都道府県": "兵庫県",
                "市区町村": "神戸市",
                "撮影場所": "神戸市西区井吹台 西神南",
                "撮影日時": "2020-08-17T19:53:00+09:00",
                "緯度": "34.69888889",
                "経度": "135.03194444",
                "夜空の明るさ": "17.51",
                "ばらつき": "0.12",
                "周辺状況": "住宅地域",
                "備考": "",
                "継続観察登録地点": "○"
            }
        },
        {
            "type": "Feature",
            "geometry": {
                "type": "Point",
                "coordinates": [
                    135.03138889,
                    34.69861111
                ]
            },
            "properties": {
                "調査時期": "2020_S",
                "都道府県": "兵庫県",
                "市区町村": "神戸市",
                "撮影場所": "神戸市西区井吹台 西神南",
                "撮影日時": "2020-08-18T19:53:00+09:00",
                "緯度": "34.69861111",
                "経度": "135.03138889",
                "夜空の明るさ": "18.08",
                "ばらつき": "0.05",
                "周辺状況": "住宅地域",
                "備考": "",
                "継続観察登録地点": "○"
            }
        },
        {
            "type": "Feature",
            "geometry": {
                "type": "Point",
                "coordinates": [
                    135.03194444,
                    34.69916667
                ]
            },
            "properties": {
                "調査時期": "2020_S",
                "都道府県": "兵庫県",
                "市区町村": "神戸市",
                "撮影場所": "神戸市西区井吹台 西神南",
                "撮影日時": "2020-08-19T20:02:00+09:00",
                "緯度": "34.69916667",
                "経度": "135.03194444",
                "夜空の明るさ": "17.97",
                "ばらつき": "0.07",
                "周辺状況": "住宅地域",
                "備考": "",
                "継続観察登録地点": "○"
            }
        },
        {
            "type": "Feature",
            "geometry": {
                "type": "Point",
                "coordinates": [
                    135.03166667,
                    34.69888889
                ]
            },
            "properties": {
                "調査時期": "2020_S",
                "都道府県": "兵庫県",
                "市区町村": "神戸市",
                "撮影場所": "神戸市西区井吹台 西神南",
                "撮影日時": "2020-08-20T22:38:00+09:00",
                "緯度": "34.69888889",
                "経度": "135.03166667",
                "夜空の明るさ": "",
                "ばらつき": "",
                "周辺状況": "住宅地域",
                "備考": "雲量多く測定不可",
                "継続観察登録地点": "○"
            }
        },
        {
            "type": "Feature",
            "geometry": {
                "type": "Point",
                "coordinates": [
                    135.03194444,
                    34.69888889
                ]
            },
            "properties": {
                "調査時期": "2020_S",
                "都道府県": "兵庫県",
                "市区町村": "神戸市",
                "撮影場所": "神戸市西区井吹台 西神南",
                "撮影日時": "2020-08-21T21:11:00+09:00",
                "緯度": "34.69888889",
                "経度": "135.03194444",
                "夜空の明るさ": "",
                "ばらつき": "",
                "周辺状況": "住宅地域",
                "備考": "雲量多く測定不可",
                "継続観察登録地点": "○"
            }
        },
        {
            "type": "Feature",
            "geometry": {
                "type": "Point",
                "coordinates": [
                    135.03166667,
                    34.69888889
                ]
            },
            "properties": {
                "調査時期": "2020_S",
                "都道府県": "兵庫県",
                "市区町村": "神戸市",
                "撮影場所": "神戸市西区井吹台 西神南",
                "撮影日時": "2020-08-22T20:32:00+09:00",
                "緯度": "34.69888889",
                "経度": "135.03166667",
                "夜空の明るさ": "",
                "ばらつき": "",
                "周辺状況": "住宅地域",
                "備考": "雲量多く測定不可",
                "継続観察登録地点": "○"
            }
        },
        {
            "type": "Feature",
            "geometry": {
                "type": "Point",
                "coordinates": [
                    134.98972222,
                    34.52472222
                ]
            },
            "properties": {
                "調査時期": "2020_S",
                "都道府県": "兵庫県",
                "市区町村": "淡路市",
                "撮影場所": "淡路市久留麻 淡路",
                "撮影日時": "2020-08-15T21:06:00+09:00",
                "緯度": "34.52472222",
                "経度": "134.98972222",
                "夜空の明るさ": "",
                "ばらつき": "",
                "周辺状況": "その他",
                "備考": "雲量多く測定不可",
                "継続観察登録地点": "○"
            }
        },
        {
            "type": "Feature",
            "geometry": {
                "type": "Point",
                "coordinates": [
                    134.98944444,
                    34.52472222
                ]
            },
            "properties": {
                "調査時期": "2020_S",
                "都道府県": "兵庫県",
                "市区町村": "淡路市",
                "撮影場所": "淡路市久留麻 淡路",
                "撮影日時": "2020-08-16T21:04:00+09:00",
                "緯度": "34.52472222",
                "経度": "134.98944444",
                "夜空の明るさ": "19.13",
                "ばらつき": "0.11",
                "周辺状況": "その他",
                "備考": "",
                "継続観察登録地点": "○"
            }
        },
        {
            "type": "Feature",
            "geometry": {
                "type": "Point",
                "coordinates": [
                    134.98944444,
                    34.52472222
                ]
            },
            "properties": {
                "調査時期": "2020_S",
                "都道府県": "兵庫県",
                "市区町村": "淡路市",
                "撮影場所": "淡路市久留麻 淡路",
                "撮影日時": "2020-08-17T21:38:00+09:00",
                "緯度": "34.52472222",
                "経度": "134.98944444",
                "夜空の明るさ": "18.86",
                "ばらつき": "0.21",
                "周辺状況": "その他",
                "備考": "",
                "継続観察登録地点": "○"
            }
        },
        {
            "type": "Feature",
            "geometry": {
                "type": "Point",
                "coordinates": [
                    134.98972222,
                    34.52472222
                ]
            },
            "properties": {
                "調査時期": "2020_S",
                "都道府県": "兵庫県",
                "市区町村": "淡路市",
                "撮影場所": "淡路市久留麻 淡路",
                "撮影日時": "2020-08-18T21:29:00+09:00",
                "緯度": "34.52472222",
                "経度": "134.98972222",
                "夜空の明るさ": "19.28",
                "ばらつき": "0.18",
                "周辺状況": "その他",
                "備考": "",
                "継続観察登録地点": "○"
            }
        },
        {
            "type": "Feature",
            "geometry": {
                "type": "Point",
                "coordinates": [
                    134.98972222,
                    34.52472222
                ]
            },
            "properties": {
                "調査時期": "2020_S",
                "都道府県": "兵庫県",
                "市区町村": "淡路市",
                "撮影場所": "淡路市久留麻 淡路",
                "撮影日時": "2020-08-20T21:07:00+09:00",
                "緯度": "34.52472222",
                "経度": "134.98972222",
                "夜空の明るさ": "18.82",
                "ばらつき": "0.16",
                "周辺状況": "その他",
                "備考": "",
                "継続観察登録地点": "○"
            }
        },
        {
            "type": "Feature",
            "geometry": {
                "type": "Point",
                "coordinates": [
                    134.98972222,
                    34.52472222
                ]
            },
            "properties": {
                "調査時期": "2020_S",
                "都道府県": "兵庫県",
                "市区町村": "淡路市",
                "撮影場所": "淡路市久留麻 淡路",
                "撮影日時": "2020-08-21T21:22:00+09:00",
                "緯度": "34.52472222",
                "経度": "134.98972222",
                "夜空の明るさ": "18.23",
                "ばらつき": "0.17",
                "周辺状況": "その他",
                "備考": "",
                "継続観察登録地点": "○"
            }
        },
        {
            "type": "Feature",
            "geometry": {
                "type": "Point",
                "coordinates": [
                    134.98972222,
                    34.52472222
                ]
            },
            "properties": {
                "調査時期": "2020_S",
                "都道府県": "兵庫県",
                "市区町村": "淡路市",
                "撮影場所": "淡路市久留麻 淡路",
                "撮影日時": "2020-08-22T21:27:00+09:00",
                "緯度": "34.52472222",
                "経度": "134.98972222",
                "夜空の明るさ": "",
                "ばらつき": "",
                "周辺状況": "その他",
                "備考": "雲量多く測定不可",
                "継続観察登録地点": "○"
            }
        },
        {
            "type": "Feature",
            "geometry": {
                "type": "Point",
                "coordinates": [
                    134.98944444,
                    34.52472222
                ]
            },
            "properties": {
                "調査時期": "2020_S",
                "都道府県": "兵庫県",
                "市区町村": "淡路市",
                "撮影場所": "淡路市久留麻 淡路",
                "撮影日時": "2020-08-23T21:06:00+09:00",
                "緯度": "34.52472222",
                "経度": "134.98944444",
                "夜空の明るさ": "",
                "ばらつき": "",
                "周辺状況": "その他",
                "備考": "雲量多く測定不可",
                "継続観察登録地点": "○"
            }
        },
        {
            "type": "Feature",
            "geometry": {
                "type": "Point",
                "coordinates": [
                    134.78611111,
                    34.41472222
                ]
            },
            "properties": {
                "調査時期": "2020_S",
                "都道府県": "兵庫県",
                "市区町村": "洲本市",
                "撮影場所": "洲本市五色町志米山 洲本五色",
                "撮影日時": "2020-08-18T21:10:00+09:00",
                "緯度": "34.41472222",
                "経度": "134.78611111",
                "夜空の明るさ": "20.56",
                "ばらつき": "0.13",
                "周辺状況": "住宅地域",
                "備考": "",
                "継続観察登録地点": "○"
            }
        },
        {
            "type": "Feature",
            "geometry": {
                "type": "Point",
                "coordinates": [
                    134.78555556,
                    34.41555556
                ]
            },
            "properties": {
                "調査時期": "2020_S",
                "都道府県": "兵庫県",
                "市区町村": "洲本市",
                "撮影場所": "洲本市五色町志米山 洲本五色",
                "撮影日時": "2020-08-19T22:00:00+09:00",
                "緯度": "34.41555556",
                "経度": "134.78555556",
                "夜空の明るさ": "19.82",
                "ばらつき": "0.18",
                "周辺状況": "住宅地域",
                "備考": "",
                "継続観察登録地点": "○"
            }
        },
        {
            "type": "Feature",
            "geometry": {
                "type": "Point",
                "coordinates": [
                    134.78583333,
                    34.415
                ]
            },
            "properties": {
                "調査時期": "2020_S",
                "都道府県": "兵庫県",
                "市区町村": "洲本市",
                "撮影場所": "洲本市五色町志米山 洲本五色",
                "撮影日時": "2020-08-20T21:08:00+09:00",
                "緯度": "34.41500000",
                "経度": "134.78583333",
                "夜空の明るさ": "20.52",
                "ばらつき": "0.09",
                "周辺状況": "住宅地域",
                "備考": "",
                "継続観察登録地点": "○"
            }
        },
        {
            "type": "Feature",
            "geometry": {
                "type": "Point",
                "coordinates": [
                    134.78583333,
                    34.41527778
                ]
            },
            "properties": {
                "調査時期": "2020_S",
                "都道府県": "兵庫県",
                "市区町村": "洲本市",
                "撮影場所": "洲本市五色町志米山 洲本五色",
                "撮影日時": "2020-08-21T21:24:00+09:00",
                "緯度": "34.41527778",
                "経度": "134.78583333",
                "夜空の明るさ": "19.66",
                "ばらつき": "0.05",
                "周辺状況": "住宅地域",
                "備考": "",
                "継続観察登録地点": "○"
            }
        },
        {
            "type": "Feature",
            "geometry": {
                "type": "Point",
                "coordinates": [
                    134.78583333,
                    34.41527778
                ]
            },
            "properties": {
                "調査時期": "2020_S",
                "都道府県": "兵庫県",
                "市区町村": "洲本市",
                "撮影場所": "洲本市五色町志米山 洲本五色",
                "撮影日時": "2020-08-22T21:07:00+09:00",
                "緯度": "34.41527778",
                "経度": "134.78583333",
                "夜空の明るさ": "",
                "ばらつき": "",
                "周辺状況": "住宅地域",
                "備考": "設定エラー測定不可",
                "継続観察登録地点": "○"
            }
        },
        {
            "type": "Feature",
            "geometry": {
                "type": "Point",
                "coordinates": [
                    134.78555556,
                    34.41527778
                ]
            },
            "properties": {
                "調査時期": "2020_S",
                "都道府県": "兵庫県",
                "市区町村": "洲本市",
                "撮影場所": "洲本市五色町志米山 洲本五色",
                "撮影日時": "2020-08-23T21:09:00+09:00",
                "緯度": "34.41527778",
                "経度": "134.78555556",
                "夜空の明るさ": "19.93",
                "ばらつき": "0.09",
                "周辺状況": "住宅地域",
                "備考": "",
                "継続観察登録地点": "○"
            }
        },
        {
            "type": "Feature",
            "geometry": {
                "type": "Point",
                "coordinates": [
                    135.61222222,
                    34.2175
                ]
            },
            "properties": {
                "調査時期": "2020_S",
                "都道府県": "和歌山県",
                "市区町村": "高野町",
                "撮影場所": "",
                "撮影日時": "2020-08-19T20:10:00+09:00",
                "緯度": "34.21750000",
                "経度": "135.61222222",
                "夜空の明るさ": "20.30",
                "ばらつき": "0.09",
                "周辺状況": "",
                "備考": "",
                "継続観察登録地点": ""
            }
        },
        {
            "type": "Feature",
            "geometry": {
                "type": "Point",
                "coordinates": [
                    133.2425,
                    35.54694444
                ]
            },
            "properties": {
                "調査時期": "2020_S",
                "都道府県": "鳥取県",
                "市区町村": "境港市",
                "撮影場所": "",
                "撮影日時": "2020-08-10T20:41:00+09:00",
                "緯度": "35.54694444",
                "経度": "133.24250000",
                "夜空の明るさ": "20.09",
                "ばらつき": "0.12",
                "周辺状況": "",
                "備考": "",
                "継続観察登録地点": ""
            }
        },
        {
            "type": "Feature",
            "geometry": {
                "type": "Point",
                "coordinates": [
                    133.25916667,
                    35.52055556
                ]
            },
            "properties": {
                "調査時期": "2020_S",
                "都道府県": "鳥取県",
                "市区町村": "境港市",
                "撮影場所": "",
                "撮影日時": "2020-08-10T20:52:00+09:00",
                "緯度": "35.52055556",
                "経度": "133.25916667",
                "夜空の明るさ": "20.17",
                "ばらつき": "0.07",
                "周辺状況": "",
                "備考": "",
                "継続観察登録地点": ""
            }
        },
        {
            "type": "Feature",
            "geometry": {
                "type": "Point",
                "coordinates": [
                    133.24472222,
                    35.50138889
                ]
            },
            "properties": {
                "調査時期": "2020_S",
                "都道府県": "鳥取県",
                "市区町村": "境港市",
                "撮影場所": "",
                "撮影日時": "2020-08-10T22:27:00+09:00",
                "緯度": "35.50138889",
                "経度": "133.24472222",
                "夜空の明るさ": "20.03",
                "ばらつき": "0.11",
                "周辺状況": "",
                "備考": "",
                "継続観察登録地点": ""
            }
        },
        {
            "type": "Feature",
            "geometry": {
                "type": "Point",
                "coordinates": [
                    133.29527778,
                    35.47666667
                ]
            },
            "properties": {
                "調査時期": "2020_S",
                "都道府県": "鳥取県",
                "市区町村": "米子市",
                "撮影場所": "",
                "撮影日時": "2020-08-10T21:04:00+09:00",
                "緯度": "35.47666667",
                "経度": "133.29527778",
                "夜空の明るさ": "20.15",
                "ばらつき": "0.17",
                "周辺状況": "",
                "備考": "",
                "継続観察登録地点": ""
            }
        },
        {
            "type": "Feature",
            "geometry": {
                "type": "Point",
                "coordinates": [
                    133.32277778,
                    35.46055556
                ]
            },
            "properties": {
                "調査時期": "2020_S",
                "都道府県": "鳥取県",
                "市区町村": "米子市",
                "撮影場所": "",
                "撮影日時": "2020-08-10T21:18:00+09:00",
                "緯度": "35.46055556",
                "経度": "133.32277778",
                "夜空の明るさ": "19.44",
                "ばらつき": "0.16",
                "周辺状況": "",
                "備考": "",
                "継続観察登録地点": ""
            }
        },
        {
            "type": "Feature",
            "geometry": {
                "type": "Point",
                "coordinates": [
                    133.32138889,
                    35.42944444
                ]
            },
            "properties": {
                "調査時期": "2020_S",
                "都道府県": "鳥取県",
                "市区町村": "米子市",
                "撮影場所": "",
                "撮影日時": "2020-08-10T21:49:00+09:00",
                "緯度": "35.42944444",
                "経度": "133.32138889",
                "夜空の明るさ": "19.56",
                "ばらつき": "0.09",
                "周辺状況": "",
                "備考": "",
                "継続観察登録地点": ""
            }
        },
        {
            "type": "Feature",
            "geometry": {
                "type": "Point",
                "coordinates": [
                    133.28444444,
                    35.44527778
                ]
            },
            "properties": {
                "調査時期": "2020_S",
                "都道府県": "鳥取県",
                "市区町村": "米子市",
                "撮影場所": "",
                "撮影日時": "2020-08-10T22:02:00+09:00",
                "緯度": "35.44527778",
                "経度": "133.28444444",
                "夜空の明るさ": "20.45",
                "ばらつき": "0.12",
                "周辺状況": "",
                "備考": "",
                "継続観察登録地点": ""
            }
        },
        {
            "type": "Feature",
            "geometry": {
                "type": "Point",
                "coordinates": [
                    133.42222222,
                    35.4225
                ]
            },
            "properties": {
                "調査時期": "2020_S",
                "都道府県": "鳥取県",
                "市区町村": "米子市",
                "撮影場所": "",
                "撮影日時": "2020-08-14T21:30:00+09:00",
                "緯度": "35.42250000",
                "経度": "133.42222222",
                "夜空の明るさ": "20.56",
                "ばらつき": "0.06",
                "周辺状況": "",
                "備考": "",
                "継続観察登録地点": ""
            }
        },
        {
            "type": "Feature",
            "geometry": {
                "type": "Point",
                "coordinates": [
                    133.41833333,
                    35.4525
                ]
            },
            "properties": {
                "調査時期": "2020_S",
                "都道府県": "鳥取県",
                "市区町村": "米子市",
                "撮影場所": "",
                "撮影日時": "2020-08-14T21:42:00+09:00",
                "緯度": "35.45250000",
                "経度": "133.41833333",
                "夜空の明るさ": "20.38",
                "ばらつき": "0.10",
                "周辺状況": "",
                "備考": "",
                "継続観察登録地点": ""
            }
        },
        {
            "type": "Feature",
            "geometry": {
                "type": "Point",
                "coordinates": [
                    133.44055556,
                    35.45444444
                ]
            },
            "properties": {
                "調査時期": "2020_S",
                "都道府県": "鳥取県",
                "市区町村": "米子市",
                "撮影場所": "",
                "撮影日時": "2020-08-14T21:54:00+09:00",
                "緯度": "35.45444444",
                "経度": "133.44055556",
                "夜空の明るさ": "20.85",
                "ばらつき": "0.09",
                "周辺状況": "",
                "備考": "",
                "継続観察登録地点": ""
            }
        },
        {
            "type": "Feature",
            "geometry": {
                "type": "Point",
                "coordinates": [
                    133.36722222,
                    35.40416667
                ]
            },
            "properties": {
                "調査時期": "2020_S",
                "都道府県": "鳥取県",
                "市区町村": "米子市",
                "撮影場所": "",
                "撮影日時": "2020-08-15T21:34:00+09:00",
                "緯度": "35.40416667",
                "経度": "133.36722222",
                "夜空の明るさ": "20.02",
                "ばらつき": "0.08",
                "周辺状況": "",
                "備考": "",
                "継続観察登録地点": ""
            }
        },
        {
            "type": "Feature",
            "geometry": {
                "type": "Point",
                "coordinates": [
                    133.34583333,
                    35.43027778
                ]
            },
            "properties": {
                "調査時期": "2020_S",
                "都道府県": "鳥取県",
                "市区町村": "米子市",
                "撮影場所": "",
                "撮影日時": "2020-08-15T21:44:00+09:00",
                "緯度": "35.43027778",
                "経度": "133.34583333",
                "夜空の明るさ": "19.21",
                "ばらつき": "0.10",
                "周辺状況": "",
                "備考": "",
                "継続観察登録地点": ""
            }
        },
        {
            "type": "Feature",
            "geometry": {
                "type": "Point",
                "coordinates": [
                    133.3325,
                    35.42111111
                ]
            },
            "properties": {
                "調査時期": "2020_S",
                "都道府県": "鳥取県",
                "市区町村": "米子市",
                "撮影場所": "",
                "撮影日時": "2020-08-15T21:53:00+09:00",
                "緯度": "35.42111111",
                "経度": "133.33250000",
                "夜空の明るさ": "19.12",
                "ばらつき": "0.13",
                "周辺状況": "",
                "備考": "",
                "継続観察登録地点": ""
            }
        },
        {
            "type": "Feature",
            "geometry": {
                "type": "Point",
                "coordinates": [
                    133.34722222,
                    35.4525
                ]
            },
            "properties": {
                "調査時期": "2020_S",
                "都道府県": "鳥取県",
                "市区町村": "米子市",
                "撮影場所": "",
                "撮影日時": "2020-08-15T22:06:00+09:00",
                "緯度": "35.45250000",
                "経度": "133.34722222",
                "夜空の明るさ": "19.27",
                "ばらつき": "0.11",
                "周辺状況": "",
                "備考": "",
                "継続観察登録地点": ""
            }
        },
        {
            "type": "Feature",
            "geometry": {
                "type": "Point",
                "coordinates": [
                    133.485,
                    35.28305556
                ]
            },
            "properties": {
                "調査時期": "2020_S",
                "都道府県": "鳥取県",
                "市区町村": "江府町",
                "撮影場所": "",
                "撮影日時": "2020-08-13T21:51:00+09:00",
                "緯度": "35.28305556",
                "経度": "133.48500000",
                "夜空の明るさ": "21.03",
                "ばらつき": "0.12",
                "周辺状況": "",
                "備考": "",
                "継続観察登録地点": ""
            }
        },
        {
            "type": "Feature",
            "geometry": {
                "type": "Point",
                "coordinates": [
                    133.38361111,
                    35.20638889
                ]
            },
            "properties": {
                "調査時期": "2020_S",
                "都道府県": "鳥取県",
                "市区町村": "日野町",
                "撮影場所": "",
                "撮影日時": "2020-08-13T21:26:00+09:00",
                "緯度": "35.20638889",
                "経度": "133.38361111",
                "夜空の明るさ": "21.26",
                "ばらつき": "0.14",
                "周辺状況": "",
                "備考": "",
                "継続観察登録地点": ""
            }
        },
        {
            "type": "Feature",
            "geometry": {
                "type": "Point",
                "coordinates": [
                    133.325,
                    35.30416667
                ]
            },
            "properties": {
                "調査時期": "2020_S",
                "都道府県": "鳥取県",
                "市区町村": "南部町",
                "撮影場所": "",
                "撮影日時": "2020-08-13T20:32:00+09:00",
                "緯度": "35.30416667",
                "経度": "133.32500000",
                "夜空の明るさ": "21.29",
                "ばらつき": "0.10",
                "周辺状況": "",
                "備考": "",
                "継続観察登録地点": ""
            }
        },
        {
            "type": "Feature",
            "geometry": {
                "type": "Point",
                "coordinates": [
                    133.31083333,
                    35.17111111
                ]
            },
            "properties": {
                "調査時期": "2020_S",
                "都道府県": "鳥取県",
                "市区町村": "日南町",
                "撮影場所": "",
                "撮影日時": "2020-08-13T21:03:00+09:00",
                "緯度": "35.17111111",
                "経度": "133.31083333",
                "夜空の明るさ": "21.22",
                "ばらつき": "0.17",
                "周辺状況": "",
                "備考": "",
                "継続観察登録地点": ""
            }
        },
        {
            "type": "Feature",
            "geometry": {
                "type": "Point",
                "coordinates": [
                    133.16944444,
                    35.13611111
                ]
            },
            "properties": {
                "調査時期": "2020_S",
                "都道府県": "鳥取県",
                "市区町村": "日南町",
                "撮影場所": "日南町上萩山",
                "撮影日時": "2020-08-18T20:55:00+09:00",
                "緯度": "35.13611111",
                "経度": "133.16944444",
                "夜空の明るさ": "21.67",
                "ばらつき": "0.22",
                "周辺状況": "農業地域",
                "備考": "",
                "継続観察登録地点": "○"
            }
        },
        {
            "type": "Feature",
            "geometry": {
                "type": "Point",
                "coordinates": [
                    133.20111111,
                    35.11583333
                ]
            },
            "properties": {
                "調査時期": "2020_S",
                "都道府県": "鳥取県",
                "市区町村": "日南町",
                "撮影場所": "",
                "撮影日時": "2020-08-20T21:14:00+09:00",
                "緯度": "35.11583333",
                "経度": "133.20111111",
                "夜空の明るさ": "20.58",
                "ばらつき": "0.22",
                "周辺状況": "",
                "備考": "",
                "継続観察登録地点": ""
            }
        },
        {
            "type": "Feature",
            "geometry": {
                "type": "Point",
                "coordinates": [
                    134.24944444,
                    35.39472222
                ]
            },
            "properties": {
                "調査時期": "2020_S",
                "都道府県": "鳥取県",
                "市区町村": "八頭町",
                "撮影場所": "",
                "撮影日時": "2020-08-16T22:04:00+09:00",
                "緯度": "35.39472222",
                "経度": "134.24944444",
                "夜空の明るさ": "20.71",
                "ばらつき": "0.18",
                "周辺状況": "",
                "備考": "",
                "継続観察登録地点": ""
            }
        },
        {
            "type": "Feature",
            "geometry": {
                "type": "Point",
                "coordinates": [
                    134.26194444,
                    35.34222222
                ]
            },
            "properties": {
                "調査時期": "2020_S",
                "都道府県": "鳥取県",
                "市区町村": "八頭町",
                "撮影場所": "",
                "撮影日時": "2020-08-19T22:21:00+09:00",
                "緯度": "35.34222222",
                "経度": "134.26194444",
                "夜空の明るさ": "21.23",
                "ばらつき": "0.10",
                "周辺状況": "",
                "備考": "",
                "継続観察登録地点": ""
            }
        },
        {
            "type": "Feature",
            "geometry": {
                "type": "Point",
                "coordinates": [
                    134.31583333,
                    35.36333333
                ]
            },
            "properties": {
                "調査時期": "2020_S",
                "都道府県": "鳥取県",
                "市区町村": "八頭町",
                "撮影場所": "",
                "撮影日時": "2020-08-24T21:45:00+09:00",
                "緯度": "35.36333333",
                "経度": "134.31583333",
                "夜空の明るさ": "20.20",
                "ばらつき": "0.12",
                "周辺状況": "",
                "備考": "",
                "継続観察登録地点": ""
            }
        },
        {
            "type": "Feature",
            "geometry": {
                "type": "Point",
                "coordinates": [
                    133.48805556,
                    35.35638889
                ]
            },
            "properties": {
                "調査時期": "2020_S",
                "都道府県": "鳥取県",
                "市区町村": "伯耆町",
                "撮影場所": "",
                "撮影日時": "2020-08-13T22:00:00+09:00",
                "緯度": "35.35638889",
                "経度": "133.48805556",
                "夜空の明るさ": "21.53",
                "ばらつき": "0.20",
                "周辺状況": "",
                "備考": "",
                "継続観察登録地点": ""
            }
        },
        {
            "type": "Feature",
            "geometry": {
                "type": "Point",
                "coordinates": [
                    133.43527778,
                    35.38916667
                ]
            },
            "properties": {
                "調査時期": "2020_S",
                "都道府県": "鳥取県",
                "市区町村": "伯耆町",
                "撮影場所": "",
                "撮影日時": "2020-08-13T22:21:00+09:00",
                "緯度": "35.38916667",
                "経度": "133.43527778",
                "夜空の明るさ": "21.25",
                "ばらつき": "0.15",
                "周辺状況": "",
                "備考": "",
                "継続観察登録地点": ""
            }
        },
        {
            "type": "Feature",
            "geometry": {
                "type": "Point",
                "coordinates": [
                    133.4675,
                    35.38055556
                ]
            },
            "properties": {
                "調査時期": "2020_S",
                "都道府県": "鳥取県",
                "市区町村": "伯耆町",
                "撮影場所": "",
                "撮影日時": "2020-08-14T20:42:00+09:00",
                "緯度": "35.38055556",
                "経度": "133.46750000",
                "夜空の明るさ": "21.07",
                "ばらつき": "0.08",
                "周辺状況": "",
                "備考": "",
                "継続観察登録地点": ""
            }
        },
        {
            "type": "Feature",
            "geometry": {
                "type": "Point",
                "coordinates": [
                    133.51027778,
                    35.37638889
                ]
            },
            "properties": {
                "調査時期": "2020_S",
                "都道府県": "鳥取県",
                "市区町村": "伯耆町",
                "撮影場所": "",
                "撮影日時": "2020-08-14T20:52:00+09:00",
                "緯度": "35.37638889",
                "経度": "133.51027778",
                "夜空の明るさ": "21.53",
                "ばらつき": "0.12",
                "周辺状況": "",
                "備考": "",
                "継続観察登録地点": ""
            }
        },
        {
            "type": "Feature",
            "geometry": {
                "type": "Point",
                "coordinates": [
                    133.51444444,
                    35.36805556
                ]
            },
            "properties": {
                "調査時期": "2020_S",
                "都道府県": "鳥取県",
                "市区町村": "伯耆町",
                "撮影場所": "",
                "撮影日時": "2020-08-14T20:59:00+09:00",
                "緯度": "35.36805556",
                "経度": "133.51444444",
                "夜空の明るさ": "21.47",
                "ばらつき": "0.12",
                "周辺状況": "",
                "備考": "",
                "継続観察登録地点": ""
            }
        },
        {
            "type": "Feature",
            "geometry": {
                "type": "Point",
                "coordinates": [
                    133.52972222,
                    35.39444444
                ]
            },
            "properties": {
                "調査時期": "2020_S",
                "都道府県": "鳥取県",
                "市区町村": "大山町",
                "撮影場所": "",
                "撮影日時": "2020-08-14T21:09:00+09:00",
                "緯度": "35.39444444",
                "経度": "133.52972222",
                "夜空の明るさ": "21.39",
                "ばらつき": "0.11",
                "周辺状況": "",
                "備考": "",
                "継続観察登録地点": ""
            }
        },
        {
            "type": "Feature",
            "geometry": {
                "type": "Point",
                "coordinates": [
                    133.47833333,
                    35.40722222
                ]
            },
            "properties": {
                "調査時期": "2020_S",
                "都道府県": "鳥取県",
                "市区町村": "大山町",
                "撮影場所": "",
                "撮影日時": "2020-08-14T21:20:00+09:00",
                "緯度": "35.40722222",
                "経度": "133.47833333",
                "夜空の明るさ": "21.27",
                "ばらつき": "0.13",
                "周辺状況": "",
                "備考": "",
                "継続観察登録地点": ""
            }
        },
        {
            "type": "Feature",
            "geometry": {
                "type": "Point",
                "coordinates": [
                    133.48583333,
                    35.46305556
                ]
            },
            "properties": {
                "調査時期": "2020_S",
                "都道府県": "鳥取県",
                "市区町村": "大山町",
                "撮影場所": "",
                "撮影日時": "2020-08-14T22:05:00+09:00",
                "緯度": "35.46305556",
                "経度": "133.48583333",
                "夜空の明るさ": "21.38",
                "ばらつき": "0.13",
                "周辺状況": "",
                "備考": "",
                "継続観察登録地点": ""
            }
        },
        {
            "type": "Feature",
            "geometry": {
                "type": "Point",
                "coordinates": [
                    133.48333333,
                    35.4925
                ]
            },
            "properties": {
                "調査時期": "2020_S",
                "都道府県": "鳥取県",
                "市区町村": "大山町",
                "撮影場所": "",
                "撮影日時": "2020-08-14T22:17:00+09:00",
                "緯度": "35.49250000",
                "経度": "133.48333333",
                "夜空の明るさ": "21.24",
                "ばらつき": "0.10",
                "周辺状況": "",
                "備考": "",
                "継続観察登録地点": ""
            }
        },
        {
            "type": "Feature",
            "geometry": {
                "type": "Point",
                "coordinates": [
                    133.51277778,
                    35.49583333
                ]
            },
            "properties": {
                "調査時期": "2020_S",
                "都道府県": "鳥取県",
                "市区町村": "大山町",
                "撮影場所": "",
                "撮影日時": "2020-08-14T22:27:00+09:00",
                "緯度": "35.49583333",
                "経度": "133.51277778",
                "夜空の明るさ": "21.28",
                "ばらつき": "0.07",
                "周辺状況": "",
                "備考": "",
                "継続観察登録地点": ""
            }
        },
        {
            "type": "Feature",
            "geometry": {
                "type": "Point",
                "coordinates": [
                    134.15583333,
                    35.49805556
                ]
            },
            "properties": {
                "調査時期": "2020_S",
                "都道府県": "鳥取県",
                "市区町村": "鳥取市",
                "撮影場所": "鳥取市 湖山池青島公園",
                "撮影日時": "2020-08-19T20:39:00+09:00",
                "緯度": "35.49805556",
                "経度": "134.15583333",
                "夜空の明るさ": "19.86",
                "ばらつき": "0.16",
                "周辺状況": "住宅地域",
                "備考": "",
                "継続観察登録地点": "○"
            }
        },
        {
            "type": "Feature",
            "geometry": {
                "type": "Point",
                "coordinates": [
                    134.11944444,
                    35.34194444
                ]
            },
            "properties": {
                "調査時期": "2020_S",
                "都道府県": "鳥取県",
                "市区町村": "鳥取市",
                "撮影場所": "さじアストロパーク園地",
                "撮影日時": "2020-08-18T21:55:00+09:00",
                "緯度": "35.34194444",
                "経度": "134.11944444",
                "夜空の明るさ": "21.00",
                "ばらつき": "0.24",
                "周辺状況": "森林山間地",
                "備考": "",
                "継続観察登録地点": "○"
            }
        },
        {
            "type": "Feature",
            "geometry": {
                "type": "Point",
                "coordinates": [
                    134.10555556,
                    35.33055556
                ]
            },
            "properties": {
                "調査時期": "2020_S",
                "都道府県": "鳥取県",
                "市区町村": "鳥取市",
                "撮影場所": "",
                "撮影日時": "2020-08-18T20:31:00+09:00",
                "緯度": "35.33055556",
                "経度": "134.10555556",
                "夜空の明るさ": "20.76",
                "ばらつき": "0.10",
                "周辺状況": "",
                "備考": "",
                "継続観察登録地点": ""
            }
        },
        {
            "type": "Feature",
            "geometry": {
                "type": "Point",
                "coordinates": [
                    134.15527778,
                    35.49777778
                ]
            },
            "properties": {
                "調査時期": "2020_S",
                "都道府県": "鳥取県",
                "市区町村": "鳥取市",
                "撮影場所": "",
                "撮影日時": "2020-08-14T21:03:00+09:00",
                "緯度": "35.49777778",
                "経度": "134.15527778",
                "夜空の明るさ": "20.36",
                "ばらつき": "0.13",
                "周辺状況": "",
                "備考": "",
                "継続観察登録地点": ""
            }
        },
        {
            "type": "Feature",
            "geometry": {
                "type": "Point",
                "coordinates": [
                    134.23694444,
                    35.54472222
                ]
            },
            "properties": {
                "調査時期": "2020_S",
                "都道府県": "鳥取県",
                "市区町村": "鳥取市",
                "撮影場所": "鳥取砂丘駐車場",
                "撮影日時": "2020-08-14T20:33:00+09:00",
                "緯度": "35.54472222",
                "経度": "134.23694444",
                "夜空の明るさ": "20.16",
                "ばらつき": "0.07",
                "周辺状況": "自然公園等",
                "備考": "",
                "継続観察登録地点": "○"
            }
        },
        {
            "type": "Feature",
            "geometry": {
                "type": "Point",
                "coordinates": [
                    134.05333333,
                    35.47888889
                ]
            },
            "properties": {
                "調査時期": "2020_S",
                "都道府県": "鳥取県",
                "市区町村": "鳥取市",
                "撮影場所": "",
                "撮影日時": "2020-08-19T20:53:00+09:00",
                "緯度": "35.47888889",
                "経度": "134.05333333",
                "夜空の明るさ": "20.57",
                "ばらつき": "0.12",
                "周辺状況": "",
                "備考": "",
                "継続観察登録地点": ""
            }
        },
        {
            "type": "Feature",
            "geometry": {
                "type": "Point",
                "coordinates": [
                    134.21972222,
                    35.49416667
                ]
            },
            "properties": {
                "調査時期": "2020_S",
                "都道府県": "鳥取県",
                "市区町村": "鳥取市",
                "撮影場所": "鳥取市幸町 幸町棒鼻公園",
                "撮影日時": "2020-08-14T21:31:00+09:00",
                "緯度": "35.49416667",
                "経度": "134.21972222",
                "夜空の明るさ": "18.79",
                "ばらつき": "0.11",
                "周辺状況": "住宅地域",
                "備考": "",
                "継続観察登録地点": "○"
            }
        },
        {
            "type": "Feature",
            "geometry": {
                "type": "Point",
                "coordinates": [
                    134.21138889,
                    35.44694444
                ]
            },
            "properties": {
                "調査時期": "2020_S",
                "都道府県": "鳥取県",
                "市区町村": "鳥取市",
                "撮影場所": "鳥取市倉田 倉田スポーツ広場",
                "撮影日時": "2020-08-14T21:48:00+09:00",
                "緯度": "35.44694444",
                "経度": "134.21138889",
                "夜空の明るさ": "20.55",
                "ばらつき": "0.14",
                "周辺状況": "その他",
                "備考": "",
                "継続観察登録地点": "○"
            }
        },
        {
            "type": "Feature",
            "geometry": {
                "type": "Point",
                "coordinates": [
                    134.20027778,
                    35.39388889
                ]
            },
            "properties": {
                "調査時期": "2020_S",
                "都道府県": "鳥取県",
                "市区町村": "鳥取市",
                "撮影場所": "鳥取市河原町曳田 桜広場駐車場",
                "撮影日時": "2020-08-14T22:09:00+09:00",
                "緯度": "35.39388889",
                "経度": "134.20027778",
                "夜空の明るさ": "20.70",
                "ばらつき": "0.14",
                "周辺状況": "住宅地域",
                "備考": "",
                "継続観察登録地点": "○"
            }
        },
        {
            "type": "Feature",
            "geometry": {
                "type": "Point",
                "coordinates": [
                    134.20472222,
                    35.35694444
                ]
            },
            "properties": {
                "調査時期": "2020_S",
                "都道府県": "鳥取県",
                "市区町村": "鳥取市",
                "撮影場所": "鳥取県鳥取市用瀬町鷹狩",
                "撮影日時": "2020-08-14T22:23:00+09:00",
                "緯度": "35.35694444",
                "経度": "134.20472222",
                "夜空の明るさ": "21.07",
                "ばらつき": "0.07",
                "周辺状況": "農業地域",
                "備考": "",
                "継続観察登録地点": "○"
            }
        },
        {
            "type": "Feature",
            "geometry": {
                "type": "Point",
                "coordinates": [
                    134.17527778,
                    35.35694444
                ]
            },
            "properties": {
                "調査時期": "2020_S",
                "都道府県": "鳥取県",
                "市区町村": "鳥取市",
                "撮影場所": "",
                "撮影日時": "2020-08-16T21:23:00+09:00",
                "緯度": "35.35694444",
                "経度": "134.17527778",
                "夜空の明るさ": "21.16",
                "ばらつき": "0.27",
                "周辺状況": "",
                "備考": "",
                "継続観察登録地点": ""
            }
        },
        {
            "type": "Feature",
            "geometry": {
                "type": "Point",
                "coordinates": [
                    134.10555556,
                    35.33055556
                ]
            },
            "properties": {
                "調査時期": "2020_S",
                "都道府県": "鳥取県",
                "市区町村": "鳥取市",
                "撮影場所": "",
                "撮影日時": "2020-08-18T20:31:00+09:00",
                "緯度": "35.33055556",
                "経度": "134.10555556",
                "夜空の明るさ": "20.76",
                "ばらつき": "0.10",
                "周辺状況": "",
                "備考": "",
                "継続観察登録地点": ""
            }
        },
        {
            "type": "Feature",
            "geometry": {
                "type": "Point",
                "coordinates": [
                    134.07416667,
                    35.33055556
                ]
            },
            "properties": {
                "調査時期": "2020_S",
                "都道府県": "鳥取県",
                "市区町村": "鳥取市",
                "撮影場所": "",
                "撮影日時": "2020-08-18T21:14:00+09:00",
                "緯度": "35.33055556",
                "経度": "134.07416667",
                "夜空の明るさ": "20.51",
                "ばらつき": "0.18",
                "周辺状況": "",
                "備考": "",
                "継続観察登録地点": ""
            }
        },
        {
            "type": "Feature",
            "geometry": {
                "type": "Point",
                "coordinates": [
                    134.03944444,
                    35.32666667
                ]
            },
            "properties": {
                "調査時期": "2020_S",
                "都道府県": "鳥取県",
                "市区町村": "鳥取市",
                "撮影場所": "",
                "撮影日時": "2020-08-18T21:25:00+09:00",
                "緯度": "35.32666667",
                "経度": "134.03944444",
                "夜空の明るさ": "",
                "ばらつき": "",
                "周辺状況": "",
                "備考": "雲量多く測定不可",
                "継続観察登録地点": ""
            }
        },
        {
            "type": "Feature",
            "geometry": {
                "type": "Point",
                "coordinates": [
                    134.15944444,
                    35.34388889
                ]
            },
            "properties": {
                "調査時期": "2020_S",
                "都道府県": "鳥取県",
                "市区町村": "鳥取市",
                "撮影場所": "",
                "撮影日時": "2020-08-18T20:54:00+09:00",
                "緯度": "35.34388889",
                "経度": "134.15944444",
                "夜空の明るさ": "20.83",
                "ばらつき": "0.11",
                "周辺状況": "",
                "備考": "",
                "継続観察登録地点": ""
            }
        },
        {
            "type": "Feature",
            "geometry": {
                "type": "Point",
                "coordinates": [
                    134.40138889,
                    35.34472222
                ]
            },
            "properties": {
                "調査時期": "2020_S",
                "都道府県": "鳥取県",
                "市区町村": "若桜町",
                "撮影場所": "",
                "撮影日時": "2020-08-24T22:09:00+09:00",
                "緯度": "35.34472222",
                "経度": "134.40138889",
                "夜空の明るさ": "20.54",
                "ばらつき": "0.15",
                "周辺状況": "",
                "備考": "",
                "継続観察登録地点": ""
            }
        },
        {
            "type": "Feature",
            "geometry": {
                "type": "Point",
                "coordinates": [
                    133.76027778,
                    35.35611111
                ]
            },
            "properties": {
                "調査時期": "2020_S",
                "都道府県": "鳥取県",
                "市区町村": "倉吉市",
                "撮影場所": "倉吉市関金町関金宿",
                "撮影日時": "2020-08-18T21:05:00+09:00",
                "緯度": "35.35611111",
                "経度": "133.76027778",
                "夜空の明るさ": "21.02",
                "ばらつき": "0.15",
                "周辺状況": "農業地域",
                "備考": "",
                "継続観察登録地点": "○"
            }
        },
        {
            "type": "Feature",
            "geometry": {
                "type": "Point",
                "coordinates": [
                    134.23361111,
                    35.26611111
                ]
            },
            "properties": {
                "調査時期": "2020_S",
                "都道府県": "鳥取県",
                "市区町村": "智頭町",
                "撮影場所": "",
                "撮影日時": "2020-08-16T21:56:00+09:00",
                "緯度": "35.26611111",
                "経度": "134.23361111",
                "夜空の明るさ": "20.84",
                "ばらつき": "0.12",
                "周辺状況": "",
                "備考": "",
                "継続観察登録地点": ""
            }
        },
        {
            "type": "Feature",
            "geometry": {
                "type": "Point",
                "coordinates": [
                    134.27638889,
                    35.26444444
                ]
            },
            "properties": {
                "調査時期": "2020_S",
                "都道府県": "鳥取県",
                "市区町村": "智頭町",
                "撮影場所": "",
                "撮影日時": "2020-08-16T22:10:00+09:00",
                "緯度": "35.26444444",
                "経度": "134.27638889",
                "夜空の明るさ": "20.95",
                "ばらつき": "0.17",
                "周辺状況": "",
                "備考": "",
                "継続観察登録地点": ""
            }
        },
        {
            "type": "Feature",
            "geometry": {
                "type": "Point",
                "coordinates": [
                    134.29611111,
                    35.23138889
                ]
            },
            "properties": {
                "調査時期": "2020_S",
                "都道府県": "鳥取県",
                "市区町村": "智頭町",
                "撮影場所": "",
                "撮影日時": "2020-08-16T22:26:00+09:00",
                "緯度": "35.23138889",
                "経度": "134.29611111",
                "夜空の明るさ": "20.53",
                "ばらつき": "0.10",
                "周辺状況": "",
                "備考": "",
                "継続観察登録地点": ""
            }
        },
        {
            "type": "Feature",
            "geometry": {
                "type": "Point",
                "coordinates": [
                    134.27333333,
                    35.21722222
                ]
            },
            "properties": {
                "調査時期": "2020_S",
                "都道府県": "鳥取県",
                "市区町村": "智頭町",
                "撮影場所": "",
                "撮影日時": "2020-08-16T22:39:00+09:00",
                "緯度": "35.21722222",
                "経度": "134.27333333",
                "夜空の明るさ": "20.44",
                "ばらつき": "0.34",
                "周辺状況": "",
                "備考": "",
                "継続観察登録地点": ""
            }
        },
        {
            "type": "Feature",
            "geometry": {
                "type": "Point",
                "coordinates": [
                    134.20361111,
                    35.1925
                ]
            },
            "properties": {
                "調査時期": "2020_S",
                "都道府県": "鳥取県",
                "市区町村": "智頭町",
                "撮影場所": "",
                "撮影日時": "2020-08-16T23:17:00+09:00",
                "緯度": "35.19250000",
                "経度": "134.20361111",
                "夜空の明るさ": "20.72",
                "ばらつき": "0.40",
                "周辺状況": "",
                "備考": "観測時間外のため参考値",
                "継続観察登録地点": ""
            }
        },
        {
            "type": "Feature",
            "geometry": {
                "type": "Point",
                "coordinates": [
                    134.22388889,
                    35.29
                ]
            },
            "properties": {
                "調査時期": "2020_S",
                "都道府県": "鳥取県",
                "市区町村": "智頭町",
                "撮影場所": "",
                "撮影日時": "2020-08-18T22:56:00+09:00",
                "緯度": "35.29000000",
                "経度": "134.22388889",
                "夜空の明るさ": "20.89",
                "ばらつき": "0.11",
                "周辺状況": "",
                "備考": "観測時間外のため参考値",
                "継続観察登録地点": ""
            }
        },
        {
            "type": "Feature",
            "geometry": {
                "type": "Point",
                "coordinates": [
                    134.18944444,
                    35.25027778
                ]
            },
            "properties": {
                "調査時期": "2020_S",
                "都道府県": "鳥取県",
                "市区町村": "智頭町",
                "撮影場所": "",
                "撮影日時": "2020-08-18T23:27:00+09:00",
                "緯度": "35.25027778",
                "経度": "134.18944444",
                "夜空の明るさ": "21.32",
                "ばらつき": "0.20",
                "周辺状況": "",
                "備考": "観測時間外のため参考値",
                "継続観察登録地点": ""
            }
        },
        {
            "type": "Feature",
            "geometry": {
                "type": "Point",
                "coordinates": [
                    134.22944444,
                    35.23944444
                ]
            },
            "properties": {
                "調査時期": "2020_S",
                "都道府県": "鳥取県",
                "市区町村": "智頭町",
                "撮影場所": "",
                "撮影日時": "2020-08-19T23:13:00+09:00",
                "緯度": "35.23944444",
                "経度": "134.22944444",
                "夜空の明るさ": "21.21",
                "ばらつき": "0.00",
                "周辺状況": "",
                "備考": "観測時間外のため参考値",
                "継続観察登録地点": ""
            }
        },
        {
            "type": "Feature",
            "geometry": {
                "type": "Point",
                "coordinates": [
                    134.22666667,
                    35.26472222
                ]
            },
            "properties": {
                "調査時期": "2020_S",
                "都道府県": "鳥取県",
                "市区町村": "智頭町",
                "撮影場所": "",
                "撮影日時": "2020-08-19T23:25:00+09:00",
                "緯度": "35.26472222",
                "経度": "134.22666667",
                "夜空の明るさ": "20.77",
                "ばらつき": "0.11",
                "周辺状況": "",
                "備考": "観測時間外のため参考値",
                "継続観察登録地点": ""
            }
        },
        {
            "type": "Feature",
            "geometry": {
                "type": "Point",
                "coordinates": [
                    132.07638889,
                    34.88694444
                ]
            },
            "properties": {
                "調査時期": "2020_S",
                "都道府県": "島根県",
                "市区町村": "浜田市",
                "撮影場所": "浜田市竹迫町 海の見える文化公園",
                "撮影日時": "2020-08-10T20:52:00+09:00",
                "緯度": "34.88694444",
                "経度": "132.07638889",
                "夜空の明るさ": "20.20",
                "ばらつき": "0.13",
                "周辺状況": "住宅地域",
                "備考": "",
                "継続観察登録地点": "○"
            }
        },
        {
            "type": "Feature",
            "geometry": {
                "type": "Point",
                "coordinates": [
                    131.94305556,
                    34.78916667
                ]
            },
            "properties": {
                "調査時期": "2020_S",
                "都道府県": "島根県",
                "市区町村": "浜田市",
                "撮影場所": "浜田市三隅町 三保公民館",
                "撮影日時": "2020-08-13T21:40:00+09:00",
                "緯度": "34.78916667",
                "経度": "131.94305556",
                "夜空の明るさ": "21.07",
                "ばらつき": "0.20",
                "周辺状況": "住宅地域",
                "備考": "",
                "継続観察登録地点": "○"
            }
        },
        {
            "type": "Feature",
            "geometry": {
                "type": "Point",
                "coordinates": [
                    134.19027778,
                    35.14305556
                ]
            },
            "properties": {
                "調査時期": "2020_S",
                "都道府県": "岡山県",
                "市区町村": "奈義町",
                "撮影場所": "",
                "撮影日時": "2020-08-14T21:25:00+09:00",
                "緯度": "35.14305556",
                "経度": "134.19027778",
                "夜空の明るさ": "21.24",
                "ばらつき": "0.19",
                "周辺状況": "",
                "備考": "",
                "継続観察登録地点": ""
            }
        },
        {
            "type": "Feature",
            "geometry": {
                "type": "Point",
                "coordinates": [
                    133.85611111,
                    34.82444444
                ]
            },
            "properties": {
                "調査時期": "2020_S",
                "都道府県": "岡山県",
                "市区町村": "岡山市",
                "撮影場所": "河原邸",
                "撮影日時": "2020-08-17T21:35:00+09:00",
                "緯度": "34.82444444",
                "経度": "133.85611111",
                "夜空の明るさ": "19.78",
                "ばらつき": "0.11",
                "周辺状況": "森林山間地",
                "備考": "",
                "継続観察登録地点": "○"
            }
        },
        {
            "type": "Feature",
            "geometry": {
                "type": "Point",
                "coordinates": [
                    133.9,
                    34.63
                ]
            },
            "properties": {
                "調査時期": "2020_S",
                "都道府県": "岡山県",
                "市区町村": "岡山市",
                "撮影場所": "",
                "撮影日時": "2020-08-16T21:50:00+09:00",
                "緯度": "34.63000000",
                "経度": "133.90000000",
                "夜空の明るさ": "17.90",
                "ばらつき": "0.08",
                "周辺状況": "",
                "備考": "",
                "継続観察登録地点": ""
            }
        },
        {
            "type": "Feature",
            "geometry": {
                "type": "Point",
                "coordinates": [
                    133.84166667,
                    34.87472222
                ]
            },
            "properties": {
                "調査時期": "2020_S",
                "都道府県": "岡山県",
                "市区町村": "吉備中央町",
                "撮影場所": "",
                "撮影日時": "2020-08-13T20:40:00+09:00",
                "緯度": "34.87472222",
                "経度": "133.84166667",
                "夜空の明るさ": "21.12",
                "ばらつき": "0.12",
                "周辺状況": "",
                "備考": "",
                "継続観察登録地点": ""
            }
        },
        {
            "type": "Feature",
            "geometry": {
                "type": "Point",
                "coordinates": [
                    133.80583333,
                    34.88388889
                ]
            },
            "properties": {
                "調査時期": "2020_S",
                "都道府県": "岡山県",
                "市区町村": "吉備中央町",
                "撮影場所": "",
                "撮影日時": "2020-08-18T21:59:00+09:00",
                "緯度": "34.88388889",
                "経度": "133.80583333",
                "夜空の明るさ": "21.00",
                "ばらつき": "0.18",
                "周辺状況": "",
                "備考": "",
                "継続観察登録地点": ""
            }
        },
        {
            "type": "Feature",
            "geometry": {
                "type": "Point",
                "coordinates": [
                    133.80638889,
                    34.88388889
                ]
            },
            "properties": {
                "調査時期": "2020_S",
                "都道府県": "岡山県",
                "市区町村": "吉備中央町",
                "撮影場所": "",
                "撮影日時": "2020-08-19T21:54:00+09:00",
                "緯度": "34.88388889",
                "経度": "133.80638889",
                "夜空の明るさ": "20.99",
                "ばらつき": "0.18",
                "周辺状況": "",
                "備考": "",
                "継続観察登録地点": ""
            }
        },
        {
            "type": "Feature",
            "geometry": {
                "type": "Point",
                "coordinates": [
                    133.40638889,
                    34.96555556
                ]
            },
            "properties": {
                "調査時期": "2020_S",
                "都道府県": "岡山県",
                "市区町村": "新見市",
                "撮影場所": "",
                "撮影日時": "2020-08-20T21:16:00+09:00",
                "緯度": "34.96555556",
                "経度": "133.40638889",
                "夜空の明るさ": "21.27",
                "ばらつき": "0.16",
                "周辺状況": "",
                "備考": "",
                "継続観察登録地点": ""
            }
        },
        {
            "type": "Feature",
            "geometry": {
                "type": "Point",
                "coordinates": [
                    133.47,
                    34.97666667
                ]
            },
            "properties": {
                "調査時期": "2020_S",
                "都道府県": "岡山県",
                "市区町村": "新見市",
                "撮影場所": "",
                "撮影日時": "2020-08-20T21:45:00+09:00",
                "緯度": "34.97666667",
                "経度": "133.47000000",
                "夜空の明るさ": "19.87",
                "ばらつき": "0.10",
                "周辺状況": "",
                "備考": "",
                "継続観察登録地点": ""
            }
        },
        {
            "type": "Feature",
            "geometry": {
                "type": "Point",
                "coordinates": [
                    133.47166667,
                    34.85888889
                ]
            },
            "properties": {
                "調査時期": "2020_S",
                "都道府県": "岡山県",
                "市区町村": "高梁市",
                "撮影場所": "",
                "撮影日時": "2020-08-20T20:33:00+09:00",
                "緯度": "34.85888889",
                "経度": "133.47166667",
                "夜空の明るさ": "21.18",
                "ばらつき": "0.13",
                "周辺状況": "",
                "備考": "",
                "継続観察登録地点": ""
            }
        },
        {
            "type": "Feature",
            "geometry": {
                "type": "Point",
                "coordinates": [
                    133.64305556,
                    34.66277778
                ]
            },
            "properties": {
                "調査時期": "2020_S",
                "都道府県": "岡山県",
                "市区町村": "総社市",
                "撮影場所": "",
                "撮影日時": "2020-08-18T21:01:00+09:00",
                "緯度": "34.66277778",
                "経度": "133.64305556",
                "夜空の明るさ": "20.36",
                "ばらつき": "0.12",
                "周辺状況": "",
                "備考": "",
                "継続観察登録地点": ""
            }
        },
        {
            "type": "Feature",
            "geometry": {
                "type": "Point",
                "coordinates": [
                    133.76888889,
                    34.53611111
                ]
            },
            "properties": {
                "調査時期": "2020_S",
                "都道府県": "岡山県",
                "市区町村": "倉敷市",
                "撮影場所": "倉敷市 ライフパーク倉敷科学センター 屋上",
                "撮影日時": "2020-08-15T20:42:00+09:00",
                "緯度": "34.53611111",
                "経度": "133.76888889",
                "夜空の明るさ": "18.64",
                "ばらつき": "0.15",
                "周辺状況": "工業地域",
                "備考": "",
                "継続観察登録地点": "○"
            }
        },
        {
            "type": "Feature",
            "geometry": {
                "type": "Point",
                "coordinates": [
                    133.76055556,
                    34.57916667
                ]
            },
            "properties": {
                "調査時期": "2020_S",
                "都道府県": "岡山県",
                "市区町村": "倉敷市",
                "撮影場所": "",
                "撮影日時": "2020-08-18T22:16:00+09:00",
                "緯度": "34.57916667",
                "経度": "133.76055556",
                "夜空の明るさ": "18.60",
                "ばらつき": "0.11",
                "周辺状況": "",
                "備考": "",
                "継続観察登録地点": ""
            }
        },
        {
            "type": "Feature",
            "geometry": {
                "type": "Point",
                "coordinates": [
                    133.8125,
                    34.435
                ]
            },
            "properties": {
                "調査時期": "2020_S",
                "都道府県": "岡山県",
                "市区町村": "倉敷市",
                "撮影場所": "",
                "撮影日時": "2020-08-19T21:06:00+09:00",
                "緯度": "34.43500000",
                "経度": "133.81250000",
                "夜空の明るさ": "19.67",
                "ばらつき": "0.07",
                "周辺状況": "",
                "備考": "",
                "継続観察登録地点": ""
            }
        },
        {
            "type": "Feature",
            "geometry": {
                "type": "Point",
                "coordinates": [
                    133.76805556,
                    34.59305556
                ]
            },
            "properties": {
                "調査時期": "2020_S",
                "都道府県": "岡山県",
                "市区町村": "倉敷市",
                "撮影場所": "",
                "撮影日時": "2020-08-20T21:06:00+09:00",
                "緯度": "34.59305556",
                "経度": "133.76805556",
                "夜空の明るさ": "17.31",
                "ばらつき": "0.14",
                "周辺状況": "",
                "備考": "",
                "継続観察登録地点": ""
            }
        },
        {
            "type": "Feature",
            "geometry": {
                "type": "Point",
                "coordinates": [
                    133.54527778,
                    34.67194444
                ]
            },
            "properties": {
                "調査時期": "2020_S",
                "都道府県": "岡山県",
                "市区町村": "井原市",
                "撮影場所": "井原市美星天文台",
                "撮影日時": "2020-08-15T21:34:00+09:00",
                "緯度": "34.67194444",
                "経度": "133.54527778",
                "夜空の明るさ": "21.03",
                "ばらつき": "0.18",
                "周辺状況": "森林山間地",
                "備考": "",
                "継続観察登録地点": "○"
            }
        },
        {
            "type": "Feature",
            "geometry": {
                "type": "Point",
                "coordinates": [
                    131.4525,
                    34.15583333
                ]
            },
            "properties": {
                "調査時期": "2020_S",
                "都道府県": "山口県",
                "市区町村": "山口市",
                "撮影場所": "山口市矢原町",
                "撮影日時": "2020-08-16T20:51:00+09:00",
                "緯度": "34.15583333",
                "経度": "131.45250000",
                "夜空の明るさ": "18.72",
                "ばらつき": "0.23",
                "周辺状況": "住宅地域",
                "備考": "",
                "継続観察登録地点": "○"
            }
        },
        {
            "type": "Feature",
            "geometry": {
                "type": "Point",
                "coordinates": [
                    132.05777778,
                    34.15472222
                ]
            },
            "properties": {
                "調査時期": "2020_S",
                "都道府県": "山口県",
                "市区町村": "岩国市",
                "撮影場所": "",
                "撮影日時": "2020-08-20T23:08:00+09:00",
                "緯度": "34.15472222",
                "経度": "132.05777778",
                "夜空の明るさ": "21.06",
                "ばらつき": "0.15",
                "周辺状況": "",
                "備考": "観測時間外のため参考値",
                "継続観察登録地点": ""
            }
        },
        {
            "type": "Feature",
            "geometry": {
                "type": "Point",
                "coordinates": [
                    132.93944444,
                    33.67638889
                ]
            },
            "properties": {
                "調査時期": "2020_S",
                "都道府県": "愛媛県",
                "市区町村": "久万高原町",
                "撮影場所": "久万高原天体観測館",
                "撮影日時": "2020-08-14T21:21:00+09:00",
                "緯度": "33.67638889",
                "経度": "132.93944444",
                "夜空の明るさ": "21.60",
                "ばらつき": "0.16",
                "周辺状況": "森林山間地 ",
                "備考": "",
                "継続観察登録地点": "○"
            }
        },
        {
            "type": "Feature",
            "geometry": {
                "type": "Point",
                "coordinates": [
                    132.93944444,
                    33.67638889
                ]
            },
            "properties": {
                "調査時期": "2020_S",
                "都道府県": "愛媛県",
                "市区町村": "久万高原町",
                "撮影場所": "久万高原天体観測館",
                "撮影日時": "2020-08-14T22:17:00+09:00",
                "緯度": "33.67638889",
                "経度": "132.93944444",
                "夜空の明るさ": "21.63",
                "ばらつき": "0.17",
                "周辺状況": "森林山間地 ",
                "備考": "",
                "継続観察登録地点": "○"
            }
        },
        {
            "type": "Feature",
            "geometry": {
                "type": "Point",
                "coordinates": [
                    132.92972222,
                    34.06555556
                ]
            },
            "properties": {
                "調査時期": "2020_S",
                "都道府県": "愛媛県",
                "市区町村": "今治市",
                "撮影場所": "愛媛県　今治市　ＪＲ大西駅付近",
                "撮影日時": "2020-08-23T23:34:00+09:00",
                "緯度": "34.06555556",
                "経度": "132.92972222",
                "夜空の明るさ": "17.59",
                "ばらつき": "0.50",
                "周辺状況": "住宅地域",
                "備考": "観測時間外のため参考値",
                "継続観察登録地点": "○"
            }
        },
        {
            "type": "Feature",
            "geometry": {
                "type": "Point",
                "coordinates": [
                    132.79305556,
                    33.17416667
                ]
            },
            "properties": {
                "調査時期": "2020_S",
                "都道府県": "高知県",
                "市区町村": "四万十市",
                "撮影場所": "四万十天文台前",
                "撮影日時": "2020-08-11T21:27:00+09:00",
                "緯度": "33.17416667",
                "経度": "132.79305556",
                "夜空の明るさ": "20.72",
                "ばらつき": "0.15",
                "周辺状況": "森林山間地",
                "備考": "",
                "継続観察登録地点": "○"
            }
        },
        {
            "type": "Feature",
            "geometry": {
                "type": "Point",
                "coordinates": [
                    132.79305556,
                    33.17416667
                ]
            },
            "properties": {
                "調査時期": "2020_S",
                "都道府県": "高知県",
                "市区町村": "四万十市",
                "撮影場所": "四万十天文台前",
                "撮影日時": "2020-08-14T21:34:00+09:00",
                "緯度": "33.17416667",
                "経度": "132.79305556",
                "夜空の明るさ": "21.73",
                "ばらつき": "0.16",
                "周辺状況": "森林山間地",
                "備考": "",
                "継続観察登録地点": "○"
            }
        },
        {
            "type": "Feature",
            "geometry": {
                "type": "Point",
                "coordinates": [
                    132.79305556,
                    33.17416667
                ]
            },
            "properties": {
                "調査時期": "2020_S",
                "都道府県": "高知県",
                "市区町村": "四万十市",
                "撮影場所": "四万十天文台前",
                "撮影日時": "2020-08-15T21:36:00+09:00",
                "緯度": "33.17416667",
                "経度": "132.79305556",
                "夜空の明るさ": "21.65",
                "ばらつき": "0.22",
                "周辺状況": "森林山間地",
                "備考": "",
                "継続観察登録地点": "○"
            }
        },
        {
            "type": "Feature",
            "geometry": {
                "type": "Point",
                "coordinates": [
                    132.79305556,
                    33.17388889
                ]
            },
            "properties": {
                "調査時期": "2020_S",
                "都道府県": "高知県",
                "市区町村": "四万十市",
                "撮影場所": "四万十天文台前",
                "撮影日時": "2020-08-16T21:31:00+09:00",
                "緯度": "33.17388889",
                "経度": "132.79305556",
                "夜空の明るさ": "21.63",
                "ばらつき": "0.23",
                "周辺状況": "森林山間地",
                "備考": "",
                "継続観察登録地点": "○"
            }
        },
        {
            "type": "Feature",
            "geometry": {
                "type": "Point",
                "coordinates": [
                    132.79305556,
                    33.17388889
                ]
            },
            "properties": {
                "調査時期": "2020_S",
                "都道府県": "高知県",
                "市区町村": "四万十市",
                "撮影場所": "四万十天文台前",
                "撮影日時": "2020-08-17T21:40:00+09:00",
                "緯度": "33.17388889",
                "経度": "132.79305556",
                "夜空の明るさ": "21.64",
                "ばらつき": "0.33",
                "周辺状況": "森林山間地",
                "備考": "",
                "継続観察登録地点": "○"
            }
        },
        {
            "type": "Feature",
            "geometry": {
                "type": "Point",
                "coordinates": [
                    132.79305556,
                    33.17388889
                ]
            },
            "properties": {
                "調査時期": "2020_S",
                "都道府県": "高知県",
                "市区町村": "四万十市",
                "撮影場所": "四万十天文台前",
                "撮影日時": "2020-08-18T21:51:00+09:00",
                "緯度": "33.17388889",
                "経度": "132.79305556",
                "夜空の明るさ": "21.02",
                "ばらつき": "0.17",
                "周辺状況": "森林山間地",
                "備考": "",
                "継続観察登録地点": "○"
            }
        },
        {
            "type": "Feature",
            "geometry": {
                "type": "Point",
                "coordinates": [
                    132.79305556,
                    33.17388889
                ]
            },
            "properties": {
                "調査時期": "2020_S",
                "都道府県": "高知県",
                "市区町村": "四万十市",
                "撮影場所": "四万十天文台前",
                "撮影日時": "2020-08-20T21:36:00+09:00",
                "緯度": "33.17388889",
                "経度": "132.79305556",
                "夜空の明るさ": "21.01",
                "ばらつき": "0.13",
                "周辺状況": "森林山間地",
                "備考": "",
                "継続観察登録地点": "○"
            }
        },
        {
            "type": "Feature",
            "geometry": {
                "type": "Point",
                "coordinates": [
                    132.99111111,
                    33.47444444
                ]
            },
            "properties": {
                "調査時期": "2020_S",
                "都道府県": "高知県",
                "市区町村": "津野町",
                "撮影場所": "",
                "撮影日時": "2020-08-14T21:32:00+09:00",
                "緯度": "33.47444444",
                "経度": "132.99111111",
                "夜空の明るさ": "21.73",
                "ばらつき": "0.16",
                "周辺状況": "",
                "備考": "",
                "継続観察登録地点": ""
            }
        },
        {
            "type": "Feature",
            "geometry": {
                "type": "Point",
                "coordinates": [
                    133.825,
                    33.53055556
                ]
            },
            "properties": {
                "調査時期": "2020_S",
                "都道府県": "高知県",
                "市区町村": "芸西村",
                "撮影場所": "芸西天文台",
                "撮影日時": "2020-08-13T21:14:00+09:00",
                "緯度": "33.53055556",
                "経度": "133.82500000",
                "夜空の明るさ": "21.38",
                "ばらつき": "0.18",
                "周辺状況": "森林山間地",
                "備考": "",
                "継続観察登録地点": "○"
            }
        },
        {
            "type": "Feature",
            "geometry": {
                "type": "Point",
                "coordinates": [
                    133.52944444,
                    33.53638889
                ]
            },
            "properties": {
                "調査時期": "2020_S",
                "都道府県": "高知県",
                "市区町村": "高知市",
                "撮影場所": "土佐塾中学・高等学校",
                "撮影日時": "2020-08-16T22:16:00+09:00",
                "緯度": "33.53638889",
                "経度": "133.52944444",
                "夜空の明るさ": "19.58",
                "ばらつき": "0.08",
                "周辺状況": "その他",
                "備考": "",
                "継続観察登録地点": "○"
            }
        },
        {
            "type": "Feature",
            "geometry": {
                "type": "Point",
                "coordinates": [
                    133.51388889,
                    33.54194444
                ]
            },
            "properties": {
                "調査時期": "2020_S",
                "都道府県": "高知県",
                "市区町村": "高知市",
                "撮影場所": "",
                "撮影日時": "2020-08-20T21:42:00+09:00",
                "緯度": "33.54194444",
                "経度": "133.51388889",
                "夜空の明るさ": "17.57",
                "ばらつき": "0.10",
                "周辺状況": "",
                "備考": "",
                "継続観察登録地点": ""
            }
        },
        {
            "type": "Feature",
            "geometry": {
                "type": "Point",
                "coordinates": [
                    132.97027778,
                    32.75027778
                ]
            },
            "properties": {
                "調査時期": "2020_S",
                "都道府県": "高知県",
                "市区町村": "土佐清水市",
                "撮影場所": "",
                "撮影日時": "2020-08-18T00:06:00+09:00",
                "緯度": "32.75027778",
                "経度": "132.97027778",
                "夜空の明るさ": "21.75",
                "ばらつき": "0.27",
                "周辺状況": "",
                "備考": "観測時間外のため参考値",
                "継続観察登録地点": ""
            }
        },
        {
            "type": "Feature",
            "geometry": {
                "type": "Point",
                "coordinates": [
                    130.83972222,
                    33.89
                ]
            },
            "properties": {
                "調査時期": "2020_S",
                "都道府県": "福岡県",
                "市区町村": "北九州市",
                "撮影場所": "九州工業大学 戸畑キャンパス運動場",
                "撮影日時": "2020-08-13T21:30:00+09:00",
                "緯度": "33.89000000",
                "経度": "130.83972222",
                "夜空の明るさ": "18.44",
                "ばらつき": "0.20",
                "周辺状況": "住宅地域",
                "備考": "",
                "継続観察登録地点": "○"
            }
        },
        {
            "type": "Feature",
            "geometry": {
                "type": "Point",
                "coordinates": [
                    130.3725,
                    33.57916667
                ]
            },
            "properties": {
                "調査時期": "2020_S",
                "都道府県": "福岡県",
                "市区町村": "福岡市",
                "撮影場所": "福岡市中央区草香江",
                "撮影日時": "2020-08-14T20:49:00+09:00",
                "緯度": "33.57916667",
                "経度": "130.37250000",
                "夜空の明るさ": "17.82",
                "ばらつき": "0.13",
                "周辺状況": "住宅地域",
                "備考": "",
                "継続観察登録地点": "○"
            }
        },
        {
            "type": "Feature",
            "geometry": {
                "type": "Point",
                "coordinates": [
                    130.41638889,
                    33.59472222
                ]
            },
            "properties": {
                "調査時期": "2020_S",
                "都道府県": "福岡県",
                "市区町村": "福岡市",
                "撮影場所": "",
                "撮影日時": "2020-08-23T21:19:00+09:00",
                "緯度": "33.59472222",
                "経度": "130.41638889",
                "夜空の明るさ": "16.56",
                "ばらつき": "0.21",
                "周辺状況": "",
                "備考": "",
                "継続観察登録地点": ""
            }
        },
        {
            "type": "Feature",
            "geometry": {
                "type": "Point",
                "coordinates": [
                    130.54055556,
                    33.52416667
                ]
            },
            "properties": {
                "調査時期": "2020_S",
                "都道府県": "福岡県",
                "市区町村": "太宰府市",
                "撮影場所": "",
                "撮影日時": "2020-08-17T21:12:00+09:00",
                "緯度": "33.52416667",
                "経度": "130.54055556",
                "夜空の明るさ": "19.07",
                "ばらつき": "0.15",
                "周辺状況": "",
                "備考": "",
                "継続観察登録地点": ""
            }
        },
        {
            "type": "Feature",
            "geometry": {
                "type": "Point",
                "coordinates": [
                    130.76,
                    33.24277778
                ]
            },
            "properties": {
                "調査時期": "2020_S",
                "都道府県": "福岡県",
                "市区町村": "八女市",
                "撮影場所": "星のふるさと公園 星降る広場",
                "撮影日時": "2020-08-19T21:31:00+09:00",
                "緯度": "33.24277778",
                "経度": "130.76000000",
                "夜空の明るさ": "20.80",
                "ばらつき": "0.11",
                "周辺状況": "森林山間地",
                "備考": "",
                "継続観察登録地点": "○"
            }
        },
        {
            "type": "Feature",
            "geometry": {
                "type": "Point",
                "coordinates": [
                    129.665,
                    33.30777778
                ]
            },
            "properties": {
                "調査時期": "2020_S",
                "都道府県": "長崎県",
                "市区町村": "佐世保市",
                "撮影場所": "佐世保市江迎町奧川内 白岳自然公園",
                "撮影日時": "2020-08-22T21:50:00+09:00",
                "緯度": "33.30777778",
                "経度": "129.66500000",
                "夜空の明るさ": "20.07",
                "ばらつき": "0.13",
                "周辺状況": "自然公園等",
                "備考": "",
                "継続観察登録地点": "○"
            }
        },
        {
            "type": "Feature",
            "geometry": {
                "type": "Point",
                "coordinates": [
                    130.12222222,
                    32.45333333
                ]
            },
            "properties": {
                "調査時期": "2020_S",
                "都道府県": "熊本県",
                "市区町村": "天草市",
                "撮影場所": "",
                "撮影日時": "2020-08-14T21:12:00+09:00",
                "緯度": "32.45333333",
                "経度": "130.12222222",
                "夜空の明るさ": "20.86",
                "ばらつき": "0.48",
                "周辺状況": "",
                "備考": "",
                "継続観察登録地点": ""
            }
        },
        {
            "type": "Feature",
            "geometry": {
                "type": "Point",
                "coordinates": [
                    130.535,
                    33.07333333
                ]
            },
            "properties": {
                "調査時期": "2020_S",
                "都道府県": "熊本県",
                "市区町村": "南関町",
                "撮影場所": "リフレスおおむた",
                "撮影日時": "2020-08-15T21:18:00+09:00",
                "緯度": "33.07333333",
                "経度": "130.53500000",
                "夜空の明るさ": "20.15",
                "ばらつき": "0.10",
                "周辺状況": "農業地域",
                "備考": "",
                "継続観察登録地点": "○"
            }
        },
        {
            "type": "Feature",
            "geometry": {
                "type": "Point",
                "coordinates": [
                    131.36305556,
                    33.25833333
                ]
            },
            "properties": {
                "調査時期": "2020_S",
                "都道府県": "大分県",
                "市区町村": "由布市",
                "撮影場所": "",
                "撮影日時": "2020-08-15T21:33:00+09:00",
                "緯度": "33.25833333",
                "経度": "131.36305556",
                "夜空の明るさ": "19.57",
                "ばらつき": "0.09",
                "周辺状況": "",
                "備考": "",
                "継続観察登録地点": ""
            }
        },
        {
            "type": "Feature",
            "geometry": {
                "type": "Point",
                "coordinates": [
                    131.39083333,
                    31.9075
                ]
            },
            "properties": {
                "調査時期": "2020_S",
                "都道府県": "宮崎県",
                "市区町村": "宮崎市",
                "撮影場所": "",
                "撮影日時": "2020-08-18T20:24:00+09:00",
                "緯度": "31.90750000",
                "経度": "131.39083333",
                "夜空の明るさ": "18.09",
                "ばらつき": "0.09",
                "周辺状況": "",
                "備考": "",
                "継続観察登録地点": ""
            }
        },
        {
            "type": "Feature",
            "geometry": {
                "type": "Point",
                "coordinates": [
                    130.97944444,
                    30.55666667
                ]
            },
            "properties": {
                "調査時期": "2020_S",
                "都道府県": "鹿児島県",
                "市区町村": "中種子町",
                "撮影場所": "熊毛郡中種子町",
                "撮影日時": "2020-08-12T21:29:00+09:00",
                "緯度": "30.55666667",
                "経度": "130.97944444",
                "夜空の明るさ": "20.85",
                "ばらつき": "0.31",
                "周辺状況": "農業地域",
                "備考": "",
                "継続観察登録地点": "○"
            }
        },
        {
            "type": "Feature",
            "geometry": {
                "type": "Point",
                "coordinates": [
                    130.93055556,
                    31.34555556
                ]
            },
            "properties": {
                "調査時期": "2020_S",
                "都道府県": "鹿児島県",
                "市区町村": "肝付町",
                "撮影場所": "",
                "撮影日時": "2020-08-15T22:09:00+09:00",
                "緯度": "31.34555556",
                "経度": "130.93055556",
                "夜空の明るさ": "20.95",
                "ばらつき": "0.14",
                "周辺状況": "",
                "備考": "",
                "継続観察登録地点": ""
            }
        },
        {
            "type": "Feature",
            "geometry": {
                "type": "Point",
                "coordinates": [
                    129.32666667,
                    28.17472222
                ]
            },
            "properties": {
                "調査時期": "2020_S",
                "都道府県": "鹿児島県",
                "市区町村": "瀬戸内町",
                "撮影場所": "",
                "撮影日時": "2020-08-17T21:03:00+09:00",
                "緯度": "28.17472222",
                "経度": "129.32666667",
                "夜空の明るさ": "21.88",
                "ばらつき": "0.16",
                "周辺状況": "",
                "備考": "",
                "継続観察登録地点": ""
            }
        },
        {
            "type": "Feature",
            "geometry": {
                "type": "Point",
                "coordinates": [
                    128.42833333,
                    27.04277778
                ]
            },
            "properties": {
                "調査時期": "2020_S",
                "都道府県": "鹿児島県",
                "市区町村": "与論町",
                "撮影場所": "与論町内",
                "撮影日時": "2020-08-15T21:47:00+09:00",
                "緯度": "27.04277778",
                "経度": "128.42833333",
                "夜空の明るさ": "21.33",
                "ばらつき": "0.17",
                "周辺状況": "農業地域",
                "備考": "",
                "継続観察登録地点": "○"
            }
        },
        {
            "type": "Feature",
            "geometry": {
                "type": "Point",
                "coordinates": [
                    128.42833333,
                    27.04277778
                ]
            },
            "properties": {
                "調査時期": "2020_S",
                "都道府県": "鹿児島県",
                "市区町村": "与論町",
                "撮影場所": "与論町内",
                "撮影日時": "2020-08-16T22:16:00+09:00",
                "緯度": "27.04277778",
                "経度": "128.42833333",
                "夜空の明るさ": "21.14",
                "ばらつき": "0.21",
                "周辺状況": "農業地域",
                "備考": "",
                "継続観察登録地点": "○"
            }
        },
        {
            "type": "Feature",
            "geometry": {
                "type": "Point",
                "coordinates": [
                    128.42583333,
                    27.02305556
                ]
            },
            "properties": {
                "調査時期": "2020_S",
                "都道府県": "鹿児島県",
                "市区町村": "与論町",
                "撮影場所": "",
                "撮影日時": "2020-08-17T21:32:00+09:00",
                "緯度": "27.02305556",
                "経度": "128.42583333",
                "夜空の明るさ": "21.55",
                "ばらつき": "0.21",
                "周辺状況": "",
                "備考": "",
                "継続観察登録地点": ""
            }
        },
        {
            "type": "Feature",
            "geometry": {
                "type": "Point",
                "coordinates": [
                    128.42083333,
                    27.02611111
                ]
            },
            "properties": {
                "調査時期": "2020_S",
                "都道府県": "鹿児島県",
                "市区町村": "与論町",
                "撮影場所": "",
                "撮影日時": "2020-08-17T21:17:00+09:00",
                "緯度": "27.02611111",
                "経度": "128.42083333",
                "夜空の明るさ": "21.63",
                "ばらつき": "0.15",
                "周辺状況": "",
                "備考": "",
                "継続観察登録地点": ""
            }
        },
        {
            "type": "Feature",
            "geometry": {
                "type": "Point",
                "coordinates": [
                    128.39805556,
                    27.04
                ]
            },
            "properties": {
                "調査時期": "2020_S",
                "都道府県": "鹿児島県",
                "市区町村": "与論町",
                "撮影場所": "",
                "撮影日時": "2020-08-17T20:24:00+09:00",
                "緯度": "27.04000000",
                "経度": "128.39805556",
                "夜空の明るさ": "21.41",
                "ばらつき": "0.14",
                "周辺状況": "",
                "備考": "",
                "継続観察登録地点": ""
            }
        },
        {
            "type": "Feature",
            "geometry": {
                "type": "Point",
                "coordinates": [
                    128.44194444,
                    27.02138889
                ]
            },
            "properties": {
                "調査時期": "2020_S",
                "都道府県": "鹿児島県",
                "市区町村": "与論町",
                "撮影場所": "",
                "撮影日時": "2020-08-18T20:31:00+09:00",
                "緯度": "27.02138889",
                "経度": "128.44194444",
                "夜空の明るさ": "21.82",
                "ばらつき": "0.17",
                "周辺状況": "",
                "備考": "",
                "継続観察登録地点": ""
            }
        },
        {
            "type": "Feature",
            "geometry": {
                "type": "Point",
                "coordinates": [
                    128.44666667,
                    27.02
                ]
            },
            "properties": {
                "調査時期": "2020_S",
                "都道府県": "鹿児島県",
                "市区町村": "与論町",
                "撮影場所": "",
                "撮影日時": "2020-08-18T20:49:00+09:00",
                "緯度": "27.02000000",
                "経度": "128.44666667",
                "夜空の明るさ": "21.76",
                "ばらつき": "0.15",
                "周辺状況": "",
                "備考": "",
                "継続観察登録地点": ""
            }
        },
        {
            "type": "Feature",
            "geometry": {
                "type": "Point",
                "coordinates": [
                    128.44694444,
                    27.02
                ]
            },
            "properties": {
                "調査時期": "2020_S",
                "都道府県": "鹿児島県",
                "市区町村": "与論町",
                "撮影場所": "",
                "撮影日時": "2020-08-18T20:52:00+09:00",
                "緯度": "27.02000000",
                "経度": "128.44694444",
                "夜空の明るさ": "21.75",
                "ばらつき": "0.12",
                "周辺状況": "",
                "備考": "",
                "継続観察登録地点": ""
            }
        },
        {
            "type": "Feature",
            "geometry": {
                "type": "Point",
                "coordinates": [
                    128.42944444,
                    27.02833333
                ]
            },
            "properties": {
                "調査時期": "2020_S",
                "都道府県": "鹿児島県",
                "市区町村": "与論町",
                "撮影場所": "",
                "撮影日時": "2020-08-19T20:52:00+09:00",
                "緯度": "27.02833333",
                "経度": "128.42944444",
                "夜空の明るさ": "21.88",
                "ばらつき": "0.23",
                "周辺状況": "",
                "備考": "",
                "継続観察登録地点": ""
            }
        },
        {
            "type": "Feature",
            "geometry": {
                "type": "Point",
                "coordinates": [
                    128.44694444,
                    27.02
                ]
            },
            "properties": {
                "調査時期": "2020_S",
                "都道府県": "鹿児島県",
                "市区町村": "与論町",
                "撮影場所": "",
                "撮影日時": "2020-08-19T22:01:00+09:00",
                "緯度": "27.02000000",
                "経度": "128.44694444",
                "夜空の明るさ": "21.96",
                "ばらつき": "0.25",
                "周辺状況": "",
                "備考": "",
                "継続観察登録地点": ""
            }
        },
        {
            "type": "Feature",
            "geometry": {
                "type": "Point",
                "coordinates": [
                    128.42833333,
                    27.04277778
                ]
            },
            "properties": {
                "調査時期": "2020_S",
                "都道府県": "鹿児島県",
                "市区町村": "与論町",
                "撮影場所": "与論町内",
                "撮影日時": "2020-08-19T22:13:00+09:00",
                "緯度": "27.04277778",
                "経度": "128.42833333",
                "夜空の明るさ": "21.72",
                "ばらつき": "0.20",
                "周辺状況": "農業地域",
                "備考": "",
                "継続観察登録地点": "○"
            }
        },
        {
            "type": "Feature",
            "geometry": {
                "type": "Point",
                "coordinates": [
                    128.42972222,
                    27.02861111
                ]
            },
            "properties": {
                "調査時期": "2020_S",
                "都道府県": "鹿児島県",
                "市区町村": "与論町",
                "撮影場所": "与論町内",
                "撮影日時": "2020-08-19T20:35:00+09:00",
                "緯度": "27.02861111",
                "経度": "128.42972222",
                "夜空の明るさ": "21.83",
                "ばらつき": "0.14",
                "周辺状況": "農業地域",
                "備考": "",
                "継続観察登録地点": "○"
            }
        },
        {
            "type": "Feature",
            "geometry": {
                "type": "Point",
                "coordinates": [
                    128.42972222,
                    27.02861111
                ]
            },
            "properties": {
                "調査時期": "2020_S",
                "都道府県": "鹿児島県",
                "市区町村": "与論町",
                "撮影場所": "与論町内",
                "撮影日時": "2020-08-19T20:48:00+09:00",
                "緯度": "27.02861111",
                "経度": "128.42972222",
                "夜空の明るさ": "21.98",
                "ばらつき": "0.18",
                "周辺状況": "農業地域",
                "備考": "",
                "継続観察登録地点": "○"
            }
        },
        {
            "type": "Feature",
            "geometry": {
                "type": "Point",
                "coordinates": [
                    128.42944444,
                    27.02833333
                ]
            },
            "properties": {
                "調査時期": "2020_S",
                "都道府県": "鹿児島県",
                "市区町村": "与論町",
                "撮影場所": "",
                "撮影日時": "2020-08-19T20:55:00+09:00",
                "緯度": "27.02833333",
                "経度": "128.42944444",
                "夜空の明るさ": "21.72",
                "ばらつき": "0.31",
                "周辺状況": "",
                "備考": "",
                "継続観察登録地点": ""
            }
        },
        {
            "type": "Feature",
            "geometry": {
                "type": "Point",
                "coordinates": [
                    128.44694444,
                    27.02
                ]
            },
            "properties": {
                "調査時期": "2020_S",
                "都道府県": "鹿児島県",
                "市区町村": "与論町",
                "撮影場所": "",
                "撮影日時": "2020-08-20T21:20:00+09:00",
                "緯度": "27.02000000",
                "経度": "128.44694444",
                "夜空の明るさ": "21.30",
                "ばらつき": "0.11",
                "周辺状況": "",
                "備考": "",
                "継続観察登録地点": ""
            }
        },
        {
            "type": "Feature",
            "geometry": {
                "type": "Point",
                "coordinates": [
                    128.43305556,
                    27.04555556
                ]
            },
            "properties": {
                "調査時期": "2020_S",
                "都道府県": "鹿児島県",
                "市区町村": "与論町",
                "撮影場所": "",
                "撮影日時": "2020-08-21T21:11:00+09:00",
                "緯度": "27.04555556",
                "経度": "128.43305556",
                "夜空の明るさ": "21.28",
                "ばらつき": "0.16",
                "周辺状況": "",
                "備考": "",
                "継続観察登録地点": ""
            }
        },
        {
            "type": "Feature",
            "geometry": {
                "type": "Point",
                "coordinates": [
                    128.41944444,
                    27.06472222
                ]
            },
            "properties": {
                "調査時期": "2020_S",
                "都道府県": "鹿児島県",
                "市区町村": "与論町",
                "撮影場所": "",
                "撮影日時": "2020-08-21T21:44:00+09:00",
                "緯度": "27.06472222",
                "経度": "128.41944444",
                "夜空の明るさ": "21.53",
                "ばらつき": "0.27",
                "周辺状況": "",
                "備考": "",
                "継続観察登録地点": ""
            }
        },
        {
            "type": "Feature",
            "geometry": {
                "type": "Point",
                "coordinates": [
                    128.44,
                    27.06527778
                ]
            },
            "properties": {
                "調査時期": "2020_S",
                "都道府県": "鹿児島県",
                "市区町村": "与論町",
                "撮影場所": "",
                "撮影日時": "2020-08-21T21:29:00+09:00",
                "緯度": "27.06527778",
                "経度": "128.44000000",
                "夜空の明るさ": "21.12",
                "ばらつき": "0.24",
                "周辺状況": "",
                "備考": "",
                "継続観察登録地点": ""
            }
        },
        {
            "type": "Feature",
            "geometry": {
                "type": "Point",
                "coordinates": [
                    123.7975,
                    24.04972222
                ]
            },
            "properties": {
                "調査時期": "2020_S",
                "都道府県": "沖縄県",
                "市区町村": "竹富町",
                "撮影場所": "波照間島星空観測タワー広場",
                "撮影日時": "2020-08-13T22:41:00+09:00",
                "緯度": "24.04972222",
                "経度": "123.79750000",
                "夜空の明るさ": "21.62",
                "ばらつき": "0.16",
                "周辺状況": "その他",
                "備考": "",
                "継続観察登録地点": "○"
            }
        },
        {
            "type": "Feature",
            "geometry": {
                "type": "Point",
                "coordinates": [
                    124.275,
                    24.48722222
                ]
            },
            "properties": {
                "調査時期": "2020_S",
                "都道府県": "沖縄県",
                "市区町村": "石垣市",
                "撮影場所": "",
                "撮影日時": "2020-08-08T22:15:00+09:00",
                "緯度": "24.48722222",
                "経度": "124.27500000",
                "夜空の明るさ": "21.46",
                "ばらつき": "0.00",
                "周辺状況": "",
                "備考": "",
                "継続観察登録地点": ""
            }
        }
    ]
}