{
    "type": "FeatureCollection",
    "features": [
        {
            "type": "Feature",
            "geometry": {
                "type": "Point",
                "coordinates": [
                    141.35361111,
                    43.12333333
                ]
            },
            "properties": {
                "調査時期": "2024_W",
                "都道府県": "北海道",
                "市区町村": "札幌市　東区",
                "撮影場所": "",
                "撮影日時": "2024-01-08T18:44:00+09:00",
                "緯度": "43.12333333 ",
                "経度": "141.35361111 ",
                "夜空の明るさ": "16.53",
                "ばらつき": "0.11",
                "周辺状況": "",
                "備考": "",
                "継続観察登録地点": ""
            }
        },
        {
            "type": "Feature",
            "geometry": {
                "type": "Point",
                "coordinates": [
                    142.4825,
                    44.37388889
                ]
            },
            "properties": {
                "調査時期": "2024_W",
                "都道府県": "北海道",
                "市区町村": "名寄市",
                "撮影場所": "なよろ市立天文台",
                "撮影日時": "2024-01-10T18:29:00+09:00",
                "緯度": "44.37388889 ",
                "経度": "142.48250000 ",
                "夜空の明るさ": "19.63",
                "ばらつき": "0.13",
                "周辺状況": "住宅地域",
                "備考": "",
                "継続観察登録地点": "○"
            }
        },
        {
            "type": "Feature",
            "geometry": {
                "type": "Point",
                "coordinates": [
                    142.48305556,
                    44.37388889
                ]
            },
            "properties": {
                "調査時期": "2024_W",
                "都道府県": "北海道",
                "市区町村": "名寄市",
                "撮影場所": "なよろ市立天文台",
                "撮影日時": "2024-01-04T17:43:00+09:00",
                "緯度": "44.37388889 ",
                "経度": "142.48305556 ",
                "夜空の明るさ": "19.75",
                "ばらつき": "0.09",
                "周辺状況": "住宅地域",
                "備考": "",
                "継続観察登録地点": "○"
            }
        },
        {
            "type": "Feature",
            "geometry": {
                "type": "Point",
                "coordinates": [
                    142.48305556,
                    44.37388889
                ]
            },
            "properties": {
                "調査時期": "2024_W",
                "都道府県": "北海道",
                "市区町村": "名寄市",
                "撮影場所": "なよろ市立天文台",
                "撮影日時": "2024-01-10T18:41:00+09:00",
                "緯度": "44.37388889 ",
                "経度": "142.48305556 ",
                "夜空の明るさ": "19.62",
                "ばらつき": "0.08",
                "周辺状況": "住宅地域",
                "備考": "",
                "継続観察登録地点": "○"
            }
        },
        {
            "type": "Feature",
            "geometry": {
                "type": "Point",
                "coordinates": [
                    142.48194444,
                    44.37472222
                ]
            },
            "properties": {
                "調査時期": "2024_W",
                "都道府県": "北海道",
                "市区町村": "名寄市",
                "撮影場所": "なよろ市立天文台",
                "撮影日時": "2024-01-04T17:37:00+09:00",
                "緯度": "44.37472222 ",
                "経度": "142.48194444 ",
                "夜空の明るさ": "19.61",
                "ばらつき": "0.07",
                "周辺状況": "住宅地域",
                "備考": "",
                "継続観察登録地点": "○"
            }
        },
        {
            "type": "Feature",
            "geometry": {
                "type": "Point",
                "coordinates": [
                    141.02527778,
                    42.62388889
                ]
            },
            "properties": {
                "調査時期": "2024_W",
                "都道府県": "北海道",
                "市区町村": "伊達市",
                "撮影場所": "北湯沢温泉",
                "撮影日時": "2024-01-06T19:04:00+09:00",
                "緯度": "42.62388889 ",
                "経度": "141.02527778 ",
                "夜空の明るさ": "19.72",
                "ばらつき": "0.11",
                "周辺状況": "森林山間地",
                "備考": "",
                "継続観察登録地点": "○"
            }
        },
        {
            "type": "Feature",
            "geometry": {
                "type": "Point",
                "coordinates": [
                    143.76583333,
                    43.45611111
                ]
            },
            "properties": {
                "調査時期": "2024_W",
                "都道府県": "北海道",
                "市区町村": "陸別町",
                "撮影場所": "りくべつ宇宙地球科学館（銀河の森天文台）",
                "撮影日時": "2024-01-08T19:00:00+09:00",
                "緯度": "43.45611111 ",
                "経度": "143.76583333 ",
                "夜空の明るさ": "21.04",
                "ばらつき": "0.13",
                "周辺状況": "森林山間地",
                "備考": "",
                "継続観察登録地点": "○"
            }
        },
        {
            "type": "Feature",
            "geometry": {
                "type": "Point",
                "coordinates": [
                    143.76583333,
                    43.45611111
                ]
            },
            "properties": {
                "調査時期": "2024_W",
                "都道府県": "北海道",
                "市区町村": "陸別町",
                "撮影場所": "りくべつ宇宙地球科学館（銀河の森天文台）",
                "撮影日時": "2024-01-08T18:59:00+09:00",
                "緯度": "43.45611111 ",
                "経度": "143.76583333 ",
                "夜空の明るさ": "21.19",
                "ばらつき": "0.13",
                "周辺状況": "森林山間地",
                "備考": "",
                "継続観察登録地点": "○"
            }
        },
        {
            "type": "Feature",
            "geometry": {
                "type": "Point",
                "coordinates": [
                    143.76583333,
                    43.45611111
                ]
            },
            "properties": {
                "調査時期": "2024_W",
                "都道府県": "北海道",
                "市区町村": "陸別町",
                "撮影場所": "りくべつ宇宙地球科学館（銀河の森天文台）",
                "撮影日時": "2024-01-12T18:49:00+09:00",
                "緯度": "43.45611111 ",
                "経度": "143.76583333 ",
                "夜空の明るさ": "20.76",
                "ばらつき": "0.13",
                "周辺状況": "森林山間地",
                "備考": "",
                "継続観察登録地点": "○"
            }
        },
        {
            "type": "Feature",
            "geometry": {
                "type": "Point",
                "coordinates": [
                    143.76583333,
                    43.45611111
                ]
            },
            "properties": {
                "調査時期": "2024_W",
                "都道府県": "北海道",
                "市区町村": "陸別町",
                "撮影場所": "りくべつ宇宙地球科学館（銀河の森天文台）",
                "撮影日時": "2024-01-12T18:46:00+09:00",
                "緯度": "43.45611111 ",
                "経度": "143.76583333 ",
                "夜空の明るさ": "20.77",
                "ばらつき": "0.15",
                "周辺状況": "森林山間地",
                "備考": "",
                "継続観察登録地点": "○"
            }
        },
        {
            "type": "Feature",
            "geometry": {
                "type": "Point",
                "coordinates": [
                    144.40222222,
                    43.52416667
                ]
            },
            "properties": {
                "調査時期": "2024_W",
                "都道府県": "北海道",
                "市区町村": "弟子屈町",
                "撮影場所": "北海道川上郡弟子屈町",
                "撮影日時": "2024-01-02T17:57:00+09:00",
                "緯度": "43.52416667 ",
                "経度": "144.40222222 ",
                "夜空の明るさ": "21.28",
                "ばらつき": "0.11",
                "周辺状況": "農業地域",
                "備考": "",
                "継続観察登録地点": "○"
            }
        },
        {
            "type": "Feature",
            "geometry": {
                "type": "Point",
                "coordinates": [
                    144.4025,
                    43.52472222
                ]
            },
            "properties": {
                "調査時期": "2024_W",
                "都道府県": "北海道",
                "市区町村": "弟子屈町",
                "撮影場所": "北海道川上郡弟子屈町",
                "撮影日時": "2024-01-08T18:58:00+09:00",
                "緯度": "43.52472222 ",
                "経度": "144.40250000 ",
                "夜空の明るさ": "21.22",
                "ばらつき": "0.13",
                "周辺状況": "農業地域",
                "備考": "",
                "継続観察登録地点": "○"
            }
        },
        {
            "type": "Feature",
            "geometry": {
                "type": "Point",
                "coordinates": [
                    144.4025,
                    43.52527778
                ]
            },
            "properties": {
                "調査時期": "2024_W",
                "都道府県": "北海道",
                "市区町村": "弟子屈町",
                "撮影場所": "北海道川上郡弟子屈町",
                "撮影日時": "2024-01-09T19:00:00+09:00",
                "緯度": "43.52527778 ",
                "経度": "144.40250000 ",
                "夜空の明るさ": "21.18",
                "ばらつき": "0.25",
                "周辺状況": "農業地域",
                "備考": "",
                "継続観察登録地点": "○"
            }
        },
        {
            "type": "Feature",
            "geometry": {
                "type": "Point",
                "coordinates": [
                    141.53305556,
                    40.49444444
                ]
            },
            "properties": {
                "調査時期": "2024_W",
                "都道府県": "青森県",
                "市区町村": "八戸市",
                "撮影場所": "",
                "撮影日時": "2024-01-11T19:11:00+09:00",
                "緯度": "40.49444444 ",
                "経度": "141.53305556 ",
                "夜空の明るさ": "18.90",
                "ばらつき": "0.10",
                "周辺状況": "",
                "備考": "",
                "継続観察登録地点": ""
            }
        },
        {
            "type": "Feature",
            "geometry": {
                "type": "Point",
                "coordinates": [
                    141.14916667,
                    39.69972222
                ]
            },
            "properties": {
                "調査時期": "2024_W",
                "都道府県": "岩手県",
                "市区町村": "盛岡市",
                "撮影場所": "",
                "撮影日時": "2024-01-08T18:13:00+09:00",
                "緯度": "39.69972222 ",
                "経度": "141.14916667 ",
                "夜空の明るさ": "18.25",
                "ばらつき": "0.08",
                "周辺状況": "",
                "備考": "",
                "継続観察登録地点": ""
            }
        },
        {
            "type": "Feature",
            "geometry": {
                "type": "Point",
                "coordinates": [
                    141.79,
                    40.18611111
                ]
            },
            "properties": {
                "調査時期": "2024_W",
                "都道府県": "岩手県",
                "市区町村": "久慈市",
                "撮影場所": "久慈市長内町",
                "撮影日時": "2024-01-11T19:56:00+09:00",
                "緯度": "40.18611111 ",
                "経度": "141.79000000 ",
                "夜空の明るさ": "20.10",
                "ばらつき": "0.25",
                "周辺状況": "住宅地域",
                "備考": "",
                "継続観察登録地点": "○"
            }
        },
        {
            "type": "Feature",
            "geometry": {
                "type": "Point",
                "coordinates": [
                    141.69472222,
                    39.01361111
                ]
            },
            "properties": {
                "調査時期": "2024_W",
                "都道府県": "岩手県",
                "市区町村": "陸前高田市",
                "撮影場所": "箱根山展望台",
                "撮影日時": "2024-01-02T19:15:00+09:00",
                "緯度": "39.01361111 ",
                "経度": "141.69472222 ",
                "夜空の明るさ": "19.87",
                "ばらつき": "0.15",
                "周辺状況": "自然公園等",
                "備考": "",
                "継続観察登録地点": "○"
            }
        },
        {
            "type": "Feature",
            "geometry": {
                "type": "Point",
                "coordinates": [
                    141.69472222,
                    39.01361111
                ]
            },
            "properties": {
                "調査時期": "2024_W",
                "都道府県": "岩手県",
                "市区町村": "陸前高田市",
                "撮影場所": "箱根山展望台",
                "撮影日時": "2024-01-13T19:06:00+09:00",
                "緯度": "39.01361111 ",
                "経度": "141.69472222 ",
                "夜空の明るさ": "19.84",
                "ばらつき": "0.17",
                "周辺状況": "自然公園等",
                "備考": "",
                "継続観察登録地点": "○"
            }
        },
        {
            "type": "Feature",
            "geometry": {
                "type": "Point",
                "coordinates": [
                    141.69472222,
                    39.01361111
                ]
            },
            "properties": {
                "調査時期": "2024_W",
                "都道府県": "岩手県",
                "市区町村": "陸前高田市",
                "撮影場所": "箱根山展望台",
                "撮影日時": "2024-01-02T19:15:00+09:00",
                "緯度": "39.01361111 ",
                "経度": "141.69472222 ",
                "夜空の明るさ": "19.87",
                "ばらつき": "0.15",
                "周辺状況": "自然公園等",
                "備考": "",
                "継続観察登録地点": "○"
            }
        },
        {
            "type": "Feature",
            "geometry": {
                "type": "Point",
                "coordinates": [
                    141.68916667,
                    39.01166667
                ]
            },
            "properties": {
                "調査時期": "2024_W",
                "都道府県": "岩手県",
                "市区町村": "陸前高田市",
                "撮影場所": "",
                "撮影日時": "2024-01-02T18:56:00+09:00",
                "緯度": "39.01166667 ",
                "経度": "141.68916667 ",
                "夜空の明るさ": "19.99",
                "ばらつき": "0.18",
                "周辺状況": "",
                "備考": "",
                "継続観察登録地点": ""
            }
        },
        {
            "type": "Feature",
            "geometry": {
                "type": "Point",
                "coordinates": [
                    141.68916667,
                    39.01194444
                ]
            },
            "properties": {
                "調査時期": "2024_W",
                "都道府県": "岩手県",
                "市区町村": "陸前高田市",
                "撮影場所": "",
                "撮影日時": "2024-01-13T19:36:00+09:00",
                "緯度": "39.01194444 ",
                "経度": "141.68916667 ",
                "夜空の明るさ": "19.87",
                "ばらつき": "0.12",
                "周辺状況": "",
                "備考": "",
                "継続観察登録地点": ""
            }
        },
        {
            "type": "Feature",
            "geometry": {
                "type": "Point",
                "coordinates": [
                    141.31472222,
                    40.27111111
                ]
            },
            "properties": {
                "調査時期": "2024_W",
                "都道府県": "岩手県",
                "市区町村": "二戸市",
                "撮影場所": "二戸市福岡 古梅児童公園の近辺",
                "撮影日時": "2024-01-08T18:34:00+09:00",
                "緯度": "40.27111111 ",
                "経度": "141.31472222 ",
                "夜空の明るさ": "19.92",
                "ばらつき": "0.18",
                "周辺状況": "住宅地域",
                "備考": "",
                "継続観察登録地点": "○"
            }
        },
        {
            "type": "Feature",
            "geometry": {
                "type": "Point",
                "coordinates": [
                    140.89805556,
                    38.26555556
                ]
            },
            "properties": {
                "調査時期": "2024_W",
                "都道府県": "宮城県",
                "市区町村": "仙台市　宮城野区",
                "撮影場所": "",
                "撮影日時": "2024-01-08T19:35:00+09:00",
                "緯度": "38.26555556 ",
                "経度": "140.89805556 ",
                "夜空の明るさ": "17.83",
                "ばらつき": "0.09",
                "周辺状況": "",
                "備考": "",
                "継続観察登録地点": ""
            }
        },
        {
            "type": "Feature",
            "geometry": {
                "type": "Point",
                "coordinates": [
                    140.75527778,
                    38.25694444
                ]
            },
            "properties": {
                "調査時期": "2024_W",
                "都道府県": "宮城県",
                "市区町村": "仙台市　青葉区",
                "撮影場所": "",
                "撮影日時": "2024-01-11T18:32:00+09:00",
                "緯度": "38.25694444 ",
                "経度": "140.75527778 ",
                "夜空の明るさ": "19.21",
                "ばらつき": "0.11",
                "周辺状況": "",
                "備考": "",
                "継続観察登録地点": ""
            }
        },
        {
            "type": "Feature",
            "geometry": {
                "type": "Point",
                "coordinates": [
                    140.05638889,
                    38.30805556
                ]
            },
            "properties": {
                "調査時期": "2024_W",
                "都道府県": "山形県",
                "市区町村": "朝日町",
                "撮影場所": "山形県朝日町　Asahi自然観",
                "撮影日時": "2024-01-11T19:12:00+09:00",
                "緯度": "38.30805556 ",
                "経度": "140.05638889 ",
                "夜空の明るさ": "20.90",
                "ばらつき": "0.15",
                "周辺状況": "その他",
                "備考": "",
                "継続観察登録地点": "○"
            }
        },
        {
            "type": "Feature",
            "geometry": {
                "type": "Point",
                "coordinates": [
                    140.05611111,
                    38.30833333
                ]
            },
            "properties": {
                "調査時期": "2024_W",
                "都道府県": "山形県",
                "市区町村": "朝日町",
                "撮影場所": "山形県朝日町　Asahi自然観",
                "撮影日時": "2024-01-02T19:04:00+09:00",
                "緯度": "38.30833333 ",
                "経度": "140.05611111 ",
                "夜空の明るさ": "21.00",
                "ばらつき": "0.08",
                "周辺状況": "その他",
                "備考": "",
                "継続観察登録地点": "○"
            }
        },
        {
            "type": "Feature",
            "geometry": {
                "type": "Point",
                "coordinates": [
                    140.05638889,
                    38.30777778
                ]
            },
            "properties": {
                "調査時期": "2024_W",
                "都道府県": "山形県",
                "市区町村": "朝日町",
                "撮影場所": "山形県朝日町　Asahi自然観",
                "撮影日時": "2024-01-11T18:56:00+09:00",
                "緯度": "38.30777778 ",
                "経度": "140.05638889 ",
                "夜空の明るさ": "21.05",
                "ばらつき": "0.10",
                "周辺状況": "その他",
                "備考": "",
                "継続観察登録地点": "○"
            }
        },
        {
            "type": "Feature",
            "geometry": {
                "type": "Point",
                "coordinates": [
                    140.05666667,
                    38.30777778
                ]
            },
            "properties": {
                "調査時期": "2024_W",
                "都道府県": "山形県",
                "市区町村": "朝日町",
                "撮影場所": "山形県朝日町　Asahi自然観",
                "撮影日時": "2024-01-02T18:08:00+09:00",
                "緯度": "38.30777778 ",
                "経度": "140.05666667 ",
                "夜空の明るさ": "21.22",
                "ばらつき": "0.09",
                "周辺状況": "その他",
                "備考": "",
                "継続観察登録地点": "○"
            }
        },
        {
            "type": "Feature",
            "geometry": {
                "type": "Point",
                "coordinates": [
                    140.99416667,
                    37.10777778
                ]
            },
            "properties": {
                "調査時期": "2024_W",
                "都道府県": "福島県",
                "市区町村": "いわき市",
                "撮影場所": "",
                "撮影日時": "2024-01-06T19:24:00+09:00",
                "緯度": "37.10777778 ",
                "経度": "140.99416667 ",
                "夜空の明るさ": "19.98",
                "ばらつき": "0.08",
                "周辺状況": "",
                "備考": "",
                "継続観察登録地点": ""
            }
        },
        {
            "type": "Feature",
            "geometry": {
                "type": "Point",
                "coordinates": [
                    140.92416667,
                    37.0075
                ]
            },
            "properties": {
                "調査時期": "2024_W",
                "都道府県": "福島県",
                "市区町村": "いわき市",
                "撮影場所": "いわき市中央台鹿島",
                "撮影日時": "2024-01-12T18:40:00+09:00",
                "緯度": "37.00750000 ",
                "経度": "140.92416667 ",
                "夜空の明るさ": "19.10",
                "ばらつき": "0.10",
                "周辺状況": "住宅地域",
                "備考": "",
                "継続観察登録地点": "○"
            }
        },
        {
            "type": "Feature",
            "geometry": {
                "type": "Point",
                "coordinates": [
                    140.22861111,
                    37.04472222
                ]
            },
            "properties": {
                "調査時期": "2024_W",
                "都道府県": "福島県",
                "市区町村": "白河市",
                "撮影場所": "白河関の森公園駐車場",
                "撮影日時": "2024-01-06T19:58:00+09:00",
                "緯度": "37.04472222 ",
                "経度": "140.22861111 ",
                "夜空の明るさ": "20.65",
                "ばらつき": "0.06",
                "周辺状況": "農業地域",
                "備考": "",
                "継続観察登録地点": "○"
            }
        },
        {
            "type": "Feature",
            "geometry": {
                "type": "Point",
                "coordinates": [
                    140.67611111,
                    37.34166667
                ]
            },
            "properties": {
                "調査時期": "2024_W",
                "都道府県": "福島県",
                "市区町村": "田村市",
                "撮影場所": "星の村天文台",
                "撮影日時": "2024-01-11T19:45:00+09:00",
                "緯度": "37.34166667 ",
                "経度": "140.67611111 ",
                "夜空の明るさ": "20.76",
                "ばらつき": "0.09",
                "周辺状況": "自然公園等",
                "備考": "",
                "継続観察登録地点": "○"
            }
        },
        {
            "type": "Feature",
            "geometry": {
                "type": "Point",
                "coordinates": [
                    140.95138889,
                    37.19166667
                ]
            },
            "properties": {
                "調査時期": "2024_W",
                "都道府県": "福島県",
                "市区町村": "広野町",
                "撮影場所": "SUZUKI天体観測所",
                "撮影日時": "2024-01-04T18:15:00+09:00",
                "緯度": "37.19166667 ",
                "経度": "140.95138889 ",
                "夜空の明るさ": "20.78",
                "ばらつき": "0.09",
                "周辺状況": "森林山間地",
                "備考": "",
                "継続観察登録地点": "○"
            }
        },
        {
            "type": "Feature",
            "geometry": {
                "type": "Point",
                "coordinates": [
                    140.99305556,
                    37.21555556
                ]
            },
            "properties": {
                "調査時期": "2024_W",
                "都道府県": "福島県",
                "市区町村": "広野町",
                "撮影場所": "双葉郡広野町",
                "撮影日時": "2024-01-04T19:28:00+09:00",
                "緯度": "37.21555556 ",
                "経度": "140.99305556 ",
                "夜空の明るさ": "20.27",
                "ばらつき": "0.09",
                "周辺状況": "住宅地域",
                "備考": "",
                "継続観察登録地点": "○"
            }
        },
        {
            "type": "Feature",
            "geometry": {
                "type": "Point",
                "coordinates": [
                    140.9975,
                    37.25055556
                ]
            },
            "properties": {
                "調査時期": "2024_W",
                "都道府県": "福島県",
                "市区町村": "楢葉町",
                "撮影場所": "",
                "撮影日時": "2024-01-06T19:46:00+09:00",
                "緯度": "37.25055556 ",
                "経度": "140.99750000 ",
                "夜空の明るさ": "19.82",
                "ばらつき": "0.09",
                "周辺状況": "",
                "備考": "",
                "継続観察登録地点": ""
            }
        },
        {
            "type": "Feature",
            "geometry": {
                "type": "Point",
                "coordinates": [
                    141.02138889,
                    37.335
                ]
            },
            "properties": {
                "調査時期": "2024_W",
                "都道府県": "福島県",
                "市区町村": "富岡町",
                "撮影場所": "",
                "撮影日時": "2024-01-06T20:09:00+09:00",
                "緯度": "37.33500000 ",
                "経度": "141.02138889 ",
                "夜空の明るさ": "19.68",
                "ばらつき": "0.05",
                "周辺状況": "",
                "備考": "",
                "継続観察登録地点": ""
            }
        },
        {
            "type": "Feature",
            "geometry": {
                "type": "Point",
                "coordinates": [
                    140.11805556,
                    36.08333333
                ]
            },
            "properties": {
                "調査時期": "2024_W",
                "都道府県": "茨城県",
                "市区町村": "つくば市",
                "撮影場所": "つくば市吾妻",
                "撮影日時": "2024-01-06T18:14:00+09:00",
                "緯度": "36.08333333 ",
                "経度": "140.11805556 ",
                "夜空の明るさ": "17.75",
                "ばらつき": "0.09",
                "周辺状況": "住宅地域",
                "備考": "",
                "継続観察登録地点": "○"
            }
        },
        {
            "type": "Feature",
            "geometry": {
                "type": "Point",
                "coordinates": [
                    140.11805556,
                    36.08333333
                ]
            },
            "properties": {
                "調査時期": "2024_W",
                "都道府県": "茨城県",
                "市区町村": "つくば市",
                "撮影場所": "つくば市吾妻",
                "撮影日時": "2024-01-12T19:40:00+09:00",
                "緯度": "36.08333333 ",
                "経度": "140.11805556 ",
                "夜空の明るさ": "17.81",
                "ばらつき": "0.10",
                "周辺状況": "住宅地域",
                "備考": "",
                "継続観察登録地点": "○"
            }
        },
        {
            "type": "Feature",
            "geometry": {
                "type": "Point",
                "coordinates": [
                    140.28861111,
                    36.65111111
                ]
            },
            "properties": {
                "調査時期": "2024_W",
                "都道府県": "茨城県",
                "市区町村": "常陸大宮市",
                "撮影場所": "",
                "撮影日時": "2024-01-15T20:03:00+09:00",
                "緯度": "36.65111111 ",
                "経度": "140.28861111 ",
                "夜空の明るさ": "20.68",
                "ばらつき": "0.09",
                "周辺状況": "",
                "備考": "",
                "継続観察登録地点": ""
            }
        },
        {
            "type": "Feature",
            "geometry": {
                "type": "Point",
                "coordinates": [
                    139.87861111,
                    36.55777778
                ]
            },
            "properties": {
                "調査時期": "2024_W",
                "都道府県": "栃木県",
                "市区町村": "宇都宮市",
                "撮影場所": "",
                "撮影日時": "2024-01-04T19:59:00+09:00",
                "緯度": "36.55777778 ",
                "経度": "139.87861111 ",
                "夜空の明るさ": "17.99",
                "ばらつき": "0.08",
                "周辺状況": "",
                "備考": "",
                "継続観察登録地点": ""
            }
        },
        {
            "type": "Feature",
            "geometry": {
                "type": "Point",
                "coordinates": [
                    139.60944444,
                    36.35388889
                ]
            },
            "properties": {
                "調査時期": "2024_W",
                "都道府県": "栃木県",
                "市区町村": "佐野市",
                "撮影場所": "佐野市 梅林公園",
                "撮影日時": "2024-01-04T19:36:00+09:00",
                "緯度": "36.35388889 ",
                "経度": "139.60944444 ",
                "夜空の明るさ": "19.22",
                "ばらつき": "0.10",
                "周辺状況": "農業地域",
                "備考": "",
                "継続観察登録地点": "○"
            }
        },
        {
            "type": "Feature",
            "geometry": {
                "type": "Point",
                "coordinates": [
                    139.57722222,
                    36.29694444
                ]
            },
            "properties": {
                "調査時期": "2024_W",
                "都道府県": "栃木県",
                "市区町村": "佐野市",
                "撮影場所": "佐野市 赤城神社",
                "撮影日時": "2024-01-04T20:05:00+09:00",
                "緯度": "36.29694444 ",
                "経度": "139.57722222 ",
                "夜空の明るさ": "18.67",
                "ばらつき": "0.09",
                "周辺状況": "住宅地域",
                "備考": "",
                "継続観察登録地点": "○"
            }
        },
        {
            "type": "Feature",
            "geometry": {
                "type": "Point",
                "coordinates": [
                    139.46888889,
                    36.56416667
                ]
            },
            "properties": {
                "調査時期": "2024_W",
                "都道府県": "栃木県",
                "市区町村": "佐野市",
                "撮影場所": "作原自然環境保全地域",
                "撮影日時": "2024-01-02T18:23:00+09:00",
                "緯度": "36.56416667 ",
                "経度": "139.46888889 ",
                "夜空の明るさ": "20.72",
                "ばらつき": "0.08",
                "周辺状況": "自然公園等",
                "備考": "",
                "継続観察登録地点": "○"
            }
        },
        {
            "type": "Feature",
            "geometry": {
                "type": "Point",
                "coordinates": [
                    139.46916667,
                    36.56416667
                ]
            },
            "properties": {
                "調査時期": "2024_W",
                "都道府県": "栃木県",
                "市区町村": "佐野市",
                "撮影場所": "作原自然環境保全地域",
                "撮影日時": "2024-01-05T18:33:00+09:00",
                "緯度": "36.56416667 ",
                "経度": "139.46916667 ",
                "夜空の明るさ": "20.42",
                "ばらつき": "0.11",
                "周辺状況": "自然公園等",
                "備考": "",
                "継続観察登録地点": "○"
            }
        },
        {
            "type": "Feature",
            "geometry": {
                "type": "Point",
                "coordinates": [
                    140.05083333,
                    36.80027778
                ]
            },
            "properties": {
                "調査時期": "2024_W",
                "都道府県": "栃木県",
                "市区町村": "大田原市",
                "撮影場所": "",
                "撮影日時": "2024-01-08T18:32:00+09:00",
                "緯度": "36.80027778 ",
                "経度": "140.05083333 ",
                "夜空の明るさ": "20.33",
                "ばらつき": "0.07",
                "周辺状況": "",
                "備考": "",
                "継続観察登録地点": ""
            }
        },
        {
            "type": "Feature",
            "geometry": {
                "type": "Point",
                "coordinates": [
                    139.84638889,
                    36.8
                ]
            },
            "properties": {
                "調査時期": "2024_W",
                "都道府県": "栃木県",
                "市区町村": "塩谷町",
                "撮影場所": "星ふる学校「くまの木」",
                "撮影日時": "2024-01-04T18:17:00+09:00",
                "緯度": "36.80000000 ",
                "経度": "139.84638889 ",
                "夜空の明るさ": "20.34",
                "ばらつき": "0.09",
                "周辺状況": "農業地域",
                "備考": "",
                "継続観察登録地点": "○"
            }
        },
        {
            "type": "Feature",
            "geometry": {
                "type": "Point",
                "coordinates": [
                    138.77833333,
                    36.41638889
                ]
            },
            "properties": {
                "調査時期": "2024_W",
                "都道府県": "群馬県",
                "市区町村": "高崎市",
                "撮影場所": "",
                "撮影日時": "2024-01-08T19:31:00+09:00",
                "緯度": "36.41638889 ",
                "経度": "138.77833333 ",
                "夜空の明るさ": "20.70",
                "ばらつき": "0.08",
                "周辺状況": "",
                "備考": "",
                "継続観察登録地点": ""
            }
        },
        {
            "type": "Feature",
            "geometry": {
                "type": "Point",
                "coordinates": [
                    138.96888889,
                    36.56305556
                ]
            },
            "properties": {
                "調査時期": "2024_W",
                "都道府県": "群馬県",
                "市区町村": "渋川市",
                "撮影場所": "",
                "撮影日時": "2024-01-02T18:43:00+09:00",
                "緯度": "36.56305556 ",
                "経度": "138.96888889 ",
                "夜空の明るさ": "20.28",
                "ばらつき": "0.15",
                "周辺状況": "",
                "備考": "",
                "継続観察登録地点": ""
            }
        },
        {
            "type": "Feature",
            "geometry": {
                "type": "Point",
                "coordinates": [
                    139.04083333,
                    36.48916667
                ]
            },
            "properties": {
                "調査時期": "2024_W",
                "都道府県": "群馬県",
                "市区町村": "渋川市",
                "撮影場所": "",
                "撮影日時": "2024-01-08T18:39:00+09:00",
                "緯度": "36.48916667 ",
                "経度": "139.04083333 ",
                "夜空の明るさ": "19.34",
                "ばらつき": "0.08",
                "周辺状況": "",
                "備考": "",
                "継続観察登録地点": ""
            }
        },
        {
            "type": "Feature",
            "geometry": {
                "type": "Point",
                "coordinates": [
                    139.04388889,
                    36.48083333
                ]
            },
            "properties": {
                "調査時期": "2024_W",
                "都道府県": "群馬県",
                "市区町村": "渋川市",
                "撮影場所": "",
                "撮影日時": "2024-01-08T18:44:00+09:00",
                "緯度": "36.48083333 ",
                "経度": "139.04388889 ",
                "夜空の明るさ": "19.23",
                "ばらつき": "0.07",
                "周辺状況": "",
                "備考": "",
                "継続観察登録地点": ""
            }
        },
        {
            "type": "Feature",
            "geometry": {
                "type": "Point",
                "coordinates": [
                    139.06138889,
                    36.49611111
                ]
            },
            "properties": {
                "調査時期": "2024_W",
                "都道府県": "群馬県",
                "市区町村": "渋川市",
                "撮影場所": "",
                "撮影日時": "2024-01-08T18:50:00+09:00",
                "緯度": "36.49611111 ",
                "経度": "139.06138889 ",
                "夜空の明るさ": "19.51",
                "ばらつき": "0.08",
                "周辺状況": "",
                "備考": "",
                "継続観察登録地点": ""
            }
        },
        {
            "type": "Feature",
            "geometry": {
                "type": "Point",
                "coordinates": [
                    139.05777778,
                    36.49583333
                ]
            },
            "properties": {
                "調査時期": "2024_W",
                "都道府県": "群馬県",
                "市区町村": "渋川市",
                "撮影場所": "",
                "撮影日時": "2024-01-08T18:55:00+09:00",
                "緯度": "36.49583333 ",
                "経度": "139.05777778 ",
                "夜空の明るさ": "19.57",
                "ばらつき": "0.08",
                "周辺状況": "",
                "備考": "",
                "継続観察登録地点": ""
            }
        },
        {
            "type": "Feature",
            "geometry": {
                "type": "Point",
                "coordinates": [
                    138.95611111,
                    36.62388889
                ]
            },
            "properties": {
                "調査時期": "2024_W",
                "都道府県": "群馬県",
                "市区町村": "高山村",
                "撮影場所": "",
                "撮影日時": "2024-01-02T19:41:00+09:00",
                "緯度": "36.62388889 ",
                "経度": "138.95611111 ",
                "夜空の明るさ": "20.35",
                "ばらつき": "0.13",
                "周辺状況": "",
                "備考": "",
                "継続観察登録地点": ""
            }
        },
        {
            "type": "Feature",
            "geometry": {
                "type": "Point",
                "coordinates": [
                    138.97416667,
                    36.59694444
                ]
            },
            "properties": {
                "調査時期": "2024_W",
                "都道府県": "群馬県",
                "市区町村": "高山村",
                "撮影場所": "群馬県吾妻郡高山村ぐんま天文台",
                "撮影日時": "2024-01-02T19:01:00+09:00",
                "緯度": "36.59694444 ",
                "経度": "138.97416667 ",
                "夜空の明るさ": "20.52",
                "ばらつき": "0.14",
                "周辺状況": "森林山間地",
                "備考": "",
                "継続観察登録地点": "○"
            }
        },
        {
            "type": "Feature",
            "geometry": {
                "type": "Point",
                "coordinates": [
                    139.09694444,
                    36.3075
                ]
            },
            "properties": {
                "調査時期": "2024_W",
                "都道府県": "群馬県",
                "市区町村": "玉村町",
                "撮影場所": "群馬県佐波郡玉村町道の駅玉村宿",
                "撮影日時": "2024-01-04T19:32:00+09:00",
                "緯度": "36.30750000 ",
                "経度": "139.09694444 ",
                "夜空の明るさ": "18.46",
                "ばらつき": "0.15",
                "周辺状況": "農業地域",
                "備考": "",
                "継続観察登録地点": "○"
            }
        },
        {
            "type": "Feature",
            "geometry": {
                "type": "Point",
                "coordinates": [
                    139.73222222,
                    35.89611111
                ]
            },
            "properties": {
                "調査時期": "2024_W",
                "都道府県": "埼玉県",
                "市区町村": "さいたま市　緑区",
                "撮影場所": "浦和美園４丁目公園",
                "撮影日時": "2024-01-12T19:51:00+09:00",
                "緯度": "35.89611111 ",
                "経度": "139.73222222 ",
                "夜空の明るさ": "17.39",
                "ばらつき": "0.09",
                "周辺状況": "住宅地域",
                "備考": "",
                "継続観察登録地点": "○"
            }
        },
        {
            "type": "Feature",
            "geometry": {
                "type": "Point",
                "coordinates": [
                    139.41138889,
                    35.8575
                ]
            },
            "properties": {
                "調査時期": "2024_W",
                "都道府県": "埼玉県",
                "市区町村": "狭山市",
                "撮影場所": "",
                "撮影日時": "2024-01-12T20:04:00+09:00",
                "緯度": "35.85750000 ",
                "経度": "139.41138889 ",
                "夜空の明るさ": "17.77",
                "ばらつき": "0.08",
                "周辺状況": "",
                "備考": "",
                "継続観察登録地点": ""
            }
        },
        {
            "type": "Feature",
            "geometry": {
                "type": "Point",
                "coordinates": [
                    139.80027778,
                    35.81694444
                ]
            },
            "properties": {
                "調査時期": "2024_W",
                "都道府県": "埼玉県",
                "市区町村": "草加市",
                "撮影場所": "東武スカイツリーライン谷塚駅前",
                "撮影日時": "2024-01-05T18:50:00+09:00",
                "緯度": "35.81694444 ",
                "経度": "139.80027778 ",
                "夜空の明るさ": "17.22",
                "ばらつき": "0.12",
                "周辺状況": "商業地域",
                "備考": "",
                "継続観察登録地点": "○"
            }
        },
        {
            "type": "Feature",
            "geometry": {
                "type": "Point",
                "coordinates": [
                    139.8075,
                    35.86583333
                ]
            },
            "properties": {
                "調査時期": "2024_W",
                "都道府県": "埼玉県",
                "市区町村": "越谷市",
                "撮影場所": "越天蒲生観測所",
                "撮影日時": "2024-01-05T19:52:00+09:00",
                "緯度": "35.86583333 ",
                "経度": "139.80750000 ",
                "夜空の明るさ": "16.96",
                "ばらつき": "0.17",
                "周辺状況": "住宅地域",
                "備考": "",
                "継続観察登録地点": "○"
            }
        },
        {
            "type": "Feature",
            "geometry": {
                "type": "Point",
                "coordinates": [
                    139.75333333,
                    36.025
                ]
            },
            "properties": {
                "調査時期": "2024_W",
                "都道府県": "埼玉県",
                "市区町村": "杉戸町",
                "撮影場所": "",
                "撮影日時": "2024-01-05T19:11:00+09:00",
                "緯度": "36.02500000 ",
                "経度": "139.75333333 ",
                "夜空の明るさ": "18.10",
                "ばらつき": "0.14",
                "周辺状況": "",
                "備考": "",
                "継続観察登録地点": ""
            }
        },
        {
            "type": "Feature",
            "geometry": {
                "type": "Point",
                "coordinates": [
                    139.90444444,
                    35.77944444
                ]
            },
            "properties": {
                "調査時期": "2024_W",
                "都道府県": "千葉県",
                "市区町村": "松戸市",
                "撮影場所": "松戸市内",
                "撮影日時": "2024-01-09T18:46:00+09:00",
                "緯度": "35.77944444 ",
                "経度": "139.90444444 ",
                "夜空の明るさ": "17.12",
                "ばらつき": "0.07",
                "周辺状況": "住宅地域",
                "備考": "",
                "継続観察登録地点": "○"
            }
        },
        {
            "type": "Feature",
            "geometry": {
                "type": "Point",
                "coordinates": [
                    139.90444444,
                    35.77944444
                ]
            },
            "properties": {
                "調査時期": "2024_W",
                "都道府県": "千葉県",
                "市区町村": "松戸市",
                "撮影場所": "松戸市内",
                "撮影日時": "2024-01-09T20:06:00+09:00",
                "緯度": "35.77944444 ",
                "経度": "139.90444444 ",
                "夜空の明るさ": "17.23",
                "ばらつき": "0.13",
                "周辺状況": "住宅地域",
                "備考": "",
                "継続観察登録地点": "○"
            }
        },
        {
            "type": "Feature",
            "geometry": {
                "type": "Point",
                "coordinates": [
                    139.90444444,
                    35.77944444
                ]
            },
            "properties": {
                "調査時期": "2024_W",
                "都道府県": "千葉県",
                "市区町村": "松戸市",
                "撮影場所": "松戸市内",
                "撮影日時": "2024-01-12T19:40:00+09:00",
                "緯度": "35.77944444 ",
                "経度": "139.90444444 ",
                "夜空の明るさ": "17.26",
                "ばらつき": "0.11",
                "周辺状況": "住宅地域",
                "備考": "",
                "継続観察登録地点": "○"
            }
        },
        {
            "type": "Feature",
            "geometry": {
                "type": "Point",
                "coordinates": [
                    140.1075,
                    35.75722222
                ]
            },
            "properties": {
                "調査時期": "2024_W",
                "都道府県": "千葉県",
                "市区町村": "八千代市",
                "撮影場所": "",
                "撮影日時": "2024-01-08T20:48:00+09:00",
                "緯度": "35.75722222 ",
                "経度": "140.10750000 ",
                "夜空の明るさ": "18.29",
                "ばらつき": "0.08",
                "周辺状況": "",
                "備考": "参考値（時間外）",
                "継続観察登録地点": ""
            }
        },
        {
            "type": "Feature",
            "geometry": {
                "type": "Point",
                "coordinates": [
                    139.99666667,
                    35.13888889
                ]
            },
            "properties": {
                "調査時期": "2024_W",
                "都道府県": "千葉県",
                "市区町村": "鴨川市",
                "撮影場所": "鴨川市内",
                "撮影日時": "2024-01-06T19:45:00+09:00",
                "緯度": "35.13888889 ",
                "経度": "139.99666667 ",
                "夜空の明るさ": "20.21",
                "ばらつき": "0.08",
                "周辺状況": "農業地域",
                "備考": "",
                "継続観察登録地点": "○"
            }
        },
        {
            "type": "Feature",
            "geometry": {
                "type": "Point",
                "coordinates": [
                    139.765,
                    35.68138889
                ]
            },
            "properties": {
                "調査時期": "2024_W",
                "都道府県": "東京都",
                "市区町村": "千代田区",
                "撮影場所": "",
                "撮影日時": "2024-01-02T18:27:00+09:00",
                "緯度": "35.68138889 ",
                "経度": "139.76500000 ",
                "夜空の明るさ": "16.31",
                "ばらつき": "0.19",
                "周辺状況": "",
                "備考": "",
                "継続観察登録地点": ""
            }
        },
        {
            "type": "Feature",
            "geometry": {
                "type": "Point",
                "coordinates": [
                    139.7625,
                    35.68222222
                ]
            },
            "properties": {
                "調査時期": "2024_W",
                "都道府県": "東京都",
                "市区町村": "千代田区",
                "撮影場所": "",
                "撮影日時": "2024-01-04T19:52:00+09:00",
                "緯度": "35.68222222 ",
                "経度": "139.76250000 ",
                "夜空の明るさ": "16.46",
                "ばらつき": "0.09",
                "周辺状況": "",
                "備考": "",
                "継続観察登録地点": ""
            }
        },
        {
            "type": "Feature",
            "geometry": {
                "type": "Point",
                "coordinates": [
                    139.73888889,
                    35.69527778
                ]
            },
            "properties": {
                "調査時期": "2024_W",
                "都道府県": "東京都",
                "市区町村": "新宿区",
                "撮影場所": "",
                "撮影日時": "2024-01-15T20:00:00+09:00",
                "緯度": "35.69527778 ",
                "経度": "139.73888889 ",
                "夜空の明るさ": "16.57",
                "ばらつき": "0.10",
                "周辺状況": "",
                "備考": "",
                "継続観察登録地点": ""
            }
        },
        {
            "type": "Feature",
            "geometry": {
                "type": "Point",
                "coordinates": [
                    139.75055556,
                    35.72305556
                ]
            },
            "properties": {
                "調査時期": "2024_W",
                "都道府県": "東京都",
                "市区町村": "文京区",
                "撮影場所": "東洋大学白山キャンパス１号館屋上",
                "撮影日時": "2024-01-12T18:34:00+09:00",
                "緯度": "35.72305556 ",
                "経度": "139.75055556 ",
                "夜空の明るさ": "16.63",
                "ばらつき": "0.11",
                "周辺状況": "商業地域",
                "備考": "",
                "継続観察登録地点": "○"
            }
        },
        {
            "type": "Feature",
            "geometry": {
                "type": "Point",
                "coordinates": [
                    139.67111111,
                    35.70444444
                ]
            },
            "properties": {
                "調査時期": "2024_W",
                "都道府県": "東京都",
                "市区町村": "中野区",
                "撮影場所": "なかのZERO",
                "撮影日時": "2024-01-12T18:41:00+09:00",
                "緯度": "35.70444444 ",
                "経度": "139.67111111 ",
                "夜空の明るさ": "16.54",
                "ばらつき": "0.09",
                "周辺状況": "商業地域",
                "備考": "",
                "継続観察登録地点": "○"
            }
        },
        {
            "type": "Feature",
            "geometry": {
                "type": "Point",
                "coordinates": [
                    139.53777778,
                    35.67444444
                ]
            },
            "properties": {
                "調査時期": "2024_W",
                "都道府県": "東京都",
                "市区町村": "三鷹市",
                "撮影場所": "三鷹市大沢",
                "撮影日時": "2024-01-05T18:57:00+09:00",
                "緯度": "35.67444444 ",
                "経度": "139.53777778 ",
                "夜空の明るさ": "17.47",
                "ばらつき": "0.08",
                "周辺状況": "住宅地域",
                "備考": "",
                "継続観察登録地点": "○"
            }
        },
        {
            "type": "Feature",
            "geometry": {
                "type": "Point",
                "coordinates": [
                    139.54361111,
                    35.6575
                ]
            },
            "properties": {
                "調査時期": "2024_W",
                "都道府県": "東京都",
                "市区町村": "調布市",
                "撮影場所": "",
                "撮影日時": "2024-01-09T19:41:00+09:00",
                "緯度": "35.65750000 ",
                "経度": "139.54361111 ",
                "夜空の明るさ": "17.25",
                "ばらつき": "0.07",
                "周辺状況": "",
                "備考": "",
                "継続観察登録地点": ""
            }
        },
        {
            "type": "Feature",
            "geometry": {
                "type": "Point",
                "coordinates": [
                    139.51666667,
                    35.71611111
                ]
            },
            "properties": {
                "調査時期": "2024_W",
                "都道府県": "東京都",
                "市区町村": "小金井市",
                "撮影場所": "都立小金井公園　いこいの広場",
                "撮影日時": "2024-01-04T18:42:00+09:00",
                "緯度": "35.71611111 ",
                "経度": "139.51666667 ",
                "夜空の明るさ": "17.46",
                "ばらつき": "0.06",
                "周辺状況": "自然公園等",
                "備考": "",
                "継続観察登録地点": "○"
            }
        },
        {
            "type": "Feature",
            "geometry": {
                "type": "Point",
                "coordinates": [
                    139.30055556,
                    35.77194444
                ]
            },
            "properties": {
                "調査時期": "2024_W",
                "都道府県": "東京都",
                "市区町村": "羽村市",
                "撮影場所": "羽村市",
                "撮影日時": "2024-01-06T19:39:00+09:00",
                "緯度": "35.77194444 ",
                "経度": "139.30055556 ",
                "夜空の明るさ": "17.92",
                "ばらつき": "0.09",
                "周辺状況": "住宅地域",
                "備考": "",
                "継続観察登録地点": "○"
            }
        },
        {
            "type": "Feature",
            "geometry": {
                "type": "Point",
                "coordinates": [
                    139.04333333,
                    35.78944444
                ]
            },
            "properties": {
                "調査時期": "2024_W",
                "都道府県": "東京都",
                "市区町村": "奥多摩町",
                "撮影場所": "西多摩郡奥多摩町 奥多摩湖大麦代園地駐車場",
                "撮影日時": "2024-01-05T19:04:00+09:00",
                "緯度": "35.78944444 ",
                "経度": "139.04333333 ",
                "夜空の明るさ": "19.99",
                "ばらつき": "0.08",
                "周辺状況": "森林山間地",
                "備考": "",
                "継続観察登録地点": "○"
            }
        },
        {
            "type": "Feature",
            "geometry": {
                "type": "Point",
                "coordinates": [
                    139.12666667,
                    34.19861111
                ]
            },
            "properties": {
                "調査時期": "2024_W",
                "都道府県": "東京都",
                "市区町村": "神津島村",
                "撮影場所": "神津島村 ヘリポート",
                "撮影日時": "2024-01-15T20:25:00+09:00",
                "緯度": "34.19861111 ",
                "経度": "139.12666667 ",
                "夜空の明るさ": "21.30",
                "ばらつき": "0.08",
                "周辺状況": "農業地域",
                "備考": "",
                "継続観察登録地点": "○"
            }
        },
        {
            "type": "Feature",
            "geometry": {
                "type": "Point",
                "coordinates": [
                    139.13888889,
                    34.20472222
                ]
            },
            "properties": {
                "調査時期": "2024_W",
                "都道府県": "東京都",
                "市区町村": "神津島村",
                "撮影場所": "神津島村 よたね広場",
                "撮影日時": "2024-01-15T19:55:00+09:00",
                "緯度": "34.20472222 ",
                "経度": "139.13888889 ",
                "夜空の明るさ": "21.05",
                "ばらつき": "0.10",
                "周辺状況": "住宅地域",
                "備考": "",
                "継続観察登録地点": "○"
            }
        },
        {
            "type": "Feature",
            "geometry": {
                "type": "Point",
                "coordinates": [
                    139.14416667,
                    34.19194444
                ]
            },
            "properties": {
                "調査時期": "2024_W",
                "都道府県": "東京都",
                "市区町村": "神津島村",
                "撮影場所": "神津島村 三浦湾展望台",
                "撮影日時": "2024-01-15T20:10:00+09:00",
                "緯度": "34.19194444 ",
                "経度": "139.14416667 ",
                "夜空の明るさ": "21.34",
                "ばらつき": "0.09",
                "周辺状況": "その他",
                "備考": "",
                "継続観察登録地点": "○"
            }
        },
        {
            "type": "Feature",
            "geometry": {
                "type": "Point",
                "coordinates": [
                    139.1375,
                    34.23972222
                ]
            },
            "properties": {
                "調査時期": "2024_W",
                "都道府県": "東京都",
                "市区町村": "神津島村",
                "撮影場所": "神津島村 赤崎遊歩道",
                "撮影日時": "2024-01-09T18:33:00+09:00",
                "緯度": "34.23972222 ",
                "経度": "139.13750000 ",
                "夜空の明るさ": "21.35",
                "ばらつき": "0.07",
                "周辺状況": "その他",
                "備考": "",
                "継続観察登録地点": "○"
            }
        },
        {
            "type": "Feature",
            "geometry": {
                "type": "Point",
                "coordinates": [
                    142.19305556,
                    27.06444444
                ]
            },
            "properties": {
                "調査時期": "2024_W",
                "都道府県": "東京都",
                "市区町村": "小笠原村",
                "撮影場所": "小笠原村父島　コペペ海岸",
                "撮影日時": "2024-01-06T19:45:00+09:00",
                "緯度": "27.06444444 ",
                "経度": "142.19305556 ",
                "夜空の明るさ": "21.60",
                "ばらつき": "0.09",
                "周辺状況": "森林山間地",
                "備考": "",
                "継続観察登録地点": "○"
            }
        },
        {
            "type": "Feature",
            "geometry": {
                "type": "Point",
                "coordinates": [
                    139.5475,
                    35.58916667
                ]
            },
            "properties": {
                "調査時期": "2024_W",
                "都道府県": "神奈川県",
                "市区町村": "横浜市　青葉区",
                "撮影場所": "",
                "撮影日時": "2024-01-05T18:53:00+09:00",
                "緯度": "35.58916667 ",
                "経度": "139.54750000 ",
                "夜空の明るさ": "17.47",
                "ばらつき": "0.09",
                "周辺状況": "",
                "備考": "",
                "継続観察登録地点": ""
            }
        },
        {
            "type": "Feature",
            "geometry": {
                "type": "Point",
                "coordinates": [
                    139.61111111,
                    35.56416667
                ]
            },
            "properties": {
                "調査時期": "2024_W",
                "都道府県": "神奈川県",
                "市区町村": "横浜市　都筑区",
                "撮影場所": "",
                "撮影日時": "2024-01-05T19:43:00+09:00",
                "緯度": "35.56416667 ",
                "経度": "139.61111111 ",
                "夜空の明るさ": "17.27",
                "ばらつき": "0.08",
                "周辺状況": "",
                "備考": "",
                "継続観察登録地点": ""
            }
        },
        {
            "type": "Feature",
            "geometry": {
                "type": "Point",
                "coordinates": [
                    139.51277778,
                    35.57444444
                ]
            },
            "properties": {
                "調査時期": "2024_W",
                "都道府県": "神奈川県",
                "市区町村": "川崎市　麻生区",
                "撮影場所": "",
                "撮影日時": "2024-01-09T18:59:00+09:00",
                "緯度": "35.57444444 ",
                "経度": "139.51277778 ",
                "夜空の明るさ": "17.55",
                "ばらつき": "0.07",
                "周辺状況": "",
                "備考": "",
                "継続観察登録地点": ""
            }
        },
        {
            "type": "Feature",
            "geometry": {
                "type": "Point",
                "coordinates": [
                    139.64194444,
                    35.57638889
                ]
            },
            "properties": {
                "調査時期": "2024_W",
                "都道府県": "神奈川県",
                "市区町村": "川崎市　中原区",
                "撮影場所": "",
                "撮影日時": "2024-01-09T20:12:00+09:00",
                "緯度": "35.57638889 ",
                "経度": "139.64194444 ",
                "夜空の明るさ": "17.22",
                "ばらつき": "0.17",
                "周辺状況": "",
                "備考": "",
                "継続観察登録地点": ""
            }
        },
        {
            "type": "Feature",
            "geometry": {
                "type": "Point",
                "coordinates": [
                    139.57333333,
                    35.61416667
                ]
            },
            "properties": {
                "調査時期": "2024_W",
                "都道府県": "神奈川県",
                "市区町村": "川崎市　多摩区",
                "撮影場所": "",
                "撮影日時": "2024-01-15T19:48:00+09:00",
                "緯度": "35.61416667 ",
                "経度": "139.57333333 ",
                "夜空の明るさ": "17.28",
                "ばらつき": "0.09",
                "周辺状況": "",
                "備考": "",
                "継続観察登録地点": ""
            }
        },
        {
            "type": "Feature",
            "geometry": {
                "type": "Point",
                "coordinates": [
                    139.54694444,
                    35.63416667
                ]
            },
            "properties": {
                "調査時期": "2024_W",
                "都道府県": "神奈川県",
                "市区町村": "川崎市　多摩区",
                "撮影場所": "",
                "撮影日時": "2024-01-08T19:23:00+09:00",
                "緯度": "35.63416667 ",
                "経度": "139.54694444 ",
                "夜空の明るさ": "17.34",
                "ばらつき": "0.16",
                "周辺状況": "",
                "備考": "",
                "継続観察登録地点": ""
            }
        },
        {
            "type": "Feature",
            "geometry": {
                "type": "Point",
                "coordinates": [
                    139.56111111,
                    35.60805556
                ]
            },
            "properties": {
                "調査時期": "2024_W",
                "都道府県": "神奈川県",
                "市区町村": "川崎市　多摩区",
                "撮影場所": "",
                "撮影日時": "2024-01-04T18:54:00+09:00",
                "緯度": "35.60805556 ",
                "経度": "139.56111111 ",
                "夜空の明るさ": "17.53",
                "ばらつき": "0.09",
                "周辺状況": "",
                "備考": "",
                "継続観察登録地点": ""
            }
        },
        {
            "type": "Feature",
            "geometry": {
                "type": "Point",
                "coordinates": [
                    139.47472222,
                    35.60944444
                ]
            },
            "properties": {
                "調査時期": "2024_W",
                "都道府県": "神奈川県",
                "市区町村": "川崎市　麻生区",
                "撮影場所": "",
                "撮影日時": "2024-01-04T19:42:00+09:00",
                "緯度": "35.60944444 ",
                "経度": "139.47472222 ",
                "夜空の明るさ": "17.73",
                "ばらつき": "0.06",
                "周辺状況": "",
                "備考": "",
                "継続観察登録地点": ""
            }
        },
        {
            "type": "Feature",
            "geometry": {
                "type": "Point",
                "coordinates": [
                    139.50416667,
                    35.60805556
                ]
            },
            "properties": {
                "調査時期": "2024_W",
                "都道府県": "神奈川県",
                "市区町村": "川崎市　麻生区",
                "撮影場所": "",
                "撮影日時": "2024-01-04T20:00:00+09:00",
                "緯度": "35.60805556 ",
                "経度": "139.50416667 ",
                "夜空の明るさ": "17.70",
                "ばらつき": "0.07",
                "周辺状況": "",
                "備考": "",
                "継続観察登録地点": ""
            }
        },
        {
            "type": "Feature",
            "geometry": {
                "type": "Point",
                "coordinates": [
                    139.51777778,
                    35.58583333
                ]
            },
            "properties": {
                "調査時期": "2024_W",
                "都道府県": "神奈川県",
                "市区町村": "川崎市　麻生区",
                "撮影場所": "",
                "撮影日時": "2024-01-04T20:09:00+09:00",
                "緯度": "35.58583333 ",
                "経度": "139.51777778 ",
                "夜空の明るさ": "17.81",
                "ばらつき": "0.06",
                "周辺状況": "",
                "備考": "",
                "継続観察登録地点": ""
            }
        },
        {
            "type": "Feature",
            "geometry": {
                "type": "Point",
                "coordinates": [
                    139.57388889,
                    35.5725
                ]
            },
            "properties": {
                "調査時期": "2024_W",
                "都道府県": "神奈川県",
                "市区町村": "川崎市　宮前区",
                "撮影場所": "",
                "撮影日時": "2024-01-05T19:15:00+09:00",
                "緯度": "35.57250000 ",
                "経度": "139.57388889 ",
                "夜空の明るさ": "17.38",
                "ばらつき": "0.07",
                "周辺状況": "",
                "備考": "",
                "継続観察登録地点": ""
            }
        },
        {
            "type": "Feature",
            "geometry": {
                "type": "Point",
                "coordinates": [
                    139.59444444,
                    35.56694444
                ]
            },
            "properties": {
                "調査時期": "2024_W",
                "都道府県": "神奈川県",
                "市区町村": "川崎市　宮前区",
                "撮影場所": "",
                "撮影日時": "2024-01-05T19:28:00+09:00",
                "緯度": "35.56694444 ",
                "経度": "139.59444444 ",
                "夜空の明るさ": "17.36",
                "ばらつき": "0.12",
                "周辺状況": "",
                "備考": "",
                "継続観察登録地点": ""
            }
        },
        {
            "type": "Feature",
            "geometry": {
                "type": "Point",
                "coordinates": [
                    139.63444444,
                    35.56916667
                ]
            },
            "properties": {
                "調査時期": "2024_W",
                "都道府県": "神奈川県",
                "市区町村": "川崎市　高津区",
                "撮影場所": "",
                "撮影日時": "2024-01-05T19:54:00+09:00",
                "緯度": "35.56916667 ",
                "経度": "139.63444444 ",
                "夜空の明るさ": "17.26",
                "ばらつき": "0.05",
                "周辺状況": "",
                "備考": "",
                "継続観察登録地点": ""
            }
        },
        {
            "type": "Feature",
            "geometry": {
                "type": "Point",
                "coordinates": [
                    139.6475,
                    35.58444444
                ]
            },
            "properties": {
                "調査時期": "2024_W",
                "都道府県": "神奈川県",
                "市区町村": "川崎市　中原区",
                "撮影場所": "",
                "撮影日時": "2024-01-05T20:12:00+09:00",
                "緯度": "35.58444444 ",
                "経度": "139.64750000 ",
                "夜空の明るさ": "17.04",
                "ばらつき": "0.13",
                "周辺状況": "",
                "備考": "",
                "継続観察登録地点": ""
            }
        },
        {
            "type": "Feature",
            "geometry": {
                "type": "Point",
                "coordinates": [
                    139.61055556,
                    35.58555556
                ]
            },
            "properties": {
                "調査時期": "2024_W",
                "都道府県": "神奈川県",
                "市区町村": "川崎市　高津区",
                "撮影場所": "",
                "撮影日時": "2024-01-06T19:20:00+09:00",
                "緯度": "35.58555556 ",
                "経度": "139.61055556 ",
                "夜空の明るさ": "17.26",
                "ばらつき": "0.09",
                "周辺状況": "",
                "備考": "",
                "継続観察登録地点": ""
            }
        },
        {
            "type": "Feature",
            "geometry": {
                "type": "Point",
                "coordinates": [
                    139.65888889,
                    35.56583333
                ]
            },
            "properties": {
                "調査時期": "2024_W",
                "都道府県": "神奈川県",
                "市区町村": "川崎市　中原区",
                "撮影場所": "",
                "撮影日時": "2024-01-06T19:46:00+09:00",
                "緯度": "35.56583333 ",
                "経度": "139.65888889 ",
                "夜空の明るさ": "17.22",
                "ばらつき": "0.08",
                "周辺状況": "",
                "備考": "",
                "継続観察登録地点": ""
            }
        },
        {
            "type": "Feature",
            "geometry": {
                "type": "Point",
                "coordinates": [
                    139.66888889,
                    35.53555556
                ]
            },
            "properties": {
                "調査時期": "2024_W",
                "都道府県": "神奈川県",
                "市区町村": "川崎市　幸区",
                "撮影場所": "",
                "撮影日時": "2024-01-06T20:05:00+09:00",
                "緯度": "35.53555556 ",
                "経度": "139.66888889 ",
                "夜空の明るさ": "17.36",
                "ばらつき": "0.07",
                "周辺状況": "",
                "備考": "",
                "継続観察登録地点": ""
            }
        },
        {
            "type": "Feature",
            "geometry": {
                "type": "Point",
                "coordinates": [
                    139.68861111,
                    35.53611111
                ]
            },
            "properties": {
                "調査時期": "2024_W",
                "都道府県": "神奈川県",
                "市区町村": "川崎市　幸区",
                "撮影場所": "",
                "撮影日時": "2024-01-06T20:14:00+09:00",
                "緯度": "35.53611111 ",
                "経度": "139.68861111 ",
                "夜空の明るさ": "17.24",
                "ばらつき": "0.08",
                "周辺状況": "",
                "備考": "",
                "継続観察登録地点": ""
            }
        },
        {
            "type": "Feature",
            "geometry": {
                "type": "Point",
                "coordinates": [
                    139.695,
                    35.53416667
                ]
            },
            "properties": {
                "調査時期": "2024_W",
                "都道府県": "神奈川県",
                "市区町村": "川崎市　幸区",
                "撮影場所": "",
                "撮影日時": "2024-01-08T18:20:00+09:00",
                "緯度": "35.53416667 ",
                "経度": "139.69500000 ",
                "夜空の明るさ": "17.02",
                "ばらつき": "0.12",
                "周辺状況": "",
                "備考": "",
                "継続観察登録地点": ""
            }
        },
        {
            "type": "Feature",
            "geometry": {
                "type": "Point",
                "coordinates": [
                    139.70888889,
                    35.52861111
                ]
            },
            "properties": {
                "調査時期": "2024_W",
                "都道府県": "神奈川県",
                "市区町村": "川崎市　川崎区",
                "撮影場所": "",
                "撮影日時": "2024-01-08T18:33:00+09:00",
                "緯度": "35.52861111 ",
                "経度": "139.70888889 ",
                "夜空の明るさ": "17.27",
                "ばらつき": "0.10",
                "周辺状況": "",
                "備考": "",
                "継続観察登録地点": ""
            }
        },
        {
            "type": "Feature",
            "geometry": {
                "type": "Point",
                "coordinates": [
                    139.73277778,
                    35.53138889
                ]
            },
            "properties": {
                "調査時期": "2024_W",
                "都道府県": "神奈川県",
                "市区町村": "川崎市　川崎区",
                "撮影場所": "",
                "撮影日時": "2024-01-08T18:44:00+09:00",
                "緯度": "35.53138889 ",
                "経度": "139.73277778 ",
                "夜空の明るさ": "17.45",
                "ばらつき": "0.08",
                "周辺状況": "",
                "備考": "",
                "継続観察登録地点": ""
            }
        },
        {
            "type": "Feature",
            "geometry": {
                "type": "Point",
                "coordinates": [
                    139.75166667,
                    35.54055556
                ]
            },
            "properties": {
                "調査時期": "2024_W",
                "都道府県": "神奈川県",
                "市区町村": "川崎市　川崎区",
                "撮影場所": "",
                "撮影日時": "2024-01-08T18:58:00+09:00",
                "緯度": "35.54055556 ",
                "経度": "139.75166667 ",
                "夜空の明るさ": "17.43",
                "ばらつき": "0.07",
                "周辺状況": "",
                "備考": "",
                "継続観察登録地点": ""
            }
        },
        {
            "type": "Feature",
            "geometry": {
                "type": "Point",
                "coordinates": [
                    139.7775,
                    35.50444444
                ]
            },
            "properties": {
                "調査時期": "2024_W",
                "都道府県": "神奈川県",
                "市区町村": "川崎市　川崎区",
                "撮影場所": "",
                "撮影日時": "2024-01-08T19:18:00+09:00",
                "緯度": "35.50444444 ",
                "経度": "139.77750000 ",
                "夜空の明るさ": "17.90",
                "ばらつき": "0.07",
                "周辺状況": "",
                "備考": "",
                "継続観察登録地点": ""
            }
        },
        {
            "type": "Feature",
            "geometry": {
                "type": "Point",
                "coordinates": [
                    139.71194444,
                    35.495
                ]
            },
            "properties": {
                "調査時期": "2024_W",
                "都道府県": "神奈川県",
                "市区町村": "川崎市　川崎区",
                "撮影場所": "",
                "撮影日時": "2024-01-08T19:54:00+09:00",
                "緯度": "35.49500000 ",
                "経度": "139.71194444 ",
                "夜空の明るさ": "17.62",
                "ばらつき": "0.09",
                "周辺状況": "",
                "備考": "",
                "継続観察登録地点": ""
            }
        },
        {
            "type": "Feature",
            "geometry": {
                "type": "Point",
                "coordinates": [
                    139.70833333,
                    35.51027778
                ]
            },
            "properties": {
                "調査時期": "2024_W",
                "都道府県": "神奈川県",
                "市区町村": "川崎市　川崎区",
                "撮影場所": "",
                "撮影日時": "2024-01-08T20:09:00+09:00",
                "緯度": "35.51027778 ",
                "経度": "139.70833333 ",
                "夜空の明るさ": "17.53",
                "ばらつき": "0.10",
                "周辺状況": "",
                "備考": "",
                "継続観察登録地点": ""
            }
        },
        {
            "type": "Feature",
            "geometry": {
                "type": "Point",
                "coordinates": [
                    139.53333333,
                    35.62333333
                ]
            },
            "properties": {
                "調査時期": "2024_W",
                "都道府県": "神奈川県",
                "市区町村": "川崎市　多摩区",
                "撮影場所": "",
                "撮影日時": "2024-01-11T19:15:00+09:00",
                "緯度": "35.62333333 ",
                "経度": "139.53333333 ",
                "夜空の明るさ": "17.37",
                "ばらつき": "0.09",
                "周辺状況": "",
                "備考": "",
                "継続観察登録地点": ""
            }
        },
        {
            "type": "Feature",
            "geometry": {
                "type": "Point",
                "coordinates": [
                    139.52333333,
                    35.62722222
                ]
            },
            "properties": {
                "調査時期": "2024_W",
                "都道府県": "神奈川県",
                "市区町村": "川崎市　多摩区",
                "撮影場所": "",
                "撮影日時": "2024-01-11T19:26:00+09:00",
                "緯度": "35.62722222 ",
                "経度": "139.52333333 ",
                "夜空の明るさ": "17.34",
                "ばらつき": "0.09",
                "周辺状況": "",
                "備考": "",
                "継続観察登録地点": ""
            }
        },
        {
            "type": "Feature",
            "geometry": {
                "type": "Point",
                "coordinates": [
                    139.58333333,
                    35.60611111
                ]
            },
            "properties": {
                "調査時期": "2024_W",
                "都道府県": "神奈川県",
                "市区町村": "川崎市　多摩区",
                "撮影場所": "",
                "撮影日時": "2024-01-11T19:56:00+09:00",
                "緯度": "35.60611111 ",
                "経度": "139.58333333 ",
                "夜空の明るさ": "17.42",
                "ばらつき": "0.08",
                "周辺状況": "",
                "備考": "",
                "継続観察登録地点": ""
            }
        },
        {
            "type": "Feature",
            "geometry": {
                "type": "Point",
                "coordinates": [
                    139.56694444,
                    35.62083333
                ]
            },
            "properties": {
                "調査時期": "2024_W",
                "都道府県": "神奈川県",
                "市区町村": "川崎市　多摩区",
                "撮影場所": "",
                "撮影日時": "2024-01-12T18:31:00+09:00",
                "緯度": "35.62083333 ",
                "経度": "139.56694444 ",
                "夜空の明るさ": "16.81",
                "ばらつき": "0.08",
                "周辺状況": "",
                "備考": "",
                "継続観察登録地点": ""
            }
        },
        {
            "type": "Feature",
            "geometry": {
                "type": "Point",
                "coordinates": [
                    139.57055556,
                    35.59972222
                ]
            },
            "properties": {
                "調査時期": "2024_W",
                "都道府県": "神奈川県",
                "市区町村": "川崎市　宮前区",
                "撮影場所": "",
                "撮影日時": "2024-01-12T19:05:00+09:00",
                "緯度": "35.59972222 ",
                "経度": "139.57055556 ",
                "夜空の明るさ": "17.16",
                "ばらつき": "0.07",
                "周辺状況": "",
                "備考": "",
                "継続観察登録地点": ""
            }
        },
        {
            "type": "Feature",
            "geometry": {
                "type": "Point",
                "coordinates": [
                    139.60666667,
                    35.60888889
                ]
            },
            "properties": {
                "調査時期": "2024_W",
                "都道府県": "神奈川県",
                "市区町村": "川崎市　高津区",
                "撮影場所": "",
                "撮影日時": "2024-01-12T19:26:00+09:00",
                "緯度": "35.60888889 ",
                "経度": "139.60666667 ",
                "夜空の明るさ": "17.13",
                "ばらつき": "0.10",
                "周辺状況": "",
                "備考": "",
                "継続観察登録地点": ""
            }
        },
        {
            "type": "Feature",
            "geometry": {
                "type": "Point",
                "coordinates": [
                    139.61944444,
                    35.59444444
                ]
            },
            "properties": {
                "調査時期": "2024_W",
                "都道府県": "神奈川県",
                "市区町村": "川崎市　高津区",
                "撮影場所": "",
                "撮影日時": "2024-01-12T20:08:00+09:00",
                "緯度": "35.59444444 ",
                "経度": "139.61944444 ",
                "夜空の明るさ": "17.15",
                "ばらつき": "0.11",
                "周辺状況": "",
                "備考": "",
                "継続観察登録地点": ""
            }
        },
        {
            "type": "Feature",
            "geometry": {
                "type": "Point",
                "coordinates": [
                    139.37388889,
                    35.53805556
                ]
            },
            "properties": {
                "調査時期": "2024_W",
                "都道府県": "神奈川県",
                "市区町村": "相模原市　南区",
                "撮影場所": "相模原市南区下溝",
                "撮影日時": "2024-01-06T19:26:00+09:00",
                "緯度": "35.53805556 ",
                "経度": "139.37388889 ",
                "夜空の明るさ": "17.79",
                "ばらつき": "0.09",
                "周辺状況": "農業地域",
                "備考": "",
                "継続観察登録地点": "○"
            }
        },
        {
            "type": "Feature",
            "geometry": {
                "type": "Point",
                "coordinates": [
                    139.32055556,
                    35.36888889
                ]
            },
            "properties": {
                "調査時期": "2024_W",
                "都道府県": "神奈川県",
                "市区町村": "平塚市",
                "撮影場所": "平塚市岡崎",
                "撮影日時": "2024-01-04T19:26:00+09:00",
                "緯度": "35.36888889 ",
                "経度": "139.32055556 ",
                "夜空の明るさ": "18.44",
                "ばらつき": "0.08",
                "周辺状況": "農業地域",
                "備考": "",
                "継続観察登録地点": "○"
            }
        },
        {
            "type": "Feature",
            "geometry": {
                "type": "Point",
                "coordinates": [
                    139.46972222,
                    35.3975
                ]
            },
            "properties": {
                "調査時期": "2024_W",
                "都道府県": "神奈川県",
                "市区町村": "藤沢市",
                "撮影場所": "藤沢市内",
                "撮影日時": "2024-01-04T19:23:00+09:00",
                "緯度": "35.39750000 ",
                "経度": "139.46972222 ",
                "夜空の明るさ": "17.64",
                "ばらつき": "0.08",
                "周辺状況": "商業地域",
                "備考": "",
                "継続観察登録地点": "○"
            }
        },
        {
            "type": "Feature",
            "geometry": {
                "type": "Point",
                "coordinates": [
                    139.2325,
                    35.51416667
                ]
            },
            "properties": {
                "調査時期": "2024_W",
                "都道府県": "神奈川県",
                "市区町村": "清川村",
                "撮影場所": "",
                "撮影日時": "2024-01-14T19:04:00+09:00",
                "緯度": "35.51416667 ",
                "経度": "139.23250000 ",
                "夜空の明るさ": "19.14",
                "ばらつき": "0.08",
                "周辺状況": "",
                "備考": "",
                "継続観察登録地点": ""
            }
        },
        {
            "type": "Feature",
            "geometry": {
                "type": "Point",
                "coordinates": [
                    137.21166667,
                    36.68055556
                ]
            },
            "properties": {
                "調査時期": "2024_W",
                "都道府県": "富山県",
                "市区町村": "富山市",
                "撮影場所": "",
                "撮影日時": "2024-01-11T19:44:00+09:00",
                "緯度": "36.68055556 ",
                "経度": "137.21166667 ",
                "夜空の明るさ": "17.92",
                "ばらつき": "0.08",
                "周辺状況": "",
                "備考": "",
                "継続観察登録地点": ""
            }
        },
        {
            "type": "Feature",
            "geometry": {
                "type": "Point",
                "coordinates": [
                    137.42527778,
                    36.90138889
                ]
            },
            "properties": {
                "調査時期": "2024_W",
                "都道府県": "富山県",
                "市区町村": "黒部市",
                "撮影場所": "富山県黒部市黒部市吉田科学館",
                "撮影日時": "2024-01-11T19:17:00+09:00",
                "緯度": "36.90138889 ",
                "経度": "137.42527778 ",
                "夜空の明るさ": "19.65",
                "ばらつき": "0.09",
                "周辺状況": "住宅地域",
                "備考": "",
                "継続観察登録地点": "○"
            }
        },
        {
            "type": "Feature",
            "geometry": {
                "type": "Point",
                "coordinates": [
                    136.66861111,
                    36.59833333
                ]
            },
            "properties": {
                "調査時期": "2024_W",
                "都道府県": "石川県",
                "市区町村": "金沢市",
                "撮影場所": "",
                "撮影日時": "2024-01-11T20:25:00+09:00",
                "緯度": "36.59833333 ",
                "経度": "136.66861111 ",
                "夜空の明るさ": "18.42",
                "ばらつき": "0.11",
                "周辺状況": "",
                "備考": "",
                "継続観察登録地点": ""
            }
        },
        {
            "type": "Feature",
            "geometry": {
                "type": "Point",
                "coordinates": [
                    136.66861111,
                    36.59833333
                ]
            },
            "properties": {
                "調査時期": "2024_W",
                "都道府県": "石川県",
                "市区町村": "金沢市",
                "撮影場所": "",
                "撮影日時": "2024-01-11T18:30:00+09:00",
                "緯度": "36.59833333 ",
                "経度": "136.66861111 ",
                "夜空の明るさ": "18.15",
                "ばらつき": "0.08",
                "周辺状況": "",
                "備考": "",
                "継続観察登録地点": ""
            }
        },
        {
            "type": "Feature",
            "geometry": {
                "type": "Point",
                "coordinates": [
                    136.70444444,
                    36.71861111
                ]
            },
            "properties": {
                "調査時期": "2024_W",
                "都道府県": "石川県",
                "市区町村": "かほく市",
                "撮影場所": "",
                "撮影日時": "2024-01-10T19:40:00+09:00",
                "緯度": "36.71861111 ",
                "経度": "136.70444444 ",
                "夜空の明るさ": "19.26",
                "ばらつき": "0.10",
                "周辺状況": "",
                "備考": "",
                "継続観察登録地点": ""
            }
        },
        {
            "type": "Feature",
            "geometry": {
                "type": "Point",
                "coordinates": [
                    136.58222222,
                    36.02138889
                ]
            },
            "properties": {
                "調査時期": "2024_W",
                "都道府県": "福井県",
                "市区町村": "大野市",
                "撮影場所": "福井県自然保護センター観察棟",
                "撮影日時": "2024-01-11T19:12:00+09:00",
                "緯度": "36.02138889 ",
                "経度": "136.58222222 ",
                "夜空の明るさ": "20.80",
                "ばらつき": "0.09",
                "周辺状況": "自然公園等",
                "備考": "",
                "継続観察登録地点": "○"
            }
        },
        {
            "type": "Feature",
            "geometry": {
                "type": "Point",
                "coordinates": [
                    136.58222222,
                    36.02138889
                ]
            },
            "properties": {
                "調査時期": "2024_W",
                "都道府県": "福井県",
                "市区町村": "大野市",
                "撮影場所": "福井県自然保護センター観察棟",
                "撮影日時": "2024-01-11T19:32:00+09:00",
                "緯度": "36.02138889 ",
                "経度": "136.58222222 ",
                "夜空の明るさ": "20.80",
                "ばらつき": "0.07",
                "周辺状況": "自然公園等",
                "備考": "",
                "継続観察登録地点": "○"
            }
        },
        {
            "type": "Feature",
            "geometry": {
                "type": "Point",
                "coordinates": [
                    136.58222222,
                    36.02138889
                ]
            },
            "properties": {
                "調査時期": "2024_W",
                "都道府県": "福井県",
                "市区町村": "大野市",
                "撮影場所": "福井県自然保護センター観察棟",
                "撮影日時": "2024-01-11T20:28:00+09:00",
                "緯度": "36.02138889 ",
                "経度": "136.58222222 ",
                "夜空の明るさ": "20.91",
                "ばらつき": "0.05",
                "周辺状況": "自然公園等",
                "備考": "",
                "継続観察登録地点": "○"
            }
        },
        {
            "type": "Feature",
            "geometry": {
                "type": "Point",
                "coordinates": [
                    136.58222222,
                    36.02138889
                ]
            },
            "properties": {
                "調査時期": "2024_W",
                "都道府県": "福井県",
                "市区町村": "大野市",
                "撮影場所": "福井県自然保護センター観察棟",
                "撮影日時": "2024-01-02T20:16:00+09:00",
                "緯度": "36.02138889 ",
                "経度": "136.58222222 ",
                "夜空の明るさ": "20.87",
                "ばらつき": "0.09",
                "周辺状況": "自然公園等",
                "備考": "",
                "継続観察登録地点": "○"
            }
        },
        {
            "type": "Feature",
            "geometry": {
                "type": "Point",
                "coordinates": [
                    136.58222222,
                    36.02138889
                ]
            },
            "properties": {
                "調査時期": "2024_W",
                "都道府県": "福井県",
                "市区町村": "大野市",
                "撮影場所": "福井県自然保護センター観察棟",
                "撮影日時": "2024-01-02T20:07:00+09:00",
                "緯度": "36.02138889 ",
                "経度": "136.58222222 ",
                "夜空の明るさ": "20.86",
                "ばらつき": "0.08",
                "周辺状況": "自然公園等",
                "備考": "",
                "継続観察登録地点": "○"
            }
        },
        {
            "type": "Feature",
            "geometry": {
                "type": "Point",
                "coordinates": [
                    136.58222222,
                    36.02138889
                ]
            },
            "properties": {
                "調査時期": "2024_W",
                "都道府県": "福井県",
                "市区町村": "大野市",
                "撮影場所": "福井県自然保護センター観察棟",
                "撮影日時": "2024-01-02T19:47:00+09:00",
                "緯度": "36.02138889 ",
                "経度": "136.58222222 ",
                "夜空の明るさ": "20.79",
                "ばらつき": "0.06",
                "周辺状況": "自然公園等",
                "備考": "",
                "継続観察登録地点": "○"
            }
        },
        {
            "type": "Feature",
            "geometry": {
                "type": "Point",
                "coordinates": [
                    135.57083333,
                    35.39638889
                ]
            },
            "properties": {
                "調査時期": "2024_W",
                "都道府県": "福井県",
                "市区町村": "おおい町",
                "撮影場所": "大飯郡おおい町名田庄納田終",
                "撮影日時": "2024-01-02T19:25:00+09:00",
                "緯度": "35.39638889 ",
                "経度": "135.57083333 ",
                "夜空の明るさ": "20.29",
                "ばらつき": "0.28",
                "周辺状況": "森林山間地",
                "備考": "",
                "継続観察登録地点": "○"
            }
        },
        {
            "type": "Feature",
            "geometry": {
                "type": "Point",
                "coordinates": [
                    135.64027778,
                    35.40527778
                ]
            },
            "properties": {
                "調査時期": "2024_W",
                "都道府県": "福井県",
                "市区町村": "おおい町",
                "撮影場所": "大飯郡おおい町名田庄中",
                "撮影日時": "2024-01-02T19:02:00+09:00",
                "緯度": "35.40527778 ",
                "経度": "135.64027778 ",
                "夜空の明るさ": "20.95",
                "ばらつき": "0.21",
                "周辺状況": "農業地域",
                "備考": "",
                "継続観察登録地点": "○"
            }
        },
        {
            "type": "Feature",
            "geometry": {
                "type": "Point",
                "coordinates": [
                    135.68194444,
                    35.41361111
                ]
            },
            "properties": {
                "調査時期": "2024_W",
                "都道府県": "福井県",
                "市区町村": "おおい町",
                "撮影場所": "大飯郡おおい町名田庄三重",
                "撮影日時": "2024-01-02T20:04:00+09:00",
                "緯度": "35.41361111 ",
                "経度": "135.68194444 ",
                "夜空の明るさ": "20.79",
                "ばらつき": "0.09",
                "周辺状況": "農業地域",
                "備考": "",
                "継続観察登録地点": "○"
            }
        },
        {
            "type": "Feature",
            "geometry": {
                "type": "Point",
                "coordinates": [
                    135.64055556,
                    35.405
                ]
            },
            "properties": {
                "調査時期": "2024_W",
                "都道府県": "福井県",
                "市区町村": "おおい町",
                "撮影場所": "大飯郡おおい町名田庄中",
                "撮影日時": "2024-01-04T20:05:00+09:00",
                "緯度": "35.40500000 ",
                "経度": "135.64055556 ",
                "夜空の明るさ": "20.81",
                "ばらつき": "0.08",
                "周辺状況": "農業地域",
                "備考": "",
                "継続観察登録地点": "○"
            }
        },
        {
            "type": "Feature",
            "geometry": {
                "type": "Point",
                "coordinates": [
                    138.76722222,
                    35.45666667
                ]
            },
            "properties": {
                "調査時期": "2024_W",
                "都道府県": "山梨県",
                "市区町村": "富士吉田市",
                "撮影場所": "富士北麓公園駐車場",
                "撮影日時": "2024-01-06T19:24:00+09:00",
                "緯度": "35.45666667 ",
                "経度": "138.76722222 ",
                "夜空の明るさ": "19.83",
                "ばらつき": "0.11",
                "周辺状況": "自然公園等",
                "備考": "",
                "継続観察登録地点": "○"
            }
        },
        {
            "type": "Feature",
            "geometry": {
                "type": "Point",
                "coordinates": [
                    138.80444444,
                    35.45611111
                ]
            },
            "properties": {
                "調査時期": "2024_W",
                "都道府県": "山梨県",
                "市区町村": "富士吉田市",
                "撮影場所": "富士散策公園",
                "撮影日時": "2024-01-06T19:35:00+09:00",
                "緯度": "35.45611111 ",
                "経度": "138.80444444 ",
                "夜空の明るさ": "19.57",
                "ばらつき": "0.10",
                "周辺状況": "自然公園等",
                "備考": "",
                "継続観察登録地点": "○"
            }
        },
        {
            "type": "Feature",
            "geometry": {
                "type": "Point",
                "coordinates": [
                    138.81805556,
                    35.48444444
                ]
            },
            "properties": {
                "調査時期": "2024_W",
                "都道府県": "山梨県",
                "市区町村": "富士吉田市",
                "撮影場所": "富士吉田市大明見地内",
                "撮影日時": "2024-01-06T19:49:00+09:00",
                "緯度": "35.48444444 ",
                "経度": "138.81805556 ",
                "夜空の明るさ": "19.44",
                "ばらつき": "0.08",
                "周辺状況": "住宅地域",
                "備考": "",
                "継続観察登録地点": "○"
            }
        },
        {
            "type": "Feature",
            "geometry": {
                "type": "Point",
                "coordinates": [
                    138.42861111,
                    35.80083333
                ]
            },
            "properties": {
                "調査時期": "2024_W",
                "都道府県": "山梨県",
                "市区町村": "北杜市",
                "撮影場所": "",
                "撮影日時": "2024-01-05T19:02:00+09:00",
                "緯度": "35.80083333 ",
                "経度": "138.42861111 ",
                "夜空の明るさ": "20.35",
                "ばらつき": "0.08",
                "周辺状況": "",
                "備考": "",
                "継続観察登録地点": ""
            }
        },
        {
            "type": "Feature",
            "geometry": {
                "type": "Point",
                "coordinates": [
                    138.495,
                    35.8325
                ]
            },
            "properties": {
                "調査時期": "2024_W",
                "都道府県": "山梨県",
                "市区町村": "北杜市",
                "撮影場所": "",
                "撮影日時": "2024-01-06T19:20:00+09:00",
                "緯度": "35.83250000 ",
                "経度": "138.49500000 ",
                "夜空の明るさ": "21.12",
                "ばらつき": "0.14",
                "周辺状況": "",
                "備考": "",
                "継続観察登録地点": ""
            }
        },
        {
            "type": "Feature",
            "geometry": {
                "type": "Point",
                "coordinates": [
                    138.495,
                    35.8325
                ]
            },
            "properties": {
                "調査時期": "2024_W",
                "都道府県": "山梨県",
                "市区町村": "北杜市",
                "撮影場所": "",
                "撮影日時": "2024-01-06T19:20:00+09:00",
                "緯度": "35.83250000 ",
                "経度": "138.49500000 ",
                "夜空の明るさ": "21.12",
                "ばらつき": "0.14",
                "周辺状況": "",
                "備考": "",
                "継続観察登録地点": ""
            }
        },
        {
            "type": "Feature",
            "geometry": {
                "type": "Point",
                "coordinates": [
                    138.31694444,
                    35.78805556
                ]
            },
            "properties": {
                "調査時期": "2024_W",
                "都道府県": "山梨県",
                "市区町村": "北杜市",
                "撮影場所": "北杜市白州町横手",
                "撮影日時": "2024-01-11T19:47:00+09:00",
                "緯度": "35.78805556 ",
                "経度": "138.31694444 ",
                "夜空の明るさ": "19.65",
                "ばらつき": "0.09",
                "周辺状況": "農業地域",
                "備考": "",
                "継続観察登録地点": "○"
            }
        },
        {
            "type": "Feature",
            "geometry": {
                "type": "Point",
                "coordinates": [
                    138.73,
                    35.52388889
                ]
            },
            "properties": {
                "調査時期": "2024_W",
                "都道府県": "山梨県",
                "市区町村": "富士河口湖町",
                "撮影場所": "南都留郡富士河口湖町大石",
                "撮影日時": "2024-01-05T20:12:00+09:00",
                "緯度": "35.52388889 ",
                "経度": "138.73000000 ",
                "夜空の明るさ": "20.26",
                "ばらつき": "0.08",
                "周辺状況": "農業地域",
                "備考": "",
                "継続観察登録地点": "○"
            }
        },
        {
            "type": "Feature",
            "geometry": {
                "type": "Point",
                "coordinates": [
                    138.73027778,
                    35.52416667
                ]
            },
            "properties": {
                "調査時期": "2024_W",
                "都道府県": "山梨県",
                "市区町村": "富士河口湖町",
                "撮影場所": "南都留郡富士河口湖町大石",
                "撮影日時": "2024-01-08T19:59:00+09:00",
                "緯度": "35.52416667 ",
                "経度": "138.73027778 ",
                "夜空の明るさ": "20.26",
                "ばらつき": "0.10",
                "周辺状況": "農業地域",
                "備考": "",
                "継続観察登録地点": "○"
            }
        },
        {
            "type": "Feature",
            "geometry": {
                "type": "Point",
                "coordinates": [
                    138.94083333,
                    35.76277778
                ]
            },
            "properties": {
                "調査時期": "2024_W",
                "都道府県": "山梨県",
                "市区町村": "小菅村",
                "撮影場所": "北都留郡小菅村 小菅村ヘリポート",
                "撮影日時": "2024-01-05T20:08:00+09:00",
                "緯度": "35.76277778 ",
                "経度": "138.94083333 ",
                "夜空の明るさ": "20.44",
                "ばらつき": "0.05",
                "周辺状況": "森林山間地",
                "備考": "",
                "継続観察登録地点": "○"
            }
        },
        {
            "type": "Feature",
            "geometry": {
                "type": "Point",
                "coordinates": [
                    138.97833333,
                    35.785
                ]
            },
            "properties": {
                "調査時期": "2024_W",
                "都道府県": "山梨県",
                "市区町村": "丹波山村",
                "撮影場所": "北都留郡丹波山村",
                "撮影日時": "2024-01-05T19:33:00+09:00",
                "緯度": "35.78500000 ",
                "経度": "138.97833333 ",
                "夜空の明るさ": "20.39",
                "ばらつき": "0.10",
                "周辺状況": "森林山間地",
                "備考": "",
                "継続観察登録地点": "○"
            }
        },
        {
            "type": "Feature",
            "geometry": {
                "type": "Point",
                "coordinates": [
                    137.9275,
                    36.66777778
                ]
            },
            "properties": {
                "調査時期": "2024_W",
                "都道府県": "長野県",
                "市区町村": "長野市",
                "撮影場所": "鬼無里日影　押切",
                "撮影日時": "2024-01-04T18:20:00+09:00",
                "緯度": "36.66777778 ",
                "経度": "137.92750000 ",
                "夜空の明るさ": "20.82",
                "ばらつき": "0.08",
                "周辺状況": "その他",
                "備考": "",
                "継続観察登録地点": "○"
            }
        },
        {
            "type": "Feature",
            "geometry": {
                "type": "Point",
                "coordinates": [
                    137.96611111,
                    36.68805556
                ]
            },
            "properties": {
                "調査時期": "2024_W",
                "都道府県": "長野県",
                "市区町村": "長野市",
                "撮影場所": "鬼無里東京　加茂神社参道",
                "撮影日時": "2024-01-04T18:45:00+09:00",
                "緯度": "36.68805556 ",
                "経度": "137.96611111 ",
                "夜空の明るさ": "21.07",
                "ばらつき": "0.06",
                "周辺状況": "その他",
                "備考": "",
                "継続観察登録地点": "○"
            }
        },
        {
            "type": "Feature",
            "geometry": {
                "type": "Point",
                "coordinates": [
                    137.99111111,
                    36.67805556
                ]
            },
            "properties": {
                "調査時期": "2024_W",
                "都道府県": "長野県",
                "市区町村": "長野市",
                "撮影場所": "鬼無里　松原",
                "撮影日時": "2024-01-04T19:15:00+09:00",
                "緯度": "36.67805556 ",
                "経度": "137.99111111 ",
                "夜空の明るさ": "20.97",
                "ばらつき": "0.11",
                "周辺状況": "その他",
                "備考": "",
                "継続観察登録地点": "○"
            }
        },
        {
            "type": "Feature",
            "geometry": {
                "type": "Point",
                "coordinates": [
                    138.00361111,
                    36.67972222
                ]
            },
            "properties": {
                "調査時期": "2024_W",
                "都道府県": "長野県",
                "市区町村": "長野市",
                "撮影場所": "鬼無里小中学校横グランド",
                "撮影日時": "2024-01-04T19:26:00+09:00",
                "緯度": "36.67972222 ",
                "経度": "138.00361111 ",
                "夜空の明るさ": "20.77",
                "ばらつき": "0.11",
                "周辺状況": "その他",
                "備考": "",
                "継続観察登録地点": "○"
            }
        },
        {
            "type": "Feature",
            "geometry": {
                "type": "Point",
                "coordinates": [
                    138.0025,
                    36.68277778
                ]
            },
            "properties": {
                "調査時期": "2024_W",
                "都道府県": "長野県",
                "市区町村": "長野市",
                "撮影場所": "旧鬼無里中学校跡地駐車場",
                "撮影日時": "2024-01-04T19:43:00+09:00",
                "緯度": "36.68277778 ",
                "経度": "138.00250000 ",
                "夜空の明るさ": "20.91",
                "ばらつき": "0.16",
                "周辺状況": "その他",
                "備考": "",
                "継続観察登録地点": "○"
            }
        },
        {
            "type": "Feature",
            "geometry": {
                "type": "Point",
                "coordinates": [
                    138.18888889,
                    36.59166667
                ]
            },
            "properties": {
                "調査時期": "2024_W",
                "都道府県": "長野県",
                "市区町村": "長野市",
                "撮影場所": "長野市立博物館",
                "撮影日時": "2024-01-05T19:08:00+09:00",
                "緯度": "36.59166667 ",
                "経度": "138.18888889 ",
                "夜空の明るさ": "19.03",
                "ばらつき": "0.08",
                "周辺状況": "自然公園等",
                "備考": "",
                "継続観察登録地点": "○"
            }
        },
        {
            "type": "Feature",
            "geometry": {
                "type": "Point",
                "coordinates": [
                    137.97805556,
                    36.23444444
                ]
            },
            "properties": {
                "調査時期": "2024_W",
                "都道府県": "長野県",
                "市区町村": "松本市",
                "撮影場所": "松本市中央",
                "撮影日時": "2024-01-02T18:15:00+09:00",
                "緯度": "36.23444444 ",
                "経度": "137.97805556 ",
                "夜空の明るさ": "17.98",
                "ばらつき": "0.10",
                "周辺状況": "商業地域",
                "備考": "",
                "継続観察登録地点": "○"
            }
        },
        {
            "type": "Feature",
            "geometry": {
                "type": "Point",
                "coordinates": [
                    137.98444444,
                    36.23111111
                ]
            },
            "properties": {
                "調査時期": "2024_W",
                "都道府県": "長野県",
                "市区町村": "松本市",
                "撮影場所": "",
                "撮影日時": "2024-01-02T18:37:00+09:00",
                "緯度": "36.23111111 ",
                "経度": "137.98444444 ",
                "夜空の明るさ": "19.10",
                "ばらつき": "0.07",
                "周辺状況": "",
                "備考": "",
                "継続観察登録地点": ""
            }
        },
        {
            "type": "Feature",
            "geometry": {
                "type": "Point",
                "coordinates": [
                    137.91833333,
                    36.18361111
                ]
            },
            "properties": {
                "調査時期": "2024_W",
                "都道府県": "長野県",
                "市区町村": "松本市",
                "撮影場所": "西南公園",
                "撮影日時": "2024-01-06T18:36:00+09:00",
                "緯度": "36.18361111 ",
                "経度": "137.91833333 ",
                "夜空の明るさ": "19.81",
                "ばらつき": "0.10",
                "周辺状況": "自然公園等",
                "備考": "",
                "継続観察登録地点": "○"
            }
        },
        {
            "type": "Feature",
            "geometry": {
                "type": "Point",
                "coordinates": [
                    137.95527778,
                    36.25694444
                ]
            },
            "properties": {
                "調査時期": "2024_W",
                "都道府県": "長野県",
                "市区町村": "松本市",
                "撮影場所": "アルプス公園駐車場",
                "撮影日時": "2024-01-08T18:41:00+09:00",
                "緯度": "36.25694444 ",
                "経度": "137.95527778 ",
                "夜空の明るさ": "19.37",
                "ばらつき": "0.04",
                "周辺状況": "自然公園等",
                "備考": "",
                "継続観察登録地点": "○"
            }
        },
        {
            "type": "Feature",
            "geometry": {
                "type": "Point",
                "coordinates": [
                    137.96333333,
                    36.23055556
                ]
            },
            "properties": {
                "調査時期": "2024_W",
                "都道府県": "長野県",
                "市区町村": "松本市",
                "撮影場所": "松本駅西口",
                "撮影日時": "2024-01-08T18:59:00+09:00",
                "緯度": "36.23055556 ",
                "経度": "137.96333333 ",
                "夜空の明るさ": "17.95",
                "ばらつき": "0.11",
                "周辺状況": "商業地域",
                "備考": "",
                "継続観察登録地点": "○"
            }
        },
        {
            "type": "Feature",
            "geometry": {
                "type": "Point",
                "coordinates": [
                    137.96138889,
                    36.19222222
                ]
            },
            "properties": {
                "調査時期": "2024_W",
                "都道府県": "長野県",
                "市区町村": "松本市",
                "撮影場所": "平田駅西口",
                "撮影日時": "2024-01-08T19:23:00+09:00",
                "緯度": "36.19222222 ",
                "経度": "137.96138889 ",
                "夜空の明るさ": "18.70",
                "ばらつき": "0.06",
                "周辺状況": "住宅地域",
                "備考": "",
                "継続観察登録地点": "○"
            }
        },
        {
            "type": "Feature",
            "geometry": {
                "type": "Point",
                "coordinates": [
                    137.85611111,
                    36.20277778
                ]
            },
            "properties": {
                "調査時期": "2024_W",
                "都道府県": "長野県",
                "市区町村": "松本市",
                "撮影場所": "",
                "撮影日時": "2024-01-02T18:16:00+09:00",
                "緯度": "36.20277778 ",
                "経度": "137.85611111 ",
                "夜空の明るさ": "19.89",
                "ばらつき": "0.11",
                "周辺状況": "",
                "備考": "",
                "継続観察登録地点": ""
            }
        },
        {
            "type": "Feature",
            "geometry": {
                "type": "Point",
                "coordinates": [
                    137.80388889,
                    36.18333333
                ]
            },
            "properties": {
                "調査時期": "2024_W",
                "都道府県": "長野県",
                "市区町村": "松本市",
                "撮影場所": "",
                "撮影日時": "2024-01-02T18:28:00+09:00",
                "緯度": "36.18333333 ",
                "経度": "137.80388889 ",
                "夜空の明るさ": "20.60",
                "ばらつき": "0.14",
                "周辺状況": "",
                "備考": "",
                "継続観察登録地点": ""
            }
        },
        {
            "type": "Feature",
            "geometry": {
                "type": "Point",
                "coordinates": [
                    137.74916667,
                    36.15305556
                ]
            },
            "properties": {
                "調査時期": "2024_W",
                "都道府県": "長野県",
                "市区町村": "松本市",
                "撮影場所": "",
                "撮影日時": "2024-01-02T18:44:00+09:00",
                "緯度": "36.15305556 ",
                "経度": "137.74916667 ",
                "夜空の明るさ": "21.05",
                "ばらつき": "0.13",
                "周辺状況": "",
                "備考": "",
                "継続観察登録地点": ""
            }
        },
        {
            "type": "Feature",
            "geometry": {
                "type": "Point",
                "coordinates": [
                    137.7025,
                    36.04583333
                ]
            },
            "properties": {
                "調査時期": "2024_W",
                "都道府県": "長野県",
                "市区町村": "松本市",
                "撮影場所": "奈川高原",
                "撮影日時": "2024-01-02T19:11:00+09:00",
                "緯度": "36.04583333 ",
                "経度": "137.70250000 ",
                "夜空の明るさ": "21.28",
                "ばらつき": "0.12",
                "周辺状況": "自然公園等",
                "備考": "",
                "継続観察登録地点": "○"
            }
        },
        {
            "type": "Feature",
            "geometry": {
                "type": "Point",
                "coordinates": [
                    137.71805556,
                    36.13111111
                ]
            },
            "properties": {
                "調査時期": "2024_W",
                "都道府県": "長野県",
                "市区町村": "松本市",
                "撮影場所": "奈川渡ダム駐車場",
                "撮影日時": "2024-01-02T19:33:00+09:00",
                "緯度": "36.13111111 ",
                "経度": "137.71805556 ",
                "夜空の明るさ": "21.22",
                "ばらつき": "0.11",
                "周辺状況": "森林山間地",
                "備考": "",
                "継続観察登録地点": "○"
            }
        },
        {
            "type": "Feature",
            "geometry": {
                "type": "Point",
                "coordinates": [
                    137.64222222,
                    36.12027778
                ]
            },
            "properties": {
                "調査時期": "2024_W",
                "都道府県": "長野県",
                "市区町村": "松本市",
                "撮影場所": "乗鞍高原・いがや",
                "撮影日時": "2024-01-02T19:54:00+09:00",
                "緯度": "36.12027778 ",
                "経度": "137.64222222 ",
                "夜空の明るさ": "21.27",
                "ばらつき": "0.14",
                "周辺状況": "自然公園等",
                "備考": "",
                "継続観察登録地点": "○"
            }
        },
        {
            "type": "Feature",
            "geometry": {
                "type": "Point",
                "coordinates": [
                    137.61611111,
                    36.11888889
                ]
            },
            "properties": {
                "調査時期": "2024_W",
                "都道府県": "長野県",
                "市区町村": "松本市",
                "撮影場所": "",
                "撮影日時": "2024-01-02T20:05:00+09:00",
                "緯度": "36.11888889 ",
                "経度": "137.61611111 ",
                "夜空の明るさ": "21.36",
                "ばらつき": "0.10",
                "周辺状況": "",
                "備考": "",
                "継続観察登録地点": ""
            }
        },
        {
            "type": "Feature",
            "geometry": {
                "type": "Point",
                "coordinates": [
                    137.62638889,
                    36.10444444
                ]
            },
            "properties": {
                "調査時期": "2024_W",
                "都道府県": "長野県",
                "市区町村": "松本市",
                "撮影場所": "",
                "撮影日時": "2024-01-02T20:17:00+09:00",
                "緯度": "36.10444444 ",
                "経度": "137.62638889 ",
                "夜空の明るさ": "21.42",
                "ばらつき": "0.08",
                "周辺状況": "",
                "備考": "",
                "継続観察登録地点": ""
            }
        },
        {
            "type": "Feature",
            "geometry": {
                "type": "Point",
                "coordinates": [
                    137.96111111,
                    36.19222222
                ]
            },
            "properties": {
                "調査時期": "2024_W",
                "都道府県": "長野県",
                "市区町村": "松本市",
                "撮影場所": "平田駅西口",
                "撮影日時": "2024-01-05T18:40:00+09:00",
                "緯度": "36.19222222 ",
                "経度": "137.96111111 ",
                "夜空の明るさ": "18.56",
                "ばらつき": "0.13",
                "周辺状況": "住宅地域",
                "備考": "",
                "継続観察登録地点": "○"
            }
        },
        {
            "type": "Feature",
            "geometry": {
                "type": "Point",
                "coordinates": [
                    137.96333333,
                    36.23055556
                ]
            },
            "properties": {
                "調査時期": "2024_W",
                "都道府県": "長野県",
                "市区町村": "松本市",
                "撮影場所": "松本駅西口",
                "撮影日時": "2024-01-05T19:02:00+09:00",
                "緯度": "36.23055556 ",
                "経度": "137.96333333 ",
                "夜空の明るさ": "17.91",
                "ばらつき": "0.11",
                "周辺状況": "商業地域",
                "備考": "",
                "継続観察登録地点": "○"
            }
        },
        {
            "type": "Feature",
            "geometry": {
                "type": "Point",
                "coordinates": [
                    137.97861111,
                    36.23416667
                ]
            },
            "properties": {
                "調査時期": "2024_W",
                "都道府県": "長野県",
                "市区町村": "松本市",
                "撮影場所": "松本市中央",
                "撮影日時": "2024-01-05T19:19:00+09:00",
                "緯度": "36.23416667 ",
                "経度": "137.97861111 ",
                "夜空の明るさ": "18.08",
                "ばらつき": "0.14",
                "周辺状況": "商業地域",
                "備考": "参考値（薄雲）",
                "継続観察登録地点": "○"
            }
        },
        {
            "type": "Feature",
            "geometry": {
                "type": "Point",
                "coordinates": [
                    137.95472222,
                    36.25777778
                ]
            },
            "properties": {
                "調査時期": "2024_W",
                "都道府県": "長野県",
                "市区町村": "松本市",
                "撮影場所": "アルプス公園駐車場",
                "撮影日時": "2024-01-05T19:40:00+09:00",
                "緯度": "36.25777778 ",
                "経度": "137.95472222 ",
                "夜空の明るさ": "19.36",
                "ばらつき": "0.08",
                "周辺状況": "自然公園等",
                "備考": "",
                "継続観察登録地点": "○"
            }
        },
        {
            "type": "Feature",
            "geometry": {
                "type": "Point",
                "coordinates": [
                    138.00388889,
                    36.23472222
                ]
            },
            "properties": {
                "調査時期": "2024_W",
                "都道府県": "長野県",
                "市区町村": "松本市",
                "撮影場所": "",
                "撮影日時": "2024-01-05T19:59:00+09:00",
                "緯度": "36.23472222 ",
                "経度": "138.00388889 ",
                "夜空の明るさ": "19.49",
                "ばらつき": "0.11",
                "周辺状況": "",
                "備考": "",
                "継続観察登録地点": ""
            }
        },
        {
            "type": "Feature",
            "geometry": {
                "type": "Point",
                "coordinates": [
                    138.0025,
                    36.23388889
                ]
            },
            "properties": {
                "調査時期": "2024_W",
                "都道府県": "長野県",
                "市区町村": "松本市",
                "撮影場所": "",
                "撮影日時": "2024-01-05T20:06:00+09:00",
                "緯度": "36.23388889 ",
                "経度": "138.00250000 ",
                "夜空の明るさ": "19.47",
                "ばらつき": "0.09",
                "周辺状況": "",
                "備考": "",
                "継続観察登録地点": ""
            }
        },
        {
            "type": "Feature",
            "geometry": {
                "type": "Point",
                "coordinates": [
                    137.99805556,
                    36.31722222
                ]
            },
            "properties": {
                "調査時期": "2024_W",
                "都道府県": "長野県",
                "市区町村": "松本市",
                "撮影場所": "",
                "撮影日時": "2024-01-06T18:33:00+09:00",
                "緯度": "36.31722222 ",
                "経度": "137.99805556 ",
                "夜空の明るさ": "20.42",
                "ばらつき": "0.08",
                "周辺状況": "",
                "備考": "",
                "継続観察登録地点": ""
            }
        },
        {
            "type": "Feature",
            "geometry": {
                "type": "Point",
                "coordinates": [
                    137.99638889,
                    36.35805556
                ]
            },
            "properties": {
                "調査時期": "2024_W",
                "都道府県": "長野県",
                "市区町村": "松本市",
                "撮影場所": "",
                "撮影日時": "2024-01-06T18:44:00+09:00",
                "緯度": "36.35805556 ",
                "経度": "137.99638889 ",
                "夜空の明るさ": "20.60",
                "ばらつき": "0.09",
                "周辺状況": "",
                "備考": "",
                "継続観察登録地点": ""
            }
        },
        {
            "type": "Feature",
            "geometry": {
                "type": "Point",
                "coordinates": [
                    137.94305556,
                    36.23555556
                ]
            },
            "properties": {
                "調査時期": "2024_W",
                "都道府県": "長野県",
                "市区町村": "松本市",
                "撮影場所": "",
                "撮影日時": "2024-01-06T19:56:00+09:00",
                "緯度": "36.23555556 ",
                "経度": "137.94305556 ",
                "夜空の明るさ": "18.22",
                "ばらつき": "0.10",
                "周辺状況": "",
                "備考": "",
                "継続観察登録地点": ""
            }
        },
        {
            "type": "Feature",
            "geometry": {
                "type": "Point",
                "coordinates": [
                    137.95611111,
                    36.22638889
                ]
            },
            "properties": {
                "調査時期": "2024_W",
                "都道府県": "長野県",
                "市区町村": "松本市",
                "撮影場所": "",
                "撮影日時": "2024-01-09T18:43:00+09:00",
                "緯度": "36.22638889 ",
                "経度": "137.95611111 ",
                "夜空の明るさ": "18.11",
                "ばらつき": "0.12",
                "周辺状況": "",
                "備考": "",
                "継続観察登録地点": ""
            }
        },
        {
            "type": "Feature",
            "geometry": {
                "type": "Point",
                "coordinates": [
                    137.94888889,
                    36.22916667
                ]
            },
            "properties": {
                "調査時期": "2024_W",
                "都道府県": "長野県",
                "市区町村": "松本市",
                "撮影場所": "",
                "撮影日時": "2024-01-09T18:52:00+09:00",
                "緯度": "36.22916667 ",
                "経度": "137.94888889 ",
                "夜空の明るさ": "18.41",
                "ばらつき": "0.11",
                "周辺状況": "",
                "備考": "",
                "継続観察登録地点": ""
            }
        },
        {
            "type": "Feature",
            "geometry": {
                "type": "Point",
                "coordinates": [
                    137.94194444,
                    36.22722222
                ]
            },
            "properties": {
                "調査時期": "2024_W",
                "都道府県": "長野県",
                "市区町村": "松本市",
                "撮影場所": "",
                "撮影日時": "2024-01-09T18:58:00+09:00",
                "緯度": "36.22722222 ",
                "経度": "137.94194444 ",
                "夜空の明るさ": "18.67",
                "ばらつき": "0.09",
                "周辺状況": "",
                "備考": "",
                "継続観察登録地点": ""
            }
        },
        {
            "type": "Feature",
            "geometry": {
                "type": "Point",
                "coordinates": [
                    137.92361111,
                    36.225
                ]
            },
            "properties": {
                "調査時期": "2024_W",
                "都道府県": "長野県",
                "市区町村": "松本市",
                "撮影場所": "",
                "撮影日時": "2024-01-09T19:07:00+09:00",
                "緯度": "36.22500000 ",
                "経度": "137.92361111 ",
                "夜空の明るさ": "18.76",
                "ばらつき": "0.17",
                "周辺状況": "",
                "備考": "",
                "継続観察登録地点": ""
            }
        },
        {
            "type": "Feature",
            "geometry": {
                "type": "Point",
                "coordinates": [
                    137.91305556,
                    36.21972222
                ]
            },
            "properties": {
                "調査時期": "2024_W",
                "都道府県": "長野県",
                "市区町村": "松本市",
                "撮影場所": "",
                "撮影日時": "2024-01-09T19:15:00+09:00",
                "緯度": "36.21972222 ",
                "経度": "137.91305556 ",
                "夜空の明るさ": "19.06",
                "ばらつき": "0.10",
                "周辺状況": "",
                "備考": "",
                "継続観察登録地点": ""
            }
        },
        {
            "type": "Feature",
            "geometry": {
                "type": "Point",
                "coordinates": [
                    137.90555556,
                    36.21611111
                ]
            },
            "properties": {
                "調査時期": "2024_W",
                "都道府県": "長野県",
                "市区町村": "松本市",
                "撮影場所": "",
                "撮影日時": "2024-01-09T19:22:00+09:00",
                "緯度": "36.21611111 ",
                "経度": "137.90555556 ",
                "夜空の明るさ": "19.03",
                "ばらつき": "0.15",
                "周辺状況": "",
                "備考": "",
                "継続観察登録地点": ""
            }
        },
        {
            "type": "Feature",
            "geometry": {
                "type": "Point",
                "coordinates": [
                    137.89194444,
                    36.21222222
                ]
            },
            "properties": {
                "調査時期": "2024_W",
                "都道府県": "長野県",
                "市区町村": "松本市",
                "撮影場所": "",
                "撮影日時": "2024-01-09T19:34:00+09:00",
                "緯度": "36.21222222 ",
                "経度": "137.89194444 ",
                "夜空の明るさ": "19.43",
                "ばらつき": "0.11",
                "周辺状況": "",
                "備考": "",
                "継続観察登録地点": ""
            }
        },
        {
            "type": "Feature",
            "geometry": {
                "type": "Point",
                "coordinates": [
                    137.8825,
                    36.20805556
                ]
            },
            "properties": {
                "調査時期": "2024_W",
                "都道府県": "長野県",
                "市区町村": "松本市",
                "撮影場所": "",
                "撮影日時": "2024-01-09T19:42:00+09:00",
                "緯度": "36.20805556 ",
                "経度": "137.88250000 ",
                "夜空の明るさ": "18.93",
                "ばらつき": "0.13",
                "周辺状況": "",
                "備考": "",
                "継続観察登録地点": ""
            }
        },
        {
            "type": "Feature",
            "geometry": {
                "type": "Point",
                "coordinates": [
                    137.8725,
                    36.20555556
                ]
            },
            "properties": {
                "調査時期": "2024_W",
                "都道府県": "長野県",
                "市区町村": "松本市",
                "撮影場所": "",
                "撮影日時": "2024-01-09T19:51:00+09:00",
                "緯度": "36.20555556 ",
                "経度": "137.87250000 ",
                "夜空の明るさ": "19.33",
                "ばらつき": "0.12",
                "周辺状況": "",
                "備考": "",
                "継続観察登録地点": ""
            }
        },
        {
            "type": "Feature",
            "geometry": {
                "type": "Point",
                "coordinates": [
                    137.85916667,
                    36.20111111
                ]
            },
            "properties": {
                "調査時期": "2024_W",
                "都道府県": "長野県",
                "市区町村": "松本市",
                "撮影場所": "",
                "撮影日時": "2024-01-09T20:00:00+09:00",
                "緯度": "36.20111111 ",
                "経度": "137.85916667 ",
                "夜空の明るさ": "19.38",
                "ばらつき": "0.13",
                "周辺状況": "",
                "備考": "",
                "継続観察登録地点": ""
            }
        },
        {
            "type": "Feature",
            "geometry": {
                "type": "Point",
                "coordinates": [
                    137.84027778,
                    36.19527778
                ]
            },
            "properties": {
                "調査時期": "2024_W",
                "都道府県": "長野県",
                "市区町村": "松本市",
                "撮影場所": "",
                "撮影日時": "2024-01-09T20:10:00+09:00",
                "緯度": "36.19527778 ",
                "経度": "137.84027778 ",
                "夜空の明るさ": "19.61",
                "ばらつき": "0.15",
                "周辺状況": "",
                "備考": "",
                "継続観察登録地点": ""
            }
        },
        {
            "type": "Feature",
            "geometry": {
                "type": "Point",
                "coordinates": [
                    137.82305556,
                    36.19138889
                ]
            },
            "properties": {
                "調査時期": "2024_W",
                "都道府県": "長野県",
                "市区町村": "松本市",
                "撮影場所": "",
                "撮影日時": "2024-01-09T20:19:00+09:00",
                "緯度": "36.19138889 ",
                "経度": "137.82305556 ",
                "夜空の明るさ": "18.59",
                "ばらつき": "0.16",
                "周辺状況": "",
                "備考": "",
                "継続観察登録地点": ""
            }
        },
        {
            "type": "Feature",
            "geometry": {
                "type": "Point",
                "coordinates": [
                    138.21861111,
                    36.35111111
                ]
            },
            "properties": {
                "調査時期": "2024_W",
                "都道府県": "長野県",
                "市区町村": "上田市",
                "撮影場所": "古安曽観測所前",
                "撮影日時": "2024-01-05T20:24:00+09:00",
                "緯度": "36.35111111 ",
                "経度": "138.21861111 ",
                "夜空の明るさ": "20.02",
                "ばらつき": "0.12",
                "周辺状況": "農業地域",
                "備考": "",
                "継続観察登録地点": "○"
            }
        },
        {
            "type": "Feature",
            "geometry": {
                "type": "Point",
                "coordinates": [
                    138.30111111,
                    36.34138889
                ]
            },
            "properties": {
                "調査時期": "2024_W",
                "都道府県": "長野県",
                "市区町村": "上田市",
                "撮影場所": "",
                "撮影日時": "2024-01-05T19:55:00+09:00",
                "緯度": "36.34138889 ",
                "経度": "138.30111111 ",
                "夜空の明るさ": "19.93",
                "ばらつき": "0.10",
                "周辺状況": "",
                "備考": "",
                "継続観察登録地点": ""
            }
        },
        {
            "type": "Feature",
            "geometry": {
                "type": "Point",
                "coordinates": [
                    138.22833333,
                    36.40333333
                ]
            },
            "properties": {
                "調査時期": "2024_W",
                "都道府県": "長野県",
                "市区町村": "上田市",
                "撮影場所": "上田千曲高校周辺",
                "撮影日時": "2024-01-11T20:17:00+09:00",
                "緯度": "36.40333333 ",
                "経度": "138.22833333 ",
                "夜空の明るさ": "19.19",
                "ばらつき": "0.09",
                "周辺状況": "住宅地域",
                "備考": "",
                "継続観察登録地点": "○"
            }
        },
        {
            "type": "Feature",
            "geometry": {
                "type": "Point",
                "coordinates": [
                    138.01694444,
                    36.06361111
                ]
            },
            "properties": {
                "調査時期": "2024_W",
                "都道府県": "長野県",
                "市区町村": "岡谷市",
                "撮影場所": "塩嶺王城パーク駐車場",
                "撮影日時": "2024-01-07T18:34:00+09:00",
                "緯度": "36.06361111 ",
                "経度": "138.01694444 ",
                "夜空の明るさ": "19.49",
                "ばらつき": "0.15",
                "周辺状況": "自然公園等",
                "備考": "",
                "継続観察登録地点": "○"
            }
        },
        {
            "type": "Feature",
            "geometry": {
                "type": "Point",
                "coordinates": [
                    138.04972222,
                    36.06722222
                ]
            },
            "properties": {
                "調査時期": "2024_W",
                "都道府県": "長野県",
                "市区町村": "岡谷市",
                "撮影場所": "",
                "撮影日時": "2024-01-08T20:16:00+09:00",
                "緯度": "36.06722222 ",
                "経度": "138.04972222 ",
                "夜空の明るさ": "19.05",
                "ばらつき": "0.09",
                "周辺状況": "",
                "備考": "",
                "継続観察登録地点": ""
            }
        },
        {
            "type": "Feature",
            "geometry": {
                "type": "Point",
                "coordinates": [
                    138.02472222,
                    36.03833333
                ]
            },
            "properties": {
                "調査時期": "2024_W",
                "都道府県": "長野県",
                "市区町村": "岡谷市",
                "撮影場所": "",
                "撮影日時": "2024-01-14T20:19:00+09:00",
                "緯度": "36.03833333 ",
                "経度": "138.02472222 ",
                "夜空の明るさ": "19.77",
                "ばらつき": "0.18",
                "周辺状況": "",
                "備考": "",
                "継続観察登録地点": ""
            }
        },
        {
            "type": "Feature",
            "geometry": {
                "type": "Point",
                "coordinates": [
                    137.88361111,
                    35.45
                ]
            },
            "properties": {
                "調査時期": "2024_W",
                "都道府県": "長野県",
                "市区町村": "飯田市",
                "撮影場所": "",
                "撮影日時": "2024-01-09T20:37:00+09:00",
                "緯度": "35.45000000 ",
                "経度": "137.88361111 ",
                "夜空の明るさ": "20.79",
                "ばらつき": "0.09",
                "周辺状況": "",
                "備考": "",
                "継続観察登録地点": ""
            }
        },
        {
            "type": "Feature",
            "geometry": {
                "type": "Point",
                "coordinates": [
                    137.76583333,
                    35.46694444
                ]
            },
            "properties": {
                "調査時期": "2024_W",
                "都道府県": "長野県",
                "市区町村": "飯田市",
                "撮影場所": "",
                "撮影日時": "2024-01-11T19:02:00+09:00",
                "緯度": "35.46694444 ",
                "経度": "137.76583333 ",
                "夜空の明るさ": "20.37",
                "ばらつき": "0.08",
                "周辺状況": "",
                "備考": "",
                "継続観察登録地点": ""
            }
        },
        {
            "type": "Feature",
            "geometry": {
                "type": "Point",
                "coordinates": [
                    137.81638889,
                    35.44527778
                ]
            },
            "properties": {
                "調査時期": "2024_W",
                "都道府県": "長野県",
                "市区町村": "飯田市",
                "撮影場所": "",
                "撮影日時": "2024-01-11T18:40:00+09:00",
                "緯度": "35.44527778 ",
                "経度": "137.81638889 ",
                "夜空の明るさ": "20.20",
                "ばらつき": "0.11",
                "周辺状況": "",
                "備考": "",
                "継続観察登録地点": ""
            }
        },
        {
            "type": "Feature",
            "geometry": {
                "type": "Point",
                "coordinates": [
                    137.8225,
                    35.45333333
                ]
            },
            "properties": {
                "調査時期": "2024_W",
                "都道府県": "長野県",
                "市区町村": "飯田市",
                "撮影場所": "",
                "撮影日時": "2024-01-11T18:47:00+09:00",
                "緯度": "35.45333333 ",
                "経度": "137.82250000 ",
                "夜空の明るさ": "20.24",
                "ばらつき": "0.10",
                "周辺状況": "",
                "備考": "",
                "継続観察登録地点": ""
            }
        },
        {
            "type": "Feature",
            "geometry": {
                "type": "Point",
                "coordinates": [
                    137.82555556,
                    35.48361111
                ]
            },
            "properties": {
                "調査時期": "2024_W",
                "都道府県": "長野県",
                "市区町村": "飯田市",
                "撮影場所": "",
                "撮影日時": "2024-01-11T18:25:00+09:00",
                "緯度": "35.48361111 ",
                "経度": "137.82555556 ",
                "夜空の明るさ": "19.64",
                "ばらつき": "0.10",
                "周辺状況": "",
                "備考": "",
                "継続観察登録地点": ""
            }
        },
        {
            "type": "Feature",
            "geometry": {
                "type": "Point",
                "coordinates": [
                    137.85388889,
                    35.5325
                ]
            },
            "properties": {
                "調査時期": "2024_W",
                "都道府県": "長野県",
                "市区町村": "飯田市",
                "撮影場所": "",
                "撮影日時": "2024-01-13T18:41:00+09:00",
                "緯度": "35.53250000 ",
                "経度": "137.85388889 ",
                "夜空の明るさ": "19.50",
                "ばらつき": "0.10",
                "周辺状況": "",
                "備考": "",
                "継続観察登録地点": ""
            }
        },
        {
            "type": "Feature",
            "geometry": {
                "type": "Point",
                "coordinates": [
                    138.16861111,
                    36.09805556
                ]
            },
            "properties": {
                "調査時期": "2024_W",
                "都道府県": "長野県",
                "市区町村": "諏訪市",
                "撮影場所": "長野県霧ヶ峰自然保護センター",
                "撮影日時": "2024-01-02T18:38:00+09:00",
                "緯度": "36.09805556 ",
                "経度": "138.16861111 ",
                "夜空の明るさ": "20.78",
                "ばらつき": "0.08",
                "周辺状況": "自然公園等",
                "備考": "",
                "継続観察登録地点": "○"
            }
        },
        {
            "type": "Feature",
            "geometry": {
                "type": "Point",
                "coordinates": [
                    138.18722222,
                    36.10388889
                ]
            },
            "properties": {
                "調査時期": "2024_W",
                "都道府県": "長野県",
                "市区町村": "諏訪市",
                "撮影場所": "諏訪市四賀霧ヶ峰車山肩",
                "撮影日時": "2024-01-04T19:39:00+09:00",
                "緯度": "36.10388889 ",
                "経度": "138.18722222 ",
                "夜空の明るさ": "19.61",
                "ばらつき": "0.09",
                "周辺状況": "自然公園等",
                "備考": "",
                "継続観察登録地点": "○"
            }
        },
        {
            "type": "Feature",
            "geometry": {
                "type": "Point",
                "coordinates": [
                    138.18722222,
                    36.10388889
                ]
            },
            "properties": {
                "調査時期": "2024_W",
                "都道府県": "長野県",
                "市区町村": "諏訪市",
                "撮影場所": "諏訪市四賀霧ヶ峰車山肩",
                "撮影日時": "2024-01-02T19:00:00+09:00",
                "緯度": "36.10388889 ",
                "経度": "138.18722222 ",
                "夜空の明るさ": "20.94",
                "ばらつき": "0.07",
                "周辺状況": "自然公園等",
                "備考": "",
                "継続観察登録地点": "○"
            }
        },
        {
            "type": "Feature",
            "geometry": {
                "type": "Point",
                "coordinates": [
                    138.16861111,
                    36.09805556
                ]
            },
            "properties": {
                "調査時期": "2024_W",
                "都道府県": "長野県",
                "市区町村": "諏訪市",
                "撮影場所": "長野県霧ヶ峰自然保護センター",
                "撮影日時": "2024-01-04T19:24:00+09:00",
                "緯度": "36.09805556 ",
                "経度": "138.16861111 ",
                "夜空の明るさ": "20.72",
                "ばらつき": "0.10",
                "周辺状況": "自然公園等",
                "備考": "",
                "継続観察登録地点": "○"
            }
        },
        {
            "type": "Feature",
            "geometry": {
                "type": "Point",
                "coordinates": [
                    138.11,
                    36.04444444
                ]
            },
            "properties": {
                "調査時期": "2024_W",
                "都道府県": "長野県",
                "市区町村": "諏訪市",
                "撮影場所": "",
                "撮影日時": "2024-01-08T19:16:00+09:00",
                "緯度": "36.04444444 ",
                "経度": "138.11000000 ",
                "夜空の明るさ": "19.37",
                "ばらつき": "0.10",
                "周辺状況": "",
                "備考": "",
                "継続観察登録地点": ""
            }
        },
        {
            "type": "Feature",
            "geometry": {
                "type": "Point",
                "coordinates": [
                    138.12222222,
                    36.05305556
                ]
            },
            "properties": {
                "調査時期": "2024_W",
                "都道府県": "長野県",
                "市区町村": "諏訪市",
                "撮影場所": "",
                "撮影日時": "2024-01-08T19:39:00+09:00",
                "緯度": "36.05305556 ",
                "経度": "138.12222222 ",
                "夜空の明るさ": "19.81",
                "ばらつき": "0.08",
                "周辺状況": "",
                "備考": "",
                "継続観察登録地点": ""
            }
        },
        {
            "type": "Feature",
            "geometry": {
                "type": "Point",
                "coordinates": [
                    138.09,
                    36.0275
                ]
            },
            "properties": {
                "調査時期": "2024_W",
                "都道府県": "長野県",
                "市区町村": "諏訪市",
                "撮影場所": "",
                "撮影日時": "2024-01-09T18:55:00+09:00",
                "緯度": "36.02750000 ",
                "経度": "138.09000000 ",
                "夜空の明るさ": "19.23",
                "ばらつき": "0.09",
                "周辺状況": "",
                "備考": "",
                "継続観察登録地点": ""
            }
        },
        {
            "type": "Feature",
            "geometry": {
                "type": "Point",
                "coordinates": [
                    138.3575,
                    36.55583333
                ]
            },
            "properties": {
                "調査時期": "2024_W",
                "都道府県": "長野県",
                "市区町村": "須坂市",
                "撮影場所": "峰の原高原　サンセットテラス",
                "撮影日時": "2024-01-09T19:51:00+09:00",
                "緯度": "36.55583333 ",
                "経度": "138.35750000 ",
                "夜空の明るさ": "18.62",
                "ばらつき": "0.15",
                "周辺状況": "自然公園等",
                "備考": "",
                "継続観察登録地点": "○"
            }
        },
        {
            "type": "Feature",
            "geometry": {
                "type": "Point",
                "coordinates": [
                    138.3575,
                    36.55555556
                ]
            },
            "properties": {
                "調査時期": "2024_W",
                "都道府県": "長野県",
                "市区町村": "須坂市",
                "撮影場所": "峰の原高原　サンセットテラス",
                "撮影日時": "2024-01-08T21:51:00+09:00",
                "緯度": "36.55555556 ",
                "経度": "138.35750000 ",
                "夜空の明るさ": "20.64",
                "ばらつき": "0.11",
                "周辺状況": "自然公園等",
                "備考": "参考値（時間外）",
                "継続観察登録地点": "○"
            }
        },
        {
            "type": "Feature",
            "geometry": {
                "type": "Point",
                "coordinates": [
                    138.3575,
                    36.55555556
                ]
            },
            "properties": {
                "調査時期": "2024_W",
                "都道府県": "長野県",
                "市区町村": "須坂市",
                "撮影場所": "峰の原高原　サンセットテラス",
                "撮影日時": "2024-01-14T19:05:00+09:00",
                "緯度": "36.55555556 ",
                "経度": "138.35750000 ",
                "夜空の明るさ": "20.48",
                "ばらつき": "0.08",
                "周辺状況": "自然公園等",
                "備考": "",
                "継続観察登録地点": "○"
            }
        },
        {
            "type": "Feature",
            "geometry": {
                "type": "Point",
                "coordinates": [
                    138.40611111,
                    36.29833333
                ]
            },
            "properties": {
                "調査時期": "2024_W",
                "都道府県": "長野県",
                "市区町村": "小諸市",
                "撮影場所": "",
                "撮影日時": "2024-01-04T18:18:00+09:00",
                "緯度": "36.29833333 ",
                "経度": "138.40611111 ",
                "夜空の明るさ": "20.03",
                "ばらつき": "0.09",
                "周辺状況": "",
                "備考": "",
                "継続観察登録地点": ""
            }
        },
        {
            "type": "Feature",
            "geometry": {
                "type": "Point",
                "coordinates": [
                    138.42111111,
                    36.34194444
                ]
            },
            "properties": {
                "調査時期": "2024_W",
                "都道府県": "長野県",
                "市区町村": "小諸市",
                "撮影場所": "",
                "撮影日時": "2024-01-05T19:01:00+09:00",
                "緯度": "36.34194444 ",
                "経度": "138.42111111 ",
                "夜空の明るさ": "19.85",
                "ばらつき": "0.09",
                "周辺状況": "",
                "備考": "",
                "継続観察登録地点": ""
            }
        },
        {
            "type": "Feature",
            "geometry": {
                "type": "Point",
                "coordinates": [
                    137.94472222,
                    35.83944444
                ]
            },
            "properties": {
                "調査時期": "2024_W",
                "都道府県": "長野県",
                "市区町村": "伊那市",
                "撮影場所": "長野県伊那文化会館",
                "撮影日時": "2024-01-05T19:20:00+09:00",
                "緯度": "35.83944444 ",
                "経度": "137.94472222 ",
                "夜空の明るさ": "19.33",
                "ばらつき": "0.14",
                "周辺状況": "住宅地域",
                "備考": "",
                "継続観察登録地点": "○"
            }
        },
        {
            "type": "Feature",
            "geometry": {
                "type": "Point",
                "coordinates": [
                    137.93694444,
                    35.81944444
                ]
            },
            "properties": {
                "調査時期": "2024_W",
                "都道府県": "長野県",
                "市区町村": "伊那市",
                "撮影場所": "伊那市 西春近北小学校グランド",
                "撮影日時": "2024-01-05T19:35:00+09:00",
                "緯度": "35.81944444 ",
                "経度": "137.93694444 ",
                "夜空の明るさ": "19.76",
                "ばらつき": "0.09",
                "周辺状況": "農業地域",
                "備考": "",
                "継続観察登録地点": "○"
            }
        },
        {
            "type": "Feature",
            "geometry": {
                "type": "Point",
                "coordinates": [
                    138.03638889,
                    35.84416667
                ]
            },
            "properties": {
                "調査時期": "2024_W",
                "都道府県": "長野県",
                "市区町村": "伊那市",
                "撮影場所": "",
                "撮影日時": "2024-01-09T18:39:00+09:00",
                "緯度": "35.84416667 ",
                "経度": "138.03638889 ",
                "夜空の明るさ": "20.29",
                "ばらつき": "0.18",
                "周辺状況": "",
                "備考": "",
                "継続観察登録地点": ""
            }
        },
        {
            "type": "Feature",
            "geometry": {
                "type": "Point",
                "coordinates": [
                    138.08277778,
                    35.79416667
                ]
            },
            "properties": {
                "調査時期": "2024_W",
                "都道府県": "長野県",
                "市区町村": "伊那市",
                "撮影場所": "",
                "撮影日時": "2024-01-09T19:13:00+09:00",
                "緯度": "35.79416667 ",
                "経度": "138.08277778 ",
                "夜空の明るさ": "20.71",
                "ばらつき": "0.17",
                "周辺状況": "",
                "備考": "",
                "継続観察登録地点": ""
            }
        },
        {
            "type": "Feature",
            "geometry": {
                "type": "Point",
                "coordinates": [
                    137.92055556,
                    35.87777778
                ]
            },
            "properties": {
                "調査時期": "2024_W",
                "都道府県": "長野県",
                "市区町村": "伊那市",
                "撮影場所": "",
                "撮影日時": "2024-01-14T20:03:00+09:00",
                "緯度": "35.87777778 ",
                "経度": "137.92055556 ",
                "夜空の明るさ": "19.68",
                "ばらつき": "0.18",
                "周辺状況": "",
                "備考": "",
                "継続観察登録地点": ""
            }
        },
        {
            "type": "Feature",
            "geometry": {
                "type": "Point",
                "coordinates": [
                    137.99222222,
                    35.8125
                ]
            },
            "properties": {
                "調査時期": "2024_W",
                "都道府県": "長野県",
                "市区町村": "伊那市",
                "撮影場所": "",
                "撮影日時": "2024-01-14T18:43:00+09:00",
                "緯度": "35.81250000 ",
                "経度": "137.99222222 ",
                "夜空の明るさ": "20.13",
                "ばらつき": "0.08",
                "周辺状況": "",
                "備考": "",
                "継続観察登録地点": ""
            }
        },
        {
            "type": "Feature",
            "geometry": {
                "type": "Point",
                "coordinates": [
                    138.03333333,
                    35.80638889
                ]
            },
            "properties": {
                "調査時期": "2024_W",
                "都道府県": "長野県",
                "市区町村": "伊那市",
                "撮影場所": "",
                "撮影日時": "2024-01-14T19:03:00+09:00",
                "緯度": "35.80638889 ",
                "経度": "138.03333333 ",
                "夜空の明るさ": "20.49",
                "ばらつき": "0.12",
                "周辺状況": "",
                "備考": "",
                "継続観察登録地点": ""
            }
        },
        {
            "type": "Feature",
            "geometry": {
                "type": "Point",
                "coordinates": [
                    137.92722222,
                    35.87416667
                ]
            },
            "properties": {
                "調査時期": "2024_W",
                "都道府県": "長野県",
                "市区町村": "伊那市",
                "撮影場所": "伊那市西箕輪 中条地区",
                "撮影日時": "2024-01-05T20:22:00+09:00",
                "緯度": "35.87416667 ",
                "経度": "137.92722222 ",
                "夜空の明るさ": "20.33",
                "ばらつき": "0.09",
                "周辺状況": "農業地域",
                "備考": "",
                "継続観察登録地点": "○"
            }
        },
        {
            "type": "Feature",
            "geometry": {
                "type": "Point",
                "coordinates": [
                    138.07138889,
                    35.72361111
                ]
            },
            "properties": {
                "調査時期": "2024_W",
                "都道府県": "長野県",
                "市区町村": "伊那市",
                "撮影場所": "",
                "撮影日時": "2024-01-11T18:22:00+09:00",
                "緯度": "35.72361111 ",
                "経度": "138.07138889 ",
                "夜空の明るさ": "20.95",
                "ばらつき": "0.07",
                "周辺状況": "",
                "備考": "",
                "継続観察登録地点": ""
            }
        },
        {
            "type": "Feature",
            "geometry": {
                "type": "Point",
                "coordinates": [
                    138.07472222,
                    35.76833333
                ]
            },
            "properties": {
                "調査時期": "2024_W",
                "都道府県": "長野県",
                "市区町村": "伊那市",
                "撮影場所": "",
                "撮影日時": "2024-01-11T18:33:00+09:00",
                "緯度": "35.76833333 ",
                "経度": "138.07472222 ",
                "夜空の明るさ": "20.86",
                "ばらつき": "0.09",
                "周辺状況": "",
                "備考": "",
                "継続観察登録地点": ""
            }
        },
        {
            "type": "Feature",
            "geometry": {
                "type": "Point",
                "coordinates": [
                    138.08222222,
                    35.79194444
                ]
            },
            "properties": {
                "調査時期": "2024_W",
                "都道府県": "長野県",
                "市区町村": "伊那市",
                "撮影場所": "",
                "撮影日時": "2024-01-11T18:41:00+09:00",
                "緯度": "35.79194444 ",
                "経度": "138.08222222 ",
                "夜空の明るさ": "20.78",
                "ばらつき": "0.06",
                "周辺状況": "",
                "備考": "",
                "継続観察登録地点": ""
            }
        },
        {
            "type": "Feature",
            "geometry": {
                "type": "Point",
                "coordinates": [
                    138.05305556,
                    35.83666667
                ]
            },
            "properties": {
                "調査時期": "2024_W",
                "都道府県": "長野県",
                "市区町村": "伊那市",
                "撮影場所": "",
                "撮影日時": "2024-01-11T18:56:00+09:00",
                "緯度": "35.83666667 ",
                "経度": "138.05305556 ",
                "夜空の明るさ": "20.30",
                "ばらつき": "0.09",
                "周辺状況": "",
                "備考": "",
                "継続観察登録地点": ""
            }
        },
        {
            "type": "Feature",
            "geometry": {
                "type": "Point",
                "coordinates": [
                    137.98305556,
                    35.7175
                ]
            },
            "properties": {
                "調査時期": "2024_W",
                "都道府県": "長野県",
                "市区町村": "駒ヶ根市",
                "撮影場所": "",
                "撮影日時": "2024-01-02T18:29:00+09:00",
                "緯度": "35.71750000 ",
                "経度": "137.98305556 ",
                "夜空の明るさ": "20.58",
                "ばらつき": "0.26",
                "周辺状況": "",
                "備考": "",
                "継続観察登録地点": ""
            }
        },
        {
            "type": "Feature",
            "geometry": {
                "type": "Point",
                "coordinates": [
                    137.93305556,
                    35.74444444
                ]
            },
            "properties": {
                "調査時期": "2024_W",
                "都道府県": "長野県",
                "市区町村": "駒ヶ根市",
                "撮影場所": "",
                "撮影日時": "2024-01-02T18:55:00+09:00",
                "緯度": "35.74444444 ",
                "経度": "137.93305556 ",
                "夜空の明るさ": "19.30",
                "ばらつき": "0.25",
                "周辺状況": "",
                "備考": "",
                "継続観察登録地点": ""
            }
        },
        {
            "type": "Feature",
            "geometry": {
                "type": "Point",
                "coordinates": [
                    137.90027778,
                    35.72972222
                ]
            },
            "properties": {
                "調査時期": "2024_W",
                "都道府県": "長野県",
                "市区町村": "駒ヶ根市",
                "撮影場所": "駒ヶ根高原家族旅行村アルプスの丘周辺",
                "撮影日時": "2024-01-02T19:19:00+09:00",
                "緯度": "35.72972222 ",
                "経度": "137.90027778 ",
                "夜空の明るさ": "20.47",
                "ばらつき": "0.09",
                "周辺状況": "自然公園等",
                "備考": "",
                "継続観察登録地点": "○"
            }
        },
        {
            "type": "Feature",
            "geometry": {
                "type": "Point",
                "coordinates": [
                    137.91,
                    35.72138889
                ]
            },
            "properties": {
                "調査時期": "2024_W",
                "都道府県": "長野県",
                "市区町村": "駒ヶ根市",
                "撮影場所": "日本電産長野技術研究開発センター周辺",
                "撮影日時": "2024-01-02T19:34:00+09:00",
                "緯度": "35.72138889 ",
                "経度": "137.91000000 ",
                "夜空の明るさ": "20.43",
                "ばらつき": "0.10",
                "周辺状況": "農業地域",
                "備考": "",
                "継続観察登録地点": "○"
            }
        },
        {
            "type": "Feature",
            "geometry": {
                "type": "Point",
                "coordinates": [
                    137.92638889,
                    35.71027778
                ]
            },
            "properties": {
                "調査時期": "2024_W",
                "都道府県": "長野県",
                "市区町村": "駒ヶ根市",
                "撮影場所": "長野県駒ヶ根工業高等学校周辺",
                "撮影日時": "2024-01-02T19:50:00+09:00",
                "緯度": "35.71027778 ",
                "経度": "137.92638889 ",
                "夜空の明るさ": "20.38",
                "ばらつき": "0.09",
                "周辺状況": "住宅地域",
                "備考": "",
                "継続観察登録地点": "○"
            }
        },
        {
            "type": "Feature",
            "geometry": {
                "type": "Point",
                "coordinates": [
                    137.98583333,
                    35.74472222
                ]
            },
            "properties": {
                "調査時期": "2024_W",
                "都道府県": "長野県",
                "市区町村": "駒ヶ根市",
                "撮影場所": "",
                "撮影日時": "2024-01-04T19:48:00+09:00",
                "緯度": "35.74472222 ",
                "経度": "137.98583333 ",
                "夜空の明るさ": "20.65",
                "ばらつき": "0.08",
                "周辺状況": "",
                "備考": "",
                "継続観察登録地点": ""
            }
        },
        {
            "type": "Feature",
            "geometry": {
                "type": "Point",
                "coordinates": [
                    137.87694444,
                    36.445
                ]
            },
            "properties": {
                "調査時期": "2024_W",
                "都道府県": "長野県",
                "市区町村": "大町市",
                "撮影場所": "大町市社 大町観測所",
                "撮影日時": "2024-01-05T18:52:00+09:00",
                "緯度": "36.44500000 ",
                "経度": "137.87694444 ",
                "夜空の明るさ": "20.67",
                "ばらつき": "0.11",
                "周辺状況": "農業地域",
                "備考": "",
                "継続観察登録地点": "○"
            }
        },
        {
            "type": "Feature",
            "geometry": {
                "type": "Point",
                "coordinates": [
                    137.85111111,
                    36.50194444
                ]
            },
            "properties": {
                "調査時期": "2024_W",
                "都道府県": "長野県",
                "市区町村": "大町市",
                "撮影場所": "大町市大町 大町市役所",
                "撮影日時": "2024-01-05T18:34:00+09:00",
                "緯度": "36.50194444 ",
                "経度": "137.85111111 ",
                "夜空の明るさ": "19.84",
                "ばらつき": "0.39",
                "周辺状況": "住宅地域",
                "備考": "",
                "継続観察登録地点": "○"
            }
        },
        {
            "type": "Feature",
            "geometry": {
                "type": "Point",
                "coordinates": [
                    137.83611111,
                    36.57277778
                ]
            },
            "properties": {
                "調査時期": "2024_W",
                "都道府県": "長野県",
                "市区町村": "大町市",
                "撮影場所": "",
                "撮影日時": "2024-01-04T18:17:00+09:00",
                "緯度": "36.57277778 ",
                "経度": "137.83611111 ",
                "夜空の明るさ": "20.78",
                "ばらつき": "0.08",
                "周辺状況": "",
                "備考": "",
                "継続観察登録地点": ""
            }
        },
        {
            "type": "Feature",
            "geometry": {
                "type": "Point",
                "coordinates": [
                    138.15944444,
                    35.99583333
                ]
            },
            "properties": {
                "調査時期": "2024_W",
                "都道府県": "長野県",
                "市区町村": "茅野市",
                "撮影場所": "",
                "撮影日時": "2024-01-09T19:23:00+09:00",
                "緯度": "35.99583333 ",
                "経度": "138.15944444 ",
                "夜空の明るさ": "18.84",
                "ばらつき": "0.09",
                "周辺状況": "",
                "備考": "",
                "継続観察登録地点": ""
            }
        },
        {
            "type": "Feature",
            "geometry": {
                "type": "Point",
                "coordinates": [
                    138.17916667,
                    36.00638889
                ]
            },
            "properties": {
                "調査時期": "2024_W",
                "都道府県": "長野県",
                "市区町村": "茅野市",
                "撮影場所": "",
                "撮影日時": "2024-01-09T19:38:00+09:00",
                "緯度": "36.00638889 ",
                "経度": "138.17916667 ",
                "夜空の明るさ": "19.39",
                "ばらつき": "0.10",
                "周辺状況": "",
                "備考": "",
                "継続観察登録地点": ""
            }
        },
        {
            "type": "Feature",
            "geometry": {
                "type": "Point",
                "coordinates": [
                    138.23055556,
                    36.01305556
                ]
            },
            "properties": {
                "調査時期": "2024_W",
                "都道府県": "長野県",
                "市区町村": "茅野市",
                "撮影場所": "",
                "撮影日時": "2024-01-09T20:11:00+09:00",
                "緯度": "36.01305556 ",
                "経度": "138.23055556 ",
                "夜空の明るさ": "20.38",
                "ばらつき": "0.07",
                "周辺状況": "",
                "備考": "",
                "継続観察登録地点": ""
            }
        },
        {
            "type": "Feature",
            "geometry": {
                "type": "Point",
                "coordinates": [
                    137.9375,
                    36.13888889
                ]
            },
            "properties": {
                "調査時期": "2024_W",
                "都道府県": "長野県",
                "市区町村": "塩尻市",
                "撮影場所": "堅石公民館",
                "撮影日時": "2024-01-05T19:54:00+09:00",
                "緯度": "36.13888889 ",
                "経度": "137.93750000 ",
                "夜空の明るさ": "18.60",
                "ばらつき": "0.06",
                "周辺状況": "農業地域",
                "備考": "",
                "継続観察登録地点": "○"
            }
        },
        {
            "type": "Feature",
            "geometry": {
                "type": "Point",
                "coordinates": [
                    137.92194444,
                    36.15666667
                ]
            },
            "properties": {
                "調査時期": "2024_W",
                "都道府県": "長野県",
                "市区町村": "塩尻市",
                "撮影場所": "信州スカイパーク",
                "撮影日時": "2024-01-06T18:49:00+09:00",
                "緯度": "36.15666667 ",
                "経度": "137.92194444 ",
                "夜空の明るさ": "19.94",
                "ばらつき": "0.14",
                "周辺状況": "自然公園等",
                "備考": "",
                "継続観察登録地点": "○"
            }
        },
        {
            "type": "Feature",
            "geometry": {
                "type": "Point",
                "coordinates": [
                    137.94638889,
                    36.16472222
                ]
            },
            "properties": {
                "調査時期": "2024_W",
                "都道府県": "長野県",
                "市区町村": "塩尻市",
                "撮影場所": "長者原公園",
                "撮影日時": "2024-01-06T19:04:00+09:00",
                "緯度": "36.16472222 ",
                "経度": "137.94638889 ",
                "夜空の明るさ": "18.47",
                "ばらつき": "0.17",
                "周辺状況": "住宅地域",
                "備考": "",
                "継続観察登録地点": "○"
            }
        },
        {
            "type": "Feature",
            "geometry": {
                "type": "Point",
                "coordinates": [
                    137.94638889,
                    36.15388889
                ]
            },
            "properties": {
                "調査時期": "2024_W",
                "都道府県": "長野県",
                "市区町村": "塩尻市",
                "撮影場所": "広丘小学校校庭",
                "撮影日時": "2024-01-06T19:18:00+09:00",
                "緯度": "36.15388889 ",
                "経度": "137.94638889 ",
                "夜空の明るさ": "19.09",
                "ばらつき": "0.09",
                "周辺状況": "住宅地域",
                "備考": "",
                "継続観察登録地点": "○"
            }
        },
        {
            "type": "Feature",
            "geometry": {
                "type": "Point",
                "coordinates": [
                    137.9375,
                    36.13888889
                ]
            },
            "properties": {
                "調査時期": "2024_W",
                "都道府県": "長野県",
                "市区町村": "塩尻市",
                "撮影場所": "堅石公民館",
                "撮影日時": "2024-01-06T19:28:00+09:00",
                "緯度": "36.13888889 ",
                "経度": "137.93750000 ",
                "夜空の明るさ": "18.26",
                "ばらつき": "0.28",
                "周辺状況": "農業地域",
                "備考": "",
                "継続観察登録地点": "○"
            }
        },
        {
            "type": "Feature",
            "geometry": {
                "type": "Point",
                "coordinates": [
                    137.91416667,
                    36.11388889
                ]
            },
            "properties": {
                "調査時期": "2024_W",
                "都道府県": "長野県",
                "市区町村": "塩尻市",
                "撮影場所": "洗馬小学校校庭",
                "撮影日時": "2024-01-06T19:41:00+09:00",
                "緯度": "36.11388889 ",
                "経度": "137.91416667 ",
                "夜空の明るさ": "19.31",
                "ばらつき": "0.36",
                "周辺状況": "農業地域",
                "備考": "",
                "継続観察登録地点": "○"
            }
        },
        {
            "type": "Feature",
            "geometry": {
                "type": "Point",
                "coordinates": [
                    137.90638889,
                    36.13
                ]
            },
            "properties": {
                "調査時期": "2024_W",
                "都道府県": "長野県",
                "市区町村": "塩尻市",
                "撮影場所": "",
                "撮影日時": "2024-01-05T18:44:00+09:00",
                "緯度": "36.13000000 ",
                "経度": "137.90638889 ",
                "夜空の明るさ": "19.96",
                "ばらつき": "0.10",
                "周辺状況": "",
                "備考": "",
                "継続観察登録地点": ""
            }
        },
        {
            "type": "Feature",
            "geometry": {
                "type": "Point",
                "coordinates": [
                    137.95333333,
                    36.115
                ]
            },
            "properties": {
                "調査時期": "2024_W",
                "都道府県": "長野県",
                "市区町村": "塩尻市",
                "撮影場所": "塩尻市役所北側駐車場",
                "撮影日時": "2024-01-05T19:28:00+09:00",
                "緯度": "36.11500000 ",
                "経度": "137.95333333 ",
                "夜空の明るさ": "19.09",
                "ばらつき": "0.11",
                "周辺状況": "住宅地域",
                "備考": "",
                "継続観察登録地点": "○"
            }
        },
        {
            "type": "Feature",
            "geometry": {
                "type": "Point",
                "coordinates": [
                    137.975,
                    36.10111111
                ]
            },
            "properties": {
                "調査時期": "2024_W",
                "都道府県": "長野県",
                "市区町村": "塩尻市",
                "撮影場所": "塩尻東地区センター",
                "撮影日時": "2024-01-05T19:41:00+09:00",
                "緯度": "36.10111111 ",
                "経度": "137.97500000 ",
                "夜空の明るさ": "19.73",
                "ばらつき": "0.06",
                "周辺状況": "農業地域",
                "備考": "",
                "継続観察登録地点": "○"
            }
        },
        {
            "type": "Feature",
            "geometry": {
                "type": "Point",
                "coordinates": [
                    137.90055556,
                    36.06666667
                ]
            },
            "properties": {
                "調査時期": "2024_W",
                "都道府県": "長野県",
                "市区町村": "塩尻市",
                "撮影場所": "塩尻市本山",
                "撮影日時": "2024-01-08T18:28:00+09:00",
                "緯度": "36.06666667 ",
                "経度": "137.90055556 ",
                "夜空の明るさ": "20.48",
                "ばらつき": "0.09",
                "周辺状況": "農業地域",
                "備考": "",
                "継続観察登録地点": "○"
            }
        },
        {
            "type": "Feature",
            "geometry": {
                "type": "Point",
                "coordinates": [
                    137.94277778,
                    36.10416667
                ]
            },
            "properties": {
                "調査時期": "2024_W",
                "都道府県": "長野県",
                "市区町村": "塩尻市",
                "撮影場所": "平出遺跡公園",
                "撮影日時": "2024-01-08T18:47:00+09:00",
                "緯度": "36.10416667 ",
                "経度": "137.94277778 ",
                "夜空の明るさ": "19.99",
                "ばらつき": "0.11",
                "周辺状況": "自然公園等",
                "備考": "",
                "継続観察登録地点": "○"
            }
        },
        {
            "type": "Feature",
            "geometry": {
                "type": "Point",
                "coordinates": [
                    137.94833333,
                    36.11472222
                ]
            },
            "properties": {
                "調査時期": "2024_W",
                "都道府県": "長野県",
                "市区町村": "塩尻市",
                "撮影場所": "",
                "撮影日時": "2024-01-08T18:56:00+09:00",
                "緯度": "36.11472222 ",
                "経度": "137.94833333 ",
                "夜空の明るさ": "19.09",
                "ばらつき": "0.11",
                "周辺状況": "",
                "備考": "",
                "継続観察登録地点": ""
            }
        },
        {
            "type": "Feature",
            "geometry": {
                "type": "Point",
                "coordinates": [
                    137.95972222,
                    36.12888889
                ]
            },
            "properties": {
                "調査時期": "2024_W",
                "都道府県": "長野県",
                "市区町村": "塩尻市",
                "撮影場所": "",
                "撮影日時": "2024-01-08T19:09:00+09:00",
                "緯度": "36.12888889 ",
                "経度": "137.95972222 ",
                "夜空の明るさ": "19.36",
                "ばらつき": "0.08",
                "周辺状況": "",
                "備考": "",
                "継続観察登録地点": ""
            }
        },
        {
            "type": "Feature",
            "geometry": {
                "type": "Point",
                "coordinates": [
                    137.96416667,
                    36.14416667
                ]
            },
            "properties": {
                "調査時期": "2024_W",
                "都道府県": "長野県",
                "市区町村": "塩尻市",
                "撮影場所": "",
                "撮影日時": "2024-01-09T18:25:00+09:00",
                "緯度": "36.14416667 ",
                "経度": "137.96416667 ",
                "夜空の明るさ": "18.67",
                "ばらつき": "0.21",
                "周辺状況": "",
                "備考": "",
                "継続観察登録地点": ""
            }
        },
        {
            "type": "Feature",
            "geometry": {
                "type": "Point",
                "coordinates": [
                    138.01166667,
                    36.05916667
                ]
            },
            "properties": {
                "調査時期": "2024_W",
                "都道府県": "長野県",
                "市区町村": "塩尻市",
                "撮影場所": "塩嶺王城パーク駐車場",
                "撮影日時": "2024-01-08T18:16:00+09:00",
                "緯度": "36.05916667 ",
                "経度": "138.01166667 ",
                "夜空の明るさ": "20.09",
                "ばらつき": "0.11",
                "周辺状況": "自然公園等",
                "備考": "",
                "継続観察登録地点": "○"
            }
        },
        {
            "type": "Feature",
            "geometry": {
                "type": "Point",
                "coordinates": [
                    138.00416667,
                    36.07111111
                ]
            },
            "properties": {
                "調査時期": "2024_W",
                "都道府県": "長野県",
                "市区町村": "塩尻市",
                "撮影場所": "いこいの森公園",
                "撮影日時": "2024-01-08T18:30:00+09:00",
                "緯度": "36.07111111 ",
                "経度": "138.00416667 ",
                "夜空の明るさ": "20.21",
                "ばらつき": "0.09",
                "周辺状況": "自然公園等",
                "備考": "",
                "継続観察登録地点": "○"
            }
        },
        {
            "type": "Feature",
            "geometry": {
                "type": "Point",
                "coordinates": [
                    137.96861111,
                    36.05083333
                ]
            },
            "properties": {
                "調査時期": "2024_W",
                "都道府県": "長野県",
                "市区町村": "塩尻市",
                "撮影場所": "北小野地区センター",
                "撮影日時": "2024-01-08T18:50:00+09:00",
                "緯度": "36.05083333 ",
                "経度": "137.96861111 ",
                "夜空の明るさ": "20.27",
                "ばらつき": "0.07",
                "周辺状況": "農業地域",
                "備考": "",
                "継続観察登録地点": "○"
            }
        },
        {
            "type": "Feature",
            "geometry": {
                "type": "Point",
                "coordinates": [
                    137.97972222,
                    36.14416667
                ]
            },
            "properties": {
                "調査時期": "2024_W",
                "都道府県": "長野県",
                "市区町村": "塩尻市",
                "撮影場所": "片丘小学校東",
                "撮影日時": "2024-01-05T18:15:00+09:00",
                "緯度": "36.14416667 ",
                "経度": "137.97972222 ",
                "夜空の明るさ": "19.54",
                "ばらつき": "0.08",
                "周辺状況": "農業地域",
                "備考": "",
                "継続観察登録地点": "○"
            }
        },
        {
            "type": "Feature",
            "geometry": {
                "type": "Point",
                "coordinates": [
                    137.9425,
                    36.10444444
                ]
            },
            "properties": {
                "調査時期": "2024_W",
                "都道府県": "長野県",
                "市区町村": "塩尻市",
                "撮影場所": "平出遺跡公園",
                "撮影日時": "2024-01-08T18:15:00+09:00",
                "緯度": "36.10444444 ",
                "経度": "137.94250000 ",
                "夜空の明るさ": "19.58",
                "ばらつき": "0.12",
                "周辺状況": "自然公園等",
                "備考": "",
                "継続観察登録地点": "○"
            }
        },
        {
            "type": "Feature",
            "geometry": {
                "type": "Point",
                "coordinates": [
                    137.85916667,
                    36.01277778
                ]
            },
            "properties": {
                "調査時期": "2024_W",
                "都道府県": "長野県",
                "市区町村": "塩尻市",
                "撮影場所": "",
                "撮影日時": "2024-01-08T18:37:00+09:00",
                "緯度": "36.01277778 ",
                "経度": "137.85916667 ",
                "夜空の明るさ": "20.74",
                "ばらつき": "0.13",
                "周辺状況": "",
                "備考": "",
                "継続観察登録地点": ""
            }
        },
        {
            "type": "Feature",
            "geometry": {
                "type": "Point",
                "coordinates": [
                    137.8425,
                    35.98638889
                ]
            },
            "properties": {
                "調査時期": "2024_W",
                "都道府県": "長野県",
                "市区町村": "塩尻市",
                "撮影場所": "",
                "撮影日時": "2024-01-08T18:49:00+09:00",
                "緯度": "35.98638889 ",
                "経度": "137.84250000 ",
                "夜空の明るさ": "20.82",
                "ばらつき": "0.11",
                "周辺状況": "",
                "備考": "",
                "継続観察登録地点": ""
            }
        },
        {
            "type": "Feature",
            "geometry": {
                "type": "Point",
                "coordinates": [
                    137.80888889,
                    35.96027778
                ]
            },
            "properties": {
                "調査時期": "2024_W",
                "都道府県": "長野県",
                "市区町村": "塩尻市",
                "撮影場所": "",
                "撮影日時": "2024-01-08T18:58:00+09:00",
                "緯度": "35.96027778 ",
                "経度": "137.80888889 ",
                "夜空の明るさ": "20.89",
                "ばらつき": "0.10",
                "周辺状況": "",
                "備考": "",
                "継続観察登録地点": ""
            }
        },
        {
            "type": "Feature",
            "geometry": {
                "type": "Point",
                "coordinates": [
                    137.81027778,
                    35.93388889
                ]
            },
            "properties": {
                "調査時期": "2024_W",
                "都道府県": "長野県",
                "市区町村": "塩尻市",
                "撮影場所": "奈良井ダム",
                "撮影日時": "2024-01-08T19:08:00+09:00",
                "緯度": "35.93388889 ",
                "経度": "137.81027778 ",
                "夜空の明るさ": "21.11",
                "ばらつき": "0.10",
                "周辺状況": "森林山間地",
                "備考": "",
                "継続観察登録地点": "○"
            }
        },
        {
            "type": "Feature",
            "geometry": {
                "type": "Point",
                "coordinates": [
                    138.39888889,
                    36.26972222
                ]
            },
            "properties": {
                "調査時期": "2024_W",
                "都道府県": "長野県",
                "市区町村": "佐久市",
                "撮影場所": "",
                "撮影日時": "2024-01-04T18:43:00+09:00",
                "緯度": "36.26972222 ",
                "経度": "138.39888889 ",
                "夜空の明るさ": "20.21",
                "ばらつき": "0.07",
                "周辺状況": "",
                "備考": "",
                "継続観察登録地点": ""
            }
        },
        {
            "type": "Feature",
            "geometry": {
                "type": "Point",
                "coordinates": [
                    138.40416667,
                    36.25805556
                ]
            },
            "properties": {
                "調査時期": "2024_W",
                "都道府県": "長野県",
                "市区町村": "佐久市",
                "撮影場所": "",
                "撮影日時": "2024-01-04T18:58:00+09:00",
                "緯度": "36.25805556 ",
                "経度": "138.40416667 ",
                "夜空の明るさ": "20.11",
                "ばらつき": "0.12",
                "周辺状況": "",
                "備考": "",
                "継続観察登録地点": ""
            }
        },
        {
            "type": "Feature",
            "geometry": {
                "type": "Point",
                "coordinates": [
                    138.42916667,
                    36.24972222
                ]
            },
            "properties": {
                "調査時期": "2024_W",
                "都道府県": "長野県",
                "市区町村": "佐久市",
                "撮影場所": "",
                "撮影日時": "2024-01-04T19:12:00+09:00",
                "緯度": "36.24972222 ",
                "経度": "138.42916667 ",
                "夜空の明るさ": "19.99",
                "ばらつき": "0.08",
                "周辺状況": "",
                "備考": "",
                "継続観察登録地点": ""
            }
        },
        {
            "type": "Feature",
            "geometry": {
                "type": "Point",
                "coordinates": [
                    138.46833333,
                    36.23583333
                ]
            },
            "properties": {
                "調査時期": "2024_W",
                "都道府県": "長野県",
                "市区町村": "佐久市",
                "撮影場所": "",
                "撮影日時": "2024-01-04T19:30:00+09:00",
                "緯度": "36.23583333 ",
                "経度": "138.46833333 ",
                "夜空の明るさ": "19.78",
                "ばらつき": "0.08",
                "周辺状況": "",
                "備考": "",
                "継続観察登録地点": ""
            }
        },
        {
            "type": "Feature",
            "geometry": {
                "type": "Point",
                "coordinates": [
                    138.48694444,
                    36.25583333
                ]
            },
            "properties": {
                "調査時期": "2024_W",
                "都道府県": "長野県",
                "市区町村": "佐久市",
                "撮影場所": "",
                "撮影日時": "2024-01-04T19:47:00+09:00",
                "緯度": "36.25583333 ",
                "経度": "138.48694444 ",
                "夜空の明るさ": "19.49",
                "ばらつき": "0.09",
                "周辺状況": "",
                "備考": "",
                "継続観察登録地点": ""
            }
        },
        {
            "type": "Feature",
            "geometry": {
                "type": "Point",
                "coordinates": [
                    138.51,
                    36.27944444
                ]
            },
            "properties": {
                "調査時期": "2024_W",
                "都道府県": "長野県",
                "市区町村": "佐久市",
                "撮影場所": "",
                "撮影日時": "2024-01-12T18:22:00+09:00",
                "緯度": "36.27944444 ",
                "経度": "138.51000000 ",
                "夜空の明るさ": "19.51",
                "ばらつき": "0.06",
                "周辺状況": "",
                "備考": "",
                "継続観察登録地点": ""
            }
        },
        {
            "type": "Feature",
            "geometry": {
                "type": "Point",
                "coordinates": [
                    138.46444444,
                    36.2775
                ]
            },
            "properties": {
                "調査時期": "2024_W",
                "都道府県": "長野県",
                "市区町村": "佐久市",
                "撮影場所": "",
                "撮影日時": "2024-01-12T19:00:00+09:00",
                "緯度": "36.27750000 ",
                "経度": "138.46444444 ",
                "夜空の明るさ": "17.98",
                "ばらつき": "0.12",
                "周辺状況": "",
                "備考": "",
                "継続観察登録地点": ""
            }
        },
        {
            "type": "Feature",
            "geometry": {
                "type": "Point",
                "coordinates": [
                    138.48222222,
                    36.19166667
                ]
            },
            "properties": {
                "調査時期": "2024_W",
                "都道府県": "長野県",
                "市区町村": "佐久市",
                "撮影場所": "",
                "撮影日時": "2024-01-09T19:39:00+09:00",
                "緯度": "36.19166667 ",
                "経度": "138.48222222 ",
                "夜空の明るさ": "19.93",
                "ばらつき": "0.05",
                "周辺状況": "",
                "備考": "",
                "継続観察登録地点": ""
            }
        },
        {
            "type": "Feature",
            "geometry": {
                "type": "Point",
                "coordinates": [
                    138.48638889,
                    36.19805556
                ]
            },
            "properties": {
                "調査時期": "2024_W",
                "都道府県": "長野県",
                "市区町村": "佐久市",
                "撮影場所": "",
                "撮影日時": "2024-01-09T20:00:00+09:00",
                "緯度": "36.19805556 ",
                "経度": "138.48638889 ",
                "夜空の明るさ": "19.85",
                "ばらつき": "0.08",
                "周辺状況": "",
                "備考": "",
                "継続観察登録地点": ""
            }
        },
        {
            "type": "Feature",
            "geometry": {
                "type": "Point",
                "coordinates": [
                    138.42916667,
                    36.19305556
                ]
            },
            "properties": {
                "調査時期": "2024_W",
                "都道府県": "長野県",
                "市区町村": "佐久市",
                "撮影場所": "うすだスタードーム",
                "撮影日時": "2024-01-08T20:00:00+09:00",
                "緯度": "36.19305556 ",
                "経度": "138.42916667 ",
                "夜空の明るさ": "20.68",
                "ばらつき": "0.04",
                "周辺状況": "森林山間地",
                "備考": "",
                "継続観察登録地点": "○"
            }
        },
        {
            "type": "Feature",
            "geometry": {
                "type": "Point",
                "coordinates": [
                    138.11055556,
                    36.52833333
                ]
            },
            "properties": {
                "調査時期": "2024_W",
                "都道府県": "長野県",
                "市区町村": "千曲市",
                "撮影場所": "",
                "撮影日時": "2024-01-02T19:38:00+09:00",
                "緯度": "36.52833333 ",
                "経度": "138.11055556 ",
                "夜空の明るさ": "19.44",
                "ばらつき": "0.15",
                "周辺状況": "",
                "備考": "",
                "継続観察登録地点": ""
            }
        },
        {
            "type": "Feature",
            "geometry": {
                "type": "Point",
                "coordinates": [
                    138.13666667,
                    36.53416667
                ]
            },
            "properties": {
                "調査時期": "2024_W",
                "都道府県": "長野県",
                "市区町村": "千曲市",
                "撮影場所": "",
                "撮影日時": "2024-01-02T19:57:00+09:00",
                "緯度": "36.53416667 ",
                "経度": "138.13666667 ",
                "夜空の明るさ": "19.52",
                "ばらつき": "0.07",
                "周辺状況": "",
                "備考": "",
                "継続観察登録地点": ""
            }
        },
        {
            "type": "Feature",
            "geometry": {
                "type": "Point",
                "coordinates": [
                    138.09111111,
                    36.50083333
                ]
            },
            "properties": {
                "調査時期": "2024_W",
                "都道府県": "長野県",
                "市区町村": "千曲市",
                "撮影場所": "",
                "撮影日時": "2024-01-02T20:36:00+09:00",
                "緯度": "36.50083333 ",
                "経度": "138.09111111 ",
                "夜空の明るさ": "20.37",
                "ばらつき": "0.06",
                "周辺状況": "",
                "備考": "",
                "継続観察登録地点": ""
            }
        },
        {
            "type": "Feature",
            "geometry": {
                "type": "Point",
                "coordinates": [
                    138.32222222,
                    36.32638889
                ]
            },
            "properties": {
                "調査時期": "2024_W",
                "都道府県": "長野県",
                "市区町村": "東御市",
                "撮影場所": "",
                "撮影日時": "2024-01-05T19:24:00+09:00",
                "緯度": "36.32638889 ",
                "経度": "138.32222222 ",
                "夜空の明るさ": "20.03",
                "ばらつき": "0.13",
                "周辺状況": "",
                "備考": "",
                "継続観察登録地点": ""
            }
        },
        {
            "type": "Feature",
            "geometry": {
                "type": "Point",
                "coordinates": [
                    138.33277778,
                    36.36
                ]
            },
            "properties": {
                "調査時期": "2024_W",
                "都道府県": "長野県",
                "市区町村": "東御市",
                "撮影場所": "",
                "撮影日時": "2024-01-05T18:12:00+09:00",
                "緯度": "36.36000000 ",
                "経度": "138.33277778 ",
                "夜空の明るさ": "19.45",
                "ばらつき": "0.09",
                "周辺状況": "",
                "備考": "",
                "継続観察登録地点": ""
            }
        },
        {
            "type": "Feature",
            "geometry": {
                "type": "Point",
                "coordinates": [
                    138.37722222,
                    36.36916667
                ]
            },
            "properties": {
                "調査時期": "2024_W",
                "都道府県": "長野県",
                "市区町村": "東御市",
                "撮影場所": "",
                "撮影日時": "2024-01-05T18:35:00+09:00",
                "緯度": "36.36916667 ",
                "経度": "138.37722222 ",
                "夜空の明るさ": "20.13",
                "ばらつき": "0.06",
                "周辺状況": "",
                "備考": "",
                "継続観察登録地点": ""
            }
        },
        {
            "type": "Feature",
            "geometry": {
                "type": "Point",
                "coordinates": [
                    137.88388889,
                    36.34583333
                ]
            },
            "properties": {
                "調査時期": "2024_W",
                "都道府県": "長野県",
                "市区町村": "安曇野市",
                "撮影場所": "安曇野市穂高 穂高会館",
                "撮影日時": "2024-01-05T20:05:00+09:00",
                "緯度": "36.34583333 ",
                "経度": "137.88388889 ",
                "夜空の明るさ": "19.59",
                "ばらつき": "0.08",
                "周辺状況": "住宅地域",
                "備考": "",
                "継続観察登録地点": "○"
            }
        },
        {
            "type": "Feature",
            "geometry": {
                "type": "Point",
                "coordinates": [
                    137.84388889,
                    36.32083333
                ]
            },
            "properties": {
                "調査時期": "2024_W",
                "都道府県": "長野県",
                "市区町村": "安曇野市",
                "撮影場所": "安曇野市穂高牧 安曇野公園穂高",
                "撮影日時": "2024-01-05T19:32:00+09:00",
                "緯度": "36.32083333 ",
                "経度": "137.84388889 ",
                "夜空の明るさ": "20.26",
                "ばらつき": "0.11",
                "周辺状況": "農業地域",
                "備考": "",
                "継続観察登録地点": "○"
            }
        },
        {
            "type": "Feature",
            "geometry": {
                "type": "Point",
                "coordinates": [
                    137.90527778,
                    36.30416667
                ]
            },
            "properties": {
                "調査時期": "2024_W",
                "都道府県": "長野県",
                "市区町村": "安曇野市",
                "撮影場所": "安曇野市豊科 安曇野市役所",
                "撮影日時": "2024-01-05T19:48:00+09:00",
                "緯度": "36.30416667 ",
                "経度": "137.90527778 ",
                "夜空の明るさ": "19.40",
                "ばらつき": "0.09",
                "周辺状況": "住宅地域",
                "備考": "",
                "継続観察登録地点": "○"
            }
        },
        {
            "type": "Feature",
            "geometry": {
                "type": "Point",
                "coordinates": [
                    137.9525,
                    36.34361111
                ]
            },
            "properties": {
                "調査時期": "2024_W",
                "都道府県": "長野県",
                "市区町村": "安曇野市",
                "撮影場所": "",
                "撮影日時": "2024-01-06T18:54:00+09:00",
                "緯度": "36.34361111 ",
                "経度": "137.95250000 ",
                "夜空の明るさ": "20.37",
                "ばらつき": "0.09",
                "周辺状況": "",
                "備考": "",
                "継続観察登録地点": ""
            }
        },
        {
            "type": "Feature",
            "geometry": {
                "type": "Point",
                "coordinates": [
                    137.93416667,
                    36.35638889
                ]
            },
            "properties": {
                "調査時期": "2024_W",
                "都道府県": "長野県",
                "市区町村": "安曇野市",
                "撮影場所": "",
                "撮影日時": "2024-01-06T19:02:00+09:00",
                "緯度": "36.35638889 ",
                "経度": "137.93416667 ",
                "夜空の明るさ": "20.16",
                "ばらつき": "0.06",
                "周辺状況": "",
                "備考": "",
                "継続観察登録地点": ""
            }
        },
        {
            "type": "Feature",
            "geometry": {
                "type": "Point",
                "coordinates": [
                    137.91583333,
                    36.33944444
                ]
            },
            "properties": {
                "調査時期": "2024_W",
                "都道府県": "長野県",
                "市区町村": "安曇野市",
                "撮影場所": "",
                "撮影日時": "2024-01-06T19:12:00+09:00",
                "緯度": "36.33944444 ",
                "経度": "137.91583333 ",
                "夜空の明るさ": "20.00",
                "ばらつき": "0.08",
                "周辺状況": "",
                "備考": "",
                "継続観察登録地点": ""
            }
        },
        {
            "type": "Feature",
            "geometry": {
                "type": "Point",
                "coordinates": [
                    137.9225,
                    36.32083333
                ]
            },
            "properties": {
                "調査時期": "2024_W",
                "都道府県": "長野県",
                "市区町村": "安曇野市",
                "撮影場所": "",
                "撮影日時": "2024-01-06T19:21:00+09:00",
                "緯度": "36.32083333 ",
                "経度": "137.92250000 ",
                "夜空の明るさ": "19.74",
                "ばらつき": "0.09",
                "周辺状況": "",
                "備考": "",
                "継続観察登録地点": ""
            }
        },
        {
            "type": "Feature",
            "geometry": {
                "type": "Point",
                "coordinates": [
                    137.92111111,
                    36.30083333
                ]
            },
            "properties": {
                "調査時期": "2024_W",
                "都道府県": "長野県",
                "市区町村": "安曇野市",
                "撮影場所": "",
                "撮影日時": "2024-01-06T19:33:00+09:00",
                "緯度": "36.30083333 ",
                "経度": "137.92111111 ",
                "夜空の明るさ": "18.47",
                "ばらつき": "0.09",
                "周辺状況": "",
                "備考": "",
                "継続観察登録地点": ""
            }
        },
        {
            "type": "Feature",
            "geometry": {
                "type": "Point",
                "coordinates": [
                    138.46222222,
                    35.96166667
                ]
            },
            "properties": {
                "調査時期": "2024_W",
                "都道府県": "長野県",
                "市区町村": "南牧村",
                "撮影場所": "南佐久郡南牧村野辺山",
                "撮影日時": "2024-01-12T18:50:00+09:00",
                "緯度": "35.96166667 ",
                "経度": "138.46222222 ",
                "夜空の明るさ": "20.76",
                "ばらつき": "0.05",
                "周辺状況": "住宅地域",
                "備考": "",
                "継続観察登録地点": "○"
            }
        },
        {
            "type": "Feature",
            "geometry": {
                "type": "Point",
                "coordinates": [
                    138.47527778,
                    35.97777778
                ]
            },
            "properties": {
                "調査時期": "2024_W",
                "都道府県": "長野県",
                "市区町村": "南牧村",
                "撮影場所": "",
                "撮影日時": "2024-01-05T19:11:00+09:00",
                "緯度": "35.97777778 ",
                "経度": "138.47527778 ",
                "夜空の明るさ": "20.82",
                "ばらつき": "0.11",
                "周辺状況": "",
                "備考": "",
                "継続観察登録地点": ""
            }
        },
        {
            "type": "Feature",
            "geometry": {
                "type": "Point",
                "coordinates": [
                    138.47277778,
                    35.94138889
                ]
            },
            "properties": {
                "調査時期": "2024_W",
                "都道府県": "長野県",
                "市区町村": "南牧村",
                "撮影場所": "国立天文台野辺山宇宙電波観測所内",
                "撮影日時": "2024-01-05T19:27:00+09:00",
                "緯度": "35.94138889 ",
                "経度": "138.47277778 ",
                "夜空の明るさ": "20.76",
                "ばらつき": "0.10",
                "周辺状況": "農業地域",
                "備考": "",
                "継続観察登録地点": "○"
            }
        },
        {
            "type": "Feature",
            "geometry": {
                "type": "Point",
                "coordinates": [
                    138.51638889,
                    36.06138889
                ]
            },
            "properties": {
                "調査時期": "2024_W",
                "都道府県": "長野県",
                "市区町村": "北相木村",
                "撮影場所": "南佐久郡北相木村栃原",
                "撮影日時": "2024-01-04T19:13:00+09:00",
                "緯度": "36.06138889 ",
                "経度": "138.51638889 ",
                "夜空の明るさ": "20.91",
                "ばらつき": "0.09",
                "周辺状況": "森林山間地",
                "備考": "",
                "継続観察登録地点": "○"
            }
        },
        {
            "type": "Feature",
            "geometry": {
                "type": "Point",
                "coordinates": [
                    138.48944444,
                    36.15277778
                ]
            },
            "properties": {
                "調査時期": "2024_W",
                "都道府県": "長野県",
                "市区町村": "佐久穂町",
                "撮影場所": "",
                "撮影日時": "2024-01-09T19:15:00+09:00",
                "緯度": "36.15277778 ",
                "経度": "138.48944444 ",
                "夜空の明るさ": "20.20",
                "ばらつき": "0.04",
                "周辺状況": "",
                "備考": "",
                "継続観察登録地点": ""
            }
        },
        {
            "type": "Feature",
            "geometry": {
                "type": "Point",
                "coordinates": [
                    138.15972222,
                    36.12027778
                ]
            },
            "properties": {
                "調査時期": "2024_W",
                "都道府県": "長野県",
                "市区町村": "下諏訪町",
                "撮影場所": "諏訪郡下諏訪町八島湿原",
                "撮影日時": "2024-01-02T19:23:00+09:00",
                "緯度": "36.12027778 ",
                "経度": "138.15972222 ",
                "夜空の明るさ": "20.93",
                "ばらつき": "0.08",
                "周辺状況": "自然公園等",
                "備考": "",
                "継続観察登録地点": "○"
            }
        },
        {
            "type": "Feature",
            "geometry": {
                "type": "Point",
                "coordinates": [
                    138.07861111,
                    36.06972222
                ]
            },
            "properties": {
                "調査時期": "2024_W",
                "都道府県": "長野県",
                "市区町村": "下諏訪町",
                "撮影場所": "",
                "撮影日時": "2024-01-08T18:34:00+09:00",
                "緯度": "36.06972222 ",
                "経度": "138.07861111 ",
                "夜空の明るさ": "19.13",
                "ばらつき": "0.09",
                "周辺状況": "",
                "備考": "",
                "継続観察登録地点": ""
            }
        },
        {
            "type": "Feature",
            "geometry": {
                "type": "Point",
                "coordinates": [
                    138.07833333,
                    36.05916667
                ]
            },
            "properties": {
                "調査時期": "2024_W",
                "都道府県": "長野県",
                "市区町村": "下諏訪町",
                "撮影場所": "下諏訪町赤砂崎公園",
                "撮影日時": "2024-01-08T18:49:00+09:00",
                "緯度": "36.05916667 ",
                "経度": "138.07833333 ",
                "夜空の明るさ": "19.50",
                "ばらつき": "0.09",
                "周辺状況": "自然公園等",
                "備考": "",
                "継続観察登録地点": "○"
            }
        },
        {
            "type": "Feature",
            "geometry": {
                "type": "Point",
                "coordinates": [
                    138.12722222,
                    36.08333333
                ]
            },
            "properties": {
                "調査時期": "2024_W",
                "都道府県": "長野県",
                "市区町村": "下諏訪町",
                "撮影場所": "",
                "撮影日時": "2024-01-14T19:17:00+09:00",
                "緯度": "36.08333333 ",
                "経度": "138.12722222 ",
                "夜空の明るさ": "20.24",
                "ばらつき": "0.09",
                "周辺状況": "",
                "備考": "",
                "継続観察登録地点": ""
            }
        },
        {
            "type": "Feature",
            "geometry": {
                "type": "Point",
                "coordinates": [
                    138.28055556,
                    35.91861111
                ]
            },
            "properties": {
                "調査時期": "2024_W",
                "都道府県": "長野県",
                "市区町村": "富士見町",
                "撮影場所": "",
                "撮影日時": "2024-01-05T20:22:00+09:00",
                "緯度": "35.91861111 ",
                "経度": "138.28055556 ",
                "夜空の明るさ": "20.81",
                "ばらつき": "0.09",
                "周辺状況": "",
                "備考": "",
                "継続観察登録地点": ""
            }
        },
        {
            "type": "Feature",
            "geometry": {
                "type": "Point",
                "coordinates": [
                    138.27861111,
                    35.8775
                ]
            },
            "properties": {
                "調査時期": "2024_W",
                "都道府県": "長野県",
                "市区町村": "富士見町",
                "撮影場所": "",
                "撮影日時": "2024-01-11T18:46:00+09:00",
                "緯度": "35.87750000 ",
                "経度": "138.27861111 ",
                "夜空の明るさ": "20.55",
                "ばらつき": "0.08",
                "周辺状況": "",
                "備考": "",
                "継続観察登録地点": ""
            }
        },
        {
            "type": "Feature",
            "geometry": {
                "type": "Point",
                "coordinates": [
                    138.24,
                    35.91361111
                ]
            },
            "properties": {
                "調査時期": "2024_W",
                "都道府県": "長野県",
                "市区町村": "富士見町",
                "撮影場所": "",
                "撮影日時": "2024-01-11T19:16:00+09:00",
                "緯度": "35.91361111 ",
                "経度": "138.24000000 ",
                "夜空の明るさ": "19.77",
                "ばらつき": "0.08",
                "周辺状況": "",
                "備考": "",
                "継続観察登録地点": ""
            }
        },
        {
            "type": "Feature",
            "geometry": {
                "type": "Point",
                "coordinates": [
                    138.26722222,
                    35.97166667
                ]
            },
            "properties": {
                "調査時期": "2024_W",
                "都道府県": "長野県",
                "市区町村": "原村",
                "撮影場所": "八ヶ岳自然文化園",
                "撮影日時": "2024-01-08T19:38:00+09:00",
                "緯度": "35.97166667 ",
                "経度": "138.26722222 ",
                "夜空の明るさ": "20.88",
                "ばらつき": "0.09",
                "周辺状況": "自然公園等",
                "備考": "",
                "継続観察登録地点": "○"
            }
        },
        {
            "type": "Feature",
            "geometry": {
                "type": "Point",
                "coordinates": [
                    138.26305556,
                    35.97333333
                ]
            },
            "properties": {
                "調査時期": "2024_W",
                "都道府県": "長野県",
                "市区町村": "原村",
                "撮影場所": "",
                "撮影日時": "2024-01-12T19:42:00+09:00",
                "緯度": "35.97333333 ",
                "経度": "138.26305556 ",
                "夜空の明るさ": "20.32",
                "ばらつき": "0.15",
                "周辺状況": "",
                "備考": "",
                "継続観察登録地点": ""
            }
        },
        {
            "type": "Feature",
            "geometry": {
                "type": "Point",
                "coordinates": [
                    138.27027778,
                    35.97055556
                ]
            },
            "properties": {
                "調査時期": "2024_W",
                "都道府県": "長野県",
                "市区町村": "原村",
                "撮影場所": "",
                "撮影日時": "2024-01-14T20:14:00+09:00",
                "緯度": "35.97055556 ",
                "経度": "138.27027778 ",
                "夜空の明るさ": "20.18",
                "ばらつき": "0.12",
                "周辺状況": "",
                "備考": "",
                "継続観察登録地点": ""
            }
        },
        {
            "type": "Feature",
            "geometry": {
                "type": "Point",
                "coordinates": [
                    138.26305556,
                    35.97333333
                ]
            },
            "properties": {
                "調査時期": "2024_W",
                "都道府県": "長野県",
                "市区町村": "原村",
                "撮影場所": "",
                "撮影日時": "2024-01-14T20:23:00+09:00",
                "緯度": "35.97333333 ",
                "経度": "138.26305556 ",
                "夜空の明るさ": "19.09",
                "ばらつき": "0.16",
                "周辺状況": "",
                "備考": "",
                "継続観察登録地点": ""
            }
        },
        {
            "type": "Feature",
            "geometry": {
                "type": "Point",
                "coordinates": [
                    138.21833333,
                    35.96416667
                ]
            },
            "properties": {
                "調査時期": "2024_W",
                "都道府県": "長野県",
                "市区町村": "原村",
                "撮影場所": "",
                "撮影日時": "2024-01-11T19:34:00+09:00",
                "緯度": "35.96416667 ",
                "経度": "138.21833333 ",
                "夜空の明るさ": "20.37",
                "ばらつき": "0.09",
                "周辺状況": "",
                "備考": "",
                "継続観察登録地点": ""
            }
        },
        {
            "type": "Feature",
            "geometry": {
                "type": "Point",
                "coordinates": [
                    138.26305556,
                    35.97361111
                ]
            },
            "properties": {
                "調査時期": "2024_W",
                "都道府県": "長野県",
                "市区町村": "原村",
                "撮影場所": "",
                "撮影日時": "2024-01-11T20:00:00+09:00",
                "緯度": "35.97361111 ",
                "経度": "138.26305556 ",
                "夜空の明るさ": "20.75",
                "ばらつき": "0.07",
                "周辺状況": "",
                "備考": "",
                "継続観察登録地点": ""
            }
        },
        {
            "type": "Feature",
            "geometry": {
                "type": "Point",
                "coordinates": [
                    137.97944444,
                    35.99055556
                ]
            },
            "properties": {
                "調査時期": "2024_W",
                "都道府県": "長野県",
                "市区町村": "辰野町",
                "撮影場所": "",
                "撮影日時": "2024-01-14T19:13:00+09:00",
                "緯度": "35.99055556 ",
                "経度": "137.97944444 ",
                "夜空の明るさ": "19.93",
                "ばらつき": "0.06",
                "周辺状況": "",
                "備考": "",
                "継続観察登録地点": ""
            }
        },
        {
            "type": "Feature",
            "geometry": {
                "type": "Point",
                "coordinates": [
                    137.9875,
                    35.98222222
                ]
            },
            "properties": {
                "調査時期": "2024_W",
                "都道府県": "長野県",
                "市区町村": "辰野町",
                "撮影場所": "",
                "撮影日時": "2024-01-14T19:22:00+09:00",
                "緯度": "35.98222222 ",
                "経度": "137.98750000 ",
                "夜空の明るさ": "19.56",
                "ばらつき": "0.05",
                "周辺状況": "",
                "備考": "",
                "継続観察登録地点": ""
            }
        },
        {
            "type": "Feature",
            "geometry": {
                "type": "Point",
                "coordinates": [
                    137.97361111,
                    35.94944444
                ]
            },
            "properties": {
                "調査時期": "2024_W",
                "都道府県": "長野県",
                "市区町村": "辰野町",
                "撮影場所": "",
                "撮影日時": "2024-01-14T19:36:00+09:00",
                "緯度": "35.94944444 ",
                "経度": "137.97361111 ",
                "夜空の明るさ": "19.97",
                "ばらつき": "0.12",
                "周辺状況": "",
                "備考": "",
                "継続観察登録地点": ""
            }
        },
        {
            "type": "Feature",
            "geometry": {
                "type": "Point",
                "coordinates": [
                    137.995,
                    35.96833333
                ]
            },
            "properties": {
                "調査時期": "2024_W",
                "都道府県": "長野県",
                "市区町村": "辰野町",
                "撮影場所": "",
                "撮影日時": "2024-01-11T19:49:00+09:00",
                "緯度": "35.96833333 ",
                "経度": "137.99500000 ",
                "夜空の明るさ": "19.88",
                "ばらつき": "0.09",
                "周辺状況": "",
                "備考": "",
                "継続観察登録地点": ""
            }
        },
        {
            "type": "Feature",
            "geometry": {
                "type": "Point",
                "coordinates": [
                    137.98305556,
                    35.97888889
                ]
            },
            "properties": {
                "調査時期": "2024_W",
                "都道府県": "長野県",
                "市区町村": "辰野町",
                "撮影場所": "",
                "撮影日時": "2024-01-11T20:03:00+09:00",
                "緯度": "35.97888889 ",
                "経度": "137.98305556 ",
                "夜空の明るさ": "20.05",
                "ばらつき": "0.08",
                "周辺状況": "",
                "備考": "",
                "継続観察登録地点": ""
            }
        },
        {
            "type": "Feature",
            "geometry": {
                "type": "Point",
                "coordinates": [
                    137.98666667,
                    35.9825
                ]
            },
            "properties": {
                "調査時期": "2024_W",
                "都道府県": "長野県",
                "市区町村": "辰野町",
                "撮影場所": "",
                "撮影日時": "2024-01-11T20:11:00+09:00",
                "緯度": "35.98250000 ",
                "経度": "137.98666667 ",
                "夜空の明るさ": "19.77",
                "ばらつき": "0.06",
                "周辺状況": "",
                "備考": "",
                "継続観察登録地点": ""
            }
        },
        {
            "type": "Feature",
            "geometry": {
                "type": "Point",
                "coordinates": [
                    137.98305556,
                    35.93388889
                ]
            },
            "properties": {
                "調査時期": "2024_W",
                "都道府県": "長野県",
                "市区町村": "箕輪町",
                "撮影場所": "上伊那郡箕輪町 箕輪北小学校グランド",
                "撮影日時": "2024-01-05T18:37:00+09:00",
                "緯度": "35.93388889 ",
                "経度": "137.98305556 ",
                "夜空の明るさ": "19.79",
                "ばらつき": "0.14",
                "周辺状況": "住宅地域",
                "備考": "",
                "継続観察登録地点": "○"
            }
        },
        {
            "type": "Feature",
            "geometry": {
                "type": "Point",
                "coordinates": [
                    137.9875,
                    35.89916667
                ]
            },
            "properties": {
                "調査時期": "2024_W",
                "都道府県": "長野県",
                "市区町村": "箕輪町",
                "撮影場所": "JR木ノ下駅周辺",
                "撮影日時": "2024-01-08T19:27:00+09:00",
                "緯度": "35.89916667 ",
                "経度": "137.98750000 ",
                "夜空の明るさ": "19.50",
                "ばらつき": "0.26",
                "周辺状況": "住宅地域",
                "備考": "",
                "継続観察登録地点": "○"
            }
        },
        {
            "type": "Feature",
            "geometry": {
                "type": "Point",
                "coordinates": [
                    138.005,
                    35.88777778
                ]
            },
            "properties": {
                "調査時期": "2024_W",
                "都道府県": "長野県",
                "市区町村": "箕輪町",
                "撮影場所": "",
                "撮影日時": "2024-01-09T20:06:00+09:00",
                "緯度": "35.88777778 ",
                "経度": "138.00500000 ",
                "夜空の明るさ": "19.86",
                "ばらつき": "0.10",
                "周辺状況": "",
                "備考": "",
                "継続観察登録地点": ""
            }
        },
        {
            "type": "Feature",
            "geometry": {
                "type": "Point",
                "coordinates": [
                    137.94388889,
                    35.92305556
                ]
            },
            "properties": {
                "調査時期": "2024_W",
                "都道府県": "長野県",
                "市区町村": "箕輪町",
                "撮影場所": "",
                "撮影日時": "2024-01-14T20:23:00+09:00",
                "緯度": "35.92305556 ",
                "経度": "137.94388889 ",
                "夜空の明るさ": "19.69",
                "ばらつき": "0.29",
                "周辺状況": "",
                "備考": "",
                "継続観察登録地点": ""
            }
        },
        {
            "type": "Feature",
            "geometry": {
                "type": "Point",
                "coordinates": [
                    137.99444444,
                    35.88555556
                ]
            },
            "properties": {
                "調査時期": "2024_W",
                "都道府県": "長野県",
                "市区町村": "箕輪町",
                "撮影場所": "",
                "撮影日時": "2024-01-11T19:19:00+09:00",
                "緯度": "35.88555556 ",
                "経度": "137.99444444 ",
                "夜空の明るさ": "19.46",
                "ばらつき": "0.11",
                "周辺状況": "",
                "備考": "",
                "継続観察登録地点": ""
            }
        },
        {
            "type": "Feature",
            "geometry": {
                "type": "Point",
                "coordinates": [
                    137.99861111,
                    35.91
                ]
            },
            "properties": {
                "調査時期": "2024_W",
                "都道府県": "長野県",
                "市区町村": "箕輪町",
                "撮影場所": "",
                "撮影日時": "2024-01-11T19:29:00+09:00",
                "緯度": "35.91000000 ",
                "経度": "137.99861111 ",
                "夜空の明るさ": "19.73",
                "ばらつき": "0.07",
                "周辺状況": "",
                "備考": "",
                "継続観察登録地点": ""
            }
        },
        {
            "type": "Feature",
            "geometry": {
                "type": "Point",
                "coordinates": [
                    137.94694444,
                    35.85555556
                ]
            },
            "properties": {
                "調査時期": "2024_W",
                "都道府県": "長野県",
                "市区町村": "南箕輪村",
                "撮影場所": "",
                "撮影日時": "2024-01-05T19:04:00+09:00",
                "緯度": "35.85555556 ",
                "経度": "137.94694444 ",
                "夜空の明るさ": "19.62",
                "ばらつき": "0.15",
                "周辺状況": "",
                "備考": "",
                "継続観察登録地点": ""
            }
        },
        {
            "type": "Feature",
            "geometry": {
                "type": "Point",
                "coordinates": [
                    137.91277778,
                    35.75194444
                ]
            },
            "properties": {
                "調査時期": "2024_W",
                "都道府県": "長野県",
                "市区町村": "宮田村",
                "撮影場所": "",
                "撮影日時": "2024-01-05T19:58:00+09:00",
                "緯度": "35.75194444 ",
                "経度": "137.91277778 ",
                "夜空の明るさ": "20.06",
                "ばらつき": "0.09",
                "周辺状況": "",
                "備考": "",
                "継続観察登録地点": ""
            }
        },
        {
            "type": "Feature",
            "geometry": {
                "type": "Point",
                "coordinates": [
                    137.87416667,
                    35.61416667
                ]
            },
            "properties": {
                "調査時期": "2024_W",
                "都道府県": "長野県",
                "市区町村": "松川町",
                "撮影場所": "",
                "撮影日時": "2024-01-09T19:06:00+09:00",
                "緯度": "35.61416667 ",
                "経度": "137.87416667 ",
                "夜空の明るさ": "20.70",
                "ばらつき": "0.07",
                "周辺状況": "",
                "備考": "",
                "継続観察登録地点": ""
            }
        },
        {
            "type": "Feature",
            "geometry": {
                "type": "Point",
                "coordinates": [
                    137.85583333,
                    35.56583333
                ]
            },
            "properties": {
                "調査時期": "2024_W",
                "都道府県": "長野県",
                "市区町村": "高森町",
                "撮影場所": "",
                "撮影日時": "2024-01-09T18:35:00+09:00",
                "緯度": "35.56583333 ",
                "経度": "137.85583333 ",
                "夜空の明るさ": "20.40",
                "ばらつき": "0.09",
                "周辺状況": "",
                "備考": "",
                "継続観察登録地点": ""
            }
        },
        {
            "type": "Feature",
            "geometry": {
                "type": "Point",
                "coordinates": [
                    137.87138889,
                    35.58638889
                ]
            },
            "properties": {
                "調査時期": "2024_W",
                "都道府県": "長野県",
                "市区町村": "高森町",
                "撮影場所": "",
                "撮影日時": "2024-01-09T18:53:00+09:00",
                "緯度": "35.58638889 ",
                "経度": "137.87138889 ",
                "夜空の明るさ": "20.61",
                "ばらつき": "0.08",
                "周辺状況": "",
                "備考": "",
                "継続観察登録地点": ""
            }
        },
        {
            "type": "Feature",
            "geometry": {
                "type": "Point",
                "coordinates": [
                    137.87916667,
                    35.55194444
                ]
            },
            "properties": {
                "調査時期": "2024_W",
                "都道府県": "長野県",
                "市区町村": "高森町",
                "撮影場所": "",
                "撮影日時": "2024-01-13T18:55:00+09:00",
                "緯度": "35.55194444 ",
                "経度": "137.87916667 ",
                "夜空の明るさ": "19.94",
                "ばらつき": "0.10",
                "周辺状況": "",
                "備考": "",
                "継続観察登録地点": ""
            }
        },
        {
            "type": "Feature",
            "geometry": {
                "type": "Point",
                "coordinates": [
                    137.74972222,
                    35.41083333
                ]
            },
            "properties": {
                "調査時期": "2024_W",
                "都道府県": "長野県",
                "市区町村": "阿智村",
                "撮影場所": "下伊那郡阿智村伍和 栗矢観測所",
                "撮影日時": "2024-01-08T19:50:00+09:00",
                "緯度": "35.41083333 ",
                "経度": "137.74972222 ",
                "夜空の明るさ": "21.02",
                "ばらつき": "0.07",
                "周辺状況": "農業地域",
                "備考": "",
                "継続観察登録地点": "○"
            }
        },
        {
            "type": "Feature",
            "geometry": {
                "type": "Point",
                "coordinates": [
                    137.75,
                    35.41083333
                ]
            },
            "properties": {
                "調査時期": "2024_W",
                "都道府県": "長野県",
                "市区町村": "阿智村",
                "撮影場所": "下伊那郡阿智村伍和 栗矢観測所",
                "撮影日時": "2024-01-08T20:05:00+09:00",
                "緯度": "35.41083333 ",
                "経度": "137.75000000 ",
                "夜空の明るさ": "21.05",
                "ばらつき": "0.09",
                "周辺状況": "農業地域",
                "備考": "",
                "継続観察登録地点": "○"
            }
        },
        {
            "type": "Feature",
            "geometry": {
                "type": "Point",
                "coordinates": [
                    137.75111111,
                    35.44027778
                ]
            },
            "properties": {
                "調査時期": "2024_W",
                "都道府県": "長野県",
                "市区町村": "阿智村",
                "撮影場所": "",
                "撮影日時": "2024-01-11T20:01:00+09:00",
                "緯度": "35.44027778 ",
                "経度": "137.75111111 ",
                "夜空の明るさ": "20.69",
                "ばらつき": "0.07",
                "周辺状況": "",
                "備考": "",
                "継続観察登録地点": ""
            }
        },
        {
            "type": "Feature",
            "geometry": {
                "type": "Point",
                "coordinates": [
                    137.66777778,
                    35.45888889
                ]
            },
            "properties": {
                "調査時期": "2024_W",
                "都道府県": "長野県",
                "市区町村": "阿智村",
                "撮影場所": "",
                "撮影日時": "2024-01-11T19:41:00+09:00",
                "緯度": "35.45888889 ",
                "経度": "137.66777778 ",
                "夜空の明るさ": "20.84",
                "ばらつき": "0.08",
                "周辺状況": "",
                "備考": "",
                "継続観察登録地点": ""
            }
        },
        {
            "type": "Feature",
            "geometry": {
                "type": "Point",
                "coordinates": [
                    137.66055556,
                    35.44361111
                ]
            },
            "properties": {
                "調査時期": "2024_W",
                "都道府県": "長野県",
                "市区町村": "阿智村",
                "撮影場所": "",
                "撮影日時": "2024-01-11T19:32:00+09:00",
                "緯度": "35.44361111 ",
                "経度": "137.66055556 ",
                "夜空の明るさ": "20.91",
                "ばらつき": "0.09",
                "周辺状況": "",
                "備考": "",
                "継続観察登録地点": ""
            }
        },
        {
            "type": "Feature",
            "geometry": {
                "type": "Point",
                "coordinates": [
                    137.71583333,
                    35.45416667
                ]
            },
            "properties": {
                "調査時期": "2024_W",
                "都道府県": "長野県",
                "市区町村": "阿智村",
                "撮影場所": "",
                "撮影日時": "2024-01-11T19:17:00+09:00",
                "緯度": "35.45416667 ",
                "経度": "137.71583333 ",
                "夜空の明るさ": "20.54",
                "ばらつき": "0.10",
                "周辺状況": "",
                "備考": "",
                "継続観察登録地点": ""
            }
        },
        {
            "type": "Feature",
            "geometry": {
                "type": "Point",
                "coordinates": [
                    137.65222222,
                    35.43916667
                ]
            },
            "properties": {
                "調査時期": "2024_W",
                "都道府県": "長野県",
                "市区町村": "阿智村",
                "撮影場所": "",
                "撮影日時": "2024-01-13T20:15:00+09:00",
                "緯度": "35.43916667 ",
                "経度": "137.65222222 ",
                "夜空の明るさ": "20.12",
                "ばらつき": "0.36",
                "周辺状況": "",
                "備考": "",
                "継続観察登録地点": ""
            }
        },
        {
            "type": "Feature",
            "geometry": {
                "type": "Point",
                "coordinates": [
                    137.77111111,
                    35.38916667
                ]
            },
            "properties": {
                "調査時期": "2024_W",
                "都道府県": "長野県",
                "市区町村": "下條村",
                "撮影場所": "",
                "撮影日時": "2024-01-11T20:29:00+09:00",
                "緯度": "35.38916667 ",
                "経度": "137.77111111 ",
                "夜空の明るさ": "21.09",
                "ばらつき": "0.09",
                "周辺状況": "",
                "備考": "",
                "継続観察登録地点": ""
            }
        },
        {
            "type": "Feature",
            "geometry": {
                "type": "Point",
                "coordinates": [
                    137.79777778,
                    35.41194444
                ]
            },
            "properties": {
                "調査時期": "2024_W",
                "都道府県": "長野県",
                "市区町村": "下條村",
                "撮影場所": "",
                "撮影日時": "2024-01-11T20:18:00+09:00",
                "緯度": "35.41194444 ",
                "経度": "137.79777778 ",
                "夜空の明るさ": "20.85",
                "ばらつき": "0.09",
                "周辺状況": "",
                "備考": "",
                "継続観察登録地点": ""
            }
        },
        {
            "type": "Feature",
            "geometry": {
                "type": "Point",
                "coordinates": [
                    137.75333333,
                    35.40055556
                ]
            },
            "properties": {
                "調査時期": "2024_W",
                "都道府県": "長野県",
                "市区町村": "下條村",
                "撮影場所": "",
                "撮影日時": "2024-01-11T20:40:00+09:00",
                "緯度": "35.40055556 ",
                "経度": "137.75333333 ",
                "夜空の明るさ": "21.06",
                "ばらつき": "0.09",
                "周辺状況": "",
                "備考": "",
                "継続観察登録地点": ""
            }
        },
        {
            "type": "Feature",
            "geometry": {
                "type": "Point",
                "coordinates": [
                    137.89277778,
                    35.50361111
                ]
            },
            "properties": {
                "調査時期": "2024_W",
                "都道府県": "長野県",
                "市区町村": "喬木村",
                "撮影場所": "",
                "撮影日時": "2024-01-09T20:17:00+09:00",
                "緯度": "35.50361111 ",
                "経度": "137.89277778 ",
                "夜空の明るさ": "20.41",
                "ばらつき": "0.09",
                "周辺状況": "",
                "備考": "",
                "継続観察登録地点": ""
            }
        },
        {
            "type": "Feature",
            "geometry": {
                "type": "Point",
                "coordinates": [
                    137.87555556,
                    35.51472222
                ]
            },
            "properties": {
                "調査時期": "2024_W",
                "都道府県": "長野県",
                "市区町村": "喬木村",
                "撮影場所": "",
                "撮影日時": "2024-01-13T19:25:00+09:00",
                "緯度": "35.51472222 ",
                "経度": "137.87555556 ",
                "夜空の明るさ": "19.77",
                "ばらつき": "0.09",
                "周辺状況": "",
                "備考": "",
                "継続観察登録地点": ""
            }
        },
        {
            "type": "Feature",
            "geometry": {
                "type": "Point",
                "coordinates": [
                    137.90888889,
                    35.57111111
                ]
            },
            "properties": {
                "調査時期": "2024_W",
                "都道府県": "長野県",
                "市区町村": "豊丘村",
                "撮影場所": "",
                "撮影日時": "2024-01-09T19:43:00+09:00",
                "緯度": "35.57111111 ",
                "経度": "137.90888889 ",
                "夜空の明るさ": "20.10",
                "ばらつき": "0.08",
                "周辺状況": "",
                "備考": "",
                "継続観察登録地点": ""
            }
        },
        {
            "type": "Feature",
            "geometry": {
                "type": "Point",
                "coordinates": [
                    137.89611111,
                    35.55166667
                ]
            },
            "properties": {
                "調査時期": "2024_W",
                "都道府県": "長野県",
                "市区町村": "豊丘村",
                "撮影場所": "",
                "撮影日時": "2024-01-13T19:08:00+09:00",
                "緯度": "35.55166667 ",
                "経度": "137.89611111 ",
                "夜空の明るさ": "20.12",
                "ばらつき": "0.09",
                "周辺状況": "",
                "備考": "",
                "継続観察登録地点": ""
            }
        },
        {
            "type": "Feature",
            "geometry": {
                "type": "Point",
                "coordinates": [
                    138.0325,
                    35.53777778
                ]
            },
            "properties": {
                "調査時期": "2024_W",
                "都道府県": "長野県",
                "市区町村": "大鹿村",
                "撮影場所": "",
                "撮影日時": "2024-01-04T20:52:00+09:00",
                "緯度": "35.53777778 ",
                "経度": "138.03250000 ",
                "夜空の明るさ": "20.44",
                "ばらつき": "0.11",
                "周辺状況": "",
                "備考": "参考値（時間外）",
                "継続観察登録地点": ""
            }
        },
        {
            "type": "Feature",
            "geometry": {
                "type": "Point",
                "coordinates": [
                    138.03444444,
                    35.57777778
                ]
            },
            "properties": {
                "調査時期": "2024_W",
                "都道府県": "長野県",
                "市区町村": "大鹿村",
                "撮影場所": "",
                "撮影日時": "2024-01-04T20:31:00+09:00",
                "緯度": "35.57777778 ",
                "経度": "138.03444444 ",
                "夜空の明るさ": "21.16",
                "ばらつき": "0.13",
                "周辺状況": "",
                "備考": "",
                "継続観察登録地点": ""
            }
        },
        {
            "type": "Feature",
            "geometry": {
                "type": "Point",
                "coordinates": [
                    138.035,
                    35.56083333
                ]
            },
            "properties": {
                "調査時期": "2024_W",
                "都道府県": "長野県",
                "市区町村": "大鹿村",
                "撮影場所": "",
                "撮影日時": "2024-01-04T19:58:00+09:00",
                "緯度": "35.56083333 ",
                "経度": "138.03500000 ",
                "夜空の明るさ": "21.13",
                "ばらつき": "0.14",
                "周辺状況": "",
                "備考": "",
                "継続観察登録地点": ""
            }
        },
        {
            "type": "Feature",
            "geometry": {
                "type": "Point",
                "coordinates": [
                    138.07916667,
                    35.5975
                ]
            },
            "properties": {
                "調査時期": "2024_W",
                "都道府県": "長野県",
                "市区町村": "大鹿村",
                "撮影場所": "",
                "撮影日時": "2024-01-04T19:18:00+09:00",
                "緯度": "35.59750000 ",
                "経度": "138.07916667 ",
                "夜空の明るさ": "21.09",
                "ばらつき": "0.22",
                "周辺状況": "",
                "備考": "",
                "継続観察登録地点": ""
            }
        },
        {
            "type": "Feature",
            "geometry": {
                "type": "Point",
                "coordinates": [
                    138.07138889,
                    35.60194444
                ]
            },
            "properties": {
                "調査時期": "2024_W",
                "都道府県": "長野県",
                "市区町村": "大鹿村",
                "撮影場所": "",
                "撮影日時": "2024-01-08T19:29:00+09:00",
                "緯度": "35.60194444 ",
                "経度": "138.07138889 ",
                "夜空の明るさ": "21.20",
                "ばらつき": "0.07",
                "周辺状況": "",
                "備考": "",
                "継続観察登録地点": ""
            }
        },
        {
            "type": "Feature",
            "geometry": {
                "type": "Point",
                "coordinates": [
                    138.03305556,
                    35.53805556
                ]
            },
            "properties": {
                "調査時期": "2024_W",
                "都道府県": "長野県",
                "市区町村": "大鹿村",
                "撮影場所": "",
                "撮影日時": "2024-01-08T21:40:00+09:00",
                "緯度": "35.53805556 ",
                "経度": "138.03305556 ",
                "夜空の明るさ": "21.33",
                "ばらつき": "0.23",
                "周辺状況": "",
                "備考": "参考値（時間外）",
                "継続観察登録地点": ""
            }
        },
        {
            "type": "Feature",
            "geometry": {
                "type": "Point",
                "coordinates": [
                    138.04416667,
                    35.54333333
                ]
            },
            "properties": {
                "調査時期": "2024_W",
                "都道府県": "長野県",
                "市区町村": "大鹿村",
                "撮影場所": "",
                "撮影日時": "2024-01-09T20:05:00+09:00",
                "緯度": "35.54333333 ",
                "経度": "138.04416667 ",
                "夜空の明るさ": "21.37",
                "ばらつき": "0.11",
                "周辺状況": "",
                "備考": "",
                "継続観察登録地点": ""
            }
        },
        {
            "type": "Feature",
            "geometry": {
                "type": "Point",
                "coordinates": [
                    138.04416667,
                    35.54305556
                ]
            },
            "properties": {
                "調査時期": "2024_W",
                "都道府県": "長野県",
                "市区町村": "大鹿村",
                "撮影場所": "",
                "撮影日時": "2024-01-11T20:40:00+09:00",
                "緯度": "35.54305556 ",
                "経度": "138.04416667 ",
                "夜空の明るさ": "21.26",
                "ばらつき": "0.15",
                "周辺状況": "",
                "備考": "",
                "継続観察登録地点": ""
            }
        },
        {
            "type": "Feature",
            "geometry": {
                "type": "Point",
                "coordinates": [
                    138.03444444,
                    35.56138889
                ]
            },
            "properties": {
                "調査時期": "2024_W",
                "都道府県": "長野県",
                "市区町村": "大鹿村",
                "撮影場所": "",
                "撮影日時": "2024-01-11T20:16:00+09:00",
                "緯度": "35.56138889 ",
                "経度": "138.03444444 ",
                "夜空の明るさ": "21.03",
                "ばらつき": "0.11",
                "周辺状況": "",
                "備考": "",
                "継続観察登録地点": ""
            }
        },
        {
            "type": "Feature",
            "geometry": {
                "type": "Point",
                "coordinates": [
                    138.03416667,
                    35.57805556
                ]
            },
            "properties": {
                "調査時期": "2024_W",
                "都道府県": "長野県",
                "市区町村": "大鹿村",
                "撮影場所": "",
                "撮影日時": "2024-01-11T19:57:00+09:00",
                "緯度": "35.57805556 ",
                "経度": "138.03416667 ",
                "夜空の明るさ": "20.95",
                "ばらつき": "0.12",
                "周辺状況": "",
                "備考": "",
                "継続観察登録地点": ""
            }
        },
        {
            "type": "Feature",
            "geometry": {
                "type": "Point",
                "coordinates": [
                    138.07111111,
                    35.60194444
                ]
            },
            "properties": {
                "調査時期": "2024_W",
                "都道府県": "長野県",
                "市区町村": "大鹿村",
                "撮影場所": "",
                "撮影日時": "2024-01-11T19:13:00+09:00",
                "緯度": "35.60194444 ",
                "経度": "138.07111111 ",
                "夜空の明るさ": "21.06",
                "ばらつき": "0.10",
                "周辺状況": "",
                "備考": "",
                "継続観察登録地点": ""
            }
        },
        {
            "type": "Feature",
            "geometry": {
                "type": "Point",
                "coordinates": [
                    138.07916667,
                    35.5975
                ]
            },
            "properties": {
                "調査時期": "2024_W",
                "都道府県": "長野県",
                "市区町村": "大鹿村",
                "撮影場所": "",
                "撮影日時": "2024-01-11T19:28:00+09:00",
                "緯度": "35.59750000 ",
                "経度": "138.07916667 ",
                "夜空の明るさ": "21.12",
                "ばらつき": "0.13",
                "周辺状況": "",
                "備考": "",
                "継続観察登録地点": ""
            }
        },
        {
            "type": "Feature",
            "geometry": {
                "type": "Point",
                "coordinates": [
                    137.68722222,
                    35.80805556
                ]
            },
            "properties": {
                "調査時期": "2024_W",
                "都道府県": "長野県",
                "市区町村": "上松町",
                "撮影場所": "木曽の桟",
                "撮影日時": "2024-01-05T18:39:00+09:00",
                "緯度": "35.80805556 ",
                "経度": "137.68722222 ",
                "夜空の明るさ": "20.95",
                "ばらつき": "0.08",
                "周辺状況": "森林山間地",
                "備考": "",
                "継続観察登録地点": "○"
            }
        },
        {
            "type": "Feature",
            "geometry": {
                "type": "Point",
                "coordinates": [
                    137.69333333,
                    35.78361111
                ]
            },
            "properties": {
                "調査時期": "2024_W",
                "都道府県": "長野県",
                "市区町村": "上松町",
                "撮影場所": "上松駅前",
                "撮影日時": "2024-01-05T18:50:00+09:00",
                "緯度": "35.78361111 ",
                "経度": "137.69333333 ",
                "夜空の明るさ": "20.01",
                "ばらつき": "0.08",
                "周辺状況": "商業地域",
                "備考": "",
                "継続観察登録地点": "○"
            }
        },
        {
            "type": "Feature",
            "geometry": {
                "type": "Point",
                "coordinates": [
                    137.71527778,
                    35.72277778
                ]
            },
            "properties": {
                "調査時期": "2024_W",
                "都道府県": "長野県",
                "市区町村": "上松町",
                "撮影場所": "木曽郡上松町倉本",
                "撮影日時": "2024-01-05T19:06:00+09:00",
                "緯度": "35.72277778 ",
                "経度": "137.71527778 ",
                "夜空の明るさ": "21.13",
                "ばらつき": "0.07",
                "周辺状況": "その他",
                "備考": "",
                "継続観察登録地点": "○"
            }
        },
        {
            "type": "Feature",
            "geometry": {
                "type": "Point",
                "coordinates": [
                    137.60611111,
                    35.59916667
                ]
            },
            "properties": {
                "調査時期": "2024_W",
                "都道府県": "長野県",
                "市区町村": "南木曽町",
                "撮影場所": "天白公園駐車場",
                "撮影日時": "2024-01-05T19:35:00+09:00",
                "緯度": "35.59916667 ",
                "経度": "137.60611111 ",
                "夜空の明るさ": "20.54",
                "ばらつき": "0.06",
                "周辺状況": "自然公園等",
                "備考": "",
                "継続観察登録地点": "○"
            }
        },
        {
            "type": "Feature",
            "geometry": {
                "type": "Point",
                "coordinates": [
                    137.55,
                    35.59055556
                ]
            },
            "properties": {
                "調査時期": "2024_W",
                "都道府県": "長野県",
                "市区町村": "南木曽町",
                "撮影場所": "田立小学校",
                "撮影日時": "2024-01-05T19:52:00+09:00",
                "緯度": "35.59055556 ",
                "経度": "137.55000000 ",
                "夜空の明るさ": "20.74",
                "ばらつき": "0.07",
                "周辺状況": "住宅地域",
                "備考": "",
                "継続観察登録地点": "○"
            }
        },
        {
            "type": "Feature",
            "geometry": {
                "type": "Point",
                "coordinates": [
                    137.78333333,
                    35.93138889
                ]
            },
            "properties": {
                "調査時期": "2024_W",
                "都道府県": "長野県",
                "市区町村": "木祖村",
                "撮影場所": "木祖村郷土館脇",
                "撮影日時": "2024-01-14T18:36:00+09:00",
                "緯度": "35.93138889 ",
                "経度": "137.78333333 ",
                "夜空の明るさ": "20.56",
                "ばらつき": "0.08",
                "周辺状況": "商業地域",
                "備考": "",
                "継続観察登録地点": "○"
            }
        },
        {
            "type": "Feature",
            "geometry": {
                "type": "Point",
                "coordinates": [
                    137.74666667,
                    35.96777778
                ]
            },
            "properties": {
                "調査時期": "2024_W",
                "都道府県": "長野県",
                "市区町村": "木祖村",
                "撮影場所": "",
                "撮影日時": "2024-01-08T19:34:00+09:00",
                "緯度": "35.96777778 ",
                "経度": "137.74666667 ",
                "夜空の明るさ": "21.22",
                "ばらつき": "0.11",
                "周辺状況": "",
                "備考": "",
                "継続観察登録地点": ""
            }
        },
        {
            "type": "Feature",
            "geometry": {
                "type": "Point",
                "coordinates": [
                    137.78305556,
                    35.93138889
                ]
            },
            "properties": {
                "調査時期": "2024_W",
                "都道府県": "長野県",
                "市区町村": "木祖村",
                "撮影場所": "木祖村郷土館脇",
                "撮影日時": "2024-01-08T19:53:00+09:00",
                "緯度": "35.93138889 ",
                "経度": "137.78305556 ",
                "夜空の明るさ": "20.54",
                "ばらつき": "0.09",
                "周辺状況": "商業地域",
                "備考": "",
                "継続観察登録地点": "○"
            }
        },
        {
            "type": "Feature",
            "geometry": {
                "type": "Point",
                "coordinates": [
                    137.62361111,
                    35.79666667
                ]
            },
            "properties": {
                "調査時期": "2024_W",
                "都道府県": "長野県",
                "市区町村": "王滝村",
                "撮影場所": "東京大学木曽観測所",
                "撮影日時": "2024-01-04T19:31:00+09:00",
                "緯度": "35.79666667 ",
                "経度": "137.62361111 ",
                "夜空の明るさ": "21.22",
                "ばらつき": "0.08",
                "周辺状況": "森林山間地",
                "備考": "",
                "継続観察登録地点": "○"
            }
        },
        {
            "type": "Feature",
            "geometry": {
                "type": "Point",
                "coordinates": [
                    137.67166667,
                    35.68833333
                ]
            },
            "properties": {
                "調査時期": "2024_W",
                "都道府県": "長野県",
                "市区町村": "大桑村",
                "撮影場所": "大桑中学校",
                "撮影日時": "2024-01-05T19:17:00+09:00",
                "緯度": "35.68833333 ",
                "経度": "137.67166667 ",
                "夜空の明るさ": "20.96",
                "ばらつき": "0.07",
                "周辺状況": "住宅地域",
                "備考": "",
                "継続観察登録地点": "○"
            }
        },
        {
            "type": "Feature",
            "geometry": {
                "type": "Point",
                "coordinates": [
                    137.54555556,
                    35.91361111
                ]
            },
            "properties": {
                "調査時期": "2024_W",
                "都道府県": "長野県",
                "市区町村": "木曽町",
                "撮影場所": "",
                "撮影日時": "2024-01-12T20:13:00+09:00",
                "緯度": "35.91361111 ",
                "経度": "137.54555556 ",
                "夜空の明るさ": "21.16",
                "ばらつき": "0.18",
                "周辺状況": "",
                "備考": "",
                "継続観察登録地点": ""
            }
        },
        {
            "type": "Feature",
            "geometry": {
                "type": "Point",
                "coordinates": [
                    137.58611111,
                    35.89611111
                ]
            },
            "properties": {
                "調査時期": "2024_W",
                "都道府県": "長野県",
                "市区町村": "木曽町",
                "撮影場所": "木曽町三岳倉本",
                "撮影日時": "2024-01-02T18:18:00+09:00",
                "緯度": "35.89611111 ",
                "経度": "137.58611111 ",
                "夜空の明るさ": "21.44",
                "ばらつき": "0.09",
                "周辺状況": "森林山間地",
                "備考": "",
                "継続観察登録地点": "○"
            }
        },
        {
            "type": "Feature",
            "geometry": {
                "type": "Point",
                "coordinates": [
                    137.57444444,
                    35.96611111
                ]
            },
            "properties": {
                "調査時期": "2024_W",
                "都道府県": "長野県",
                "市区町村": "木曽町",
                "撮影場所": "開田高原水芭蕉園",
                "撮影日時": "2024-01-02T18:51:00+09:00",
                "緯度": "35.96611111 ",
                "経度": "137.57444444 ",
                "夜空の明るさ": "21.55",
                "ばらつき": "0.07",
                "周辺状況": "自然公園等",
                "備考": "",
                "継続観察登録地点": "○"
            }
        },
        {
            "type": "Feature",
            "geometry": {
                "type": "Point",
                "coordinates": [
                    137.62944444,
                    35.9325
                ]
            },
            "properties": {
                "調査時期": "2024_W",
                "都道府県": "長野県",
                "市区町村": "木曽町",
                "撮影場所": "木曽馬の里",
                "撮影日時": "2024-01-02T19:28:00+09:00",
                "緯度": "35.93250000 ",
                "経度": "137.62944444 ",
                "夜空の明るさ": "21.50",
                "ばらつき": "0.11",
                "周辺状況": "その他",
                "備考": "",
                "継続観察登録地点": "○"
            }
        },
        {
            "type": "Feature",
            "geometry": {
                "type": "Point",
                "coordinates": [
                    137.55638889,
                    35.91861111
                ]
            },
            "properties": {
                "調査時期": "2024_W",
                "都道府県": "長野県",
                "市区町村": "木曽町",
                "撮影場所": "開田高原保健休養地テニスコート",
                "撮影日時": "2024-01-02T20:02:00+09:00",
                "緯度": "35.91861111 ",
                "経度": "137.55638889 ",
                "夜空の明るさ": "21.56",
                "ばらつき": "0.09",
                "周辺状況": "森林山間地",
                "備考": "",
                "継続観察登録地点": "○"
            }
        },
        {
            "type": "Feature",
            "geometry": {
                "type": "Point",
                "coordinates": [
                    137.63916667,
                    35.94722222
                ]
            },
            "properties": {
                "調査時期": "2024_W",
                "都道府県": "長野県",
                "市区町村": "木曽町",
                "撮影場所": "",
                "撮影日時": "2024-01-14T18:43:00+09:00",
                "緯度": "35.94722222 ",
                "経度": "137.63916667 ",
                "夜空の明るさ": "21.15",
                "ばらつき": "0.12",
                "周辺状況": "",
                "備考": "",
                "継続観察登録地点": ""
            }
        },
        {
            "type": "Feature",
            "geometry": {
                "type": "Point",
                "coordinates": [
                    137.61722222,
                    35.93472222
                ]
            },
            "properties": {
                "調査時期": "2024_W",
                "都道府県": "長野県",
                "市区町村": "木曽町",
                "撮影場所": "",
                "撮影日時": "2024-01-14T19:04:00+09:00",
                "緯度": "35.93472222 ",
                "経度": "137.61722222 ",
                "夜空の明るさ": "21.01",
                "ばらつき": "0.12",
                "周辺状況": "",
                "備考": "",
                "継続観察登録地点": ""
            }
        },
        {
            "type": "Feature",
            "geometry": {
                "type": "Point",
                "coordinates": [
                    137.60055556,
                    35.94027778
                ]
            },
            "properties": {
                "調査時期": "2024_W",
                "都道府県": "長野県",
                "市区町村": "木曽町",
                "撮影場所": "",
                "撮影日時": "2024-01-14T19:34:00+09:00",
                "緯度": "35.94027778 ",
                "経度": "137.60055556 ",
                "夜空の明るさ": "20.71",
                "ばらつき": "0.15",
                "周辺状況": "",
                "備考": "",
                "継続観察登録地点": ""
            }
        },
        {
            "type": "Feature",
            "geometry": {
                "type": "Point",
                "coordinates": [
                    137.57138889,
                    35.93861111
                ]
            },
            "properties": {
                "調査時期": "2024_W",
                "都道府県": "長野県",
                "市区町村": "木曽町",
                "撮影場所": "",
                "撮影日時": "2024-01-14T20:07:00+09:00",
                "緯度": "35.93861111 ",
                "経度": "137.57138889 ",
                "夜空の明るさ": "20.61",
                "ばらつき": "0.20",
                "周辺状況": "",
                "備考": "",
                "継続観察登録地点": ""
            }
        },
        {
            "type": "Feature",
            "geometry": {
                "type": "Point",
                "coordinates": [
                    137.76333333,
                    35.88777778
                ]
            },
            "properties": {
                "調査時期": "2024_W",
                "都道府県": "長野県",
                "市区町村": "木曽町",
                "撮影場所": "宮ノ越駅前",
                "撮影日時": "2024-01-14T18:21:00+09:00",
                "緯度": "35.88777778 ",
                "経度": "137.76333333 ",
                "夜空の明るさ": "20.68",
                "ばらつき": "0.08",
                "周辺状況": "住宅地域",
                "備考": "",
                "継続観察登録地点": "○"
            }
        },
        {
            "type": "Feature",
            "geometry": {
                "type": "Point",
                "coordinates": [
                    137.74027778,
                    35.86638889
                ]
            },
            "properties": {
                "調査時期": "2024_W",
                "都道府県": "長野県",
                "市区町村": "木曽町",
                "撮影場所": "道の駅日義木曽駒高原",
                "撮影日時": "2024-01-14T18:53:00+09:00",
                "緯度": "35.86638889 ",
                "経度": "137.74027778 ",
                "夜空の明るさ": "20.34",
                "ばらつき": "0.08",
                "周辺状況": "住宅地域",
                "備考": "",
                "継続観察登録地点": "○"
            }
        },
        {
            "type": "Feature",
            "geometry": {
                "type": "Point",
                "coordinates": [
                    137.6875,
                    35.83888889
                ]
            },
            "properties": {
                "調査時期": "2024_W",
                "都道府県": "長野県",
                "市区町村": "木曽町",
                "撮影場所": "木曽合同庁舎脇",
                "撮影日時": "2024-01-14T19:08:00+09:00",
                "緯度": "35.83888889 ",
                "経度": "137.68750000 ",
                "夜空の明るさ": "20.15",
                "ばらつき": "0.08",
                "周辺状況": "商業地域",
                "備考": "",
                "継続観察登録地点": "○"
            }
        },
        {
            "type": "Feature",
            "geometry": {
                "type": "Point",
                "coordinates": [
                    137.87888889,
                    36.16722222
                ]
            },
            "properties": {
                "調査時期": "2024_W",
                "都道府県": "長野県",
                "市区町村": "山形村",
                "撮影場所": "山形村 ミラ フード館 ",
                "撮影日時": "2024-01-06T18:21:00+09:00",
                "緯度": "36.16722222 ",
                "経度": "137.87888889 ",
                "夜空の明るさ": "19.42",
                "ばらつき": "0.10",
                "周辺状況": "農業地域",
                "備考": "",
                "継続観察登録地点": "○"
            }
        },
        {
            "type": "Feature",
            "geometry": {
                "type": "Point",
                "coordinates": [
                    137.86333333,
                    36.1275
                ]
            },
            "properties": {
                "調査時期": "2024_W",
                "都道府県": "長野県",
                "市区町村": "朝日村",
                "撮影場所": "朝日小学校付近",
                "撮影日時": "2024-01-05T18:28:00+09:00",
                "緯度": "36.12750000 ",
                "経度": "137.86333333 ",
                "夜空の明るさ": "20.30",
                "ばらつき": "0.09",
                "周辺状況": "住宅地域",
                "備考": "",
                "継続観察登録地点": "○"
            }
        },
        {
            "type": "Feature",
            "geometry": {
                "type": "Point",
                "coordinates": [
                    137.875,
                    36.42138889
                ]
            },
            "properties": {
                "調査時期": "2024_W",
                "都道府県": "長野県",
                "市区町村": "池田町",
                "撮影場所": "",
                "撮影日時": "2024-01-06T20:20:00+09:00",
                "緯度": "36.42138889 ",
                "経度": "137.87500000 ",
                "夜空の明るさ": "19.60",
                "ばらつき": "0.10",
                "周辺状況": "",
                "備考": "",
                "継続観察登録地点": ""
            }
        },
        {
            "type": "Feature",
            "geometry": {
                "type": "Point",
                "coordinates": [
                    137.88166667,
                    36.43694444
                ]
            },
            "properties": {
                "調査時期": "2024_W",
                "都道府県": "長野県",
                "市区町村": "池田町",
                "撮影場所": "",
                "撮影日時": "2024-01-08T19:11:00+09:00",
                "緯度": "36.43694444 ",
                "経度": "137.88166667 ",
                "夜空の明るさ": "20.72",
                "ばらつき": "0.08",
                "周辺状況": "",
                "備考": "",
                "継続観察登録地点": ""
            }
        },
        {
            "type": "Feature",
            "geometry": {
                "type": "Point",
                "coordinates": [
                    137.89277778,
                    36.45166667
                ]
            },
            "properties": {
                "調査時期": "2024_W",
                "都道府県": "長野県",
                "市区町村": "池田町",
                "撮影場所": "",
                "撮影日時": "2024-01-08T19:30:00+09:00",
                "緯度": "36.45166667 ",
                "経度": "137.89277778 ",
                "夜空の明るさ": "20.75",
                "ばらつき": "0.10",
                "周辺状況": "",
                "備考": "",
                "継続観察登録地点": ""
            }
        },
        {
            "type": "Feature",
            "geometry": {
                "type": "Point",
                "coordinates": [
                    137.87694444,
                    36.42777778
                ]
            },
            "properties": {
                "調査時期": "2024_W",
                "都道府県": "長野県",
                "市区町村": "池田町",
                "撮影場所": "",
                "撮影日時": "2024-01-08T19:50:00+09:00",
                "緯度": "36.42777778 ",
                "経度": "137.87694444 ",
                "夜空の明るさ": "20.39",
                "ばらつき": "0.06",
                "周辺状況": "",
                "備考": "",
                "継続観察登録地点": ""
            }
        },
        {
            "type": "Feature",
            "geometry": {
                "type": "Point",
                "coordinates": [
                    137.85777778,
                    36.42555556
                ]
            },
            "properties": {
                "調査時期": "2024_W",
                "都道府県": "長野県",
                "市区町村": "松川村",
                "撮影場所": "",
                "撮影日時": "2024-01-06T20:28:00+09:00",
                "緯度": "36.42555556 ",
                "経度": "137.85777778 ",
                "夜空の明るさ": "19.19",
                "ばらつき": "0.35",
                "周辺状況": "",
                "備考": "",
                "継続観察登録地点": ""
            }
        },
        {
            "type": "Feature",
            "geometry": {
                "type": "Point",
                "coordinates": [
                    137.8575,
                    36.63305556
                ]
            },
            "properties": {
                "調査時期": "2024_W",
                "都道府県": "長野県",
                "市区町村": "白馬村",
                "撮影場所": "",
                "撮影日時": "2024-01-04T18:32:00+09:00",
                "緯度": "36.63305556 ",
                "経度": "137.85750000 ",
                "夜空の明るさ": "20.43",
                "ばらつき": "0.11",
                "周辺状況": "",
                "備考": "",
                "継続観察登録地点": ""
            }
        },
        {
            "type": "Feature",
            "geometry": {
                "type": "Point",
                "coordinates": [
                    137.89305556,
                    36.70861111
                ]
            },
            "properties": {
                "調査時期": "2024_W",
                "都道府県": "長野県",
                "市区町村": "白馬村",
                "撮影場所": "",
                "撮影日時": "2024-01-04T19:04:00+09:00",
                "緯度": "36.70861111 ",
                "経度": "137.89305556 ",
                "夜空の明るさ": "20.72",
                "ばらつき": "0.18",
                "周辺状況": "",
                "備考": "",
                "継続観察登録地点": ""
            }
        },
        {
            "type": "Feature",
            "geometry": {
                "type": "Point",
                "coordinates": [
                    137.87305556,
                    36.75361111
                ]
            },
            "properties": {
                "調査時期": "2024_W",
                "都道府県": "長野県",
                "市区町村": "小谷村",
                "撮影場所": "",
                "撮影日時": "2024-01-04T19:22:00+09:00",
                "緯度": "36.75361111 ",
                "経度": "137.87305556 ",
                "夜空の明るさ": "20.28",
                "ばらつき": "0.08",
                "周辺状況": "",
                "備考": "",
                "継続観察登録地点": ""
            }
        },
        {
            "type": "Feature",
            "geometry": {
                "type": "Point",
                "coordinates": [
                    137.89694444,
                    36.76083333
                ]
            },
            "properties": {
                "調査時期": "2024_W",
                "都道府県": "長野県",
                "市区町村": "小谷村",
                "撮影場所": "",
                "撮影日時": "2024-01-04T19:29:00+09:00",
                "緯度": "36.76083333 ",
                "経度": "137.89694444 ",
                "夜空の明るさ": "19.51",
                "ばらつき": "0.47",
                "周辺状況": "",
                "備考": "参考値（薄雲）",
                "継続観察登録地点": ""
            }
        },
        {
            "type": "Feature",
            "geometry": {
                "type": "Point",
                "coordinates": [
                    137.90833333,
                    36.80472222
                ]
            },
            "properties": {
                "調査時期": "2024_W",
                "都道府県": "長野県",
                "市区町村": "小谷村",
                "撮影場所": "",
                "撮影日時": "2024-01-04T19:46:00+09:00",
                "緯度": "36.80472222 ",
                "経度": "137.90833333 ",
                "夜空の明るさ": "20.76",
                "ばらつき": "0.40",
                "周辺状況": "",
                "備考": "",
                "継続観察登録地点": ""
            }
        },
        {
            "type": "Feature",
            "geometry": {
                "type": "Point",
                "coordinates": [
                    137.90111111,
                    36.83861111
                ]
            },
            "properties": {
                "調査時期": "2024_W",
                "都道府県": "長野県",
                "市区町村": "小谷村",
                "撮影場所": "",
                "撮影日時": "2024-01-04T20:00:00+09:00",
                "緯度": "36.83861111 ",
                "経度": "137.90111111 ",
                "夜空の明るさ": "20.97",
                "ばらつき": "0.28",
                "周辺状況": "",
                "備考": "",
                "継続観察登録地点": ""
            }
        },
        {
            "type": "Feature",
            "geometry": {
                "type": "Point",
                "coordinates": [
                    138.19472222,
                    36.43444444
                ]
            },
            "properties": {
                "調査時期": "2024_W",
                "都道府県": "長野県",
                "市区町村": "坂城町",
                "撮影場所": "",
                "撮影日時": "2024-01-02T19:04:00+09:00",
                "緯度": "36.43444444 ",
                "経度": "138.19472222 ",
                "夜空の明るさ": "19.87",
                "ばらつき": "0.08",
                "周辺状況": "",
                "備考": "",
                "継続観察登録地点": ""
            }
        },
        {
            "type": "Feature",
            "geometry": {
                "type": "Point",
                "coordinates": [
                    137.98722222,
                    36.66
                ]
            },
            "properties": {
                "調査時期": "2024_W",
                "都道府県": "長野県",
                "市区町村": "小川村",
                "撮影場所": "小川天文台",
                "撮影日時": "2024-01-05T18:28:00+09:00",
                "緯度": "36.66000000 ",
                "経度": "137.98722222 ",
                "夜空の明るさ": "20.99",
                "ばらつき": "0.07",
                "周辺状況": "森林山間地",
                "備考": "",
                "継続観察登録地点": "○"
            }
        },
        {
            "type": "Feature",
            "geometry": {
                "type": "Point",
                "coordinates": [
                    137.98666667,
                    36.65861111
                ]
            },
            "properties": {
                "調査時期": "2024_W",
                "都道府県": "長野県",
                "市区町村": "小川村",
                "撮影場所": "",
                "撮影日時": "2024-01-11T20:13:00+09:00",
                "緯度": "36.65861111 ",
                "経度": "137.98666667 ",
                "夜空の明るさ": "21.03",
                "ばらつき": "0.06",
                "周辺状況": "",
                "備考": "",
                "継続観察登録地点": ""
            }
        },
        {
            "type": "Feature",
            "geometry": {
                "type": "Point",
                "coordinates": [
                    137.30444444,
                    36.25277778
                ]
            },
            "properties": {
                "調査時期": "2024_W",
                "都道府県": "岐阜県",
                "市区町村": "高山市",
                "撮影場所": "",
                "撮影日時": "2024-01-04T20:11:00+09:00",
                "緯度": "36.25277778 ",
                "経度": "137.30444444 ",
                "夜空の明るさ": "21.21",
                "ばらつき": "0.08",
                "周辺状況": "",
                "備考": "",
                "継続観察登録地点": ""
            }
        },
        {
            "type": "Feature",
            "geometry": {
                "type": "Point",
                "coordinates": [
                    137.30472222,
                    36.2525
                ]
            },
            "properties": {
                "調査時期": "2024_W",
                "都道府県": "岐阜県",
                "市区町村": "高山市",
                "撮影場所": "",
                "撮影日時": "2024-01-11T19:28:00+09:00",
                "緯度": "36.25250000 ",
                "経度": "137.30472222 ",
                "夜空の明るさ": "21.22",
                "ばらつき": "0.12",
                "周辺状況": "",
                "備考": "",
                "継続観察登録地点": ""
            }
        },
        {
            "type": "Feature",
            "geometry": {
                "type": "Point",
                "coordinates": [
                    137.05861111,
                    35.39666667
                ]
            },
            "properties": {
                "調査時期": "2024_W",
                "都道府県": "岐阜県",
                "市区町村": "可児市",
                "撮影場所": "可児市 天体ドーム横",
                "撮影日時": "2024-01-13T20:25:00+09:00",
                "緯度": "35.39666667 ",
                "経度": "137.05861111 ",
                "夜空の明るさ": "18.82",
                "ばらつき": "0.10",
                "周辺状況": "住宅地域",
                "備考": "",
                "継続観察登録地点": "○"
            }
        },
        {
            "type": "Feature",
            "geometry": {
                "type": "Point",
                "coordinates": [
                    136.4575,
                    35.57583333
                ]
            },
            "properties": {
                "調査時期": "2024_W",
                "都道府県": "岐阜県",
                "市区町村": "揖斐川町",
                "撮影場所": "揖斐川町西横山",
                "撮影日時": "2024-01-04T20:02:00+09:00",
                "緯度": "35.57583333 ",
                "経度": "136.45750000 ",
                "夜空の明るさ": "20.66",
                "ばらつき": "0.10",
                "周辺状況": "森林山間地",
                "備考": "",
                "継続観察登録地点": "○"
            }
        },
        {
            "type": "Feature",
            "geometry": {
                "type": "Point",
                "coordinates": [
                    138.38361111,
                    34.97888889
                ]
            },
            "properties": {
                "調査時期": "2024_W",
                "都道府県": "静岡県",
                "市区町村": "静岡市　葵区",
                "撮影場所": "",
                "撮影日時": "2024-01-14T22:32:00+09:00",
                "緯度": "34.97888889 ",
                "経度": "138.38361111 ",
                "夜空の明るさ": "18.15",
                "ばらつき": "0.09",
                "周辺状況": "",
                "備考": "参考値（時間外）",
                "継続観察登録地点": ""
            }
        },
        {
            "type": "Feature",
            "geometry": {
                "type": "Point",
                "coordinates": [
                    138.36388889,
                    35.00972222
                ]
            },
            "properties": {
                "調査時期": "2024_W",
                "都道府県": "静岡県",
                "市区町村": "静岡市　葵区",
                "撮影場所": "",
                "撮影日時": "2024-01-15T18:52:00+09:00",
                "緯度": "35.00972222 ",
                "経度": "138.36388889 ",
                "夜空の明るさ": "18.90",
                "ばらつき": "0.08",
                "周辺状況": "",
                "備考": "",
                "継続観察登録地点": ""
            }
        },
        {
            "type": "Feature",
            "geometry": {
                "type": "Point",
                "coordinates": [
                    138.89333333,
                    35.10138889
                ]
            },
            "properties": {
                "調査時期": "2024_W",
                "都道府県": "静岡県",
                "市区町村": "清水町",
                "撮影場所": "",
                "撮影日時": "2024-01-02T19:26:00+09:00",
                "緯度": "35.10138889 ",
                "経度": "138.89333333 ",
                "夜空の明るさ": "18.29",
                "ばらつき": "0.09",
                "周辺状況": "",
                "備考": "",
                "継続観察登録地点": ""
            }
        },
        {
            "type": "Feature",
            "geometry": {
                "type": "Point",
                "coordinates": [
                    136.89944444,
                    35.16472222
                ]
            },
            "properties": {
                "調査時期": "2024_W",
                "都道府県": "愛知県",
                "市区町村": "名古屋市　中区",
                "撮影場所": "名古屋市科学館",
                "撮影日時": "2024-01-08T18:58:00+09:00",
                "緯度": "35.16472222 ",
                "経度": "136.89944444 ",
                "夜空の明るさ": "16.66",
                "ばらつき": "0.11",
                "周辺状況": "商業地域",
                "備考": "",
                "継続観察登録地点": "○"
            }
        },
        {
            "type": "Feature",
            "geometry": {
                "type": "Point",
                "coordinates": [
                    136.95888889,
                    35.24861111
                ]
            },
            "properties": {
                "調査時期": "2024_W",
                "都道府県": "愛知県",
                "市区町村": "春日井市",
                "撮影場所": "",
                "撮影日時": "2024-01-15T18:42:00+09:00",
                "緯度": "35.24861111 ",
                "経度": "136.95888889 ",
                "夜空の明るさ": "17.34",
                "ばらつき": "0.07",
                "周辺状況": "",
                "備考": "",
                "継続観察登録地点": ""
            }
        },
        {
            "type": "Feature",
            "geometry": {
                "type": "Point",
                "coordinates": [
                    137.125,
                    35.05305556
                ]
            },
            "properties": {
                "調査時期": "2024_W",
                "都道府県": "愛知県",
                "市区町村": "豊田市",
                "撮影場所": "",
                "撮影日時": "2024-01-06T18:35:00+09:00",
                "緯度": "35.05305556 ",
                "経度": "137.12500000 ",
                "夜空の明るさ": "17.22",
                "ばらつき": "0.10",
                "周辺状況": "",
                "備考": "",
                "継続観察登録地点": ""
            }
        },
        {
            "type": "Feature",
            "geometry": {
                "type": "Point",
                "coordinates": [
                    137.15305556,
                    35.07694444
                ]
            },
            "properties": {
                "調査時期": "2024_W",
                "都道府県": "愛知県",
                "市区町村": "豊田市",
                "撮影場所": "",
                "撮影日時": "2024-01-13T19:32:00+09:00",
                "緯度": "35.07694444 ",
                "経度": "137.15305556 ",
                "夜空の明るさ": "17.65",
                "ばらつき": "0.09",
                "周辺状況": "",
                "備考": "",
                "継続観察登録地点": ""
            }
        },
        {
            "type": "Feature",
            "geometry": {
                "type": "Point",
                "coordinates": [
                    137.11777778,
                    35.10944444
                ]
            },
            "properties": {
                "調査時期": "2024_W",
                "都道府県": "愛知県",
                "市区町村": "みよし市",
                "撮影場所": "",
                "撮影日時": "2024-01-09T19:34:00+09:00",
                "緯度": "35.10944444 ",
                "経度": "137.11777778 ",
                "夜空の明るさ": "17.43",
                "ばらつき": "0.07",
                "周辺状況": "",
                "備考": "",
                "継続観察登録地点": ""
            }
        },
        {
            "type": "Feature",
            "geometry": {
                "type": "Point",
                "coordinates": [
                    137.55,
                    35.06361111
                ]
            },
            "properties": {
                "調査時期": "2024_W",
                "都道府県": "愛知県",
                "市区町村": "設楽町",
                "撮影場所": "",
                "撮影日時": "2024-01-04T19:11:00+09:00",
                "緯度": "35.06361111 ",
                "経度": "137.55000000 ",
                "夜空の明るさ": "20.13",
                "ばらつき": "0.06",
                "周辺状況": "",
                "備考": "",
                "継続観察登録地点": ""
            }
        },
        {
            "type": "Feature",
            "geometry": {
                "type": "Point",
                "coordinates": [
                    137.57361111,
                    35.09361111
                ]
            },
            "properties": {
                "調査時期": "2024_W",
                "都道府県": "愛知県",
                "市区町村": "設楽町",
                "撮影場所": "奥三河総合センター",
                "撮影日時": "2024-01-04T19:25:00+09:00",
                "緯度": "35.09361111 ",
                "経度": "137.57361111 ",
                "夜空の明るさ": "20.51",
                "ばらつき": "0.07",
                "周辺状況": "住宅地域",
                "備考": "",
                "継続観察登録地点": "○"
            }
        },
        {
            "type": "Feature",
            "geometry": {
                "type": "Point",
                "coordinates": [
                    137.60638889,
                    35.19861111
                ]
            },
            "properties": {
                "調査時期": "2024_W",
                "都道府県": "愛知県",
                "市区町村": "設楽町",
                "撮影場所": "道の駅つぐ高原グリーンパーク",
                "撮影日時": "2024-01-04T19:57:00+09:00",
                "緯度": "35.19861111 ",
                "経度": "137.60638889 ",
                "夜空の明るさ": "20.88",
                "ばらつき": "0.06",
                "周辺状況": "自然公園等",
                "備考": "",
                "継続観察登録地点": "○"
            }
        },
        {
            "type": "Feature",
            "geometry": {
                "type": "Point",
                "coordinates": [
                    137.60444444,
                    35.20111111
                ]
            },
            "properties": {
                "調査時期": "2024_W",
                "都道府県": "愛知県",
                "市区町村": "設楽町",
                "撮影場所": "道の駅つぐ高原グリーンパーク",
                "撮影日時": "2024-01-08T19:45:00+09:00",
                "緯度": "35.20111111 ",
                "経度": "137.60444444 ",
                "夜空の明るさ": "20.60",
                "ばらつき": "0.10",
                "周辺状況": "自然公園等",
                "備考": "",
                "継続観察登録地点": "○"
            }
        },
        {
            "type": "Feature",
            "geometry": {
                "type": "Point",
                "coordinates": [
                    137.60416667,
                    35.20083333
                ]
            },
            "properties": {
                "調査時期": "2024_W",
                "都道府県": "愛知県",
                "市区町村": "設楽町",
                "撮影場所": "道の駅つぐ高原グリーンパーク",
                "撮影日時": "2024-01-08T19:44:00+09:00",
                "緯度": "35.20083333 ",
                "経度": "137.60416667 ",
                "夜空の明るさ": "20.58",
                "ばらつき": "0.12",
                "周辺状況": "自然公園等",
                "備考": "",
                "継続観察登録地点": "○"
            }
        },
        {
            "type": "Feature",
            "geometry": {
                "type": "Point",
                "coordinates": [
                    137.7225,
                    35.12027778
                ]
            },
            "properties": {
                "調査時期": "2024_W",
                "都道府県": "愛知県",
                "市区町村": "東栄町",
                "撮影場所": "",
                "撮影日時": "2024-01-14T18:42:00+09:00",
                "緯度": "35.12027778 ",
                "経度": "137.72250000 ",
                "夜空の明るさ": "20.72",
                "ばらつき": "0.10",
                "周辺状況": "",
                "備考": "",
                "継続観察登録地点": ""
            }
        },
        {
            "type": "Feature",
            "geometry": {
                "type": "Point",
                "coordinates": [
                    137.71611111,
                    35.08055556
                ]
            },
            "properties": {
                "調査時期": "2024_W",
                "都道府県": "愛知県",
                "市区町村": "東栄町",
                "撮影場所": "",
                "撮影日時": "2024-01-14T19:30:00+09:00",
                "緯度": "35.08055556 ",
                "経度": "137.71611111 ",
                "夜空の明るさ": "20.92",
                "ばらつき": "0.10",
                "周辺状況": "",
                "備考": "",
                "継続観察登録地点": ""
            }
        },
        {
            "type": "Feature",
            "geometry": {
                "type": "Point",
                "coordinates": [
                    137.65944444,
                    35.22222222
                ]
            },
            "properties": {
                "調査時期": "2024_W",
                "都道府県": "愛知県",
                "市区町村": "豊根村",
                "撮影場所": "茶臼山高原(愛知県北設楽郡豊根村)",
                "撮影日時": "2024-01-08T20:06:00+09:00",
                "緯度": "35.22222222 ",
                "経度": "137.65944444 ",
                "夜空の明るさ": "20.71",
                "ばらつき": "0.11",
                "周辺状況": "自然公園等",
                "備考": "",
                "継続観察登録地点": "○"
            }
        },
        {
            "type": "Feature",
            "geometry": {
                "type": "Point",
                "coordinates": [
                    137.65916667,
                    35.22194444
                ]
            },
            "properties": {
                "調査時期": "2024_W",
                "都道府県": "愛知県",
                "市区町村": "豊根村",
                "撮影場所": "茶臼山高原(愛知県北設楽郡豊根村)",
                "撮影日時": "2024-01-08T20:05:00+09:00",
                "緯度": "35.22194444 ",
                "経度": "137.65916667 ",
                "夜空の明るさ": "20.68",
                "ばらつき": "0.09",
                "周辺状況": "自然公園等",
                "備考": "",
                "継続観察登録地点": "○"
            }
        },
        {
            "type": "Feature",
            "geometry": {
                "type": "Point",
                "coordinates": [
                    136.36,
                    34.88222222
                ]
            },
            "properties": {
                "調査時期": "2024_W",
                "都道府県": "三重県",
                "市区町村": "亀山市",
                "撮影場所": "鈴鹿峠自然の家",
                "撮影日時": "2024-01-04T20:24:00+09:00",
                "緯度": "34.88222222 ",
                "経度": "136.36000000 ",
                "夜空の明るさ": "19.87",
                "ばらつき": "0.09",
                "周辺状況": "森林山間地",
                "備考": "",
                "継続観察登録地点": "○"
            }
        },
        {
            "type": "Feature",
            "geometry": {
                "type": "Point",
                "coordinates": [
                    136.36,
                    34.88222222
                ]
            },
            "properties": {
                "調査時期": "2024_W",
                "都道府県": "三重県",
                "市区町村": "亀山市",
                "撮影場所": "鈴鹿峠自然の家",
                "撮影日時": "2024-01-05T20:20:00+09:00",
                "緯度": "34.88222222 ",
                "経度": "136.36000000 ",
                "夜空の明るさ": "19.63",
                "ばらつき": "0.09",
                "周辺状況": "森林山間地",
                "備考": "",
                "継続観察登録地点": "○"
            }
        },
        {
            "type": "Feature",
            "geometry": {
                "type": "Point",
                "coordinates": [
                    136.13805556,
                    33.9
                ]
            },
            "properties": {
                "調査時期": "2024_W",
                "都道府県": "三重県",
                "市区町村": "熊野市",
                "撮影場所": "",
                "撮影日時": "2024-01-13T19:20:00+09:00",
                "緯度": "33.90000000 ",
                "経度": "136.13805556 ",
                "夜空の明るさ": "21.36",
                "ばらつき": "0.17",
                "周辺状況": "",
                "備考": "",
                "継続観察登録地点": ""
            }
        },
        {
            "type": "Feature",
            "geometry": {
                "type": "Point",
                "coordinates": [
                    136.13805556,
                    33.9
                ]
            },
            "properties": {
                "調査時期": "2024_W",
                "都道府県": "三重県",
                "市区町村": "熊野市",
                "撮影場所": "",
                "撮影日時": "2024-01-13T19:21:00+09:00",
                "緯度": "33.90000000 ",
                "経度": "136.13805556 ",
                "夜空の明るさ": "21.41",
                "ばらつき": "0.13",
                "周辺状況": "",
                "備考": "",
                "継続観察登録地点": ""
            }
        },
        {
            "type": "Feature",
            "geometry": {
                "type": "Point",
                "coordinates": [
                    135.77194444,
                    35.01166667
                ]
            },
            "properties": {
                "調査時期": "2024_W",
                "都道府県": "京都府",
                "市区町村": "京都市　左京区",
                "撮影場所": "京都市左京区 鴨川河川敷",
                "撮影日時": "2024-01-02T18:44:00+09:00",
                "緯度": "35.01166667 ",
                "経度": "135.77194444 ",
                "夜空の明るさ": "17.06",
                "ばらつき": "0.07",
                "周辺状況": "住宅地域",
                "備考": "",
                "継続観察登録地点": "○"
            }
        },
        {
            "type": "Feature",
            "geometry": {
                "type": "Point",
                "coordinates": [
                    135.71861111,
                    34.99888889
                ]
            },
            "properties": {
                "調査時期": "2024_W",
                "都道府県": "京都府",
                "市区町村": "京都市　右京区",
                "撮影場所": "",
                "撮影日時": "2024-01-10T19:10:00+09:00",
                "緯度": "34.99888889 ",
                "経度": "135.71861111 ",
                "夜空の明るさ": "17.34",
                "ばらつき": "0.10",
                "周辺状況": "",
                "備考": "",
                "継続観察登録地点": ""
            }
        },
        {
            "type": "Feature",
            "geometry": {
                "type": "Point",
                "coordinates": [
                    135.71861111,
                    34.99888889
                ]
            },
            "properties": {
                "調査時期": "2024_W",
                "都道府県": "京都府",
                "市区町村": "京都市　右京区",
                "撮影場所": "",
                "撮影日時": "2024-01-11T18:48:00+09:00",
                "緯度": "34.99888889 ",
                "経度": "135.71861111 ",
                "夜空の明るさ": "17.21",
                "ばらつき": "0.09",
                "周辺状況": "",
                "備考": "",
                "継続観察登録地点": ""
            }
        },
        {
            "type": "Feature",
            "geometry": {
                "type": "Point",
                "coordinates": [
                    135.71888889,
                    34.99916667
                ]
            },
            "properties": {
                "調査時期": "2024_W",
                "都道府県": "京都府",
                "市区町村": "京都市　右京区",
                "撮影場所": "",
                "撮影日時": "2024-01-12T19:25:00+09:00",
                "緯度": "34.99916667 ",
                "経度": "135.71888889 ",
                "夜空の明るさ": "16.89",
                "ばらつき": "0.07",
                "周辺状況": "",
                "備考": "",
                "継続観察登録地点": ""
            }
        },
        {
            "type": "Feature",
            "geometry": {
                "type": "Point",
                "coordinates": [
                    135.74611111,
                    35.01666667
                ]
            },
            "properties": {
                "調査時期": "2024_W",
                "都道府県": "京都府",
                "市区町村": "京都市　上京区",
                "撮影場所": "上京区主税町",
                "撮影日時": "2024-01-09T20:21:00+09:00",
                "緯度": "35.01666667 ",
                "経度": "135.74611111 ",
                "夜空の明るさ": "16.97",
                "ばらつき": "0.12",
                "周辺状況": "商業地域",
                "備考": "",
                "継続観察登録地点": "○"
            }
        },
        {
            "type": "Feature",
            "geometry": {
                "type": "Point",
                "coordinates": [
                    135.71861111,
                    34.99916667
                ]
            },
            "properties": {
                "調査時期": "2024_W",
                "都道府県": "京都府",
                "市区町村": "京都市　右京区",
                "撮影場所": "",
                "撮影日時": "2024-01-13T19:21:00+09:00",
                "緯度": "34.99916667 ",
                "経度": "135.71861111 ",
                "夜空の明るさ": "17.29",
                "ばらつき": "0.13",
                "周辺状況": "",
                "備考": "",
                "継続観察登録地点": ""
            }
        },
        {
            "type": "Feature",
            "geometry": {
                "type": "Point",
                "coordinates": [
                    135.90416667,
                    34.78833333
                ]
            },
            "properties": {
                "調査時期": "2024_W",
                "都道府県": "京都府",
                "市区町村": "和束町",
                "撮影場所": "相楽郡和束町杣田",
                "撮影日時": "2024-01-04T20:08:00+09:00",
                "緯度": "34.78833333 ",
                "経度": "135.90416667 ",
                "夜空の明るさ": "19.48",
                "ばらつき": "0.11",
                "周辺状況": "農業地域",
                "備考": "",
                "継続観察登録地点": "○"
            }
        },
        {
            "type": "Feature",
            "geometry": {
                "type": "Point",
                "coordinates": [
                    135.49777778,
                    34.70222222
                ]
            },
            "properties": {
                "調査時期": "2024_W",
                "都道府県": "大阪府",
                "市区町村": "大阪市　北区",
                "撮影場所": "",
                "撮影日時": "2024-01-11T19:49:00+09:00",
                "緯度": "34.70222222 ",
                "経度": "135.49777778 ",
                "夜空の明るさ": "15.27",
                "ばらつき": "0.50",
                "周辺状況": "",
                "備考": "参考値（薄雲）",
                "継続観察登録地点": ""
            }
        },
        {
            "type": "Feature",
            "geometry": {
                "type": "Point",
                "coordinates": [
                    135.49777778,
                    34.73388889
                ]
            },
            "properties": {
                "調査時期": "2024_W",
                "都道府県": "大阪府",
                "市区町村": "大阪市　淀川区",
                "撮影場所": "",
                "撮影日時": "2024-01-10T20:07:00+09:00",
                "緯度": "34.73388889 ",
                "経度": "135.49777778 ",
                "夜空の明るさ": "16.51",
                "ばらつき": "0.12",
                "周辺状況": "",
                "備考": "",
                "継続観察登録地点": ""
            }
        },
        {
            "type": "Feature",
            "geometry": {
                "type": "Point",
                "coordinates": [
                    135.64055556,
                    34.81
                ]
            },
            "properties": {
                "調査時期": "2024_W",
                "都道府県": "大阪府",
                "市区町村": "枚方市",
                "撮影場所": "枚方市 ひらパー",
                "撮影日時": "2024-01-04T20:21:00+09:00",
                "緯度": "34.81000000 ",
                "経度": "135.64055556 ",
                "夜空の明るさ": "17.52",
                "ばらつき": "0.06",
                "周辺状況": "住宅地域",
                "備考": "",
                "継続観察登録地点": "○"
            }
        },
        {
            "type": "Feature",
            "geometry": {
                "type": "Point",
                "coordinates": [
                    135.64055556,
                    34.81
                ]
            },
            "properties": {
                "調査時期": "2024_W",
                "都道府県": "大阪府",
                "市区町村": "枚方市",
                "撮影場所": "枚方市 ひらパー",
                "撮影日時": "2024-01-11T20:04:00+09:00",
                "緯度": "34.81000000 ",
                "経度": "135.64055556 ",
                "夜空の明るさ": "17.30",
                "ばらつき": "0.07",
                "周辺状況": "住宅地域",
                "備考": "",
                "継続観察登録地点": "○"
            }
        },
        {
            "type": "Feature",
            "geometry": {
                "type": "Point",
                "coordinates": [
                    135.55861111,
                    34.81777778
                ]
            },
            "properties": {
                "調査時期": "2024_W",
                "都道府県": "大阪府",
                "市区町村": "茨木市",
                "撮影場所": "",
                "撮影日時": "2024-01-07T19:36:00+09:00",
                "緯度": "34.81777778 ",
                "経度": "135.55861111 ",
                "夜空の明るさ": "16.83",
                "ばらつき": "0.23",
                "周辺状況": "",
                "備考": "",
                "継続観察登録地点": ""
            }
        },
        {
            "type": "Feature",
            "geometry": {
                "type": "Point",
                "coordinates": [
                    135.13305556,
                    34.68361111
                ]
            },
            "properties": {
                "調査時期": "2024_W",
                "都道府県": "兵庫県",
                "市区町村": "神戸市　長田区",
                "撮影場所": "神戸市長田区鹿松町",
                "撮影日時": "2024-01-02T19:33:00+09:00",
                "緯度": "34.68361111 ",
                "経度": "135.13305556 ",
                "夜空の明るさ": "18.08",
                "ばらつき": "0.08",
                "周辺状況": "住宅地域",
                "備考": "",
                "継続観察登録地点": "○"
            }
        },
        {
            "type": "Feature",
            "geometry": {
                "type": "Point",
                "coordinates": [
                    135.1325,
                    34.68361111
                ]
            },
            "properties": {
                "調査時期": "2024_W",
                "都道府県": "兵庫県",
                "市区町村": "神戸市　長田区",
                "撮影場所": "神戸市長田区鹿松町",
                "撮影日時": "2024-01-04T18:49:00+09:00",
                "緯度": "34.68361111 ",
                "経度": "135.13250000 ",
                "夜空の明るさ": "18.19",
                "ばらつき": "0.08",
                "周辺状況": "住宅地域",
                "備考": "",
                "継続観察登録地点": "○"
            }
        },
        {
            "type": "Feature",
            "geometry": {
                "type": "Point",
                "coordinates": [
                    135.1325,
                    34.68361111
                ]
            },
            "properties": {
                "調査時期": "2024_W",
                "都道府県": "兵庫県",
                "市区町村": "神戸市　長田区",
                "撮影場所": "神戸市長田区鹿松町",
                "撮影日時": "2024-01-07T19:57:00+09:00",
                "緯度": "34.68361111 ",
                "経度": "135.13250000 ",
                "夜空の明るさ": "18.06",
                "ばらつき": "0.13",
                "周辺状況": "住宅地域",
                "備考": "",
                "継続観察登録地点": "○"
            }
        },
        {
            "type": "Feature",
            "geometry": {
                "type": "Point",
                "coordinates": [
                    135.13333333,
                    34.68361111
                ]
            },
            "properties": {
                "調査時期": "2024_W",
                "都道府県": "兵庫県",
                "市区町村": "神戸市　長田区",
                "撮影場所": "神戸市長田区鹿松町",
                "撮影日時": "2024-01-08T19:41:00+09:00",
                "緯度": "34.68361111 ",
                "経度": "135.13333333 ",
                "夜空の明るさ": "18.20",
                "ばらつき": "0.12",
                "周辺状況": "住宅地域",
                "備考": "",
                "継続観察登録地点": "○"
            }
        },
        {
            "type": "Feature",
            "geometry": {
                "type": "Point",
                "coordinates": [
                    135.1325,
                    34.68361111
                ]
            },
            "properties": {
                "調査時期": "2024_W",
                "都道府県": "兵庫県",
                "市区町村": "神戸市　長田区",
                "撮影場所": "神戸市長田区鹿松町",
                "撮影日時": "2024-01-07T19:57:00+09:00",
                "緯度": "34.68361111 ",
                "経度": "135.13250000 ",
                "夜空の明るさ": "18.06",
                "ばらつき": "0.13",
                "周辺状況": "住宅地域",
                "備考": "",
                "継続観察登録地点": "○"
            }
        },
        {
            "type": "Feature",
            "geometry": {
                "type": "Point",
                "coordinates": [
                    135.13277778,
                    34.68361111
                ]
            },
            "properties": {
                "調査時期": "2024_W",
                "都道府県": "兵庫県",
                "市区町村": "神戸市　長田区",
                "撮影場所": "神戸市長田区鹿松町",
                "撮影日時": "2024-01-04T18:50:00+09:00",
                "緯度": "34.68361111 ",
                "経度": "135.13277778 ",
                "夜空の明るさ": "18.15",
                "ばらつき": "0.09",
                "周辺状況": "住宅地域",
                "備考": "",
                "継続観察登録地点": "○"
            }
        },
        {
            "type": "Feature",
            "geometry": {
                "type": "Point",
                "coordinates": [
                    135.19388889,
                    34.69444444
                ]
            },
            "properties": {
                "調査時期": "2024_W",
                "都道府県": "兵庫県",
                "市区町村": "神戸市　中央区",
                "撮影場所": "",
                "撮影日時": "2024-01-13T19:33:00+09:00",
                "緯度": "34.69444444 ",
                "経度": "135.19388889 ",
                "夜空の明るさ": "15.64",
                "ばらつき": "0.46",
                "周辺状況": "",
                "備考": "参考値（薄雲）",
                "継続観察登録地点": ""
            }
        },
        {
            "type": "Feature",
            "geometry": {
                "type": "Point",
                "coordinates": [
                    135.05527778,
                    34.65527778
                ]
            },
            "properties": {
                "調査時期": "2024_W",
                "都道府県": "兵庫県",
                "市区町村": "神戸市　垂水区",
                "撮影場所": "兵庫県立舞子高等学校屋上",
                "撮影日時": "2024-01-04T17:57:00+09:00",
                "緯度": "34.65527778 ",
                "経度": "135.05527778 ",
                "夜空の明るさ": "17.85",
                "ばらつき": "0.09",
                "周辺状況": "住宅地域",
                "備考": "",
                "継続観察登録地点": "○"
            }
        },
        {
            "type": "Feature",
            "geometry": {
                "type": "Point",
                "coordinates": [
                    135.05527778,
                    34.65527778
                ]
            },
            "properties": {
                "調査時期": "2024_W",
                "都道府県": "兵庫県",
                "市区町村": "神戸市　垂水区",
                "撮影場所": "兵庫県立舞子高等学校屋上",
                "撮影日時": "2024-01-05T17:48:00+09:00",
                "緯度": "34.65527778 ",
                "経度": "135.05527778 ",
                "夜空の明るさ": "16.61",
                "ばらつき": "0.15",
                "周辺状況": "住宅地域",
                "備考": "",
                "継続観察登録地点": "○"
            }
        },
        {
            "type": "Feature",
            "geometry": {
                "type": "Point",
                "coordinates": [
                    135.05527778,
                    34.65527778
                ]
            },
            "properties": {
                "調査時期": "2024_W",
                "都道府県": "兵庫県",
                "市区町村": "神戸市　垂水区",
                "撮影場所": "兵庫県立舞子高等学校屋上",
                "撮影日時": "2024-01-09T17:48:00+09:00",
                "緯度": "34.65527778 ",
                "経度": "135.05527778 ",
                "夜空の明るさ": "15.99",
                "ばらつき": "0.15",
                "周辺状況": "住宅地域",
                "備考": "",
                "継続観察登録地点": "○"
            }
        },
        {
            "type": "Feature",
            "geometry": {
                "type": "Point",
                "coordinates": [
                    135.05527778,
                    34.65527778
                ]
            },
            "properties": {
                "調査時期": "2024_W",
                "都道府県": "兵庫県",
                "市区町村": "神戸市　垂水区",
                "撮影場所": "兵庫県立舞子高等学校屋上",
                "撮影日時": "2024-01-10T18:38:00+09:00",
                "緯度": "34.65527778 ",
                "経度": "135.05527778 ",
                "夜空の明るさ": "17.83",
                "ばらつき": "0.07",
                "周辺状況": "住宅地域",
                "備考": "",
                "継続観察登録地点": "○"
            }
        },
        {
            "type": "Feature",
            "geometry": {
                "type": "Point",
                "coordinates": [
                    135.05527778,
                    34.65527778
                ]
            },
            "properties": {
                "調査時期": "2024_W",
                "都道府県": "兵庫県",
                "市区町村": "神戸市　垂水区",
                "撮影場所": "兵庫県立舞子高等学校屋上",
                "撮影日時": "2024-01-11T19:44:00+09:00",
                "緯度": "34.65527778 ",
                "経度": "135.05527778 ",
                "夜空の明るさ": "17.74",
                "ばらつき": "0.15",
                "周辺状況": "住宅地域",
                "備考": "",
                "継続観察登録地点": "○"
            }
        },
        {
            "type": "Feature",
            "geometry": {
                "type": "Point",
                "coordinates": [
                    135.055,
                    34.65527778
                ]
            },
            "properties": {
                "調査時期": "2024_W",
                "都道府県": "兵庫県",
                "市区町村": "神戸市　垂水区",
                "撮影場所": "兵庫県立舞子高等学校屋上",
                "撮影日時": "2024-01-12T18:37:00+09:00",
                "緯度": "34.65527778 ",
                "経度": "135.05500000 ",
                "夜空の明るさ": "17.02",
                "ばらつき": "0.36",
                "周辺状況": "住宅地域",
                "備考": "参考値（薄雲）",
                "継続観察登録地点": "○"
            }
        },
        {
            "type": "Feature",
            "geometry": {
                "type": "Point",
                "coordinates": [
                    135.03166667,
                    34.69833333
                ]
            },
            "properties": {
                "調査時期": "2024_W",
                "都道府県": "兵庫県",
                "市区町村": "神戸市　西区",
                "撮影場所": "神戸市西区井吹台 西神南",
                "撮影日時": "2024-01-04T18:20:00+09:00",
                "緯度": "34.69833333 ",
                "経度": "135.03166667 ",
                "夜空の明るさ": "18.12",
                "ばらつき": "0.06",
                "周辺状況": "住宅地域",
                "備考": "",
                "継続観察登録地点": "○"
            }
        },
        {
            "type": "Feature",
            "geometry": {
                "type": "Point",
                "coordinates": [
                    135.03194444,
                    34.69861111
                ]
            },
            "properties": {
                "調査時期": "2024_W",
                "都道府県": "兵庫県",
                "市区町村": "神戸市　西区",
                "撮影場所": "神戸市西区井吹台 西神南",
                "撮影日時": "2024-01-05T20:33:00+09:00",
                "緯度": "34.69861111 ",
                "経度": "135.03194444 ",
                "夜空の明るさ": "17.86",
                "ばらつき": "0.02",
                "周辺状況": "住宅地域",
                "備考": "",
                "継続観察登録地点": "○"
            }
        },
        {
            "type": "Feature",
            "geometry": {
                "type": "Point",
                "coordinates": [
                    135.03166667,
                    34.69861111
                ]
            },
            "properties": {
                "調査時期": "2024_W",
                "都道府県": "兵庫県",
                "市区町村": "神戸市　西区",
                "撮影場所": "神戸市西区井吹台 西神南",
                "撮影日時": "2024-01-08T19:07:00+09:00",
                "緯度": "34.69861111 ",
                "経度": "135.03166667 ",
                "夜空の明るさ": "18.13",
                "ばらつき": "0.10",
                "周辺状況": "住宅地域",
                "備考": "",
                "継続観察登録地点": "○"
            }
        },
        {
            "type": "Feature",
            "geometry": {
                "type": "Point",
                "coordinates": [
                    135.03166667,
                    34.69861111
                ]
            },
            "properties": {
                "調査時期": "2024_W",
                "都道府県": "兵庫県",
                "市区町村": "神戸市　西区",
                "撮影場所": "神戸市西区井吹台 西神南",
                "撮影日時": "2024-01-09T20:00:00+09:00",
                "緯度": "34.69861111 ",
                "経度": "135.03166667 ",
                "夜空の明るさ": "17.67",
                "ばらつき": "0.09",
                "周辺状況": "住宅地域",
                "備考": "",
                "継続観察登録地点": "○"
            }
        },
        {
            "type": "Feature",
            "geometry": {
                "type": "Point",
                "coordinates": [
                    135.03194444,
                    34.69833333
                ]
            },
            "properties": {
                "調査時期": "2024_W",
                "都道府県": "兵庫県",
                "市区町村": "神戸市　西区",
                "撮影場所": "神戸市西区井吹台 西神南",
                "撮影日時": "2024-01-10T22:02:00+09:00",
                "緯度": "34.69833333 ",
                "経度": "135.03194444 ",
                "夜空の明るさ": "18.17",
                "ばらつき": "0.09",
                "周辺状況": "住宅地域",
                "備考": "参考値（時間外）",
                "継続観察登録地点": "○"
            }
        },
        {
            "type": "Feature",
            "geometry": {
                "type": "Point",
                "coordinates": [
                    135.03166667,
                    34.69833333
                ]
            },
            "properties": {
                "調査時期": "2024_W",
                "都道府県": "兵庫県",
                "市区町村": "神戸市　西区",
                "撮影場所": "神戸市西区井吹台 西神南",
                "撮影日時": "2024-01-11T20:34:00+09:00",
                "緯度": "34.69833333 ",
                "経度": "135.03166667 ",
                "夜空の明るさ": "18.14",
                "ばらつき": "0.05",
                "周辺状況": "住宅地域",
                "備考": "",
                "継続観察登録地点": "○"
            }
        },
        {
            "type": "Feature",
            "geometry": {
                "type": "Point",
                "coordinates": [
                    135.03166667,
                    34.69833333
                ]
            },
            "properties": {
                "調査時期": "2024_W",
                "都道府県": "兵庫県",
                "市区町村": "神戸市　西区",
                "撮影場所": "神戸市西区井吹台 西神南",
                "撮影日時": "2024-01-12T19:25:00+09:00",
                "緯度": "34.69833333 ",
                "経度": "135.03166667 ",
                "夜空の明るさ": "18.80",
                "ばらつき": "0.09",
                "周辺状況": "住宅地域",
                "備考": "",
                "継続観察登録地点": "○"
            }
        },
        {
            "type": "Feature",
            "geometry": {
                "type": "Point",
                "coordinates": [
                    135.03166667,
                    34.69833333
                ]
            },
            "properties": {
                "調査時期": "2024_W",
                "都道府県": "兵庫県",
                "市区町村": "神戸市　西区",
                "撮影場所": "神戸市西区井吹台 西神南",
                "撮影日時": "2024-01-13T18:30:00+09:00",
                "緯度": "34.69833333 ",
                "経度": "135.03166667 ",
                "夜空の明るさ": "19.02",
                "ばらつき": "0.05",
                "周辺状況": "住宅地域",
                "備考": "",
                "継続観察登録地点": "○"
            }
        },
        {
            "type": "Feature",
            "geometry": {
                "type": "Point",
                "coordinates": [
                    135.03166667,
                    34.69833333
                ]
            },
            "properties": {
                "調査時期": "2024_W",
                "都道府県": "兵庫県",
                "市区町村": "神戸市　西区",
                "撮影場所": "神戸市西区井吹台 西神南",
                "撮影日時": "2024-01-14T19:43:00+09:00",
                "緯度": "34.69833333 ",
                "経度": "135.03166667 ",
                "夜空の明るさ": "",
                "ばらつき": "",
                "周辺状況": "住宅地域",
                "備考": "測定不可（カメラブレ）",
                "継続観察登録地点": "○"
            }
        },
        {
            "type": "Feature",
            "geometry": {
                "type": "Point",
                "coordinates": [
                    135.36166667,
                    34.75111111
                ]
            },
            "properties": {
                "調査時期": "2024_W",
                "都道府県": "兵庫県",
                "市区町村": "西宮市",
                "撮影場所": "",
                "撮影日時": "2024-01-04T20:08:00+09:00",
                "緯度": "34.75111111 ",
                "経度": "135.36166667 ",
                "夜空の明るさ": "17.46",
                "ばらつき": "0.14",
                "周辺状況": "",
                "備考": "",
                "継続観察登録地点": ""
            }
        },
        {
            "type": "Feature",
            "geometry": {
                "type": "Point",
                "coordinates": [
                    134.99861111,
                    34.99972222
                ]
            },
            "properties": {
                "調査時期": "2024_W",
                "都道府県": "兵庫県",
                "市区町村": "西脇市",
                "撮影場所": "",
                "撮影日時": "2024-01-14T18:48:00+09:00",
                "緯度": "34.99972222 ",
                "経度": "134.99861111 ",
                "夜空の明るさ": "19.54",
                "ばらつき": "0.11",
                "周辺状況": "",
                "備考": "",
                "継続観察登録地点": ""
            }
        },
        {
            "type": "Feature",
            "geometry": {
                "type": "Point",
                "coordinates": [
                    135.025,
                    34.57694444
                ]
            },
            "properties": {
                "調査時期": "2024_W",
                "都道府県": "兵庫県",
                "市区町村": "淡路市",
                "撮影場所": "淡路市久留麻 淡路",
                "撮影日時": "2024-01-05T19:45:00+09:00",
                "緯度": "34.57694444 ",
                "経度": "135.02500000 ",
                "夜空の明るさ": "16.16",
                "ばらつき": "0.27",
                "周辺状況": "その他",
                "備考": "参考値（薄雲）",
                "継続観察登録地点": "○"
            }
        },
        {
            "type": "Feature",
            "geometry": {
                "type": "Point",
                "coordinates": [
                    135.025,
                    34.5775
                ]
            },
            "properties": {
                "調査時期": "2024_W",
                "都道府県": "兵庫県",
                "市区町村": "淡路市",
                "撮影場所": "淡路市久留麻 淡路",
                "撮影日時": "2024-01-09T18:15:00+09:00",
                "緯度": "34.57750000 ",
                "経度": "135.02500000 ",
                "夜空の明るさ": "19.00",
                "ばらつき": "0.14",
                "周辺状況": "その他",
                "備考": "",
                "継続観察登録地点": "○"
            }
        },
        {
            "type": "Feature",
            "geometry": {
                "type": "Point",
                "coordinates": [
                    135.02472222,
                    34.57888889
                ]
            },
            "properties": {
                "調査時期": "2024_W",
                "都道府県": "兵庫県",
                "市区町村": "淡路市",
                "撮影場所": "淡路市久留麻 淡路",
                "撮影日時": "2024-01-11T20:05:00+09:00",
                "緯度": "34.57888889 ",
                "経度": "135.02472222 ",
                "夜空の明るさ": "19.45",
                "ばらつき": "0.07",
                "周辺状況": "その他",
                "備考": "",
                "継続観察登録地点": "○"
            }
        },
        {
            "type": "Feature",
            "geometry": {
                "type": "Point",
                "coordinates": [
                    135.02527778,
                    34.57805556
                ]
            },
            "properties": {
                "調査時期": "2024_W",
                "都道府県": "兵庫県",
                "市区町村": "淡路市",
                "撮影場所": "淡路市久留麻 淡路",
                "撮影日時": "2024-01-12T19:04:00+09:00",
                "緯度": "34.57805556 ",
                "経度": "135.02527778 ",
                "夜空の明るさ": "17.27",
                "ばらつき": "0.08",
                "周辺状況": "その他",
                "備考": "",
                "継続観察登録地点": "○"
            }
        },
        {
            "type": "Feature",
            "geometry": {
                "type": "Point",
                "coordinates": [
                    134.90916667,
                    34.7325
                ]
            },
            "properties": {
                "調査時期": "2024_W",
                "都道府県": "兵庫県",
                "市区町村": "稲美町",
                "撮影場所": "",
                "撮影日時": "2024-01-11T19:34:00+09:00",
                "緯度": "34.73250000 ",
                "経度": "134.90916667 ",
                "夜空の明るさ": "18.41",
                "ばらつき": "0.08",
                "周辺状況": "",
                "備考": "",
                "継続観察登録地点": ""
            }
        },
        {
            "type": "Feature",
            "geometry": {
                "type": "Point",
                "coordinates": [
                    135.7975,
                    33.98472222
                ]
            },
            "properties": {
                "調査時期": "2024_W",
                "都道府県": "奈良県",
                "市区町村": "十津川村",
                "撮影場所": "",
                "撮影日時": "2023-12-29T18:38:00+09:00",
                "緯度": "33.98472222 ",
                "経度": "135.79750000 ",
                "夜空の明るさ": "21.19",
                "ばらつき": "0.15",
                "周辺状況": "",
                "備考": "",
                "継続観察登録地点": ""
            }
        },
        {
            "type": "Feature",
            "geometry": {
                "type": "Point",
                "coordinates": [
                    135.18555556,
                    34.24583333
                ]
            },
            "properties": {
                "調査時期": "2024_W",
                "都道府県": "和歌山県",
                "市区町村": "和歌山市",
                "撮影場所": "和歌山県和歌山市中之島",
                "撮影日時": "2024-01-02T20:30:00+09:00",
                "緯度": "34.24583333 ",
                "経度": "135.18555556 ",
                "夜空の明るさ": "",
                "ばらつき": "",
                "周辺状況": "住宅地域",
                "備考": "測定不可（方向エラー）",
                "継続観察登録地点": "○"
            }
        },
        {
            "type": "Feature",
            "geometry": {
                "type": "Point",
                "coordinates": [
                    135.50638889,
                    33.775
                ]
            },
            "properties": {
                "調査時期": "2024_W",
                "都道府県": "和歌山県",
                "市区町村": "田辺市",
                "撮影場所": "",
                "撮影日時": "2024-01-01T20:08:00+09:00",
                "緯度": "33.77500000 ",
                "経度": "135.50638889 ",
                "夜空の明るさ": "21.02",
                "ばらつき": "0.11",
                "周辺状況": "",
                "備考": "",
                "継続観察登録地点": ""
            }
        },
        {
            "type": "Feature",
            "geometry": {
                "type": "Point",
                "coordinates": [
                    135.65361111,
                    33.83472222
                ]
            },
            "properties": {
                "調査時期": "2024_W",
                "都道府県": "和歌山県",
                "市区町村": "田辺市",
                "撮影場所": "",
                "撮影日時": "2024-01-01T19:00:00+09:00",
                "緯度": "33.83472222 ",
                "経度": "135.65361111 ",
                "夜空の明るさ": "21.66",
                "ばらつき": "0.17",
                "周辺状況": "",
                "備考": "",
                "継続観察登録地点": ""
            }
        },
        {
            "type": "Feature",
            "geometry": {
                "type": "Point",
                "coordinates": [
                    135.40833333,
                    34.14472222
                ]
            },
            "properties": {
                "調査時期": "2024_W",
                "都道府県": "和歌山県",
                "市区町村": "紀美野町",
                "撮影場所": "和歌山県海草郡紀美野町　みさと天文台",
                "撮影日時": "2024-01-05T18:49:00+09:00",
                "緯度": "34.14472222 ",
                "経度": "135.40833333 ",
                "夜空の明るさ": "20.42",
                "ばらつき": "0.02",
                "周辺状況": "森林山間地",
                "備考": "",
                "継続観察登録地点": "○"
            }
        },
        {
            "type": "Feature",
            "geometry": {
                "type": "Point",
                "coordinates": [
                    135.40666667,
                    34.14444444
                ]
            },
            "properties": {
                "調査時期": "2024_W",
                "都道府県": "和歌山県",
                "市区町村": "紀美野町",
                "撮影場所": "和歌山県海草郡紀美野町　みさと天文台",
                "撮影日時": "2024-01-08T19:51:00+09:00",
                "緯度": "34.14444444 ",
                "経度": "135.40666667 ",
                "夜空の明るさ": "20.67",
                "ばらつき": "0.11",
                "周辺状況": "森林山間地",
                "備考": "",
                "継続観察登録地点": "○"
            }
        },
        {
            "type": "Feature",
            "geometry": {
                "type": "Point",
                "coordinates": [
                    135.58805556,
                    33.50527778
                ]
            },
            "properties": {
                "調査時期": "2024_W",
                "都道府県": "和歌山県",
                "市区町村": "すさみ町",
                "撮影場所": "",
                "撮影日時": "2024-01-02T19:34:00+09:00",
                "緯度": "33.50527778 ",
                "経度": "135.58805556 ",
                "夜空の明るさ": "21.47",
                "ばらつき": "0.26",
                "周辺状況": "",
                "備考": "",
                "継続観察登録地点": ""
            }
        },
        {
            "type": "Feature",
            "geometry": {
                "type": "Point",
                "coordinates": [
                    135.58833333,
                    33.505
                ]
            },
            "properties": {
                "調査時期": "2024_W",
                "都道府県": "和歌山県",
                "市区町村": "すさみ町",
                "撮影場所": "",
                "撮影日時": "2024-01-04T19:26:00+09:00",
                "緯度": "33.50500000 ",
                "経度": "135.58833333 ",
                "夜空の明るさ": "21.44",
                "ばらつき": "0.15",
                "周辺状況": "",
                "備考": "",
                "継続観察登録地点": ""
            }
        },
        {
            "type": "Feature",
            "geometry": {
                "type": "Point",
                "coordinates": [
                    135.58916667,
                    33.50416667
                ]
            },
            "properties": {
                "調査時期": "2024_W",
                "都道府県": "和歌山県",
                "市区町村": "すさみ町",
                "撮影場所": "",
                "撮影日時": "2024-01-05T18:54:00+09:00",
                "緯度": "33.50416667 ",
                "経度": "135.58916667 ",
                "夜空の明るさ": "21.28",
                "ばらつき": "0.10",
                "周辺状況": "",
                "備考": "",
                "継続観察登録地点": ""
            }
        },
        {
            "type": "Feature",
            "geometry": {
                "type": "Point",
                "coordinates": [
                    135.6975,
                    33.59333333
                ]
            },
            "properties": {
                "調査時期": "2024_W",
                "都道府県": "和歌山県",
                "市区町村": "古座川町",
                "撮影場所": "和歌山県東牟婁郡古座川町佐田",
                "撮影日時": "2024-01-05T18:31:00+09:00",
                "緯度": "33.59333333 ",
                "経度": "135.69750000 ",
                "夜空の明るさ": "21.39",
                "ばらつき": "0.06",
                "周辺状況": "森林山間地",
                "備考": "",
                "継続観察登録地点": "○"
            }
        },
        {
            "type": "Feature",
            "geometry": {
                "type": "Point",
                "coordinates": [
                    135.6975,
                    33.59333333
                ]
            },
            "properties": {
                "調査時期": "2024_W",
                "都道府県": "和歌山県",
                "市区町村": "古座川町",
                "撮影場所": "和歌山県東牟婁郡古座川町佐田",
                "撮影日時": "2024-01-05T18:58:00+09:00",
                "緯度": "33.59333333 ",
                "経度": "135.69750000 ",
                "夜空の明るさ": "21.40",
                "ばらつき": "0.06",
                "周辺状況": "森林山間地",
                "備考": "",
                "継続観察登録地点": "○"
            }
        },
        {
            "type": "Feature",
            "geometry": {
                "type": "Point",
                "coordinates": [
                    135.6975,
                    33.59333333
                ]
            },
            "properties": {
                "調査時期": "2024_W",
                "都道府県": "和歌山県",
                "市区町村": "古座川町",
                "撮影場所": "和歌山県東牟婁郡古座川町佐田",
                "撮影日時": "2024-01-05T19:50:00+09:00",
                "緯度": "33.59333333 ",
                "経度": "135.69750000 ",
                "夜空の明るさ": "21.43",
                "ばらつき": "0.04",
                "周辺状況": "森林山間地",
                "備考": "",
                "継続観察登録地点": "○"
            }
        },
        {
            "type": "Feature",
            "geometry": {
                "type": "Point",
                "coordinates": [
                    135.6975,
                    33.59333333
                ]
            },
            "properties": {
                "調査時期": "2024_W",
                "都道府県": "和歌山県",
                "市区町村": "古座川町",
                "撮影場所": "和歌山県東牟婁郡古座川町佐田",
                "撮影日時": "2024-01-08T21:32:00+09:00",
                "緯度": "33.59333333 ",
                "経度": "135.69750000 ",
                "夜空の明るさ": "21.11",
                "ばらつき": "0.15",
                "周辺状況": "森林山間地",
                "備考": "参考値（時間外）",
                "継続観察登録地点": "○"
            }
        },
        {
            "type": "Feature",
            "geometry": {
                "type": "Point",
                "coordinates": [
                    135.6975,
                    33.59333333
                ]
            },
            "properties": {
                "調査時期": "2024_W",
                "都道府県": "和歌山県",
                "市区町村": "古座川町",
                "撮影場所": "和歌山県東牟婁郡古座川町佐田",
                "撮影日時": "2024-01-08T21:59:00+09:00",
                "緯度": "33.59333333 ",
                "経度": "135.69750000 ",
                "夜空の明るさ": "20.38",
                "ばらつき": "0.32",
                "周辺状況": "森林山間地",
                "備考": "参考値（時間外）",
                "継続観察登録地点": "○"
            }
        },
        {
            "type": "Feature",
            "geometry": {
                "type": "Point",
                "coordinates": [
                    134.11944444,
                    35.34194444
                ]
            },
            "properties": {
                "調査時期": "2024_W",
                "都道府県": "鳥取県",
                "市区町村": "鳥取市",
                "撮影場所": "さじアストロパーク園地",
                "撮影日時": "2024-01-04T19:42:00+09:00",
                "緯度": "35.34194444 ",
                "経度": "134.11944444 ",
                "夜空の明るさ": "21.11",
                "ばらつき": "0.11",
                "周辺状況": "森林山間地",
                "備考": "",
                "継続観察登録地点": "○"
            }
        },
        {
            "type": "Feature",
            "geometry": {
                "type": "Point",
                "coordinates": [
                    134.10555556,
                    35.33055556
                ]
            },
            "properties": {
                "調査時期": "2024_W",
                "都道府県": "鳥取県",
                "市区町村": "鳥取市",
                "撮影場所": "",
                "撮影日時": "2024-01-04T19:49:00+09:00",
                "緯度": "35.33055556 ",
                "経度": "134.10555556 ",
                "夜空の明るさ": "21.26",
                "ばらつき": "0.07",
                "周辺状況": "",
                "備考": "",
                "継続観察登録地点": ""
            }
        },
        {
            "type": "Feature",
            "geometry": {
                "type": "Point",
                "coordinates": [
                    134.05972222,
                    35.33027778
                ]
            },
            "properties": {
                "調査時期": "2024_W",
                "都道府県": "鳥取県",
                "市区町村": "鳥取市",
                "撮影場所": "",
                "撮影日時": "2024-01-04T20:07:00+09:00",
                "緯度": "35.33027778 ",
                "経度": "134.05972222 ",
                "夜空の明るさ": "21.26",
                "ばらつき": "0.09",
                "周辺状況": "",
                "備考": "",
                "継続観察登録地点": ""
            }
        },
        {
            "type": "Feature",
            "geometry": {
                "type": "Point",
                "coordinates": [
                    134.15972222,
                    35.34277778
                ]
            },
            "properties": {
                "調査時期": "2024_W",
                "都道府県": "鳥取県",
                "市区町村": "鳥取市",
                "撮影場所": "",
                "撮影日時": "2024-01-04T20:03:00+09:00",
                "緯度": "35.34277778 ",
                "経度": "134.15972222 ",
                "夜空の明るさ": "21.02",
                "ばらつき": "0.09",
                "周辺状況": "",
                "備考": "",
                "継続観察登録地点": ""
            }
        },
        {
            "type": "Feature",
            "geometry": {
                "type": "Point",
                "coordinates": [
                    134.20472222,
                    35.35694444
                ]
            },
            "properties": {
                "調査時期": "2024_W",
                "都道府県": "鳥取県",
                "市区町村": "鳥取市",
                "撮影場所": "鳥取県鳥取市用瀬町鷹狩",
                "撮影日時": "2024-01-04T20:19:00+09:00",
                "緯度": "35.35694444 ",
                "経度": "134.20472222 ",
                "夜空の明るさ": "20.84",
                "ばらつき": "0.09",
                "周辺状況": "農業地域",
                "備考": "",
                "継続観察登録地点": "○"
            }
        },
        {
            "type": "Feature",
            "geometry": {
                "type": "Point",
                "coordinates": [
                    134.20027778,
                    35.39361111
                ]
            },
            "properties": {
                "調査時期": "2024_W",
                "都道府県": "鳥取県",
                "市区町村": "鳥取市",
                "撮影場所": "鳥取市河原町曳田 桜広場駐車場",
                "撮影日時": "2024-01-04T20:32:00+09:00",
                "緯度": "35.39361111 ",
                "経度": "134.20027778 ",
                "夜空の明るさ": "20.44",
                "ばらつき": "0.08",
                "周辺状況": "住宅地域",
                "備考": "",
                "継続観察登録地点": "○"
            }
        },
        {
            "type": "Feature",
            "geometry": {
                "type": "Point",
                "coordinates": [
                    134.21194444,
                    35.4475
                ]
            },
            "properties": {
                "調査時期": "2024_W",
                "都道府県": "鳥取県",
                "市区町村": "鳥取市",
                "撮影場所": "鳥取市倉田 倉田スポーツ広場",
                "撮影日時": "2024-01-08T19:08:00+09:00",
                "緯度": "35.44750000 ",
                "経度": "134.21194444 ",
                "夜空の明るさ": "20.13",
                "ばらつき": "0.09",
                "周辺状況": "その他",
                "備考": "",
                "継続観察登録地点": "○"
            }
        },
        {
            "type": "Feature",
            "geometry": {
                "type": "Point",
                "coordinates": [
                    134.21944444,
                    35.49444444
                ]
            },
            "properties": {
                "調査時期": "2024_W",
                "都道府県": "鳥取県",
                "市区町村": "鳥取市",
                "撮影場所": "鳥取市幸町 幸町棒鼻公園",
                "撮影日時": "2024-01-08T19:25:00+09:00",
                "緯度": "35.49444444 ",
                "経度": "134.21944444 ",
                "夜空の明るさ": "18.42",
                "ばらつき": "0.11",
                "周辺状況": "住宅地域",
                "備考": "",
                "継続観察登録地点": "○"
            }
        },
        {
            "type": "Feature",
            "geometry": {
                "type": "Point",
                "coordinates": [
                    134.15527778,
                    35.49777778
                ]
            },
            "properties": {
                "調査時期": "2024_W",
                "都道府県": "鳥取県",
                "市区町村": "鳥取市",
                "撮影場所": "",
                "撮影日時": "2024-01-08T20:14:00+09:00",
                "緯度": "35.49777778 ",
                "経度": "134.15527778 ",
                "夜空の明るさ": "20.32",
                "ばらつき": "0.09",
                "周辺状況": "",
                "備考": "",
                "継続観察登録地点": ""
            }
        },
        {
            "type": "Feature",
            "geometry": {
                "type": "Point",
                "coordinates": [
                    134.23694444,
                    35.54472222
                ]
            },
            "properties": {
                "調査時期": "2024_W",
                "都道府県": "鳥取県",
                "市区町村": "鳥取市",
                "撮影場所": "鳥取砂丘駐車場",
                "撮影日時": "2024-01-08T20:37:00+09:00",
                "緯度": "35.54472222 ",
                "経度": "134.23694444 ",
                "夜空の明るさ": "20.36",
                "ばらつき": "0.10",
                "周辺状況": "自然公園等",
                "備考": "",
                "継続観察登録地点": "○"
            }
        },
        {
            "type": "Feature",
            "geometry": {
                "type": "Point",
                "coordinates": [
                    134.17555556,
                    35.35694444
                ]
            },
            "properties": {
                "調査時期": "2024_W",
                "都道府県": "鳥取県",
                "市区町村": "鳥取市",
                "撮影場所": "",
                "撮影日時": "2024-01-11T19:07:00+09:00",
                "緯度": "35.35694444 ",
                "経度": "134.17555556 ",
                "夜空の明るさ": "20.93",
                "ばらつき": "0.13",
                "周辺状況": "",
                "備考": "",
                "継続観察登録地点": ""
            }
        },
        {
            "type": "Feature",
            "geometry": {
                "type": "Point",
                "coordinates": [
                    134.23694444,
                    35.50694444
                ]
            },
            "properties": {
                "調査時期": "2024_W",
                "都道府県": "鳥取県",
                "市区町村": "鳥取市",
                "撮影場所": "",
                "撮影日時": "2024-01-08T19:49:00+09:00",
                "緯度": "35.50694444 ",
                "経度": "134.23694444 ",
                "夜空の明るさ": "19.18",
                "ばらつき": "0.08",
                "周辺状況": "",
                "備考": "",
                "継続観察登録地点": ""
            }
        },
        {
            "type": "Feature",
            "geometry": {
                "type": "Point",
                "coordinates": [
                    134.04083333,
                    35.32694444
                ]
            },
            "properties": {
                "調査時期": "2024_W",
                "都道府県": "鳥取県",
                "市区町村": "鳥取市",
                "撮影場所": "",
                "撮影日時": "2024-01-04T19:06:00+09:00",
                "緯度": "35.32694444 ",
                "経度": "134.04083333 ",
                "夜空の明るさ": "21.36",
                "ばらつき": "0.09",
                "周辺状況": "",
                "備考": "",
                "継続観察登録地点": ""
            }
        },
        {
            "type": "Feature",
            "geometry": {
                "type": "Point",
                "coordinates": [
                    133.41777778,
                    35.39888889
                ]
            },
            "properties": {
                "調査時期": "2024_W",
                "都道府県": "鳥取県",
                "市区町村": "米子市",
                "撮影場所": "",
                "撮影日時": "2024-01-04T18:56:00+09:00",
                "緯度": "35.39888889 ",
                "経度": "133.41777778 ",
                "夜空の明るさ": "20.28",
                "ばらつき": "0.06",
                "周辺状況": "",
                "備考": "",
                "継続観察登録地点": ""
            }
        },
        {
            "type": "Feature",
            "geometry": {
                "type": "Point",
                "coordinates": [
                    133.42194444,
                    35.42277778
                ]
            },
            "properties": {
                "調査時期": "2024_W",
                "都道府県": "鳥取県",
                "市区町村": "米子市",
                "撮影場所": "",
                "撮影日時": "2024-01-04T19:56:00+09:00",
                "緯度": "35.42277778 ",
                "経度": "133.42194444 ",
                "夜空の明るさ": "20.27",
                "ばらつき": "0.09",
                "周辺状況": "",
                "備考": "",
                "継続観察登録地点": ""
            }
        },
        {
            "type": "Feature",
            "geometry": {
                "type": "Point",
                "coordinates": [
                    133.41833333,
                    35.4525
                ]
            },
            "properties": {
                "調査時期": "2024_W",
                "都道府県": "鳥取県",
                "市区町村": "米子市",
                "撮影場所": "",
                "撮影日時": "2024-01-04T20:08:00+09:00",
                "緯度": "35.45250000 ",
                "経度": "133.41833333 ",
                "夜空の明るさ": "20.16",
                "ばらつき": "0.08",
                "周辺状況": "",
                "備考": "",
                "継続観察登録地点": ""
            }
        },
        {
            "type": "Feature",
            "geometry": {
                "type": "Point",
                "coordinates": [
                    133.33111111,
                    35.42833333
                ]
            },
            "properties": {
                "調査時期": "2024_W",
                "都道府県": "鳥取県",
                "市区町村": "米子市",
                "撮影場所": "",
                "撮影日時": "2024-01-11T18:49:00+09:00",
                "緯度": "35.42833333 ",
                "経度": "133.33111111 ",
                "夜空の明るさ": "18.48",
                "ばらつき": "0.08",
                "周辺状況": "",
                "備考": "",
                "継続観察登録地点": ""
            }
        },
        {
            "type": "Feature",
            "geometry": {
                "type": "Point",
                "coordinates": [
                    133.33277778,
                    35.42111111
                ]
            },
            "properties": {
                "調査時期": "2024_W",
                "都道府県": "鳥取県",
                "市区町村": "米子市",
                "撮影場所": "",
                "撮影日時": "2024-01-11T19:00:00+09:00",
                "緯度": "35.42111111 ",
                "経度": "133.33277778 ",
                "夜空の明るさ": "18.55",
                "ばらつき": "0.10",
                "周辺状況": "",
                "備考": "",
                "継続観察登録地点": ""
            }
        },
        {
            "type": "Feature",
            "geometry": {
                "type": "Point",
                "coordinates": [
                    133.32111111,
                    35.42944444
                ]
            },
            "properties": {
                "調査時期": "2024_W",
                "都道府県": "鳥取県",
                "市区町村": "米子市",
                "撮影場所": "",
                "撮影日時": "2024-01-11T19:07:00+09:00",
                "緯度": "35.42944444 ",
                "経度": "133.32111111 ",
                "夜空の明るさ": "18.92",
                "ばらつき": "0.09",
                "周辺状況": "",
                "備考": "",
                "継続観察登録地点": ""
            }
        },
        {
            "type": "Feature",
            "geometry": {
                "type": "Point",
                "coordinates": [
                    133.28444444,
                    35.44527778
                ]
            },
            "properties": {
                "調査時期": "2024_W",
                "都道府県": "鳥取県",
                "市区町村": "米子市",
                "撮影場所": "",
                "撮影日時": "2024-01-11T19:16:00+09:00",
                "緯度": "35.44527778 ",
                "経度": "133.28444444 ",
                "夜空の明るさ": "19.69",
                "ばらつき": "0.09",
                "周辺状況": "",
                "備考": "",
                "継続観察登録地点": ""
            }
        },
        {
            "type": "Feature",
            "geometry": {
                "type": "Point",
                "coordinates": [
                    133.34583333,
                    35.43027778
                ]
            },
            "properties": {
                "調査時期": "2024_W",
                "都道府県": "鳥取県",
                "市区町村": "米子市",
                "撮影場所": "",
                "撮影日時": "2024-01-11T20:38:00+09:00",
                "緯度": "35.43027778 ",
                "経度": "133.34583333 ",
                "夜空の明るさ": "18.92",
                "ばらつき": "0.08",
                "周辺状況": "",
                "備考": "",
                "継続観察登録地点": ""
            }
        },
        {
            "type": "Feature",
            "geometry": {
                "type": "Point",
                "coordinates": [
                    133.76027778,
                    35.35611111
                ]
            },
            "properties": {
                "調査時期": "2024_W",
                "都道府県": "鳥取県",
                "市区町村": "倉吉市",
                "撮影場所": "倉吉市関金町関金宿",
                "撮影日時": "2024-01-12T20:11:00+09:00",
                "緯度": "35.35611111 ",
                "経度": "133.76027778 ",
                "夜空の明るさ": "21.15",
                "ばらつき": "0.06",
                "周辺状況": "農業地域",
                "備考": "",
                "継続観察登録地点": "○"
            }
        },
        {
            "type": "Feature",
            "geometry": {
                "type": "Point",
                "coordinates": [
                    133.24472222,
                    35.50138889
                ]
            },
            "properties": {
                "調査時期": "2024_W",
                "都道府県": "鳥取県",
                "市区町村": "境港市",
                "撮影場所": "",
                "撮影日時": "2024-01-11T19:33:00+09:00",
                "緯度": "35.50138889 ",
                "経度": "133.24472222 ",
                "夜空の明るさ": "18.93",
                "ばらつき": "0.22",
                "周辺状況": "",
                "備考": "",
                "継続観察登録地点": ""
            }
        },
        {
            "type": "Feature",
            "geometry": {
                "type": "Point",
                "coordinates": [
                    133.23222222,
                    35.53861111
                ]
            },
            "properties": {
                "調査時期": "2024_W",
                "都道府県": "鳥取県",
                "市区町村": "境港市",
                "撮影場所": "",
                "撮影日時": "2024-01-11T19:48:00+09:00",
                "緯度": "35.53861111 ",
                "経度": "133.23222222 ",
                "夜空の明るさ": "19.06",
                "ばらつき": "0.09",
                "周辺状況": "",
                "備考": "",
                "継続観察登録地点": ""
            }
        },
        {
            "type": "Feature",
            "geometry": {
                "type": "Point",
                "coordinates": [
                    133.2425,
                    35.54694444
                ]
            },
            "properties": {
                "調査時期": "2024_W",
                "都道府県": "鳥取県",
                "市区町村": "境港市",
                "撮影場所": "",
                "撮影日時": "2024-01-11T19:56:00+09:00",
                "緯度": "35.54694444 ",
                "経度": "133.24250000 ",
                "夜空の明るさ": "19.71",
                "ばらつき": "0.08",
                "周辺状況": "",
                "備考": "",
                "継続観察登録地点": ""
            }
        },
        {
            "type": "Feature",
            "geometry": {
                "type": "Point",
                "coordinates": [
                    133.25916667,
                    35.52055556
                ]
            },
            "properties": {
                "調査時期": "2024_W",
                "都道府県": "鳥取県",
                "市区町村": "境港市",
                "撮影場所": "",
                "撮影日時": "2024-01-11T20:05:00+09:00",
                "緯度": "35.52055556 ",
                "経度": "133.25916667 ",
                "夜空の明るさ": "19.59",
                "ばらつき": "0.11",
                "周辺状況": "",
                "備考": "",
                "継続観察登録地点": ""
            }
        },
        {
            "type": "Feature",
            "geometry": {
                "type": "Point",
                "coordinates": [
                    134.40138889,
                    35.34416667
                ]
            },
            "properties": {
                "調査時期": "2024_W",
                "都道府県": "鳥取県",
                "市区町村": "若桜町",
                "撮影場所": "",
                "撮影日時": "2024-01-11T20:31:00+09:00",
                "緯度": "35.34416667 ",
                "経度": "134.40138889 ",
                "夜空の明るさ": "20.85",
                "ばらつき": "0.10",
                "周辺状況": "",
                "備考": "",
                "継続観察登録地点": ""
            }
        },
        {
            "type": "Feature",
            "geometry": {
                "type": "Point",
                "coordinates": [
                    134.27638889,
                    35.26444444
                ]
            },
            "properties": {
                "調査時期": "2024_W",
                "都道府県": "鳥取県",
                "市区町村": "智頭町",
                "撮影場所": "",
                "撮影日時": "2024-01-14T19:09:00+09:00",
                "緯度": "35.26444444 ",
                "経度": "134.27638889 ",
                "夜空の明るさ": "20.92",
                "ばらつき": "0.11",
                "周辺状況": "",
                "備考": "",
                "継続観察登録地点": ""
            }
        },
        {
            "type": "Feature",
            "geometry": {
                "type": "Point",
                "coordinates": [
                    134.22666667,
                    35.26416667
                ]
            },
            "properties": {
                "調査時期": "2024_W",
                "都道府県": "鳥取県",
                "市区町村": "智頭町",
                "撮影場所": "",
                "撮影日時": "2024-01-14T19:23:00+09:00",
                "緯度": "35.26416667 ",
                "経度": "134.22666667 ",
                "夜空の明るさ": "20.19",
                "ばらつき": "0.09",
                "周辺状況": "",
                "備考": "",
                "継続観察登録地点": ""
            }
        },
        {
            "type": "Feature",
            "geometry": {
                "type": "Point",
                "coordinates": [
                    134.22944444,
                    35.23944444
                ]
            },
            "properties": {
                "調査時期": "2024_W",
                "都道府県": "鳥取県",
                "市区町村": "智頭町",
                "撮影場所": "",
                "撮影日時": "2024-01-14T19:36:00+09:00",
                "緯度": "35.23944444 ",
                "経度": "134.22944444 ",
                "夜空の明るさ": "20.92",
                "ばらつき": "0.10",
                "周辺状況": "",
                "備考": "",
                "継続観察登録地点": ""
            }
        },
        {
            "type": "Feature",
            "geometry": {
                "type": "Point",
                "coordinates": [
                    134.20361111,
                    35.1925
                ]
            },
            "properties": {
                "調査時期": "2024_W",
                "都道府県": "鳥取県",
                "市区町村": "智頭町",
                "撮影場所": "",
                "撮影日時": "2024-01-14T19:53:00+09:00",
                "緯度": "35.19250000 ",
                "経度": "134.20361111 ",
                "夜空の明るさ": "20.95",
                "ばらつき": "0.09",
                "周辺状況": "",
                "備考": "",
                "継続観察登録地点": ""
            }
        },
        {
            "type": "Feature",
            "geometry": {
                "type": "Point",
                "coordinates": [
                    134.18944444,
                    35.25027778
                ]
            },
            "properties": {
                "調査時期": "2024_W",
                "都道府県": "鳥取県",
                "市区町村": "智頭町",
                "撮影場所": "",
                "撮影日時": "2024-01-14T20:18:00+09:00",
                "緯度": "35.25027778 ",
                "経度": "134.18944444 ",
                "夜空の明るさ": "20.89",
                "ばらつき": "0.05",
                "周辺状況": "",
                "備考": "",
                "継続観察登録地点": ""
            }
        },
        {
            "type": "Feature",
            "geometry": {
                "type": "Point",
                "coordinates": [
                    134.22611111,
                    35.29
                ]
            },
            "properties": {
                "調査時期": "2024_W",
                "都道府県": "鳥取県",
                "市区町村": "智頭町",
                "撮影場所": "",
                "撮影日時": "2024-01-14T20:36:00+09:00",
                "緯度": "35.29000000 ",
                "経度": "134.22611111 ",
                "夜空の明るさ": "20.99",
                "ばらつき": "0.06",
                "周辺状況": "",
                "備考": "",
                "継続観察登録地点": ""
            }
        },
        {
            "type": "Feature",
            "geometry": {
                "type": "Point",
                "coordinates": [
                    134.24944444,
                    35.39472222
                ]
            },
            "properties": {
                "調査時期": "2024_W",
                "都道府県": "鳥取県",
                "市区町村": "八頭町",
                "撮影場所": "",
                "撮影日時": "2024-01-11T19:44:00+09:00",
                "緯度": "35.39472222 ",
                "経度": "134.24944444 ",
                "夜空の明るさ": "20.57",
                "ばらつき": "0.08",
                "周辺状況": "",
                "備考": "",
                "継続観察登録地点": ""
            }
        },
        {
            "type": "Feature",
            "geometry": {
                "type": "Point",
                "coordinates": [
                    134.31555556,
                    35.36333333
                ]
            },
            "properties": {
                "調査時期": "2024_W",
                "都道府県": "鳥取県",
                "市区町村": "八頭町",
                "撮影場所": "",
                "撮影日時": "2024-01-11T20:00:00+09:00",
                "緯度": "35.36333333 ",
                "経度": "134.31555556 ",
                "夜空の明るさ": "20.78",
                "ばらつき": "0.07",
                "周辺状況": "",
                "備考": "",
                "継続観察登録地点": ""
            }
        },
        {
            "type": "Feature",
            "geometry": {
                "type": "Point",
                "coordinates": [
                    133.53055556,
                    35.39472222
                ]
            },
            "properties": {
                "調査時期": "2024_W",
                "都道府県": "鳥取県",
                "市区町村": "大山町",
                "撮影場所": "",
                "撮影日時": "2024-01-04T19:35:00+09:00",
                "緯度": "35.39472222 ",
                "経度": "133.53055556 ",
                "夜空の明るさ": "20.76",
                "ばらつき": "0.05",
                "周辺状況": "",
                "備考": "",
                "継続観察登録地点": ""
            }
        },
        {
            "type": "Feature",
            "geometry": {
                "type": "Point",
                "coordinates": [
                    133.47861111,
                    35.40722222
                ]
            },
            "properties": {
                "調査時期": "2024_W",
                "都道府県": "鳥取県",
                "市区町村": "大山町",
                "撮影場所": "",
                "撮影日時": "2024-01-04T19:44:00+09:00",
                "緯度": "35.40722222 ",
                "経度": "133.47861111 ",
                "夜空の明るさ": "21.04",
                "ばらつき": "0.05",
                "周辺状況": "",
                "備考": "",
                "継続観察登録地点": ""
            }
        },
        {
            "type": "Feature",
            "geometry": {
                "type": "Point",
                "coordinates": [
                    133.43611111,
                    35.39055556
                ]
            },
            "properties": {
                "調査時期": "2024_W",
                "都道府県": "鳥取県",
                "市区町村": "伯耆町",
                "撮影場所": "",
                "撮影日時": "2024-01-04T19:03:00+09:00",
                "緯度": "35.39055556 ",
                "経度": "133.43611111 ",
                "夜空の明るさ": "20.66",
                "ばらつき": "0.07",
                "周辺状況": "",
                "備考": "",
                "継続観察登録地点": ""
            }
        },
        {
            "type": "Feature",
            "geometry": {
                "type": "Point",
                "coordinates": [
                    133.4675,
                    35.38055556
                ]
            },
            "properties": {
                "調査時期": "2024_W",
                "都道府県": "鳥取県",
                "市区町村": "伯耆町",
                "撮影場所": "",
                "撮影日時": "2024-01-04T19:10:00+09:00",
                "緯度": "35.38055556 ",
                "経度": "133.46750000 ",
                "夜空の明るさ": "20.98",
                "ばらつき": "0.06",
                "周辺状況": "",
                "備考": "",
                "継続観察登録地点": ""
            }
        },
        {
            "type": "Feature",
            "geometry": {
                "type": "Point",
                "coordinates": [
                    133.51027778,
                    35.37666667
                ]
            },
            "properties": {
                "調査時期": "2024_W",
                "都道府県": "鳥取県",
                "市区町村": "伯耆町",
                "撮影場所": "",
                "撮影日時": "2024-01-04T19:20:00+09:00",
                "緯度": "35.37666667 ",
                "経度": "133.51027778 ",
                "夜空の明るさ": "21.16",
                "ばらつき": "0.05",
                "周辺状況": "",
                "備考": "",
                "継続観察登録地点": ""
            }
        },
        {
            "type": "Feature",
            "geometry": {
                "type": "Point",
                "coordinates": [
                    133.51472222,
                    35.37
                ]
            },
            "properties": {
                "調査時期": "2024_W",
                "都道府県": "鳥取県",
                "市区町村": "伯耆町",
                "撮影場所": "",
                "撮影日時": "2024-01-04T19:25:00+09:00",
                "緯度": "35.37000000 ",
                "経度": "133.51472222 ",
                "夜空の明るさ": "21.05",
                "ばらつき": "0.08",
                "周辺状況": "",
                "備考": "",
                "継続観察登録地点": ""
            }
        },
        {
            "type": "Feature",
            "geometry": {
                "type": "Point",
                "coordinates": [
                    133.16944444,
                    35.13611111
                ]
            },
            "properties": {
                "調査時期": "2024_W",
                "都道府県": "鳥取県",
                "市区町村": "日南町",
                "撮影場所": "日南町上萩山",
                "撮影日時": "2024-01-08T20:24:00+09:00",
                "緯度": "35.13611111 ",
                "経度": "133.16944444 ",
                "夜空の明るさ": "21.35",
                "ばらつき": "0.14",
                "周辺状況": "農業地域",
                "備考": "",
                "継続観察登録地点": "○"
            }
        },
        {
            "type": "Feature",
            "geometry": {
                "type": "Point",
                "coordinates": [
                    133.16944444,
                    35.13611111
                ]
            },
            "properties": {
                "調査時期": "2024_W",
                "都道府県": "鳥取県",
                "市区町村": "日南町",
                "撮影場所": "日南町上萩山",
                "撮影日時": "2024-01-11T20:24:00+09:00",
                "緯度": "35.13611111 ",
                "経度": "133.16944444 ",
                "夜空の明るさ": "21.41",
                "ばらつき": "0.09",
                "周辺状況": "農業地域",
                "備考": "",
                "継続観察登録地点": "○"
            }
        },
        {
            "type": "Feature",
            "geometry": {
                "type": "Point",
                "coordinates": [
                    133.16944444,
                    35.13638889
                ]
            },
            "properties": {
                "調査時期": "2024_W",
                "都道府県": "鳥取県",
                "市区町村": "日南町",
                "撮影場所": "日南町上萩山",
                "撮影日時": "2024-01-11T20:23:00+09:00",
                "緯度": "35.13638889 ",
                "経度": "133.16944444 ",
                "夜空の明るさ": "21.38",
                "ばらつき": "0.09",
                "周辺状況": "農業地域",
                "備考": "",
                "継続観察登録地点": "○"
            }
        },
        {
            "type": "Feature",
            "geometry": {
                "type": "Point",
                "coordinates": [
                    133.16944444,
                    35.13611111
                ]
            },
            "properties": {
                "調査時期": "2024_W",
                "都道府県": "鳥取県",
                "市区町村": "日南町",
                "撮影場所": "日南町上萩山",
                "撮影日時": "2024-01-14T20:11:00+09:00",
                "緯度": "35.13611111 ",
                "経度": "133.16944444 ",
                "夜空の明るさ": "21.39",
                "ばらつき": "0.07",
                "周辺状況": "農業地域",
                "備考": "",
                "継続観察登録地点": "○"
            }
        },
        {
            "type": "Feature",
            "geometry": {
                "type": "Point",
                "coordinates": [
                    133.31083333,
                    35.17111111
                ]
            },
            "properties": {
                "調査時期": "2024_W",
                "都道府県": "鳥取県",
                "市区町村": "日南町",
                "撮影場所": "",
                "撮影日時": "2024-01-14T19:43:00+09:00",
                "緯度": "35.17111111 ",
                "経度": "133.31083333 ",
                "夜空の明るさ": "20.91",
                "ばらつき": "0.11",
                "周辺状況": "",
                "備考": "",
                "継続観察登録地点": ""
            }
        },
        {
            "type": "Feature",
            "geometry": {
                "type": "Point",
                "coordinates": [
                    133.38361111,
                    35.20638889
                ]
            },
            "properties": {
                "調査時期": "2024_W",
                "都道府県": "鳥取県",
                "市区町村": "日野町",
                "撮影場所": "",
                "撮影日時": "2024-01-14T19:26:00+09:00",
                "緯度": "35.20638889 ",
                "経度": "133.38361111 ",
                "夜空の明るさ": "21.06",
                "ばらつき": "0.10",
                "周辺状況": "",
                "備考": "",
                "継続観察登録地点": ""
            }
        },
        {
            "type": "Feature",
            "geometry": {
                "type": "Point",
                "coordinates": [
                    133.485,
                    35.28277778
                ]
            },
            "properties": {
                "調査時期": "2024_W",
                "都道府県": "鳥取県",
                "市区町村": "江府町",
                "撮影場所": "",
                "撮影日時": "2024-01-14T19:02:00+09:00",
                "緯度": "35.28277778 ",
                "経度": "133.48500000 ",
                "夜空の明るさ": "20.66",
                "ばらつき": "0.07",
                "周辺状況": "",
                "備考": "",
                "継続観察登録地点": ""
            }
        },
        {
            "type": "Feature",
            "geometry": {
                "type": "Point",
                "coordinates": [
                    133.15972222,
                    35.50166667
                ]
            },
            "properties": {
                "調査時期": "2024_W",
                "都道府県": "島根県",
                "市区町村": "松江市",
                "撮影場所": "島根県松江市八束町　八束千本桜公園",
                "撮影日時": "2024-01-04T20:21:00+09:00",
                "緯度": "35.50166667 ",
                "経度": "133.15972222 ",
                "夜空の明るさ": "20.79",
                "ばらつき": "0.05",
                "周辺状況": "農業地域",
                "備考": "",
                "継続観察登録地点": "○"
            }
        },
        {
            "type": "Feature",
            "geometry": {
                "type": "Point",
                "coordinates": [
                    131.94305556,
                    34.78916667
                ]
            },
            "properties": {
                "調査時期": "2024_W",
                "都道府県": "島根県",
                "市区町村": "浜田市",
                "撮影場所": "浜田市三隅町 三保公民館",
                "撮影日時": "2024-01-08T19:59:00+09:00",
                "緯度": "34.78916667 ",
                "経度": "131.94305556 ",
                "夜空の明るさ": "20.62",
                "ばらつき": "0.19",
                "周辺状況": "住宅地域",
                "備考": "",
                "継続観察登録地点": "○"
            }
        },
        {
            "type": "Feature",
            "geometry": {
                "type": "Point",
                "coordinates": [
                    132.07583333,
                    34.88694444
                ]
            },
            "properties": {
                "調査時期": "2024_W",
                "都道府県": "島根県",
                "市区町村": "浜田市",
                "撮影場所": "浜田市竹迫町 海の見える文化公園",
                "撮影日時": "2024-01-16T20:50:00+09:00",
                "緯度": "34.88694444 ",
                "経度": "132.07583333 ",
                "夜空の明るさ": "20.68",
                "ばらつき": "0.10",
                "周辺状況": "住宅地域",
                "備考": "",
                "継続観察登録地点": "○"
            }
        },
        {
            "type": "Feature",
            "geometry": {
                "type": "Point",
                "coordinates": [
                    133.85611111,
                    34.82444444
                ]
            },
            "properties": {
                "調査時期": "2024_W",
                "都道府県": "岡山県",
                "市区町村": "岡山市　北区",
                "撮影場所": "河原邸",
                "撮影日時": "2024-01-04T19:30:00+09:00",
                "緯度": "34.82444444 ",
                "経度": "133.85611111 ",
                "夜空の明るさ": "19.61",
                "ばらつき": "0.08",
                "周辺状況": "森林山間地",
                "備考": "",
                "継続観察登録地点": "○"
            }
        },
        {
            "type": "Feature",
            "geometry": {
                "type": "Point",
                "coordinates": [
                    133.76916667,
                    34.53611111
                ]
            },
            "properties": {
                "調査時期": "2024_W",
                "都道府県": "岡山県",
                "市区町村": "倉敷市",
                "撮影場所": "倉敷市 ライフパーク倉敷科学センター 屋上",
                "撮影日時": "2024-01-06T19:54:00+09:00",
                "緯度": "34.53611111 ",
                "経度": "133.76916667 ",
                "夜空の明るさ": "18.29",
                "ばらつき": "0.05",
                "周辺状況": "工業地域",
                "備考": "",
                "継続観察登録地点": "○"
            }
        },
        {
            "type": "Feature",
            "geometry": {
                "type": "Point",
                "coordinates": [
                    133.76916667,
                    34.53583333
                ]
            },
            "properties": {
                "調査時期": "2024_W",
                "都道府県": "岡山県",
                "市区町村": "倉敷市",
                "撮影場所": "倉敷市 ライフパーク倉敷科学センター 屋上",
                "撮影日時": "2024-01-11T19:40:00+09:00",
                "緯度": "34.53583333 ",
                "経度": "133.76916667 ",
                "夜空の明るさ": "18.24",
                "ばらつき": "0.06",
                "周辺状況": "工業地域",
                "備考": "",
                "継続観察登録地点": "○"
            }
        },
        {
            "type": "Feature",
            "geometry": {
                "type": "Point",
                "coordinates": [
                    133.76888889,
                    34.53555556
                ]
            },
            "properties": {
                "調査時期": "2024_W",
                "都道府県": "岡山県",
                "市区町村": "倉敷市",
                "撮影場所": "倉敷市 ライフパーク倉敷科学センター 屋上",
                "撮影日時": "2024-01-13T19:53:00+09:00",
                "緯度": "34.53555556 ",
                "経度": "133.76888889 ",
                "夜空の明るさ": "18.32",
                "ばらつき": "0.07",
                "周辺状況": "工業地域",
                "備考": "",
                "継続観察登録地点": "○"
            }
        },
        {
            "type": "Feature",
            "geometry": {
                "type": "Point",
                "coordinates": [
                    133.54527778,
                    34.67166667
                ]
            },
            "properties": {
                "調査時期": "2024_W",
                "都道府県": "岡山県",
                "市区町村": "井原市",
                "撮影場所": "井原市美星天文台",
                "撮影日時": "2024-01-07T20:09:00+09:00",
                "緯度": "34.67166667 ",
                "経度": "133.54527778 ",
                "夜空の明るさ": "20.51",
                "ばらつき": "0.10",
                "周辺状況": "森林山間地",
                "備考": "",
                "継続観察登録地点": "○"
            }
        },
        {
            "type": "Feature",
            "geometry": {
                "type": "Point",
                "coordinates": [
                    134.0025,
                    34.89388889
                ]
            },
            "properties": {
                "調査時期": "2024_W",
                "都道府県": "岡山県",
                "市区町村": "赤磐市",
                "撮影場所": "",
                "撮影日時": "2024-01-14T18:44:00+09:00",
                "緯度": "34.89388889 ",
                "経度": "134.00250000 ",
                "夜空の明るさ": "20.55",
                "ばらつき": "0.10",
                "周辺状況": "",
                "備考": "",
                "継続観察登録地点": ""
            }
        },
        {
            "type": "Feature",
            "geometry": {
                "type": "Point",
                "coordinates": [
                    133.98805556,
                    34.88666667
                ]
            },
            "properties": {
                "調査時期": "2024_W",
                "都道府県": "岡山県",
                "市区町村": "赤磐市",
                "撮影場所": "",
                "撮影日時": "2024-01-14T19:55:00+09:00",
                "緯度": "34.88666667 ",
                "経度": "133.98805556 ",
                "夜空の明るさ": "20.72",
                "ばらつき": "0.08",
                "周辺状況": "",
                "備考": "",
                "継続観察登録地点": ""
            }
        },
        {
            "type": "Feature",
            "geometry": {
                "type": "Point",
                "coordinates": [
                    134.00083333,
                    34.89277778
                ]
            },
            "properties": {
                "調査時期": "2024_W",
                "都道府県": "岡山県",
                "市区町村": "久米南町",
                "撮影場所": "",
                "撮影日時": "2024-01-14T20:21:00+09:00",
                "緯度": "34.89277778 ",
                "経度": "134.00083333 ",
                "夜空の明るさ": "20.81",
                "ばらつき": "0.08",
                "周辺状況": "",
                "備考": "",
                "継続観察登録地点": ""
            }
        },
        {
            "type": "Feature",
            "geometry": {
                "type": "Point",
                "coordinates": [
                    134.05666667,
                    34.96777778
                ]
            },
            "properties": {
                "調査時期": "2024_W",
                "都道府県": "岡山県",
                "市区町村": "美咲町",
                "撮影場所": "",
                "撮影日時": "2024-01-12T20:22:00+09:00",
                "緯度": "34.96777778 ",
                "経度": "134.05666667 ",
                "夜空の明るさ": "20.67",
                "ばらつき": "0.06",
                "周辺状況": "",
                "備考": "",
                "継続観察登録地点": ""
            }
        },
        {
            "type": "Feature",
            "geometry": {
                "type": "Point",
                "coordinates": [
                    134.05666667,
                    34.96777778
                ]
            },
            "properties": {
                "調査時期": "2024_W",
                "都道府県": "岡山県",
                "市区町村": "美咲町",
                "撮影場所": "",
                "撮影日時": "2024-01-12T20:13:00+09:00",
                "緯度": "34.96777778 ",
                "経度": "134.05666667 ",
                "夜空の明るさ": "20.59",
                "ばらつき": "0.06",
                "周辺状況": "",
                "備考": "",
                "継続観察登録地点": ""
            }
        },
        {
            "type": "Feature",
            "geometry": {
                "type": "Point",
                "coordinates": [
                    132.45388889,
                    34.39833333
                ]
            },
            "properties": {
                "調査時期": "2024_W",
                "都道府県": "広島県",
                "市区町村": "広島市　中区",
                "撮影場所": "",
                "撮影日時": "2024-01-04T19:30:00+09:00",
                "緯度": "34.39833333 ",
                "経度": "132.45388889 ",
                "夜空の明るさ": "16.62",
                "ばらつき": "0.11",
                "周辺状況": "",
                "備考": "",
                "継続観察登録地点": ""
            }
        },
        {
            "type": "Feature",
            "geometry": {
                "type": "Point",
                "coordinates": [
                    132.73805556,
                    34.44722222
                ]
            },
            "properties": {
                "調査時期": "2024_W",
                "都道府県": "広島県",
                "市区町村": "東広島市",
                "撮影場所": "憩いの森公園",
                "撮影日時": "2024-01-15T19:45:00+09:00",
                "緯度": "34.44722222 ",
                "経度": "132.73805556 ",
                "夜空の明るさ": "19.10",
                "ばらつき": "0.14",
                "周辺状況": "自然公園等",
                "備考": "",
                "継続観察登録地点": "○"
            }
        },
        {
            "type": "Feature",
            "geometry": {
                "type": "Point",
                "coordinates": [
                    131.65583333,
                    34.47361111
                ]
            },
            "properties": {
                "調査時期": "2024_W",
                "都道府県": "山口県",
                "市区町村": "山口市",
                "撮影場所": "山口県山口市阿東嘉年",
                "撮影日時": "2024-01-06T19:13:00+09:00",
                "緯度": "34.47361111 ",
                "経度": "131.65583333 ",
                "夜空の明るさ": "21.39",
                "ばらつき": "0.26",
                "周辺状況": "農業地域",
                "備考": "",
                "継続観察登録地点": "○"
            }
        },
        {
            "type": "Feature",
            "geometry": {
                "type": "Point",
                "coordinates": [
                    131.65583333,
                    34.47361111
                ]
            },
            "properties": {
                "調査時期": "2024_W",
                "都道府県": "山口県",
                "市区町村": "山口市",
                "撮影場所": "山口県山口市阿東嘉年",
                "撮影日時": "2024-01-08T19:56:00+09:00",
                "緯度": "34.47361111 ",
                "経度": "131.65583333 ",
                "夜空の明るさ": "21.41",
                "ばらつき": "0.20",
                "周辺状況": "農業地域",
                "備考": "",
                "継続観察登録地点": "○"
            }
        },
        {
            "type": "Feature",
            "geometry": {
                "type": "Point",
                "coordinates": [
                    131.84555556,
                    34.04833333
                ]
            },
            "properties": {
                "調査時期": "2024_W",
                "都道府県": "山口県",
                "市区町村": "周南市",
                "撮影場所": "山口県周南市（周南公立大学敷地内）",
                "撮影日時": "2024-01-11T18:25:00+09:00",
                "緯度": "34.04833333 ",
                "経度": "131.84555556 ",
                "夜空の明るさ": "",
                "ばらつき": "",
                "周辺状況": "住宅地域",
                "備考": "測定不可（雲量大）",
                "継続観察登録地点": "○"
            }
        },
        {
            "type": "Feature",
            "geometry": {
                "type": "Point",
                "coordinates": [
                    134.45777778,
                    34.0975
                ]
            },
            "properties": {
                "調査時期": "2024_W",
                "都道府県": "徳島県",
                "市区町村": "徳島市",
                "撮影場所": "",
                "撮影日時": "2024-01-05T21:55:00+09:00",
                "緯度": "34.09750000 ",
                "経度": "134.45777778 ",
                "夜空の明るさ": "19.77",
                "ばらつき": "0.08",
                "周辺状況": "",
                "備考": "参考値（時間外）",
                "継続観察登録地点": ""
            }
        },
        {
            "type": "Feature",
            "geometry": {
                "type": "Point",
                "coordinates": [
                    134.51527778,
                    34.07333333
                ]
            },
            "properties": {
                "調査時期": "2024_W",
                "都道府県": "徳島県",
                "市区町村": "徳島市",
                "撮影場所": "",
                "撮影日時": "2024-01-05T21:22:00+09:00",
                "緯度": "34.07333333 ",
                "経度": "134.51527778 ",
                "夜空の明るさ": "18.79",
                "ばらつき": "0.06",
                "周辺状況": "",
                "備考": "参考値（時間外）",
                "継続観察登録地点": ""
            }
        },
        {
            "type": "Feature",
            "geometry": {
                "type": "Point",
                "coordinates": [
                    134.5575,
                    34.06972222
                ]
            },
            "properties": {
                "調査時期": "2024_W",
                "都道府県": "徳島県",
                "市区町村": "徳島市",
                "撮影場所": "",
                "撮影日時": "2024-01-05T20:21:00+09:00",
                "緯度": "34.06972222 ",
                "経度": "134.55750000 ",
                "夜空の明るさ": "18.00",
                "ばらつき": "0.09",
                "周辺状況": "",
                "備考": "",
                "継続観察登録地点": ""
            }
        },
        {
            "type": "Feature",
            "geometry": {
                "type": "Point",
                "coordinates": [
                    134.47138889,
                    34.06222222
                ]
            },
            "properties": {
                "調査時期": "2024_W",
                "都道府県": "徳島県",
                "市区町村": "徳島市",
                "撮影場所": "",
                "撮影日時": "2024-01-05T21:35:00+09:00",
                "緯度": "34.06222222 ",
                "経度": "134.47138889 ",
                "夜空の明るさ": "19.69",
                "ばらつき": "0.06",
                "周辺状況": "",
                "備考": "参考値（時間外）",
                "継続観察登録地点": ""
            }
        },
        {
            "type": "Feature",
            "geometry": {
                "type": "Point",
                "coordinates": [
                    134.60305556,
                    34.06305556
                ]
            },
            "properties": {
                "調査時期": "2024_W",
                "都道府県": "徳島県",
                "市区町村": "徳島市",
                "撮影場所": "",
                "撮影日時": "2024-01-05T20:56:00+09:00",
                "緯度": "34.06305556 ",
                "経度": "134.60305556 ",
                "夜空の明るさ": "19.23",
                "ばらつき": "0.11",
                "周辺状況": "",
                "備考": "",
                "継続観察登録地点": ""
            }
        },
        {
            "type": "Feature",
            "geometry": {
                "type": "Point",
                "coordinates": [
                    134.44861111,
                    34.06722222
                ]
            },
            "properties": {
                "調査時期": "2024_W",
                "都道府県": "徳島県",
                "市区町村": "石井町",
                "撮影場所": "",
                "撮影日時": "2024-01-05T22:13:00+09:00",
                "緯度": "34.06722222 ",
                "経度": "134.44861111 ",
                "夜空の明るさ": "19.50",
                "ばらつき": "0.12",
                "周辺状況": "",
                "備考": "参考値（時間外）",
                "継続観察登録地点": ""
            }
        },
        {
            "type": "Feature",
            "geometry": {
                "type": "Point",
                "coordinates": [
                    134.44861111,
                    34.0675
                ]
            },
            "properties": {
                "調査時期": "2024_W",
                "都道府県": "徳島県",
                "市区町村": "石井町",
                "撮影場所": "",
                "撮影日時": "2024-01-02T20:07:00+09:00",
                "緯度": "34.06750000 ",
                "経度": "134.44861111 ",
                "夜空の明るさ": "19.05",
                "ばらつき": "0.17",
                "周辺状況": "",
                "備考": "",
                "継続観察登録地点": ""
            }
        },
        {
            "type": "Feature",
            "geometry": {
                "type": "Point",
                "coordinates": [
                    133.07888889,
                    34.17083333
                ]
            },
            "properties": {
                "調査時期": "2024_W",
                "都道府県": "愛媛県",
                "市区町村": "今治市",
                "撮影場所": "愛媛県今治市宮窪町宮窪",
                "撮影日時": "2024-01-08T19:13:00+09:00",
                "緯度": "34.17083333 ",
                "経度": "133.07888889 ",
                "夜空の明るさ": "20.59",
                "ばらつき": "0.07",
                "周辺状況": "住宅地域",
                "備考": "",
                "継続観察登録地点": "○"
            }
        },
        {
            "type": "Feature",
            "geometry": {
                "type": "Point",
                "coordinates": [
                    133.07888889,
                    34.17055556
                ]
            },
            "properties": {
                "調査時期": "2024_W",
                "都道府県": "愛媛県",
                "市区町村": "今治市",
                "撮影場所": "愛媛県今治市宮窪町宮窪",
                "撮影日時": "2024-01-08T19:17:00+09:00",
                "緯度": "34.17055556 ",
                "経度": "133.07888889 ",
                "夜空の明るさ": "20.65",
                "ばらつき": "0.09",
                "周辺状況": "住宅地域",
                "備考": "",
                "継続観察登録地点": "○"
            }
        },
        {
            "type": "Feature",
            "geometry": {
                "type": "Point",
                "coordinates": [
                    133.07888889,
                    34.17055556
                ]
            },
            "properties": {
                "調査時期": "2024_W",
                "都道府県": "愛媛県",
                "市区町村": "今治市",
                "撮影場所": "愛媛県今治市宮窪町宮窪",
                "撮影日時": "2024-01-11T20:10:00+09:00",
                "緯度": "34.17055556 ",
                "経度": "133.07888889 ",
                "夜空の明るさ": "20.59",
                "ばらつき": "0.09",
                "周辺状況": "住宅地域",
                "備考": "",
                "継続観察登録地点": "○"
            }
        },
        {
            "type": "Feature",
            "geometry": {
                "type": "Point",
                "coordinates": [
                    133.07888889,
                    34.17055556
                ]
            },
            "properties": {
                "調査時期": "2024_W",
                "都道府県": "愛媛県",
                "市区町村": "今治市",
                "撮影場所": "愛媛県今治市宮窪町宮窪",
                "撮影日時": "2024-01-13T20:09:00+09:00",
                "緯度": "34.17055556 ",
                "経度": "133.07888889 ",
                "夜空の明るさ": "20.70",
                "ばらつき": "0.07",
                "周辺状況": "住宅地域",
                "備考": "",
                "継続観察登録地点": "○"
            }
        },
        {
            "type": "Feature",
            "geometry": {
                "type": "Point",
                "coordinates": [
                    133.24472222,
                    33.90972222
                ]
            },
            "properties": {
                "調査時期": "2024_W",
                "都道府県": "愛媛県",
                "市区町村": "新居浜市",
                "撮影場所": "愛媛県総合科学博物館 屋上（愛媛県新居浜市）",
                "撮影日時": "2024-01-08T19:17:00+09:00",
                "緯度": "33.90972222 ",
                "経度": "133.24472222 ",
                "夜空の明るさ": "19.64",
                "ばらつき": "0.07",
                "周辺状況": "その他",
                "備考": "",
                "継続観察登録地点": "○"
            }
        },
        {
            "type": "Feature",
            "geometry": {
                "type": "Point",
                "coordinates": [
                    133.30972222,
                    33.90305556
                ]
            },
            "properties": {
                "調査時期": "2024_W",
                "都道府県": "愛媛県",
                "市区町村": "新居浜市",
                "撮影場所": "",
                "撮影日時": "2024-01-08T20:38:00+09:00",
                "緯度": "33.90305556 ",
                "経度": "133.30972222 ",
                "夜空の明るさ": "19.48",
                "ばらつき": "0.13",
                "周辺状況": "",
                "備考": "",
                "継続観察登録地点": ""
            }
        },
        {
            "type": "Feature",
            "geometry": {
                "type": "Point",
                "coordinates": [
                    133.53666667,
                    33.94277778
                ]
            },
            "properties": {
                "調査時期": "2024_W",
                "都道府県": "愛媛県",
                "市区町村": "四国中央市",
                "撮影場所": "",
                "撮影日時": "2024-01-11T19:43:00+09:00",
                "緯度": "33.94277778 ",
                "経度": "133.53666667 ",
                "夜空の明るさ": "20.36",
                "ばらつき": "0.08",
                "周辺状況": "",
                "備考": "",
                "継続観察登録地点": ""
            }
        },
        {
            "type": "Feature",
            "geometry": {
                "type": "Point",
                "coordinates": [
                    132.93944444,
                    33.67611111
                ]
            },
            "properties": {
                "調査時期": "2024_W",
                "都道府県": "愛媛県",
                "市区町村": "久万高原町",
                "撮影場所": "久万高原天体観測館",
                "撮影日時": "2024-01-11T19:18:00+09:00",
                "緯度": "33.67611111 ",
                "経度": "132.93944444 ",
                "夜空の明るさ": "21.09",
                "ばらつき": "0.09",
                "周辺状況": "森林山間地 ",
                "備考": "",
                "継続観察登録地点": "○"
            }
        },
        {
            "type": "Feature",
            "geometry": {
                "type": "Point",
                "coordinates": [
                    133.52916667,
                    33.53611111
                ]
            },
            "properties": {
                "調査時期": "2024_W",
                "都道府県": "高知県",
                "市区町村": "高知市",
                "撮影場所": "土佐塾中学・高等学校",
                "撮影日時": "2024-01-04T19:53:00+09:00",
                "緯度": "33.53611111 ",
                "経度": "133.52916667 ",
                "夜空の明るさ": "19.08",
                "ばらつき": "0.08",
                "周辺状況": "その他",
                "備考": "",
                "継続観察登録地点": "○"
            }
        },
        {
            "type": "Feature",
            "geometry": {
                "type": "Point",
                "coordinates": [
                    133.47472222,
                    33.46472222
                ]
            },
            "properties": {
                "調査時期": "2024_W",
                "都道府県": "高知県",
                "市区町村": "高知市",
                "撮影場所": "",
                "撮影日時": "2024-01-04T20:27:00+09:00",
                "緯度": "33.46472222 ",
                "経度": "133.47472222 ",
                "夜空の明るさ": "20.49",
                "ばらつき": "0.05",
                "周辺状況": "",
                "備考": "",
                "継続観察登録地点": ""
            }
        },
        {
            "type": "Feature",
            "geometry": {
                "type": "Point",
                "coordinates": [
                    133.52916667,
                    33.53638889
                ]
            },
            "properties": {
                "調査時期": "2024_W",
                "都道府県": "高知県",
                "市区町村": "高知市",
                "撮影場所": "土佐塾中学・高等学校",
                "撮影日時": "2024-01-12T19:29:00+09:00",
                "緯度": "33.53638889 ",
                "経度": "133.52916667 ",
                "夜空の明るさ": "18.37",
                "ばらつき": "0.09",
                "周辺状況": "その他",
                "備考": "",
                "継続観察登録地点": "○"
            }
        },
        {
            "type": "Feature",
            "geometry": {
                "type": "Point",
                "coordinates": [
                    132.79333333,
                    33.17388889
                ]
            },
            "properties": {
                "調査時期": "2024_W",
                "都道府県": "高知県",
                "市区町村": "四万十市",
                "撮影場所": "四万十天文台前",
                "撮影日時": "2024-01-02T19:01:00+09:00",
                "緯度": "33.17388889 ",
                "経度": "132.79333333 ",
                "夜空の明るさ": "21.34",
                "ばらつき": "0.09",
                "周辺状況": "森林山間地",
                "備考": "",
                "継続観察登録地点": "○"
            }
        },
        {
            "type": "Feature",
            "geometry": {
                "type": "Point",
                "coordinates": [
                    132.79333333,
                    33.17388889
                ]
            },
            "properties": {
                "調査時期": "2024_W",
                "都道府県": "高知県",
                "市区町村": "四万十市",
                "撮影場所": "四万十天文台前",
                "撮影日時": "2024-01-05T19:30:00+09:00",
                "緯度": "33.17388889 ",
                "経度": "132.79333333 ",
                "夜空の明るさ": "21.04",
                "ばらつき": "0.12",
                "周辺状況": "森林山間地",
                "備考": "",
                "継続観察登録地点": "○"
            }
        },
        {
            "type": "Feature",
            "geometry": {
                "type": "Point",
                "coordinates": [
                    132.79333333,
                    33.17388889
                ]
            },
            "properties": {
                "調査時期": "2024_W",
                "都道府県": "高知県",
                "市区町村": "四万十市",
                "撮影場所": "四万十天文台前",
                "撮影日時": "2024-01-15T19:49:00+09:00",
                "緯度": "33.17388889 ",
                "経度": "132.79333333 ",
                "夜空の明るさ": "21.07",
                "ばらつき": "0.09",
                "周辺状況": "森林山間地",
                "備考": "",
                "継続観察登録地点": "○"
            }
        },
        {
            "type": "Feature",
            "geometry": {
                "type": "Point",
                "coordinates": [
                    133.825,
                    33.53055556
                ]
            },
            "properties": {
                "調査時期": "2024_W",
                "都道府県": "高知県",
                "市区町村": "芸西村",
                "撮影場所": "芸西天文台",
                "撮影日時": "2024-01-05T20:19:00+09:00",
                "緯度": "33.53055556 ",
                "経度": "133.82500000 ",
                "夜空の明るさ": "21.06",
                "ばらつき": "0.11",
                "周辺状況": "森林山間地",
                "備考": "",
                "継続観察登録地点": "○"
            }
        },
        {
            "type": "Feature",
            "geometry": {
                "type": "Point",
                "coordinates": [
                    132.98472222,
                    33.40944444
                ]
            },
            "properties": {
                "調査時期": "2024_W",
                "都道府県": "高知県",
                "市区町村": "津野町",
                "撮影場所": "",
                "撮影日時": "2024-01-04T20:29:00+09:00",
                "緯度": "33.40944444 ",
                "経度": "132.98472222 ",
                "夜空の明るさ": "21.42",
                "ばらつき": "0.08",
                "周辺状況": "",
                "備考": "",
                "継続観察登録地点": ""
            }
        },
        {
            "type": "Feature",
            "geometry": {
                "type": "Point",
                "coordinates": [
                    132.97694444,
                    33.39777778
                ]
            },
            "properties": {
                "調査時期": "2024_W",
                "都道府県": "高知県",
                "市区町村": "津野町",
                "撮影場所": "",
                "撮影日時": "2024-01-05T20:13:00+09:00",
                "緯度": "33.39777778 ",
                "経度": "132.97694444 ",
                "夜空の明るさ": "21.53",
                "ばらつき": "0.09",
                "周辺状況": "",
                "備考": "",
                "継続観察登録地点": ""
            }
        },
        {
            "type": "Feature",
            "geometry": {
                "type": "Point",
                "coordinates": [
                    132.98472222,
                    33.40944444
                ]
            },
            "properties": {
                "調査時期": "2024_W",
                "都道府県": "高知県",
                "市区町村": "津野町",
                "撮影場所": "",
                "撮影日時": "2024-01-11T19:30:00+09:00",
                "緯度": "33.40944444 ",
                "経度": "132.98472222 ",
                "夜空の明るさ": "21.45",
                "ばらつき": "0.08",
                "周辺状況": "",
                "備考": "",
                "継続観察登録地点": ""
            }
        },
        {
            "type": "Feature",
            "geometry": {
                "type": "Point",
                "coordinates": [
                    132.97694444,
                    33.39777778
                ]
            },
            "properties": {
                "調査時期": "2024_W",
                "都道府県": "高知県",
                "市区町村": "津野町",
                "撮影場所": "",
                "撮影日時": "2024-01-11T20:35:00+09:00",
                "緯度": "33.39777778 ",
                "経度": "132.97694444 ",
                "夜空の明るさ": "21.52",
                "ばらつき": "0.10",
                "周辺状況": "",
                "備考": "",
                "継続観察登録地点": ""
            }
        },
        {
            "type": "Feature",
            "geometry": {
                "type": "Point",
                "coordinates": [
                    133.00222222,
                    33.47611111
                ]
            },
            "properties": {
                "調査時期": "2024_W",
                "都道府県": "高知県",
                "市区町村": "津野町",
                "撮影場所": "",
                "撮影日時": "2024-01-14T20:43:00+09:00",
                "緯度": "33.47611111 ",
                "経度": "133.00222222 ",
                "夜空の明るさ": "21.54",
                "ばらつき": "0.10",
                "周辺状況": "",
                "備考": "",
                "継続観察登録地点": ""
            }
        },
        {
            "type": "Feature",
            "geometry": {
                "type": "Point",
                "coordinates": [
                    130.83972222,
                    33.89
                ]
            },
            "properties": {
                "調査時期": "2024_W",
                "都道府県": "福岡県",
                "市区町村": "北九州市　戸畑区",
                "撮影場所": "九州工業大学 戸畑キャンパス運動場",
                "撮影日時": "2024-01-15T20:55:00+09:00",
                "緯度": "33.89000000 ",
                "経度": "130.83972222 ",
                "夜空の明るさ": "17.84",
                "ばらつき": "0.10",
                "周辺状況": "住宅地域",
                "備考": "",
                "継続観察登録地点": "○"
            }
        },
        {
            "type": "Feature",
            "geometry": {
                "type": "Point",
                "coordinates": [
                    130.3725,
                    33.57916667
                ]
            },
            "properties": {
                "調査時期": "2024_W",
                "都道府県": "福岡県",
                "市区町村": "福岡市　城南区",
                "撮影場所": "福岡市中央区草香江",
                "撮影日時": "2024-01-14T21:02:00+09:00",
                "緯度": "33.57916667 ",
                "経度": "130.37250000 ",
                "夜空の明るさ": "17.42",
                "ばらつき": "0.13",
                "周辺状況": "住宅地域",
                "備考": "",
                "継続観察登録地点": "○"
            }
        },
        {
            "type": "Feature",
            "geometry": {
                "type": "Point",
                "coordinates": [
                    130.75972222,
                    33.24277778
                ]
            },
            "properties": {
                "調査時期": "2024_W",
                "都道府県": "福岡県",
                "市区町村": "八女市",
                "撮影場所": "星のふるさと公園 星降る広場",
                "撮影日時": "2024-01-04T20:30:00+09:00",
                "緯度": "33.24277778 ",
                "経度": "130.75972222 ",
                "夜空の明るさ": "20.68",
                "ばらつき": "0.08",
                "周辺状況": "森林山間地",
                "備考": "",
                "継続観察登録地点": "○"
            }
        },
        {
            "type": "Feature",
            "geometry": {
                "type": "Point",
                "coordinates": [
                    130.75972222,
                    33.24277778
                ]
            },
            "properties": {
                "調査時期": "2024_W",
                "都道府県": "福岡県",
                "市区町村": "八女市",
                "撮影場所": "星のふるさと公園 星降る広場",
                "撮影日時": "2024-01-13T20:37:00+09:00",
                "緯度": "33.24277778 ",
                "経度": "130.75972222 ",
                "夜空の明るさ": "20.65",
                "ばらつき": "0.05",
                "周辺状況": "森林山間地",
                "備考": "",
                "継続観察登録地点": "○"
            }
        },
        {
            "type": "Feature",
            "geometry": {
                "type": "Point",
                "coordinates": [
                    130.75972222,
                    33.2425
                ]
            },
            "properties": {
                "調査時期": "2024_W",
                "都道府県": "福岡県",
                "市区町村": "八女市",
                "撮影場所": "星のふるさと公園 星降る広場",
                "撮影日時": "2024-01-13T20:47:00+09:00",
                "緯度": "33.24250000 ",
                "経度": "130.75972222 ",
                "夜空の明るさ": "20.72",
                "ばらつき": "0.06",
                "周辺状況": "森林山間地",
                "備考": "",
                "継続観察登録地点": "○"
            }
        },
        {
            "type": "Feature",
            "geometry": {
                "type": "Point",
                "coordinates": [
                    130.54055556,
                    33.52416667
                ]
            },
            "properties": {
                "調査時期": "2024_W",
                "都道府県": "福岡県",
                "市区町村": "太宰府市",
                "撮影場所": "",
                "撮影日時": "2024-01-15T21:04:00+09:00",
                "緯度": "33.52416667 ",
                "経度": "130.54055556 ",
                "夜空の明るさ": "18.83",
                "ばらつき": "0.08",
                "周辺状況": "",
                "備考": "",
                "継続観察登録地点": ""
            }
        },
        {
            "type": "Feature",
            "geometry": {
                "type": "Point",
                "coordinates": [
                    130.73888889,
                    32.83138889
                ]
            },
            "properties": {
                "調査時期": "2024_W",
                "都道府県": "熊本県",
                "市区町村": "熊本市　北区",
                "撮影場所": "",
                "撮影日時": "2024-01-04T20:52:00+09:00",
                "緯度": "32.83138889 ",
                "経度": "130.73888889 ",
                "夜空の明るさ": "18.41",
                "ばらつき": "0.14",
                "周辺状況": "",
                "備考": "",
                "継続観察登録地点": ""
            }
        },
        {
            "type": "Feature",
            "geometry": {
                "type": "Point",
                "coordinates": [
                    130.12222222,
                    32.45333333
                ]
            },
            "properties": {
                "調査時期": "2024_W",
                "都道府県": "熊本県",
                "市区町村": "天草市",
                "撮影場所": "熊本県天草市",
                "撮影日時": "2024-01-13T20:10:00+09:00",
                "緯度": "32.45333333 ",
                "経度": "130.12222222 ",
                "夜空の明るさ": "21.07",
                "ばらつき": "0.10",
                "周辺状況": "森林山間地",
                "備考": "",
                "継続観察登録地点": "○"
            }
        },
        {
            "type": "Feature",
            "geometry": {
                "type": "Point",
                "coordinates": [
                    131.09861111,
                    32.74111111
                ]
            },
            "properties": {
                "調査時期": "2024_W",
                "都道府県": "熊本県",
                "市区町村": "山都町",
                "撮影場所": "清和高原天文台",
                "撮影日時": "2024-01-11T19:54:00+09:00",
                "緯度": "32.74111111 ",
                "経度": "131.09861111 ",
                "夜空の明るさ": "21.26",
                "ばらつき": "0.10",
                "周辺状況": "森林山間地",
                "備考": "",
                "継続観察登録地点": "○"
            }
        },
        {
            "type": "Feature",
            "geometry": {
                "type": "Point",
                "coordinates": [
                    131.06972222,
                    31.88
                ]
            },
            "properties": {
                "調査時期": "2024_W",
                "都道府県": "宮崎県",
                "市区町村": "都城市",
                "撮影場所": "宮崎県都城市高崎町",
                "撮影日時": "2024-01-05T21:32:00+09:00",
                "緯度": "31.88000000 ",
                "経度": "131.06972222 ",
                "夜空の明るさ": "20.59",
                "ばらつき": "0.09",
                "周辺状況": "住宅地域",
                "備考": "参考値（時間外）",
                "継続観察登録地点": "○"
            }
        },
        {
            "type": "Feature",
            "geometry": {
                "type": "Point",
                "coordinates": [
                    131.27694444,
                    32.7175
                ]
            },
            "properties": {
                "調査時期": "2024_W",
                "都道府県": "宮崎県",
                "市区町村": "高千穂町",
                "撮影場所": "宮崎県西臼杵郡高千穂町　国見ヶ丘",
                "撮影日時": "2024-01-13T20:36:00+09:00",
                "緯度": "32.71750000 ",
                "経度": "131.27694444 ",
                "夜空の明るさ": "21.27",
                "ばらつき": "0.09",
                "周辺状況": "森林山間地",
                "備考": "",
                "継続観察登録地点": "○"
            }
        },
        {
            "type": "Feature",
            "geometry": {
                "type": "Point",
                "coordinates": [
                    129.53444444,
                    28.44833333
                ]
            },
            "properties": {
                "調査時期": "2024_W",
                "都道府県": "鹿児島県",
                "市区町村": "奄美市",
                "撮影場所": "",
                "撮影日時": "2024-01-05T19:48:00+09:00",
                "緯度": "28.44833333 ",
                "経度": "129.53444444 ",
                "夜空の明るさ": "21.47",
                "ばらつき": "0.07",
                "周辺状況": "",
                "備考": "",
                "継続観察登録地点": ""
            }
        },
        {
            "type": "Feature",
            "geometry": {
                "type": "Point",
                "coordinates": [
                    129.54222222,
                    28.33611111
                ]
            },
            "properties": {
                "調査時期": "2024_W",
                "都道府県": "鹿児島県",
                "市区町村": "奄美市",
                "撮影場所": "",
                "撮影日時": "2024-01-12T21:37:00+09:00",
                "緯度": "28.33611111 ",
                "経度": "129.54222222 ",
                "夜空の明るさ": "21.56",
                "ばらつき": "0.11",
                "周辺状況": "",
                "備考": "",
                "継続観察登録地点": ""
            }
        },
        {
            "type": "Feature",
            "geometry": {
                "type": "Point",
                "coordinates": [
                    129.47416667,
                    28.295
                ]
            },
            "properties": {
                "調査時期": "2024_W",
                "都道府県": "鹿児島県",
                "市区町村": "奄美市",
                "撮影場所": "",
                "撮影日時": "2024-01-05T19:23:00+09:00",
                "緯度": "28.29500000 ",
                "経度": "129.47416667 ",
                "夜空の明るさ": "21.48",
                "ばらつき": "0.11",
                "周辺状況": "",
                "備考": "",
                "継続観察登録地点": ""
            }
        },
        {
            "type": "Feature",
            "geometry": {
                "type": "Point",
                "coordinates": [
                    129.45694444,
                    28.295
                ]
            },
            "properties": {
                "調査時期": "2024_W",
                "都道府県": "鹿児島県",
                "市区町村": "奄美市",
                "撮影場所": "",
                "撮影日時": "2024-01-05T19:32:00+09:00",
                "緯度": "28.29500000 ",
                "経度": "129.45694444 ",
                "夜空の明るさ": "21.55",
                "ばらつき": "0.06",
                "周辺状況": "",
                "備考": "",
                "継続観察登録地点": ""
            }
        },
        {
            "type": "Feature",
            "geometry": {
                "type": "Point",
                "coordinates": [
                    129.43638889,
                    28.29194444
                ]
            },
            "properties": {
                "調査時期": "2024_W",
                "都道府県": "鹿児島県",
                "市区町村": "奄美市",
                "撮影場所": "",
                "撮影日時": "2024-01-05T19:38:00+09:00",
                "緯度": "28.29194444 ",
                "経度": "129.43638889 ",
                "夜空の明るさ": "21.53",
                "ばらつき": "0.05",
                "周辺状況": "",
                "備考": "",
                "継続観察登録地点": ""
            }
        },
        {
            "type": "Feature",
            "geometry": {
                "type": "Point",
                "coordinates": [
                    129.40805556,
                    28.26138889
                ]
            },
            "properties": {
                "調査時期": "2024_W",
                "都道府県": "鹿児島県",
                "市区町村": "奄美市",
                "撮影場所": "",
                "撮影日時": "2024-01-05T19:47:00+09:00",
                "緯度": "28.26138889 ",
                "経度": "129.40805556 ",
                "夜空の明るさ": "21.42",
                "ばらつき": "0.10",
                "周辺状況": "",
                "備考": "",
                "継続観察登録地点": ""
            }
        },
        {
            "type": "Feature",
            "geometry": {
                "type": "Point",
                "coordinates": [
                    129.36583333,
                    28.23055556
                ]
            },
            "properties": {
                "調査時期": "2024_W",
                "都道府県": "鹿児島県",
                "市区町村": "奄美市",
                "撮影場所": "",
                "撮影日時": "2024-01-05T19:57:00+09:00",
                "緯度": "28.23055556 ",
                "経度": "129.36583333 ",
                "夜空の明るさ": "21.53",
                "ばらつき": "0.08",
                "周辺状況": "",
                "備考": "",
                "継続観察登録地点": ""
            }
        },
        {
            "type": "Feature",
            "geometry": {
                "type": "Point",
                "coordinates": [
                    130.97944444,
                    30.55694444
                ]
            },
            "properties": {
                "調査時期": "2024_W",
                "都道府県": "鹿児島県",
                "市区町村": "中種子町",
                "撮影場所": "熊毛郡中種子町",
                "撮影日時": "2024-01-04T20:46:00+09:00",
                "緯度": "30.55694444 ",
                "経度": "130.97944444 ",
                "夜空の明るさ": "21.47",
                "ばらつき": "0.13",
                "周辺状況": "農業地域",
                "備考": "",
                "継続観察登録地点": "○"
            }
        },
        {
            "type": "Feature",
            "geometry": {
                "type": "Point",
                "coordinates": [
                    129.31583333,
                    28.16888889
                ]
            },
            "properties": {
                "調査時期": "2024_W",
                "都道府県": "鹿児島県",
                "市区町村": "瀬戸内町",
                "撮影場所": "鹿児島県 瀬戸内町高知山",
                "撮影日時": "2024-01-02T20:51:00+09:00",
                "緯度": "28.16888889 ",
                "経度": "129.31583333 ",
                "夜空の明るさ": "21.67",
                "ばらつき": "0.10",
                "周辺状況": "森林山間地",
                "備考": "",
                "継続観察登録地点": "○"
            }
        },
        {
            "type": "Feature",
            "geometry": {
                "type": "Point",
                "coordinates": [
                    129.31583333,
                    28.16916667
                ]
            },
            "properties": {
                "調査時期": "2024_W",
                "都道府県": "鹿児島県",
                "市区町村": "瀬戸内町",
                "撮影場所": "鹿児島県 瀬戸内町高知山",
                "撮影日時": "2024-01-02T20:49:00+09:00",
                "緯度": "28.16916667 ",
                "経度": "129.31583333 ",
                "夜空の明るさ": "21.61",
                "ばらつき": "0.10",
                "周辺状況": "森林山間地",
                "備考": "",
                "継続観察登録地点": "○"
            }
        },
        {
            "type": "Feature",
            "geometry": {
                "type": "Point",
                "coordinates": [
                    129.3125,
                    28.175
                ]
            },
            "properties": {
                "調査時期": "2024_W",
                "都道府県": "鹿児島県",
                "市区町村": "瀬戸内町",
                "撮影場所": "鹿児島県瀬戸内町油井岳",
                "撮影日時": "2024-01-02T20:45:00+09:00",
                "緯度": "28.17500000 ",
                "経度": "129.31250000 ",
                "夜空の明るさ": "21.68",
                "ばらつき": "0.09",
                "周辺状況": "自然公園等",
                "備考": "",
                "継続観察登録地点": "○"
            }
        },
        {
            "type": "Feature",
            "geometry": {
                "type": "Point",
                "coordinates": [
                    129.2725,
                    28.19861111
                ]
            },
            "properties": {
                "調査時期": "2024_W",
                "都道府県": "鹿児島県",
                "市区町村": "瀬戸内町",
                "撮影場所": "",
                "撮影日時": "2024-01-05T20:20:00+09:00",
                "緯度": "28.19861111 ",
                "経度": "129.27250000 ",
                "夜空の明るさ": "21.66",
                "ばらつき": "0.06",
                "周辺状況": "",
                "備考": "",
                "継続観察登録地点": ""
            }
        },
        {
            "type": "Feature",
            "geometry": {
                "type": "Point",
                "coordinates": [
                    129.28861111,
                    28.18972222
                ]
            },
            "properties": {
                "調査時期": "2024_W",
                "都道府県": "鹿児島県",
                "市区町村": "瀬戸内町",
                "撮影場所": "",
                "撮影日時": "2024-01-05T20:39:00+09:00",
                "緯度": "28.18972222 ",
                "経度": "129.28861111 ",
                "夜空の明るさ": "21.56",
                "ばらつき": "0.09",
                "周辺状況": "",
                "備考": "",
                "継続観察登録地点": ""
            }
        },
        {
            "type": "Feature",
            "geometry": {
                "type": "Point",
                "coordinates": [
                    129.29611111,
                    28.14916667
                ]
            },
            "properties": {
                "調査時期": "2024_W",
                "都道府県": "鹿児島県",
                "市区町村": "瀬戸内町",
                "撮影場所": "鹿児島県大島郡瀬戸内町瀬戸崎",
                "撮影日時": "2024-01-05T20:46:00+09:00",
                "緯度": "28.14916667 ",
                "経度": "129.29611111 ",
                "夜空の明るさ": "21.44",
                "ばらつき": "0.06",
                "周辺状況": "森林山間地",
                "備考": "",
                "継続観察登録地点": "○"
            }
        },
        {
            "type": "Feature",
            "geometry": {
                "type": "Point",
                "coordinates": [
                    129.32666667,
                    28.17527778
                ]
            },
            "properties": {
                "調査時期": "2024_W",
                "都道府県": "鹿児島県",
                "市区町村": "瀬戸内町",
                "撮影場所": "鹿児島県大島郡瀬戸内町阿木名",
                "撮影日時": "2024-01-07T20:02:00+09:00",
                "緯度": "28.17527778 ",
                "経度": "129.32666667 ",
                "夜空の明るさ": "21.57",
                "ばらつき": "0.13",
                "周辺状況": "農業地域",
                "備考": "",
                "継続観察登録地点": "○"
            }
        },
        {
            "type": "Feature",
            "geometry": {
                "type": "Point",
                "coordinates": [
                    129.405,
                    28.19305556
                ]
            },
            "properties": {
                "調査時期": "2024_W",
                "都道府県": "鹿児島県",
                "市区町村": "瀬戸内町",
                "撮影場所": "",
                "撮影日時": "2024-01-08T19:58:00+09:00",
                "緯度": "28.19305556 ",
                "経度": "129.40500000 ",
                "夜空の明るさ": "20.90",
                "ばらつき": "0.43",
                "周辺状況": "",
                "備考": "",
                "継続観察登録地点": ""
            }
        },
        {
            "type": "Feature",
            "geometry": {
                "type": "Point",
                "coordinates": [
                    129.16888889,
                    28.24333333
                ]
            },
            "properties": {
                "調査時期": "2024_W",
                "都道府県": "鹿児島県",
                "市区町村": "瀬戸内町",
                "撮影場所": "",
                "撮影日時": "2024-01-14T19:32:00+09:00",
                "緯度": "28.24333333 ",
                "経度": "129.16888889 ",
                "夜空の明るさ": "21.47",
                "ばらつき": "0.09",
                "周辺状況": "",
                "備考": "",
                "継続観察登録地点": ""
            }
        },
        {
            "type": "Feature",
            "geometry": {
                "type": "Point",
                "coordinates": [
                    129.18027778,
                    28.22944444
                ]
            },
            "properties": {
                "調査時期": "2024_W",
                "都道府県": "鹿児島県",
                "市区町村": "瀬戸内町",
                "撮影場所": "",
                "撮影日時": "2024-01-14T19:55:00+09:00",
                "緯度": "28.22944444 ",
                "経度": "129.18027778 ",
                "夜空の明るさ": "21.30",
                "ばらつき": "0.10",
                "周辺状況": "",
                "備考": "",
                "継続観察登録地点": ""
            }
        },
        {
            "type": "Feature",
            "geometry": {
                "type": "Point",
                "coordinates": [
                    129.24805556,
                    28.21583333
                ]
            },
            "properties": {
                "調査時期": "2024_W",
                "都道府県": "鹿児島県",
                "市区町村": "瀬戸内町",
                "撮影場所": "",
                "撮影日時": "2024-01-14T20:38:00+09:00",
                "緯度": "28.21583333 ",
                "経度": "129.24805556 ",
                "夜空の明るさ": "21.10",
                "ばらつき": "0.27",
                "周辺状況": "",
                "備考": "",
                "継続観察登録地点": ""
            }
        },
        {
            "type": "Feature",
            "geometry": {
                "type": "Point",
                "coordinates": [
                    129.17888889,
                    28.22666667
                ]
            },
            "properties": {
                "調査時期": "2024_W",
                "都道府県": "鹿児島県",
                "市区町村": "瀬戸内町",
                "撮影場所": "",
                "撮影日時": "2024-01-14T20:10:00+09:00",
                "緯度": "28.22666667 ",
                "経度": "129.17888889 ",
                "夜空の明るさ": "19.12",
                "ばらつき": "0.36",
                "周辺状況": "",
                "備考": "",
                "継続観察登録地点": ""
            }
        },
        {
            "type": "Feature",
            "geometry": {
                "type": "Point",
                "coordinates": [
                    129.26638889,
                    28.23222222
                ]
            },
            "properties": {
                "調査時期": "2024_W",
                "都道府県": "鹿児島県",
                "市区町村": "瀬戸内町",
                "撮影場所": "",
                "撮影日時": "2024-01-14T21:35:00+09:00",
                "緯度": "28.23222222 ",
                "経度": "129.26638889 ",
                "夜空の明るさ": "21.47",
                "ばらつき": "0.09",
                "周辺状況": "",
                "備考": "",
                "継続観察登録地点": ""
            }
        },
        {
            "type": "Feature",
            "geometry": {
                "type": "Point",
                "coordinates": [
                    129.33694444,
                    28.13138889
                ]
            },
            "properties": {
                "調査時期": "2024_W",
                "都道府県": "鹿児島県",
                "市区町村": "瀬戸内町",
                "撮影場所": "鹿児島県大島郡瀬戸内町マネン崎",
                "撮影日時": "2024-01-02T20:26:00+09:00",
                "緯度": "28.13138889 ",
                "経度": "129.33694444 ",
                "夜空の明るさ": "",
                "ばらつき": "",
                "周辺状況": "自然公園等",
                "備考": "測定不可（設定エラー）",
                "継続観察登録地点": "○"
            }
        },
        {
            "type": "Feature",
            "geometry": {
                "type": "Point",
                "coordinates": [
                    129.3125,
                    28.17527778
                ]
            },
            "properties": {
                "調査時期": "2024_W",
                "都道府県": "鹿児島県",
                "市区町村": "瀬戸内町",
                "撮影場所": "鹿児島県瀬戸内町油井岳",
                "撮影日時": "2024-01-02T20:26:00+09:00",
                "緯度": "28.17527778 ",
                "経度": "129.31250000 ",
                "夜空の明るさ": "",
                "ばらつき": "",
                "周辺状況": "自然公園等",
                "備考": "測定不可（設定エラー）",
                "継続観察登録地点": "○"
            }
        },
        {
            "type": "Feature",
            "geometry": {
                "type": "Point",
                "coordinates": [
                    129.64,
                    28.41777778
                ]
            },
            "properties": {
                "調査時期": "2024_W",
                "都道府県": "鹿児島県",
                "市区町村": "龍郷町",
                "撮影場所": "鹿児島県大島郡龍郷町赤尾木",
                "撮影日時": "2024-01-02T20:30:00+09:00",
                "緯度": "28.41777778 ",
                "経度": "129.64000000 ",
                "夜空の明るさ": "21.63",
                "ばらつき": "0.09",
                "周辺状況": "その他",
                "備考": "",
                "継続観察登録地点": "○"
            }
        },
        {
            "type": "Feature",
            "geometry": {
                "type": "Point",
                "coordinates": [
                    129.55694444,
                    28.43861111
                ]
            },
            "properties": {
                "調査時期": "2024_W",
                "都道府県": "鹿児島県",
                "市区町村": "龍郷町",
                "撮影場所": "",
                "撮影日時": "2024-01-05T20:07:00+09:00",
                "緯度": "28.43861111 ",
                "経度": "129.55694444 ",
                "夜空の明るさ": "21.44",
                "ばらつき": "0.09",
                "周辺状況": "",
                "備考": "",
                "継続観察登録地点": ""
            }
        },
        {
            "type": "Feature",
            "geometry": {
                "type": "Point",
                "coordinates": [
                    129.58888889,
                    28.46805556
                ]
            },
            "properties": {
                "調査時期": "2024_W",
                "都道府県": "鹿児島県",
                "市区町村": "龍郷町",
                "撮影場所": "",
                "撮影日時": "2024-01-05T20:31:00+09:00",
                "緯度": "28.46805556 ",
                "経度": "129.58888889 ",
                "夜空の明るさ": "21.57",
                "ばらつき": "0.09",
                "周辺状況": "",
                "備考": "",
                "継続観察登録地点": ""
            }
        },
        {
            "type": "Feature",
            "geometry": {
                "type": "Point",
                "coordinates": [
                    129.60055556,
                    28.47416667
                ]
            },
            "properties": {
                "調査時期": "2024_W",
                "都道府県": "鹿児島県",
                "市区町村": "龍郷町",
                "撮影場所": "",
                "撮影日時": "2024-01-05T20:49:00+09:00",
                "緯度": "28.47416667 ",
                "経度": "129.60055556 ",
                "夜空の明るさ": "21.56",
                "ばらつき": "0.09",
                "周辺状況": "",
                "備考": "",
                "継続観察登録地点": ""
            }
        },
        {
            "type": "Feature",
            "geometry": {
                "type": "Point",
                "coordinates": [
                    129.61333333,
                    28.46138889
                ]
            },
            "properties": {
                "調査時期": "2024_W",
                "都道府県": "鹿児島県",
                "市区町村": "龍郷町",
                "撮影場所": "",
                "撮影日時": "2024-01-05T20:38:00+09:00",
                "緯度": "28.46138889 ",
                "経度": "129.61333333 ",
                "夜空の明るさ": "21.60",
                "ばらつき": "0.10",
                "周辺状況": "",
                "備考": "",
                "継続観察登録地点": ""
            }
        },
        {
            "type": "Feature",
            "geometry": {
                "type": "Point",
                "coordinates": [
                    129.5825,
                    28.36777778
                ]
            },
            "properties": {
                "調査時期": "2024_W",
                "都道府県": "鹿児島県",
                "市区町村": "龍郷町",
                "撮影場所": "",
                "撮影日時": "2024-01-05T21:14:00+09:00",
                "緯度": "28.36777778 ",
                "経度": "129.58250000 ",
                "夜空の明るさ": "20.17",
                "ばらつき": "0.14",
                "周辺状況": "",
                "備考": "",
                "継続観察登録地点": ""
            }
        },
        {
            "type": "Feature",
            "geometry": {
                "type": "Point",
                "coordinates": [
                    129.57055556,
                    28.45972222
                ]
            },
            "properties": {
                "調査時期": "2024_W",
                "都道府県": "鹿児島県",
                "市区町村": "龍郷町",
                "撮影場所": "",
                "撮影日時": "2024-01-05T20:19:00+09:00",
                "緯度": "28.45972222 ",
                "経度": "129.57055556 ",
                "夜空の明るさ": "21.50",
                "ばらつき": "0.09",
                "周辺状況": "",
                "備考": "",
                "継続観察登録地点": ""
            }
        },
        {
            "type": "Feature",
            "geometry": {
                "type": "Point",
                "coordinates": [
                    130.00611111,
                    28.335
                ]
            },
            "properties": {
                "調査時期": "2024_W",
                "都道府県": "鹿児島県",
                "市区町村": "喜界町",
                "撮影場所": "",
                "撮影日時": "2024-01-13T19:36:00+09:00",
                "緯度": "28.33500000 ",
                "経度": "130.00611111 ",
                "夜空の明るさ": "21.28",
                "ばらつき": "0.07",
                "周辺状況": "",
                "備考": "",
                "継続観察登録地点": ""
            }
        },
        {
            "type": "Feature",
            "geometry": {
                "type": "Point",
                "coordinates": [
                    127.98888889,
                    26.6425
                ]
            },
            "properties": {
                "調査時期": "2024_W",
                "都道府県": "沖縄県",
                "市区町村": "名護市",
                "撮影場所": "",
                "撮影日時": "2024-01-05T20:15:00+09:00",
                "緯度": "26.64250000 ",
                "経度": "127.98888889 ",
                "夜空の明るさ": "20.32",
                "ばらつき": "0.09",
                "周辺状況": "",
                "備考": "",
                "継続観察登録地点": ""
            }
        },
        {
            "type": "Feature",
            "geometry": {
                "type": "Point",
                "coordinates": [
                    127.96305556,
                    26.59305556
                ]
            },
            "properties": {
                "調査時期": "2024_W",
                "都道府県": "沖縄県",
                "市区町村": "名護市",
                "撮影場所": "",
                "撮影日時": "2024-01-07T20:22:00+09:00",
                "緯度": "26.59305556 ",
                "経度": "127.96305556 ",
                "夜空の明るさ": "19.08",
                "ばらつき": "0.09",
                "周辺状況": "",
                "備考": "",
                "継続観察登録地点": ""
            }
        },
        {
            "type": "Feature",
            "geometry": {
                "type": "Point",
                "coordinates": [
                    128.0125,
                    26.67833333
                ]
            },
            "properties": {
                "調査時期": "2024_W",
                "都道府県": "沖縄県",
                "市区町村": "名護市",
                "撮影場所": "",
                "撮影日時": "2024-01-12T21:18:00+09:00",
                "緯度": "26.67833333 ",
                "経度": "128.01250000 ",
                "夜空の明るさ": "20.77",
                "ばらつき": "0.11",
                "周辺状況": "",
                "備考": "",
                "継続観察登録地点": ""
            }
        },
        {
            "type": "Feature",
            "geometry": {
                "type": "Point",
                "coordinates": [
                    128.13277778,
                    26.57277778
                ]
            },
            "properties": {
                "調査時期": "2024_W",
                "都道府県": "沖縄県",
                "市区町村": "名護市",
                "撮影場所": "",
                "撮影日時": "2024-01-12T23:40:00+09:00",
                "緯度": "26.57277778 ",
                "経度": "128.13277778 ",
                "夜空の明るさ": "21.21",
                "ばらつき": "0.08",
                "周辺状況": "",
                "備考": "参考値（時間外）",
                "継続観察登録地点": ""
            }
        },
        {
            "type": "Feature",
            "geometry": {
                "type": "Point",
                "coordinates": [
                    128.08361111,
                    26.64722222
                ]
            },
            "properties": {
                "調査時期": "2024_W",
                "都道府県": "沖縄県",
                "市区町村": "大宜味村",
                "撮影場所": "",
                "撮影日時": "2024-01-13T19:36:00+09:00",
                "緯度": "26.64722222 ",
                "経度": "128.08361111 ",
                "夜空の明るさ": "20.71",
                "ばらつき": "0.08",
                "周辺状況": "",
                "備考": "",
                "継続観察登録地点": ""
            }
        },
        {
            "type": "Feature",
            "geometry": {
                "type": "Point",
                "coordinates": [
                    128.12222222,
                    26.65972222
                ]
            },
            "properties": {
                "調査時期": "2024_W",
                "都道府県": "沖縄県",
                "市区町村": "大宜味村",
                "撮影場所": "",
                "撮影日時": "2024-01-13T20:04:00+09:00",
                "緯度": "26.65972222 ",
                "経度": "128.12222222 ",
                "夜空の明るさ": "20.87",
                "ばらつき": "0.07",
                "周辺状況": "",
                "備考": "",
                "継続観察登録地点": ""
            }
        },
        {
            "type": "Feature",
            "geometry": {
                "type": "Point",
                "coordinates": [
                    128.23611111,
                    26.63666667
                ]
            },
            "properties": {
                "調査時期": "2024_W",
                "都道府県": "沖縄県",
                "市区町村": "東村",
                "撮影場所": "",
                "撮影日時": "2024-01-13T20:42:00+09:00",
                "緯度": "26.63666667 ",
                "経度": "128.23611111 ",
                "夜空の明るさ": "20.89",
                "ばらつき": "0.12",
                "周辺状況": "",
                "備考": "",
                "継続観察登録地点": ""
            }
        },
        {
            "type": "Feature",
            "geometry": {
                "type": "Point",
                "coordinates": [
                    127.92722222,
                    26.69111111
                ]
            },
            "properties": {
                "調査時期": "2024_W",
                "都道府県": "沖縄県",
                "市区町村": "今帰仁村",
                "撮影場所": "沖縄県国頭郡今帰仁村今泊　今帰仁城跡内　",
                "撮影日時": "2024-01-05T19:25:00+09:00",
                "緯度": "26.69111111 ",
                "経度": "127.92722222 ",
                "夜空の明るさ": "20.58",
                "ばらつき": "0.09",
                "周辺状況": "自然公園等",
                "備考": "",
                "継続観察登録地点": "○"
            }
        },
        {
            "type": "Feature",
            "geometry": {
                "type": "Point",
                "coordinates": [
                    127.94805556,
                    26.69722222
                ]
            },
            "properties": {
                "調査時期": "2024_W",
                "都道府県": "沖縄県",
                "市区町村": "今帰仁村",
                "撮影場所": "沖縄県国頭郡今帰仁村字与那嶺",
                "撮影日時": "2024-01-05T19:43:00+09:00",
                "緯度": "26.69722222 ",
                "経度": "127.94805556 ",
                "夜空の明るさ": "20.60",
                "ばらつき": "0.10",
                "周辺状況": "住宅地域",
                "備考": "",
                "継続観察登録地点": "○"
            }
        },
        {
            "type": "Feature",
            "geometry": {
                "type": "Point",
                "coordinates": [
                    127.96277778,
                    26.66972222
                ]
            },
            "properties": {
                "調査時期": "2024_W",
                "都道府県": "沖縄県",
                "市区町村": "今帰仁村",
                "撮影場所": "",
                "撮影日時": "2024-01-07T19:30:00+09:00",
                "緯度": "26.66972222 ",
                "経度": "127.96277778 ",
                "夜空の明るさ": "20.64",
                "ばらつき": "0.07",
                "周辺状況": "",
                "備考": "",
                "継続観察登録地点": ""
            }
        },
        {
            "type": "Feature",
            "geometry": {
                "type": "Point",
                "coordinates": [
                    127.97166667,
                    26.68222222
                ]
            },
            "properties": {
                "調査時期": "2024_W",
                "都道府県": "沖縄県",
                "市区町村": "今帰仁村",
                "撮影場所": "",
                "撮影日時": "2024-01-05T21:04:00+09:00",
                "緯度": "26.68222222 ",
                "経度": "127.97166667 ",
                "夜空の明るさ": "20.11",
                "ばらつき": "0.08",
                "周辺状況": "",
                "備考": "",
                "継続観察登録地点": ""
            }
        },
        {
            "type": "Feature",
            "geometry": {
                "type": "Point",
                "coordinates": [
                    127.98194444,
                    26.69333333
                ]
            },
            "properties": {
                "調査時期": "2024_W",
                "都道府県": "沖縄県",
                "市区町村": "今帰仁村",
                "撮影場所": "",
                "撮影日時": "2024-01-05T21:20:00+09:00",
                "緯度": "26.69333333 ",
                "経度": "127.98194444 ",
                "夜空の明るさ": "20.41",
                "ばらつき": "0.09",
                "周辺状況": "",
                "備考": "",
                "継続観察登録地点": ""
            }
        },
        {
            "type": "Feature",
            "geometry": {
                "type": "Point",
                "coordinates": [
                    127.96916667,
                    26.63861111
                ]
            },
            "properties": {
                "調査時期": "2024_W",
                "都道府県": "沖縄県",
                "市区町村": "今帰仁村",
                "撮影場所": "",
                "撮影日時": "2024-01-05T20:38:00+09:00",
                "緯度": "26.63861111 ",
                "経度": "127.96916667 ",
                "夜空の明るさ": "20.25",
                "ばらつき": "0.11",
                "周辺状況": "",
                "備考": "",
                "継続観察登録地点": ""
            }
        },
        {
            "type": "Feature",
            "geometry": {
                "type": "Point",
                "coordinates": [
                    127.94916667,
                    26.70722222
                ]
            },
            "properties": {
                "調査時期": "2024_W",
                "都道府県": "沖縄県",
                "市区町村": "今帰仁村",
                "撮影場所": "",
                "撮影日時": "2024-01-12T19:32:00+09:00",
                "緯度": "26.70722222 ",
                "経度": "127.94916667 ",
                "夜空の明るさ": "20.90",
                "ばらつき": "0.09",
                "周辺状況": "",
                "備考": "",
                "継続観察登録地点": ""
            }
        },
        {
            "type": "Feature",
            "geometry": {
                "type": "Point",
                "coordinates": [
                    128.02027778,
                    26.69611111
                ]
            },
            "properties": {
                "調査時期": "2024_W",
                "都道府県": "沖縄県",
                "市区町村": "今帰仁村",
                "撮影場所": "",
                "撮影日時": "2024-01-12T22:11:00+09:00",
                "緯度": "26.69611111 ",
                "経度": "128.02027778 ",
                "夜空の明るさ": "20.85",
                "ばらつき": "0.07",
                "周辺状況": "",
                "備考": "参考値（時間外）",
                "継続観察登録地点": ""
            }
        },
        {
            "type": "Feature",
            "geometry": {
                "type": "Point",
                "coordinates": [
                    127.87277778,
                    26.64861111
                ]
            },
            "properties": {
                "調査時期": "2024_W",
                "都道府県": "沖縄県",
                "市区町村": "本部町",
                "撮影場所": "",
                "撮影日時": "2024-01-07T21:21:00+09:00",
                "緯度": "26.64861111 ",
                "経度": "127.87277778 ",
                "夜空の明るさ": "20.00",
                "ばらつき": "0.07",
                "周辺状況": "",
                "備考": "",
                "継続観察登録地点": ""
            }
        },
        {
            "type": "Feature",
            "geometry": {
                "type": "Point",
                "coordinates": [
                    127.89138889,
                    26.68611111
                ]
            },
            "properties": {
                "調査時期": "2024_W",
                "都道府県": "沖縄県",
                "市区町村": "本部町",
                "撮影場所": "",
                "撮影日時": "2024-01-07T22:19:00+09:00",
                "緯度": "26.68611111 ",
                "経度": "127.89138889 ",
                "夜空の明るさ": "20.10",
                "ばらつき": "0.11",
                "周辺状況": "",
                "備考": "参考値（時間外）",
                "継続観察登録地点": ""
            }
        },
        {
            "type": "Feature",
            "geometry": {
                "type": "Point",
                "coordinates": [
                    123.80444444,
                    24.06027778
                ]
            },
            "properties": {
                "調査時期": "2024_W",
                "都道府県": "沖縄県",
                "市区町村": "竹富町",
                "撮影場所": "波照間島星空観測タワー広場",
                "撮影日時": "2024-01-05T20:45:00+09:00",
                "緯度": "24.06027778 ",
                "経度": "123.80444444 ",
                "夜空の明るさ": "21.64",
                "ばらつき": "0.23",
                "周辺状況": "その他",
                "備考": "",
                "継続観察登録地点": "○"
            }
        }
    ]
}