{
    "type": "FeatureCollection",
    "features": [
        {
            "type": "Feature",
            "geometry": {
                "type": "Point",
                "coordinates": [
                    142.48305556,
                    44.37416667
                ]
            },
            "properties": {
                "調査時期": "2024_S",
                "都道府県": "北海道",
                "市区町村": "名寄市",
                "撮影場所": "なよろ市立天文台",
                "撮影日時": "2024-08-24T21:29:00+09:00",
                "緯度": "44.37416667 ",
                "経度": "142.48305556 ",
                "夜空の明るさ": "19.95",
                "ばらつき": "0.31",
                "周辺状況": "住宅地域",
                "備考": "",
                "継続観察登録地点": "○"
            }
        },
        {
            "type": "Feature",
            "geometry": {
                "type": "Point",
                "coordinates": [
                    142.48305556,
                    44.37388889
                ]
            },
            "properties": {
                "調査時期": "2024_S",
                "都道府県": "北海道",
                "市区町村": "名寄市",
                "撮影場所": "なよろ市立天文台",
                "撮影日時": "2024-08-29T20:21:00+09:00",
                "緯度": "44.37388889 ",
                "経度": "142.48305556 ",
                "夜空の明るさ": "20.87",
                "ばらつき": "0.11",
                "周辺状況": "住宅地域",
                "備考": "",
                "継続観察登録地点": "○"
            }
        },
        {
            "type": "Feature",
            "geometry": {
                "type": "Point",
                "coordinates": [
                    142.48305556,
                    44.37388889
                ]
            },
            "properties": {
                "調査時期": "2024_S",
                "都道府県": "北海道",
                "市区町村": "名寄市",
                "撮影場所": "なよろ市立天文台",
                "撮影日時": "2024-08-25T20:59:00+09:00",
                "緯度": "44.37388889 ",
                "経度": "142.48305556 ",
                "夜空の明るさ": "19.70",
                "ばらつき": "0.23",
                "周辺状況": "住宅地域",
                "備考": "",
                "継続観察登録地点": "○"
            }
        },
        {
            "type": "Feature",
            "geometry": {
                "type": "Point",
                "coordinates": [
                    142.48305556,
                    44.37388889
                ]
            },
            "properties": {
                "調査時期": "2024_S",
                "都道府県": "北海道",
                "市区町村": "名寄市",
                "撮影場所": "なよろ市立天文台",
                "撮影日時": "2024-09-06T20:00:00+09:00",
                "緯度": "44.37388889 ",
                "経度": "142.48305556 ",
                "夜空の明るさ": "20.98",
                "ばらつき": "0.11",
                "周辺状況": "住宅地域",
                "備考": "",
                "継続観察登録地点": "○"
            }
        },
        {
            "type": "Feature",
            "geometry": {
                "type": "Point",
                "coordinates": [
                    141.02527778,
                    42.62388889
                ]
            },
            "properties": {
                "調査時期": "2024_S",
                "都道府県": "北海道",
                "市区町村": "伊達市",
                "撮影場所": "北湯沢温泉",
                "撮影日時": "2024-08-28T21:25:00+09:00",
                "緯度": "42.62388889 ",
                "経度": "141.02527778 ",
                "夜空の明るさ": "20.56",
                "ばらつき": "0.06",
                "周辺状況": "森林山間地",
                "備考": "",
                "継続観察登録地点": "○"
            }
        },
        {
            "type": "Feature",
            "geometry": {
                "type": "Point",
                "coordinates": [
                    141.02527778,
                    42.62388889
                ]
            },
            "properties": {
                "調査時期": "2024_S",
                "都道府県": "北海道",
                "市区町村": "伊達市",
                "撮影場所": "北湯沢温泉",
                "撮影日時": "2024-09-03T19:45:00+09:00",
                "緯度": "42.62388889 ",
                "経度": "141.02527778 ",
                "夜空の明るさ": "20.95",
                "ばらつき": "0.08",
                "周辺状況": "森林山間地",
                "備考": "",
                "継続観察登録地点": "○"
            }
        },
        {
            "type": "Feature",
            "geometry": {
                "type": "Point",
                "coordinates": [
                    141.02527778,
                    42.62416667
                ]
            },
            "properties": {
                "調査時期": "2024_S",
                "都道府県": "北海道",
                "市区町村": "伊達市",
                "撮影場所": "北湯沢温泉",
                "撮影日時": "2024-09-03T21:35:00+09:00",
                "緯度": "42.62416667 ",
                "経度": "141.02527778 ",
                "夜空の明るさ": "20.19",
                "ばらつき": "0.10",
                "周辺状況": "森林山間地",
                "備考": "",
                "継続観察登録地点": "○"
            }
        },
        {
            "type": "Feature",
            "geometry": {
                "type": "Point",
                "coordinates": [
                    141.02527778,
                    42.62416667
                ]
            },
            "properties": {
                "調査時期": "2024_S",
                "都道府県": "北海道",
                "市区町村": "伊達市",
                "撮影場所": "北湯沢温泉",
                "撮影日時": "2024-09-04T19:48:00+09:00",
                "緯度": "42.62416667 ",
                "経度": "141.02527778 ",
                "夜空の明るさ": "21.06",
                "ばらつき": "0.09",
                "周辺状況": "森林山間地",
                "備考": "",
                "継続観察登録地点": "○"
            }
        },
        {
            "type": "Feature",
            "geometry": {
                "type": "Point",
                "coordinates": [
                    141.02527778,
                    42.62416667
                ]
            },
            "properties": {
                "調査時期": "2024_S",
                "都道府県": "北海道",
                "市区町村": "伊達市",
                "撮影場所": "北湯沢温泉",
                "撮影日時": "2024-09-06T19:41:00+09:00",
                "緯度": "42.62416667 ",
                "経度": "141.02527778 ",
                "夜空の明るさ": "20.97",
                "ばらつき": "0.15",
                "周辺状況": "森林山間地",
                "備考": "",
                "継続観察登録地点": "○"
            }
        },
        {
            "type": "Feature",
            "geometry": {
                "type": "Point",
                "coordinates": [
                    141.02555556,
                    42.62416667
                ]
            },
            "properties": {
                "調査時期": "2024_S",
                "都道府県": "北海道",
                "市区町村": "伊達市",
                "撮影場所": "北湯沢温泉",
                "撮影日時": "2024-09-06T21:02:00+09:00",
                "緯度": "42.62416667 ",
                "経度": "141.02555556 ",
                "夜空の明るさ": "21.02",
                "ばらつき": "0.05",
                "周辺状況": "森林山間地",
                "備考": "",
                "継続観察登録地点": "○"
            }
        },
        {
            "type": "Feature",
            "geometry": {
                "type": "Point",
                "coordinates": [
                    141.02527778,
                    42.62416667
                ]
            },
            "properties": {
                "調査時期": "2024_S",
                "都道府県": "北海道",
                "市区町村": "伊達市",
                "撮影場所": "北湯沢温泉",
                "撮影日時": "2024-09-06T21:26:00+09:00",
                "緯度": "42.62416667 ",
                "経度": "141.02527778 ",
                "夜空の明るさ": "20.91",
                "ばらつき": "0.12",
                "周辺状況": "森林山間地",
                "備考": "",
                "継続観察登録地点": "○"
            }
        },
        {
            "type": "Feature",
            "geometry": {
                "type": "Point",
                "coordinates": [
                    144.79888889,
                    43.90666667
                ]
            },
            "properties": {
                "調査時期": "2024_S",
                "都道府県": "北海道",
                "市区町村": "斜里町",
                "撮影場所": "",
                "撮影日時": "2024-08-13T00:06:00+09:00",
                "緯度": "43.90666667 ",
                "経度": "144.79888889 ",
                "夜空の明るさ": "21.64",
                "ばらつき": "0.11",
                "周辺状況": "",
                "備考": "参考値（時間外）",
                "継続観察登録地点": ""
            }
        },
        {
            "type": "Feature",
            "geometry": {
                "type": "Point",
                "coordinates": [
                    143.76583333,
                    43.45638889
                ]
            },
            "properties": {
                "調査時期": "2024_S",
                "都道府県": "北海道",
                "市区町村": "陸別町",
                "撮影場所": "りくべつ宇宙地球科学館（銀河の森天文台）",
                "撮影日時": "2024-08-31T21:22:00+09:00",
                "緯度": "43.45638889 ",
                "経度": "143.76583333 ",
                "夜空の明るさ": "21.30",
                "ばらつき": "0.04",
                "周辺状況": "森林山間地",
                "備考": "",
                "継続観察登録地点": "○"
            }
        },
        {
            "type": "Feature",
            "geometry": {
                "type": "Point",
                "coordinates": [
                    143.76611111,
                    43.45638889
                ]
            },
            "properties": {
                "調査時期": "2024_S",
                "都道府県": "北海道",
                "市区町村": "陸別町",
                "撮影場所": "りくべつ宇宙地球科学館（銀河の森天文台）",
                "撮影日時": "2024-09-03T20:15:00+09:00",
                "緯度": "43.45638889 ",
                "経度": "143.76611111 ",
                "夜空の明るさ": "21.38",
                "ばらつき": "0.09",
                "周辺状況": "森林山間地",
                "備考": "",
                "継続観察登録地点": "○"
            }
        },
        {
            "type": "Feature",
            "geometry": {
                "type": "Point",
                "coordinates": [
                    143.76583333,
                    43.45638889
                ]
            },
            "properties": {
                "調査時期": "2024_S",
                "都道府県": "北海道",
                "市区町村": "陸別町",
                "撮影場所": "りくべつ宇宙地球科学館（銀河の森天文台）",
                "撮影日時": "2024-09-03T21:08:00+09:00",
                "緯度": "43.45638889 ",
                "経度": "143.76583333 ",
                "夜空の明るさ": "21.43",
                "ばらつき": "0.10",
                "周辺状況": "森林山間地",
                "備考": "",
                "継続観察登録地点": "○"
            }
        },
        {
            "type": "Feature",
            "geometry": {
                "type": "Point",
                "coordinates": [
                    143.76611111,
                    43.45611111
                ]
            },
            "properties": {
                "調査時期": "2024_S",
                "都道府県": "北海道",
                "市区町村": "陸別町",
                "撮影場所": "りくべつ宇宙地球科学館（銀河の森天文台）",
                "撮影日時": "2024-09-04T20:32:00+09:00",
                "緯度": "43.45611111 ",
                "経度": "143.76611111 ",
                "夜空の明るさ": "21.72",
                "ばらつき": "0.19",
                "周辺状況": "森林山間地",
                "備考": "",
                "継続観察登録地点": "○"
            }
        },
        {
            "type": "Feature",
            "geometry": {
                "type": "Point",
                "coordinates": [
                    143.76583333,
                    43.45638889
                ]
            },
            "properties": {
                "調査時期": "2024_S",
                "都道府県": "北海道",
                "市区町村": "陸別町",
                "撮影場所": "りくべつ宇宙地球科学館（銀河の森天文台）",
                "撮影日時": "2024-09-04T20:54:00+09:00",
                "緯度": "43.45638889 ",
                "経度": "143.76583333 ",
                "夜空の明るさ": "21.38",
                "ばらつき": "0.06",
                "周辺状況": "森林山間地",
                "備考": "",
                "継続観察登録地点": "○"
            }
        },
        {
            "type": "Feature",
            "geometry": {
                "type": "Point",
                "coordinates": [
                    143.76611111,
                    43.45638889
                ]
            },
            "properties": {
                "調査時期": "2024_S",
                "都道府県": "北海道",
                "市区町村": "陸別町",
                "撮影場所": "りくべつ宇宙地球科学館（銀河の森天文台）",
                "撮影日時": "2024-09-04T21:04:00+09:00",
                "緯度": "43.45638889 ",
                "経度": "143.76611111 ",
                "夜空の明るさ": "21.38",
                "ばらつき": "0.14",
                "周辺状況": "森林山間地",
                "備考": "",
                "継続観察登録地点": "○"
            }
        },
        {
            "type": "Feature",
            "geometry": {
                "type": "Point",
                "coordinates": [
                    143.76583333,
                    43.45638889
                ]
            },
            "properties": {
                "調査時期": "2024_S",
                "都道府県": "北海道",
                "市区町村": "陸別町",
                "撮影場所": "りくべつ宇宙地球科学館（銀河の森天文台）",
                "撮影日時": "2024-09-06T20:07:00+09:00",
                "緯度": "43.45638889 ",
                "経度": "143.76583333 ",
                "夜空の明るさ": "21.68",
                "ばらつき": "0.18",
                "周辺状況": "森林山間地",
                "備考": "",
                "継続観察登録地点": "○"
            }
        },
        {
            "type": "Feature",
            "geometry": {
                "type": "Point",
                "coordinates": [
                    143.76611111,
                    43.45638889
                ]
            },
            "properties": {
                "調査時期": "2024_S",
                "都道府県": "北海道",
                "市区町村": "陸別町",
                "撮影場所": "りくべつ宇宙地球科学館（銀河の森天文台）",
                "撮影日時": "2024-09-06T20:06:00+09:00",
                "緯度": "43.45638889 ",
                "経度": "143.76611111 ",
                "夜空の明るさ": "21.58",
                "ばらつき": "0.14",
                "周辺状況": "森林山間地",
                "備考": "",
                "継続観察登録地点": "○"
            }
        },
        {
            "type": "Feature",
            "geometry": {
                "type": "Point",
                "coordinates": [
                    143.76583333,
                    43.45638889
                ]
            },
            "properties": {
                "調査時期": "2024_S",
                "都道府県": "北海道",
                "市区町村": "陸別町",
                "撮影場所": "りくべつ宇宙地球科学館（銀河の森天文台）",
                "撮影日時": "2024-09-08T20:13:00+09:00",
                "緯度": "43.45638889 ",
                "経度": "143.76583333 ",
                "夜空の明るさ": "21.37",
                "ばらつき": "0.09",
                "周辺状況": "森林山間地",
                "備考": "",
                "継続観察登録地点": "○"
            }
        },
        {
            "type": "Feature",
            "geometry": {
                "type": "Point",
                "coordinates": [
                    144.44972222,
                    43.45777778
                ]
            },
            "properties": {
                "調査時期": "2024_S",
                "都道府県": "北海道",
                "市区町村": "弟子屈町",
                "撮影場所": "",
                "撮影日時": "2024-09-04T20:37:00+09:00",
                "緯度": "43.45777778 ",
                "経度": "144.44972222 ",
                "夜空の明るさ": "21.37",
                "ばらつき": "0.17",
                "周辺状況": "",
                "備考": "",
                "継続観察登録地点": ""
            }
        },
        {
            "type": "Feature",
            "geometry": {
                "type": "Point",
                "coordinates": [
                    144.45055556,
                    43.47972222
                ]
            },
            "properties": {
                "調査時期": "2024_S",
                "都道府県": "北海道",
                "市区町村": "弟子屈町",
                "撮影場所": "",
                "撮影日時": "2024-09-04T20:52:00+09:00",
                "緯度": "43.47972222 ",
                "経度": "144.45055556 ",
                "夜空の明るさ": "21.06",
                "ばらつき": "0.17",
                "周辺状況": "",
                "備考": "",
                "継続観察登録地点": ""
            }
        },
        {
            "type": "Feature",
            "geometry": {
                "type": "Point",
                "coordinates": [
                    144.50777778,
                    43.55694444
                ]
            },
            "properties": {
                "調査時期": "2024_S",
                "都道府県": "北海道",
                "市区町村": "弟子屈町",
                "撮影場所": "",
                "撮影日時": "2024-09-04T21:12:00+09:00",
                "緯度": "43.55694444 ",
                "経度": "144.50777778 ",
                "夜空の明るさ": "21.56",
                "ばらつき": "0.15",
                "周辺状況": "",
                "備考": "",
                "継続観察登録地点": ""
            }
        },
        {
            "type": "Feature",
            "geometry": {
                "type": "Point",
                "coordinates": [
                    144.4025,
                    43.525
                ]
            },
            "properties": {
                "調査時期": "2024_S",
                "都道府県": "北海道",
                "市区町村": "弟子屈町",
                "撮影場所": "北海道川上郡弟子屈町",
                "撮影日時": "2024-09-04T21:03:00+09:00",
                "緯度": "43.52500000 ",
                "経度": "144.40250000 ",
                "夜空の明るさ": "21.55",
                "ばらつき": "0.16",
                "周辺状況": "農業地域",
                "備考": "",
                "継続観察登録地点": "○"
            }
        },
        {
            "type": "Feature",
            "geometry": {
                "type": "Point",
                "coordinates": [
                    144.37527778,
                    43.69
                ]
            },
            "properties": {
                "調査時期": "2024_S",
                "都道府県": "北海道",
                "市区町村": "弟子屈町",
                "撮影場所": "",
                "撮影日時": "2024-09-02T00:32:00+09:00",
                "緯度": "43.69000000 ",
                "経度": "144.37527778 ",
                "夜空の明るさ": "21.81",
                "ばらつき": "0.28",
                "周辺状況": "",
                "備考": "参考値（時間外）",
                "継続観察登録地点": ""
            }
        },
        {
            "type": "Feature",
            "geometry": {
                "type": "Point",
                "coordinates": [
                    144.37472222,
                    43.69
                ]
            },
            "properties": {
                "調査時期": "2024_S",
                "都道府県": "北海道",
                "市区町村": "弟子屈町",
                "撮影場所": "",
                "撮影日時": "2024-09-02T00:34:00+09:00",
                "緯度": "43.69000000 ",
                "経度": "144.37472222 ",
                "夜空の明るさ": "21.69",
                "ばらつき": "0.23",
                "周辺状況": "",
                "備考": "参考値（時間外）",
                "継続観察登録地点": ""
            }
        },
        {
            "type": "Feature",
            "geometry": {
                "type": "Point",
                "coordinates": [
                    144.4425,
                    43.61805556
                ]
            },
            "properties": {
                "調査時期": "2024_S",
                "都道府県": "北海道",
                "市区町村": "弟子屈町",
                "撮影場所": "",
                "撮影日時": "2024-09-02T01:41:00+09:00",
                "緯度": "43.61805556 ",
                "経度": "144.44250000 ",
                "夜空の明るさ": "21.62",
                "ばらつき": "0.63",
                "周辺状況": "",
                "備考": "参考値（時間外）",
                "継続観察登録地点": ""
            }
        },
        {
            "type": "Feature",
            "geometry": {
                "type": "Point",
                "coordinates": [
                    144.4425,
                    43.61833333
                ]
            },
            "properties": {
                "調査時期": "2024_S",
                "都道府県": "北海道",
                "市区町村": "弟子屈町",
                "撮影場所": "",
                "撮影日時": "2024-09-02T01:42:00+09:00",
                "緯度": "43.61833333 ",
                "経度": "144.44250000 ",
                "夜空の明るさ": "21.90",
                "ばらつき": "0.16",
                "周辺状況": "",
                "備考": "参考値（時間外）",
                "継続観察登録地点": ""
            }
        },
        {
            "type": "Feature",
            "geometry": {
                "type": "Point",
                "coordinates": [
                    144.375,
                    43.69
                ]
            },
            "properties": {
                "調査時期": "2024_S",
                "都道府県": "北海道",
                "市区町村": "弟子屈町",
                "撮影場所": "",
                "撮影日時": "2024-09-04T20:33:00+09:00",
                "緯度": "43.69000000 ",
                "経度": "144.37500000 ",
                "夜空の明るさ": "21.22",
                "ばらつき": "0.23",
                "周辺状況": "",
                "備考": "参考値（薄雲）",
                "継続観察登録地点": ""
            }
        },
        {
            "type": "Feature",
            "geometry": {
                "type": "Point",
                "coordinates": [
                    144.44277778,
                    43.61805556
                ]
            },
            "properties": {
                "調査時期": "2024_S",
                "都道府県": "北海道",
                "市区町村": "弟子屈町",
                "撮影場所": "",
                "撮影日時": "2024-09-04T21:04:00+09:00",
                "緯度": "43.61805556 ",
                "経度": "144.44277778 ",
                "夜空の明るさ": "21.89",
                "ばらつき": "0.19",
                "周辺状況": "",
                "備考": "",
                "継続観察登録地点": ""
            }
        },
        {
            "type": "Feature",
            "geometry": {
                "type": "Point",
                "coordinates": [
                    141.53305556,
                    40.49444444
                ]
            },
            "properties": {
                "調査時期": "2024_S",
                "都道府県": "青森県",
                "市区町村": "八戸市",
                "撮影場所": "",
                "撮影日時": "2024-09-06T21:38:00+09:00",
                "緯度": "40.49444444 ",
                "経度": "141.53305556 ",
                "夜空の明るさ": "19.64",
                "ばらつき": "0.07",
                "周辺状況": "",
                "備考": "",
                "継続観察登録地点": ""
            }
        },
        {
            "type": "Feature",
            "geometry": {
                "type": "Point",
                "coordinates": [
                    141.315,
                    40.27111111
                ]
            },
            "properties": {
                "調査時期": "2024_S",
                "都道府県": "岩手県",
                "市区町村": "二戸市",
                "撮影場所": "二戸市福岡 古梅児童公園の近辺",
                "撮影日時": "2024-08-24T20:05:00+09:00",
                "緯度": "40.27111111 ",
                "経度": "141.31500000 ",
                "夜空の明るさ": "20.42",
                "ばらつき": "0.05",
                "周辺状況": "住宅地域",
                "備考": "",
                "継続観察登録地点": "○"
            }
        },
        {
            "type": "Feature",
            "geometry": {
                "type": "Point",
                "coordinates": [
                    140.75527778,
                    38.25694444
                ]
            },
            "properties": {
                "調査時期": "2024_S",
                "都道府県": "宮城県",
                "市区町村": "仙台市　青葉区",
                "撮影場所": "",
                "撮影日時": "2024-09-01T21:10:00+09:00",
                "緯度": "38.25694444 ",
                "経度": "140.75527778 ",
                "夜空の明るさ": "19.71",
                "ばらつき": "0.15",
                "周辺状況": "",
                "備考": "",
                "継続観察登録地点": ""
            }
        },
        {
            "type": "Feature",
            "geometry": {
                "type": "Point",
                "coordinates": [
                    140.05138889,
                    38.30833333
                ]
            },
            "properties": {
                "調査時期": "2024_S",
                "都道府県": "山形県",
                "市区町村": "朝日町",
                "撮影場所": "山形県朝日町　Asahi自然観",
                "撮影日時": "2024-09-01T20:43:00+09:00",
                "緯度": "38.30833333 ",
                "経度": "140.05138889 ",
                "夜空の明るさ": "20.96",
                "ばらつき": "0.08",
                "周辺状況": "その他",
                "備考": "",
                "継続観察登録地点": "○"
            }
        },
        {
            "type": "Feature",
            "geometry": {
                "type": "Point",
                "coordinates": [
                    140.05138889,
                    38.30805556
                ]
            },
            "properties": {
                "調査時期": "2024_S",
                "都道府県": "山形県",
                "市区町村": "朝日町",
                "撮影場所": "山形県朝日町　Asahi自然観",
                "撮影日時": "2024-09-01T20:48:00+09:00",
                "緯度": "38.30805556 ",
                "経度": "140.05138889 ",
                "夜空の明るさ": "20.97",
                "ばらつき": "0.02",
                "周辺状況": "その他",
                "備考": "",
                "継続観察登録地点": "○"
            }
        },
        {
            "type": "Feature",
            "geometry": {
                "type": "Point",
                "coordinates": [
                    140.05138889,
                    38.30805556
                ]
            },
            "properties": {
                "調査時期": "2024_S",
                "都道府県": "山形県",
                "市区町村": "朝日町",
                "撮影場所": "山形県朝日町　Asahi自然観",
                "撮影日時": "2024-09-01T20:57:00+09:00",
                "緯度": "38.30805556 ",
                "経度": "140.05138889 ",
                "夜空の明るさ": "20.86",
                "ばらつき": "0.06",
                "周辺状況": "その他",
                "備考": "",
                "継続観察登録地点": "○"
            }
        },
        {
            "type": "Feature",
            "geometry": {
                "type": "Point",
                "coordinates": [
                    140.05138889,
                    38.30805556
                ]
            },
            "properties": {
                "調査時期": "2024_S",
                "都道府県": "山形県",
                "市区町村": "朝日町",
                "撮影場所": "山形県朝日町　Asahi自然観",
                "撮影日時": "2024-09-01T20:58:00+09:00",
                "緯度": "38.30805556 ",
                "経度": "140.05138889 ",
                "夜空の明るさ": "20.85",
                "ばらつき": "0.05",
                "周辺状況": "その他",
                "備考": "",
                "継続観察登録地点": "○"
            }
        },
        {
            "type": "Feature",
            "geometry": {
                "type": "Point",
                "coordinates": [
                    140.05138889,
                    38.30805556
                ]
            },
            "properties": {
                "調査時期": "2024_S",
                "都道府県": "山形県",
                "市区町村": "朝日町",
                "撮影場所": "山形県朝日町　Asahi自然観",
                "撮影日時": "2024-09-04T20:03:00+09:00",
                "緯度": "38.30805556 ",
                "経度": "140.05138889 ",
                "夜空の明るさ": "20.90",
                "ばらつき": "0.15",
                "周辺状況": "その他",
                "備考": "",
                "継続観察登録地点": "○"
            }
        },
        {
            "type": "Feature",
            "geometry": {
                "type": "Point",
                "coordinates": [
                    140.05166667,
                    38.30805556
                ]
            },
            "properties": {
                "調査時期": "2024_S",
                "都道府県": "山形県",
                "市区町村": "朝日町",
                "撮影場所": "山形県朝日町　Asahi自然観",
                "撮影日時": "2024-09-04T20:13:00+09:00",
                "緯度": "38.30805556 ",
                "経度": "140.05166667 ",
                "夜空の明るさ": "21.05",
                "ばらつき": "0.13",
                "周辺状況": "その他",
                "備考": "",
                "継続観察登録地点": "○"
            }
        },
        {
            "type": "Feature",
            "geometry": {
                "type": "Point",
                "coordinates": [
                    140.05138889,
                    38.30805556
                ]
            },
            "properties": {
                "調査時期": "2024_S",
                "都道府県": "山形県",
                "市区町村": "朝日町",
                "撮影場所": "山形県朝日町　Asahi自然観",
                "撮影日時": "2024-09-04T20:19:00+09:00",
                "緯度": "38.30805556 ",
                "経度": "140.05138889 ",
                "夜空の明るさ": "20.87",
                "ばらつき": "0.03",
                "周辺状況": "その他",
                "備考": "",
                "継続観察登録地点": "○"
            }
        },
        {
            "type": "Feature",
            "geometry": {
                "type": "Point",
                "coordinates": [
                    140.92388889,
                    37.0075
                ]
            },
            "properties": {
                "調査時期": "2024_S",
                "都道府県": "福島県",
                "市区町村": "いわき市",
                "撮影場所": "いわき市中央台鹿島",
                "撮影日時": "2024-08-26T21:47:00+09:00",
                "緯度": "37.00750000 ",
                "経度": "140.92388889 ",
                "夜空の明るさ": "19.40",
                "ばらつき": "0.12",
                "周辺状況": "住宅地域",
                "備考": "",
                "継続観察登録地点": "○"
            }
        },
        {
            "type": "Feature",
            "geometry": {
                "type": "Point",
                "coordinates": [
                    140.92416667,
                    37.0075
                ]
            },
            "properties": {
                "調査時期": "2024_S",
                "都道府県": "福島県",
                "市区町村": "いわき市",
                "撮影場所": "いわき市中央台鹿島",
                "撮影日時": "2024-09-04T20:36:00+09:00",
                "緯度": "37.00750000 ",
                "経度": "140.92416667 ",
                "夜空の明るさ": "19.34",
                "ばらつき": "0.12",
                "周辺状況": "住宅地域",
                "備考": "",
                "継続観察登録地点": "○"
            }
        },
        {
            "type": "Feature",
            "geometry": {
                "type": "Point",
                "coordinates": [
                    140.22861111,
                    37.04472222
                ]
            },
            "properties": {
                "調査時期": "2024_S",
                "都道府県": "福島県",
                "市区町村": "白河市",
                "撮影場所": "白河関の森公園駐車場",
                "撮影日時": "2024-09-04T19:29:00+09:00",
                "緯度": "37.04472222 ",
                "経度": "140.22861111 ",
                "夜空の明るさ": "20.46",
                "ばらつき": "0.08",
                "周辺状況": "農業地域",
                "備考": "",
                "継続観察登録地点": "○"
            }
        },
        {
            "type": "Feature",
            "geometry": {
                "type": "Point",
                "coordinates": [
                    140.67611111,
                    37.34166667
                ]
            },
            "properties": {
                "調査時期": "2024_S",
                "都道府県": "福島県",
                "市区町村": "田村市",
                "撮影場所": "星の村天文台",
                "撮影日時": "2024-09-05T20:16:00+09:00",
                "緯度": "37.34166667 ",
                "経度": "140.67611111 ",
                "夜空の明るさ": "20.87",
                "ばらつき": "0.12",
                "周辺状況": "自然公園等",
                "備考": "",
                "継続観察登録地点": "○"
            }
        },
        {
            "type": "Feature",
            "geometry": {
                "type": "Point",
                "coordinates": [
                    140.99305556,
                    37.21555556
                ]
            },
            "properties": {
                "調査時期": "2024_S",
                "都道府県": "福島県",
                "市区町村": "広野町",
                "撮影場所": "双葉郡広野町",
                "撮影日時": "2024-09-04T20:37:00+09:00",
                "緯度": "37.21555556 ",
                "経度": "140.99305556 ",
                "夜空の明るさ": "20.02",
                "ばらつき": "0.06",
                "周辺状況": "住宅地域",
                "備考": "",
                "継続観察登録地点": "○"
            }
        },
        {
            "type": "Feature",
            "geometry": {
                "type": "Point",
                "coordinates": [
                    140.99305556,
                    37.21555556
                ]
            },
            "properties": {
                "調査時期": "2024_S",
                "都道府県": "福島県",
                "市区町村": "広野町",
                "撮影場所": "双葉郡広野町",
                "撮影日時": "2024-09-04T20:40:00+09:00",
                "緯度": "37.21555556 ",
                "経度": "140.99305556 ",
                "夜空の明るさ": "20.06",
                "ばらつき": "0.07",
                "周辺状況": "住宅地域",
                "備考": "",
                "継続観察登録地点": "○"
            }
        },
        {
            "type": "Feature",
            "geometry": {
                "type": "Point",
                "coordinates": [
                    140.95138889,
                    37.19166667
                ]
            },
            "properties": {
                "調査時期": "2024_S",
                "都道府県": "福島県",
                "市区町村": "広野町",
                "撮影場所": "SUZUKI天体観測所",
                "撮影日時": "2024-09-04T20:00:00+09:00",
                "緯度": "37.19166667 ",
                "経度": "140.95138889 ",
                "夜空の明るさ": "20.71",
                "ばらつき": "0.08",
                "周辺状況": "森林山間地",
                "備考": "",
                "継続観察登録地点": "○"
            }
        },
        {
            "type": "Feature",
            "geometry": {
                "type": "Point",
                "coordinates": [
                    140.95138889,
                    37.19166667
                ]
            },
            "properties": {
                "調査時期": "2024_S",
                "都道府県": "福島県",
                "市区町村": "広野町",
                "撮影場所": "SUZUKI天体観測所",
                "撮影日時": "2024-09-04T19:56:00+09:00",
                "緯度": "37.19166667 ",
                "経度": "140.95138889 ",
                "夜空の明るさ": "20.68",
                "ばらつき": "0.11",
                "周辺状況": "森林山間地",
                "備考": "",
                "継続観察登録地点": "○"
            }
        },
        {
            "type": "Feature",
            "geometry": {
                "type": "Point",
                "coordinates": [
                    140.99305556,
                    37.21555556
                ]
            },
            "properties": {
                "調査時期": "2024_S",
                "都道府県": "福島県",
                "市区町村": "広野町",
                "撮影場所": "双葉郡広野町",
                "撮影日時": "2024-09-05T20:22:00+09:00",
                "緯度": "37.21555556 ",
                "経度": "140.99305556 ",
                "夜空の明るさ": "19.69",
                "ばらつき": "0.05",
                "周辺状況": "住宅地域",
                "備考": "",
                "継続観察登録地点": "○"
            }
        },
        {
            "type": "Feature",
            "geometry": {
                "type": "Point",
                "coordinates": [
                    140.11833333,
                    36.08333333
                ]
            },
            "properties": {
                "調査時期": "2024_S",
                "都道府県": "茨城県",
                "市区町村": "つくば市",
                "撮影場所": "つくば市吾妻",
                "撮影日時": "2024-09-04T19:32:00+09:00",
                "緯度": "36.08333333 ",
                "経度": "140.11833333 ",
                "夜空の明るさ": "18.14",
                "ばらつき": "0.13",
                "周辺状況": "住宅地域",
                "備考": "",
                "継続観察登録地点": "○"
            }
        },
        {
            "type": "Feature",
            "geometry": {
                "type": "Point",
                "coordinates": [
                    140.11833333,
                    36.08333333
                ]
            },
            "properties": {
                "調査時期": "2024_S",
                "都道府県": "茨城県",
                "市区町村": "つくば市",
                "撮影場所": "つくば市吾妻",
                "撮影日時": "2024-09-04T20:04:00+09:00",
                "緯度": "36.08333333 ",
                "経度": "140.11833333 ",
                "夜空の明るさ": "18.26",
                "ばらつき": "0.06",
                "周辺状況": "住宅地域",
                "備考": "",
                "継続観察登録地点": "○"
            }
        },
        {
            "type": "Feature",
            "geometry": {
                "type": "Point",
                "coordinates": [
                    140.11833333,
                    36.08361111
                ]
            },
            "properties": {
                "調査時期": "2024_S",
                "都道府県": "茨城県",
                "市区町村": "つくば市",
                "撮影場所": "つくば市吾妻",
                "撮影日時": "2024-09-05T20:10:00+09:00",
                "緯度": "36.08361111 ",
                "経度": "140.11833333 ",
                "夜空の明るさ": "18.13",
                "ばらつき": "0.11",
                "周辺状況": "住宅地域",
                "備考": "",
                "継続観察登録地点": "○"
            }
        },
        {
            "type": "Feature",
            "geometry": {
                "type": "Point",
                "coordinates": [
                    140.11833333,
                    36.08333333
                ]
            },
            "properties": {
                "調査時期": "2024_S",
                "都道府県": "茨城県",
                "市区町村": "つくば市",
                "撮影場所": "つくば市吾妻",
                "撮影日時": "2024-09-05T21:06:00+09:00",
                "緯度": "36.08333333 ",
                "経度": "140.11833333 ",
                "夜空の明るさ": "18.36",
                "ばらつき": "0.09",
                "周辺状況": "住宅地域",
                "備考": "",
                "継続観察登録地点": "○"
            }
        },
        {
            "type": "Feature",
            "geometry": {
                "type": "Point",
                "coordinates": [
                    140.28861111,
                    36.65111111
                ]
            },
            "properties": {
                "調査時期": "2024_S",
                "都道府県": "茨城県",
                "市区町村": "常陸大宮市",
                "撮影場所": "",
                "撮影日時": "2024-09-04T21:29:00+09:00",
                "緯度": "36.65111111 ",
                "経度": "140.28861111 ",
                "夜空の明るさ": "20.60",
                "ばらつき": "0.09",
                "周辺状況": "",
                "備考": "",
                "継続観察登録地点": ""
            }
        },
        {
            "type": "Feature",
            "geometry": {
                "type": "Point",
                "coordinates": [
                    139.57722222,
                    36.29694444
                ]
            },
            "properties": {
                "調査時期": "2024_S",
                "都道府県": "栃木県",
                "市区町村": "佐野市",
                "撮影場所": "佐野市 赤城神社",
                "撮影日時": "2024-08-26T21:10:00+09:00",
                "緯度": "36.29694444 ",
                "経度": "139.57722222 ",
                "夜空の明るさ": "18.97",
                "ばらつき": "0.10",
                "周辺状況": "住宅地域",
                "備考": "",
                "継続観察登録地点": "○"
            }
        },
        {
            "type": "Feature",
            "geometry": {
                "type": "Point",
                "coordinates": [
                    139.60944444,
                    36.35416667
                ]
            },
            "properties": {
                "調査時期": "2024_S",
                "都道府県": "栃木県",
                "市区町村": "佐野市",
                "撮影場所": "佐野市 梅林公園",
                "撮影日時": "2024-08-26T21:35:00+09:00",
                "緯度": "36.35416667 ",
                "経度": "139.60944444 ",
                "夜空の明るさ": "19.64",
                "ばらつき": "0.12",
                "周辺状況": "農業地域",
                "備考": "",
                "継続観察登録地点": "○"
            }
        },
        {
            "type": "Feature",
            "geometry": {
                "type": "Point",
                "coordinates": [
                    139.46888889,
                    36.56444444
                ]
            },
            "properties": {
                "調査時期": "2024_S",
                "都道府県": "栃木県",
                "市区町村": "佐野市",
                "撮影場所": "作原自然環境保全地域",
                "撮影日時": "2024-09-06T19:44:00+09:00",
                "緯度": "36.56444444 ",
                "経度": "139.46888889 ",
                "夜空の明るさ": "20.52",
                "ばらつき": "0.13",
                "周辺状況": "自然公園等",
                "備考": "",
                "継続観察登録地点": "○"
            }
        },
        {
            "type": "Feature",
            "geometry": {
                "type": "Point",
                "coordinates": [
                    139.46916667,
                    36.56444444
                ]
            },
            "properties": {
                "調査時期": "2024_S",
                "都道府県": "栃木県",
                "市区町村": "佐野市",
                "撮影場所": "作原自然環境保全地域",
                "撮影日時": "2024-09-06T19:18:00+09:00",
                "緯度": "36.56444444 ",
                "経度": "139.46916667 ",
                "夜空の明るさ": "20.17",
                "ばらつき": "0.31",
                "周辺状況": "自然公園等",
                "備考": "",
                "継続観察登録地点": "○"
            }
        },
        {
            "type": "Feature",
            "geometry": {
                "type": "Point",
                "coordinates": [
                    138.42111111,
                    36.435
                ]
            },
            "properties": {
                "調査時期": "2024_S",
                "都道府県": "群馬県",
                "市区町村": "嬬恋村",
                "撮影場所": "",
                "撮影日時": "2024-09-04T21:19:00+09:00",
                "緯度": "36.43500000 ",
                "経度": "138.42111111 ",
                "夜空の明るさ": "20.31",
                "ばらつき": "0.11",
                "周辺状況": "",
                "備考": "",
                "継続観察登録地点": ""
            }
        },
        {
            "type": "Feature",
            "geometry": {
                "type": "Point",
                "coordinates": [
                    138.97416667,
                    36.59694444
                ]
            },
            "properties": {
                "調査時期": "2024_S",
                "都道府県": "群馬県",
                "市区町村": "高山村",
                "撮影場所": "群馬県吾妻郡高山村ぐんま天文台",
                "撮影日時": "2024-09-06T20:01:00+09:00",
                "緯度": "36.59694444 ",
                "経度": "138.97416667 ",
                "夜空の明るさ": "19.58",
                "ばらつき": "0.27",
                "周辺状況": "森林山間地",
                "備考": "参考値（薄雲）",
                "継続観察登録地点": "○"
            }
        },
        {
            "type": "Feature",
            "geometry": {
                "type": "Point",
                "coordinates": [
                    138.95611111,
                    36.62416667
                ]
            },
            "properties": {
                "調査時期": "2024_S",
                "都道府県": "群馬県",
                "市区町村": "高山村",
                "撮影場所": "群馬県吾妻郡高山村ぐんま天文台",
                "撮影日時": "2024-09-06T20:39:00+09:00",
                "緯度": "36.62416667 ",
                "経度": "138.95611111 ",
                "夜空の明るさ": "19.46",
                "ばらつき": "0.26",
                "周辺状況": "森林山間地",
                "備考": "参考値（薄雲）",
                "継続観察登録地点": "○"
            }
        },
        {
            "type": "Feature",
            "geometry": {
                "type": "Point",
                "coordinates": [
                    139.09583333,
                    36.30805556
                ]
            },
            "properties": {
                "調査時期": "2024_S",
                "都道府県": "群馬県",
                "市区町村": "玉村町",
                "撮影場所": "群馬県佐波郡玉村町道の駅玉村宿",
                "撮影日時": "2024-09-06T21:10:00+09:00",
                "緯度": "36.30805556 ",
                "経度": "139.09583333 ",
                "夜空の明るさ": "15.93",
                "ばらつき": "1.03",
                "周辺状況": "農業地域",
                "備考": "参考値（薄雲）",
                "継続観察登録地点": "○"
            }
        },
        {
            "type": "Feature",
            "geometry": {
                "type": "Point",
                "coordinates": [
                    139.73222222,
                    35.89611111
                ]
            },
            "properties": {
                "調査時期": "2024_S",
                "都道府県": "埼玉県",
                "市区町村": "さいたま市　緑区",
                "撮影場所": "浦和美園４丁目公園",
                "撮影日時": "2024-09-04T19:54:00+09:00",
                "緯度": "35.89611111 ",
                "経度": "139.73222222 ",
                "夜空の明るさ": "17.27",
                "ばらつき": "0.09",
                "周辺状況": "住宅地域",
                "備考": "",
                "継続観察登録地点": "○"
            }
        },
        {
            "type": "Feature",
            "geometry": {
                "type": "Point",
                "coordinates": [
                    139.80027778,
                    35.81722222
                ]
            },
            "properties": {
                "調査時期": "2024_S",
                "都道府県": "埼玉県",
                "市区町村": "草加市",
                "撮影場所": "東武スカイツリーライン谷塚駅前",
                "撮影日時": "2024-09-02T19:59:00+09:00",
                "緯度": "35.81722222 ",
                "経度": "139.80027778 ",
                "夜空の明るさ": "17.53",
                "ばらつき": "0.09",
                "周辺状況": "商業地域",
                "備考": "",
                "継続観察登録地点": "○"
            }
        },
        {
            "type": "Feature",
            "geometry": {
                "type": "Point",
                "coordinates": [
                    139.90444444,
                    35.77944444
                ]
            },
            "properties": {
                "調査時期": "2024_S",
                "都道府県": "千葉県",
                "市区町村": "松戸市",
                "撮影場所": "松戸市内",
                "撮影日時": "2024-09-04T20:21:00+09:00",
                "緯度": "35.77944444 ",
                "経度": "139.90444444 ",
                "夜空の明るさ": "17.46",
                "ばらつき": "0.14",
                "周辺状況": "住宅地域",
                "備考": "",
                "継続観察登録地点": "○"
            }
        },
        {
            "type": "Feature",
            "geometry": {
                "type": "Point",
                "coordinates": [
                    139.90444444,
                    35.77944444
                ]
            },
            "properties": {
                "調査時期": "2024_S",
                "都道府県": "千葉県",
                "市区町村": "松戸市",
                "撮影場所": "松戸市内",
                "撮影日時": "2024-09-06T20:02:00+09:00",
                "緯度": "35.77944444 ",
                "経度": "139.90444444 ",
                "夜空の明るさ": "16.62",
                "ばらつき": "0.17",
                "周辺状況": "住宅地域",
                "備考": "",
                "継続観察登録地点": "○"
            }
        },
        {
            "type": "Feature",
            "geometry": {
                "type": "Point",
                "coordinates": [
                    140.23527778,
                    35.74694444
                ]
            },
            "properties": {
                "調査時期": "2024_S",
                "都道府県": "千葉県",
                "市区町村": "佐倉市",
                "撮影場所": "",
                "撮影日時": "2024-09-05T20:33:00+09:00",
                "緯度": "35.74694444 ",
                "経度": "140.23527778 ",
                "夜空の明るさ": "18.67",
                "ばらつき": "0.13",
                "周辺状況": "",
                "備考": "",
                "継続観察登録地点": ""
            }
        },
        {
            "type": "Feature",
            "geometry": {
                "type": "Point",
                "coordinates": [
                    140.01222222,
                    35.68944444
                ]
            },
            "properties": {
                "調査時期": "2024_S",
                "都道府県": "千葉県",
                "市区町村": "習志野市",
                "撮影場所": "谷津奏の杜公園",
                "撮影日時": "2024-09-06T20:44:00+09:00",
                "緯度": "35.68944444 ",
                "経度": "140.01222222 ",
                "夜空の明るさ": "15.14",
                "ばらつき": "0.19",
                "周辺状況": "住宅地域",
                "備考": "",
                "継続観察登録地点": "○"
            }
        },
        {
            "type": "Feature",
            "geometry": {
                "type": "Point",
                "coordinates": [
                    140.10777778,
                    35.75694444
                ]
            },
            "properties": {
                "調査時期": "2024_S",
                "都道府県": "千葉県",
                "市区町村": "八千代市",
                "撮影場所": "",
                "撮影日時": "2024-09-04T20:38:00+09:00",
                "緯度": "35.75694444 ",
                "経度": "140.10777778 ",
                "夜空の明るさ": "18.22",
                "ばらつき": "0.09",
                "周辺状況": "",
                "備考": "",
                "継続観察登録地点": ""
            }
        },
        {
            "type": "Feature",
            "geometry": {
                "type": "Point",
                "coordinates": [
                    139.99666667,
                    35.13916667
                ]
            },
            "properties": {
                "調査時期": "2024_S",
                "都道府県": "千葉県",
                "市区町村": "鴨川市",
                "撮影場所": "鴨川市内",
                "撮影日時": "2024-09-02T21:30:00+09:00",
                "緯度": "35.13916667 ",
                "経度": "139.99666667 ",
                "夜空の明るさ": "20.20",
                "ばらつき": "0.08",
                "周辺状況": "農業地域",
                "備考": "",
                "継続観察登録地点": "○"
            }
        },
        {
            "type": "Feature",
            "geometry": {
                "type": "Point",
                "coordinates": [
                    139.97333333,
                    35.25416667
                ]
            },
            "properties": {
                "調査時期": "2024_S",
                "都道府県": "千葉県",
                "市区町村": "君津市",
                "撮影場所": "",
                "撮影日時": "2024-09-06T23:14:00+09:00",
                "緯度": "35.25416667 ",
                "経度": "139.97333333 ",
                "夜空の明るさ": "17.43",
                "ばらつき": "0.22",
                "周辺状況": "",
                "備考": "参考値（時間外）",
                "継続観察登録地点": ""
            }
        },
        {
            "type": "Feature",
            "geometry": {
                "type": "Point",
                "coordinates": [
                    140.35972222,
                    35.23388889
                ]
            },
            "properties": {
                "調査時期": "2024_S",
                "都道府県": "千葉県",
                "市区町村": "いすみ市",
                "撮影場所": "",
                "撮影日時": "2024-09-06T22:35:00+09:00",
                "緯度": "35.23388889 ",
                "経度": "140.35972222 ",
                "夜空の明るさ": "19.90",
                "ばらつき": "0.13",
                "周辺状況": "",
                "備考": "参考値（時間外）",
                "継続観察登録地点": ""
            }
        },
        {
            "type": "Feature",
            "geometry": {
                "type": "Point",
                "coordinates": [
                    139.765,
                    35.68138889
                ]
            },
            "properties": {
                "調査時期": "2024_S",
                "都道府県": "東京都",
                "市区町村": "千代田区",
                "撮影場所": "",
                "撮影日時": "2024-09-06T21:10:00+09:00",
                "緯度": "35.68138889 ",
                "経度": "139.76500000 ",
                "夜空の明るさ": "15.55",
                "ばらつき": "0.05",
                "周辺状況": "",
                "備考": "",
                "継続観察登録地点": ""
            }
        },
        {
            "type": "Feature",
            "geometry": {
                "type": "Point",
                "coordinates": [
                    139.64555556,
                    35.68722222
                ]
            },
            "properties": {
                "調査時期": "2024_S",
                "都道府県": "東京都",
                "市区町村": "杉並区",
                "撮影場所": "",
                "撮影日時": "2024-09-05T21:42:00+09:00",
                "緯度": "35.68722222 ",
                "経度": "139.64555556 ",
                "夜空の明るさ": "17.28",
                "ばらつき": "0.11",
                "周辺状況": "",
                "備考": "",
                "継続観察登録地点": ""
            }
        },
        {
            "type": "Feature",
            "geometry": {
                "type": "Point",
                "coordinates": [
                    139.53777778,
                    35.67444444
                ]
            },
            "properties": {
                "調査時期": "2024_S",
                "都道府県": "東京都",
                "市区町村": "三鷹市",
                "撮影場所": "三鷹市大沢",
                "撮影日時": "2024-09-05T20:15:00+09:00",
                "緯度": "35.67444444 ",
                "経度": "139.53777778 ",
                "夜空の明るさ": "17.18",
                "ばらつき": "0.12",
                "周辺状況": "住宅地域",
                "備考": "",
                "継続観察登録地点": "○"
            }
        },
        {
            "type": "Feature",
            "geometry": {
                "type": "Point",
                "coordinates": [
                    139.51666667,
                    35.71611111
                ]
            },
            "properties": {
                "調査時期": "2024_S",
                "都道府県": "東京都",
                "市区町村": "小金井市",
                "撮影場所": "都立小金井公園　いこいの広場",
                "撮影日時": "2024-09-06T19:45:00+09:00",
                "緯度": "35.71611111 ",
                "経度": "139.51666667 ",
                "夜空の明るさ": "16.66",
                "ばらつき": "0.10",
                "周辺状況": "自然公園等",
                "備考": "",
                "継続観察登録地点": "○"
            }
        },
        {
            "type": "Feature",
            "geometry": {
                "type": "Point",
                "coordinates": [
                    139.30055556,
                    35.77194444
                ]
            },
            "properties": {
                "調査時期": "2024_S",
                "都道府県": "東京都",
                "市区町村": "羽村市",
                "撮影場所": "羽村市",
                "撮影日時": "2024-09-05T20:34:00+09:00",
                "緯度": "35.77194444 ",
                "経度": "139.30055556 ",
                "夜空の明るさ": "17.89",
                "ばらつき": "0.11",
                "周辺状況": "住宅地域",
                "備考": "",
                "継続観察登録地点": "○"
            }
        },
        {
            "type": "Feature",
            "geometry": {
                "type": "Point",
                "coordinates": [
                    139.04333333,
                    35.78944444
                ]
            },
            "properties": {
                "調査時期": "2024_S",
                "都道府県": "東京都",
                "市区町村": "奥多摩町",
                "撮影場所": "西多摩郡奥多摩町 奥多摩湖大麦代園地駐車場",
                "撮影日時": "2024-08-26T21:59:00+09:00",
                "緯度": "35.78944444 ",
                "経度": "139.04333333 ",
                "夜空の明るさ": "20.41",
                "ばらつき": "0.27",
                "周辺状況": "森林山間地",
                "備考": "",
                "継続観察登録地点": "○"
            }
        },
        {
            "type": "Feature",
            "geometry": {
                "type": "Point",
                "coordinates": [
                    139.12666667,
                    34.19861111
                ]
            },
            "properties": {
                "調査時期": "2024_S",
                "都道府県": "東京都",
                "市区町村": "神津島村",
                "撮影場所": "神津島村 ヘリポート",
                "撮影日時": "2024-09-05T20:34:00+09:00",
                "緯度": "34.19861111 ",
                "経度": "139.12666667 ",
                "夜空の明るさ": "21.17",
                "ばらつき": "0.17",
                "周辺状況": "農業地域",
                "備考": "",
                "継続観察登録地点": "○"
            }
        },
        {
            "type": "Feature",
            "geometry": {
                "type": "Point",
                "coordinates": [
                    139.13916667,
                    34.20444444
                ]
            },
            "properties": {
                "調査時期": "2024_S",
                "都道府県": "東京都",
                "市区町村": "神津島村",
                "撮影場所": "神津島村 よたね広場",
                "撮影日時": "2024-09-06T19:53:00+09:00",
                "緯度": "34.20444444 ",
                "経度": "139.13916667 ",
                "夜空の明るさ": "21.07",
                "ばらつき": "0.18",
                "周辺状況": "住宅地域",
                "備考": "",
                "継続観察登録地点": "○"
            }
        },
        {
            "type": "Feature",
            "geometry": {
                "type": "Point",
                "coordinates": [
                    139.14416667,
                    34.19194444
                ]
            },
            "properties": {
                "調査時期": "2024_S",
                "都道府県": "東京都",
                "市区町村": "神津島村",
                "撮影場所": "神津島村 三浦湾展望台",
                "撮影日時": "2024-09-05T20:48:00+09:00",
                "緯度": "34.19194444 ",
                "経度": "139.14416667 ",
                "夜空の明るさ": "21.13",
                "ばらつき": "0.08",
                "周辺状況": "その他",
                "備考": "",
                "継続観察登録地点": "○"
            }
        },
        {
            "type": "Feature",
            "geometry": {
                "type": "Point",
                "coordinates": [
                    139.1375,
                    34.23944444
                ]
            },
            "properties": {
                "調査時期": "2024_S",
                "都道府県": "東京都",
                "市区町村": "神津島村",
                "撮影場所": "神津島村 赤崎遊歩道",
                "撮影日時": "2024-09-05T19:58:00+09:00",
                "緯度": "34.23944444 ",
                "経度": "139.13750000 ",
                "夜空の明るさ": "21.21",
                "ばらつき": "0.10",
                "周辺状況": "その他",
                "備考": "",
                "継続観察登録地点": "○"
            }
        },
        {
            "type": "Feature",
            "geometry": {
                "type": "Point",
                "coordinates": [
                    142.19305556,
                    27.06444444
                ]
            },
            "properties": {
                "調査時期": "2024_S",
                "都道府県": "東京都",
                "市区町村": "小笠原村",
                "撮影場所": "小笠原村父島　コペペ海岸",
                "撮影日時": "2024-09-03T20:28:00+09:00",
                "緯度": "27.06444444 ",
                "経度": "142.19305556 ",
                "夜空の明るさ": "21.47",
                "ばらつき": "0.06",
                "周辺状況": "森林山間地",
                "備考": "",
                "継続観察登録地点": "○"
            }
        },
        {
            "type": "Feature",
            "geometry": {
                "type": "Point",
                "coordinates": [
                    139.59444444,
                    35.56638889
                ]
            },
            "properties": {
                "調査時期": "2024_S",
                "都道府県": "神奈川県",
                "市区町村": "横浜市　都筑区",
                "撮影場所": "",
                "撮影日時": "2024-09-06T21:31:00+09:00",
                "緯度": "35.56638889 ",
                "経度": "139.59444444 ",
                "夜空の明るさ": "17.06",
                "ばらつき": "0.09",
                "周辺状況": "",
                "備考": "",
                "継続観察登録地点": ""
            }
        },
        {
            "type": "Feature",
            "geometry": {
                "type": "Point",
                "coordinates": [
                    139.57333333,
                    35.61388889
                ]
            },
            "properties": {
                "調査時期": "2024_S",
                "都道府県": "神奈川県",
                "市区町村": "川崎市　多摩区",
                "撮影場所": "",
                "撮影日時": "2024-09-05T19:47:00+09:00",
                "緯度": "35.61388889 ",
                "経度": "139.57333333 ",
                "夜空の明るさ": "17.13",
                "ばらつき": "0.08",
                "周辺状況": "",
                "備考": "",
                "継続観察登録地点": ""
            }
        },
        {
            "type": "Feature",
            "geometry": {
                "type": "Point",
                "coordinates": [
                    139.75138889,
                    35.54
                ]
            },
            "properties": {
                "調査時期": "2024_S",
                "都道府県": "神奈川県",
                "市区町村": "川崎市　川崎区",
                "撮影場所": "",
                "撮影日時": "2024-08-25T21:48:00+09:00",
                "緯度": "35.54000000 ",
                "経度": "139.75138889 ",
                "夜空の明るさ": "17.43",
                "ばらつき": "0.04",
                "周辺状況": "",
                "備考": "",
                "継続観察登録地点": ""
            }
        },
        {
            "type": "Feature",
            "geometry": {
                "type": "Point",
                "coordinates": [
                    139.77305556,
                    35.505
                ]
            },
            "properties": {
                "調査時期": "2024_S",
                "都道府県": "神奈川県",
                "市区町村": "川崎市　川崎区",
                "撮影場所": "",
                "撮影日時": "2024-08-25T21:57:00+09:00",
                "緯度": "35.50500000 ",
                "経度": "139.77305556 ",
                "夜空の明るさ": "17.95",
                "ばらつき": "0.07",
                "周辺状況": "",
                "備考": "",
                "継続観察登録地点": ""
            }
        },
        {
            "type": "Feature",
            "geometry": {
                "type": "Point",
                "coordinates": [
                    139.46388889,
                    35.61222222
                ]
            },
            "properties": {
                "調査時期": "2024_S",
                "都道府県": "神奈川県",
                "市区町村": "川崎市　麻生区",
                "撮影場所": "",
                "撮影日時": "2024-08-26T20:00:00+09:00",
                "緯度": "35.61222222 ",
                "経度": "139.46388889 ",
                "夜空の明るさ": "17.79",
                "ばらつき": "0.07",
                "周辺状況": "",
                "備考": "",
                "継続観察登録地点": ""
            }
        },
        {
            "type": "Feature",
            "geometry": {
                "type": "Point",
                "coordinates": [
                    139.56083333,
                    35.60805556
                ]
            },
            "properties": {
                "調査時期": "2024_S",
                "都道府県": "神奈川県",
                "市区町村": "川崎市　多摩区",
                "撮影場所": "",
                "撮影日時": "2024-08-26T21:48:00+09:00",
                "緯度": "35.60805556 ",
                "経度": "139.56083333 ",
                "夜空の明るさ": "17.91",
                "ばらつき": "0.17",
                "周辺状況": "",
                "備考": "",
                "継続観察登録地点": ""
            }
        },
        {
            "type": "Feature",
            "geometry": {
                "type": "Point",
                "coordinates": [
                    139.60666667,
                    35.60888889
                ]
            },
            "properties": {
                "調査時期": "2024_S",
                "都道府県": "神奈川県",
                "市区町村": "川崎市　高津区",
                "撮影場所": "",
                "撮影日時": "2024-09-02T20:38:00+09:00",
                "緯度": "35.60888889 ",
                "経度": "139.60666667 ",
                "夜空の明るさ": "17.23",
                "ばらつき": "0.17",
                "周辺状況": "",
                "備考": "参考値（薄雲）",
                "継続観察登録地点": ""
            }
        },
        {
            "type": "Feature",
            "geometry": {
                "type": "Point",
                "coordinates": [
                    139.65638889,
                    35.57805556
                ]
            },
            "properties": {
                "調査時期": "2024_S",
                "都道府県": "神奈川県",
                "市区町村": "川崎市　中原区",
                "撮影場所": "",
                "撮影日時": "2024-09-05T20:11:00+09:00",
                "緯度": "35.57805556 ",
                "経度": "139.65638889 ",
                "夜空の明るさ": "16.90",
                "ばらつき": "0.09",
                "周辺状況": "",
                "備考": "",
                "継続観察登録地点": ""
            }
        },
        {
            "type": "Feature",
            "geometry": {
                "type": "Point",
                "coordinates": [
                    139.65861111,
                    35.56611111
                ]
            },
            "properties": {
                "調査時期": "2024_S",
                "都道府県": "神奈川県",
                "市区町村": "川崎市　中原区",
                "撮影場所": "",
                "撮影日時": "2024-09-05T20:25:00+09:00",
                "緯度": "35.56611111 ",
                "経度": "139.65861111 ",
                "夜空の明るさ": "17.15",
                "ばらつき": "0.11",
                "周辺状況": "",
                "備考": "",
                "継続観察登録地点": ""
            }
        },
        {
            "type": "Feature",
            "geometry": {
                "type": "Point",
                "coordinates": [
                    139.66361111,
                    35.55166667
                ]
            },
            "properties": {
                "調査時期": "2024_S",
                "都道府県": "神奈川県",
                "市区町村": "川崎市　幸区",
                "撮影場所": "",
                "撮影日時": "2024-09-05T20:42:00+09:00",
                "緯度": "35.55166667 ",
                "経度": "139.66361111 ",
                "夜空の明るさ": "17.34",
                "ばらつき": "0.09",
                "周辺状況": "",
                "備考": "",
                "継続観察登録地点": ""
            }
        },
        {
            "type": "Feature",
            "geometry": {
                "type": "Point",
                "coordinates": [
                    139.67111111,
                    35.5525
                ]
            },
            "properties": {
                "調査時期": "2024_S",
                "都道府県": "神奈川県",
                "市区町村": "川崎市　幸区",
                "撮影場所": "",
                "撮影日時": "2024-09-05T21:04:00+09:00",
                "緯度": "35.55250000 ",
                "経度": "139.67111111 ",
                "夜空の明るさ": "17.17",
                "ばらつき": "0.13",
                "周辺状況": "",
                "備考": "",
                "継続観察登録地点": ""
            }
        },
        {
            "type": "Feature",
            "geometry": {
                "type": "Point",
                "coordinates": [
                    139.50305556,
                    35.6075
                ]
            },
            "properties": {
                "調査時期": "2024_S",
                "都道府県": "神奈川県",
                "市区町村": "川崎市　麻生区",
                "撮影場所": "",
                "撮影日時": "2024-09-06T19:35:00+09:00",
                "緯度": "35.60750000 ",
                "経度": "139.50305556 ",
                "夜空の明るさ": "16.75",
                "ばらつき": "0.15",
                "周辺状況": "",
                "備考": "",
                "継続観察登録地点": ""
            }
        },
        {
            "type": "Feature",
            "geometry": {
                "type": "Point",
                "coordinates": [
                    139.51888889,
                    35.58666667
                ]
            },
            "properties": {
                "調査時期": "2024_S",
                "都道府県": "神奈川県",
                "市区町村": "川崎市　麻生区",
                "撮影場所": "",
                "撮影日時": "2024-09-06T20:24:00+09:00",
                "緯度": "35.58666667 ",
                "経度": "139.51888889 ",
                "夜空の明るさ": "16.89",
                "ばらつき": "0.12",
                "周辺状況": "",
                "備考": "",
                "継続観察登録地点": ""
            }
        },
        {
            "type": "Feature",
            "geometry": {
                "type": "Point",
                "coordinates": [
                    139.54805556,
                    35.58944444
                ]
            },
            "properties": {
                "調査時期": "2024_S",
                "都道府県": "神奈川県",
                "市区町村": "川崎市　宮前区",
                "撮影場所": "",
                "撮影日時": "2024-09-06T20:44:00+09:00",
                "緯度": "35.58944444 ",
                "経度": "139.54805556 ",
                "夜空の明るさ": "16.90",
                "ばらつき": "0.14",
                "周辺状況": "",
                "備考": "",
                "継続観察登録地点": ""
            }
        },
        {
            "type": "Feature",
            "geometry": {
                "type": "Point",
                "coordinates": [
                    139.58055556,
                    35.58944444
                ]
            },
            "properties": {
                "調査時期": "2024_S",
                "都道府県": "神奈川県",
                "市区町村": "川崎市　宮前区",
                "撮影場所": "",
                "撮影日時": "2024-09-06T21:07:00+09:00",
                "緯度": "35.58944444 ",
                "経度": "139.58055556 ",
                "夜空の明るさ": "16.79",
                "ばらつき": "0.14",
                "周辺状況": "",
                "備考": "",
                "継続観察登録地点": ""
            }
        },
        {
            "type": "Feature",
            "geometry": {
                "type": "Point",
                "coordinates": [
                    139.3725,
                    35.5375
                ]
            },
            "properties": {
                "調査時期": "2024_S",
                "都道府県": "神奈川県",
                "市区町村": "相模原市　中央区",
                "撮影場所": "相模原市南区下溝",
                "撮影日時": "2024-09-05T19:52:00+09:00",
                "緯度": "35.53750000 ",
                "経度": "139.37250000 ",
                "夜空の明るさ": "17.72",
                "ばらつき": "0.09",
                "周辺状況": "農業地域",
                "備考": "",
                "継続観察登録地点": "○"
            }
        },
        {
            "type": "Feature",
            "geometry": {
                "type": "Point",
                "coordinates": [
                    139.46972222,
                    35.3975
                ]
            },
            "properties": {
                "調査時期": "2024_S",
                "都道府県": "神奈川県",
                "市区町村": "藤沢市",
                "撮影場所": "藤沢市内",
                "撮影日時": "2024-09-06T20:32:00+09:00",
                "緯度": "35.39750000 ",
                "経度": "139.46972222 ",
                "夜空の明るさ": "16.86",
                "ばらつき": "0.14",
                "周辺状況": "商業地域",
                "備考": "",
                "継続観察登録地点": "○"
            }
        },
        {
            "type": "Feature",
            "geometry": {
                "type": "Point",
                "coordinates": [
                    139.22944444,
                    35.50361111
                ]
            },
            "properties": {
                "調査時期": "2024_S",
                "都道府県": "神奈川県",
                "市区町村": "清川村",
                "撮影場所": "神奈川県清川村内",
                "撮影日時": "2024-09-05T21:08:00+09:00",
                "緯度": "35.50361111 ",
                "経度": "139.22944444 ",
                "夜空の明るさ": "19.47",
                "ばらつき": "0.13",
                "周辺状況": "森林山間地",
                "備考": "",
                "継続観察登録地点": "○"
            }
        },
        {
            "type": "Feature",
            "geometry": {
                "type": "Point",
                "coordinates": [
                    139.23944444,
                    37.91055556
                ]
            },
            "properties": {
                "調査時期": "2024_S",
                "都道府県": "新潟県",
                "市区町村": "新潟市　北区",
                "撮影場所": "",
                "撮影日時": "2024-08-26T21:26:00+09:00",
                "緯度": "37.91055556 ",
                "経度": "139.23944444 ",
                "夜空の明るさ": "19.52",
                "ばらつき": "0.22",
                "周辺状況": "",
                "備考": "",
                "継続観察登録地点": ""
            }
        },
        {
            "type": "Feature",
            "geometry": {
                "type": "Point",
                "coordinates": [
                    139.23972222,
                    37.91055556
                ]
            },
            "properties": {
                "調査時期": "2024_S",
                "都道府県": "新潟県",
                "市区町村": "新潟市　北区",
                "撮影場所": "",
                "撮影日時": "2024-08-26T21:18:00+09:00",
                "緯度": "37.91055556 ",
                "経度": "139.23972222 ",
                "夜空の明るさ": "19.41",
                "ばらつき": "0.09",
                "周辺状況": "",
                "備考": "",
                "継続観察登録地点": ""
            }
        },
        {
            "type": "Feature",
            "geometry": {
                "type": "Point",
                "coordinates": [
                    138.40111111,
                    37.91555556
                ]
            },
            "properties": {
                "調査時期": "2024_S",
                "都道府県": "新潟県",
                "市区町村": "佐渡市",
                "撮影場所": "",
                "撮影日時": "2024-09-03T20:03:00+09:00",
                "緯度": "37.91555556 ",
                "経度": "138.40111111 ",
                "夜空の明るさ": "21.34",
                "ばらつき": "0.15",
                "周辺状況": "",
                "備考": "",
                "継続観察登録地点": ""
            }
        },
        {
            "type": "Feature",
            "geometry": {
                "type": "Point",
                "coordinates": [
                    138.33055556,
                    37.85944444
                ]
            },
            "properties": {
                "調査時期": "2024_S",
                "都道府県": "新潟県",
                "市区町村": "佐渡市",
                "撮影場所": "",
                "撮影日時": "2024-09-03T20:37:00+09:00",
                "緯度": "37.85944444 ",
                "経度": "138.33055556 ",
                "夜空の明るさ": "19.19",
                "ばらつき": "0.11",
                "周辺状況": "",
                "備考": "",
                "継続観察登録地点": ""
            }
        },
        {
            "type": "Feature",
            "geometry": {
                "type": "Point",
                "coordinates": [
                    138.37833333,
                    37.88944444
                ]
            },
            "properties": {
                "調査時期": "2024_S",
                "都道府県": "新潟県",
                "市区町村": "佐渡市",
                "撮影場所": "",
                "撮影日時": "2024-09-03T21:22:00+09:00",
                "緯度": "37.88944444 ",
                "経度": "138.37833333 ",
                "夜空の明るさ": "21.01",
                "ばらつき": "0.11",
                "周辺状況": "",
                "備考": "",
                "継続観察登録地点": ""
            }
        },
        {
            "type": "Feature",
            "geometry": {
                "type": "Point",
                "coordinates": [
                    138.46472222,
                    38.32083333
                ]
            },
            "properties": {
                "調査時期": "2024_S",
                "都道府県": "新潟県",
                "市区町村": "佐渡市",
                "撮影場所": "",
                "撮影日時": "2024-09-04T19:54:00+09:00",
                "緯度": "38.32083333 ",
                "経度": "138.46472222 ",
                "夜空の明るさ": "21.46",
                "ばらつき": "0.20",
                "周辺状況": "",
                "備考": "",
                "継続観察登録地点": ""
            }
        },
        {
            "type": "Feature",
            "geometry": {
                "type": "Point",
                "coordinates": [
                    138.33305556,
                    38.08083333
                ]
            },
            "properties": {
                "調査時期": "2024_S",
                "都道府県": "新潟県",
                "市区町村": "佐渡市",
                "撮影場所": "",
                "撮影日時": "2024-09-04T21:37:00+09:00",
                "緯度": "38.08083333 ",
                "経度": "138.33305556 ",
                "夜空の明るさ": "21.18",
                "ばらつき": "0.05",
                "周辺状況": "",
                "備考": "",
                "継続観察登録地点": ""
            }
        },
        {
            "type": "Feature",
            "geometry": {
                "type": "Point",
                "coordinates": [
                    139.50194444,
                    38.02777778
                ]
            },
            "properties": {
                "調査時期": "2024_S",
                "都道府県": "新潟県",
                "市区町村": "胎内市",
                "撮影場所": "",
                "撮影日時": "2024-09-05T20:07:00+09:00",
                "緯度": "38.02777778 ",
                "経度": "139.50194444 ",
                "夜空の明るさ": "20.29",
                "ばらつき": "0.21",
                "周辺状況": "",
                "備考": "",
                "継続観察登録地点": ""
            }
        },
        {
            "type": "Feature",
            "geometry": {
                "type": "Point",
                "coordinates": [
                    139.50194444,
                    38.02777778
                ]
            },
            "properties": {
                "調査時期": "2024_S",
                "都道府県": "新潟県",
                "市区町村": "胎内市",
                "撮影場所": "",
                "撮影日時": "2024-09-05T20:17:00+09:00",
                "緯度": "38.02777778 ",
                "経度": "139.50194444 ",
                "夜空の明るさ": "20.45",
                "ばらつき": "0.08",
                "周辺状況": "",
                "備考": "",
                "継続観察登録地点": ""
            }
        },
        {
            "type": "Feature",
            "geometry": {
                "type": "Point",
                "coordinates": [
                    137.10333333,
                    36.65944444
                ]
            },
            "properties": {
                "調査時期": "2024_S",
                "都道府県": "富山県",
                "市区町村": "富山市",
                "撮影場所": "富山県富山市三熊　古洞ダム付近",
                "撮影日時": "2024-09-03T20:38:00+09:00",
                "緯度": "36.65944444 ",
                "経度": "137.10333333 ",
                "夜空の明るさ": "19.43",
                "ばらつき": "0.08",
                "周辺状況": "自然公園等",
                "備考": "",
                "継続観察登録地点": "○"
            }
        },
        {
            "type": "Feature",
            "geometry": {
                "type": "Point",
                "coordinates": [
                    137.21166667,
                    36.68027778
                ]
            },
            "properties": {
                "調査時期": "2024_S",
                "都道府県": "富山県",
                "市区町村": "富山市",
                "撮影場所": "",
                "撮影日時": "2024-09-04T20:32:00+09:00",
                "緯度": "36.68027778 ",
                "経度": "137.21166667 ",
                "夜空の明るさ": "17.64",
                "ばらつき": "0.11",
                "周辺状況": "",
                "備考": "",
                "継続観察登録地点": ""
            }
        },
        {
            "type": "Feature",
            "geometry": {
                "type": "Point",
                "coordinates": [
                    136.66861111,
                    36.59861111
                ]
            },
            "properties": {
                "調査時期": "2024_S",
                "都道府県": "石川県",
                "市区町村": "金沢市",
                "撮影場所": "",
                "撮影日時": "2024-09-04T21:17:00+09:00",
                "緯度": "36.59861111 ",
                "経度": "136.66861111 ",
                "夜空の明るさ": "17.99",
                "ばらつき": "0.10",
                "周辺状況": "",
                "備考": "",
                "継続観察登録地点": ""
            }
        },
        {
            "type": "Feature",
            "geometry": {
                "type": "Point",
                "coordinates": [
                    136.70444444,
                    36.71888889
                ]
            },
            "properties": {
                "調査時期": "2024_S",
                "都道府県": "石川県",
                "市区町村": "かほく市",
                "撮影場所": "",
                "撮影日時": "2024-09-03T19:59:00+09:00",
                "緯度": "36.71888889 ",
                "経度": "136.70444444 ",
                "夜空の明るさ": "19.20",
                "ばらつき": "0.06",
                "周辺状況": "",
                "備考": "",
                "継続観察登録地点": ""
            }
        },
        {
            "type": "Feature",
            "geometry": {
                "type": "Point",
                "coordinates": [
                    136.70444444,
                    36.71861111
                ]
            },
            "properties": {
                "調査時期": "2024_S",
                "都道府県": "石川県",
                "市区町村": "かほく市",
                "撮影場所": "",
                "撮影日時": "2024-09-04T20:37:00+09:00",
                "緯度": "36.71861111 ",
                "経度": "136.70444444 ",
                "夜空の明るさ": "19.03",
                "ばらつき": "0.12",
                "周辺状況": "",
                "備考": "",
                "継続観察登録地点": ""
            }
        },
        {
            "type": "Feature",
            "geometry": {
                "type": "Point",
                "coordinates": [
                    137.13694444,
                    37.335
                ]
            },
            "properties": {
                "調査時期": "2024_S",
                "都道府県": "石川県",
                "市区町村": "能登町",
                "撮影場所": "石川県柳田星の観察館「満天星」 ",
                "撮影日時": "2024-09-04T20:23:00+09:00",
                "緯度": "37.33500000 ",
                "経度": "137.13694444 ",
                "夜空の明るさ": "20.78",
                "ばらつき": "0.18",
                "周辺状況": "自然公園等",
                "備考": "",
                "継続観察登録地点": "○"
            }
        },
        {
            "type": "Feature",
            "geometry": {
                "type": "Point",
                "coordinates": [
                    137.13694444,
                    37.335
                ]
            },
            "properties": {
                "調査時期": "2024_S",
                "都道府県": "石川県",
                "市区町村": "能登町",
                "撮影場所": "石川県柳田星の観察館「満天星」 ",
                "撮影日時": "2024-09-05T19:48:00+09:00",
                "緯度": "37.33500000 ",
                "経度": "137.13694444 ",
                "夜空の明るさ": "20.65",
                "ばらつき": "0.14",
                "周辺状況": "自然公園等",
                "備考": "",
                "継続観察登録地点": "○"
            }
        },
        {
            "type": "Feature",
            "geometry": {
                "type": "Point",
                "coordinates": [
                    135.8225,
                    35.48694444
                ]
            },
            "properties": {
                "調査時期": "2024_S",
                "都道府県": "福井県",
                "市区町村": "小浜市",
                "撮影場所": "",
                "撮影日時": "2024-09-06T20:26:00+09:00",
                "緯度": "35.48694444 ",
                "経度": "135.82250000 ",
                "夜空の明るさ": "20.17",
                "ばらつき": "0.09",
                "周辺状況": "",
                "備考": "",
                "継続観察登録地点": ""
            }
        },
        {
            "type": "Feature",
            "geometry": {
                "type": "Point",
                "coordinates": [
                    136.58222222,
                    36.02138889
                ]
            },
            "properties": {
                "調査時期": "2024_S",
                "都道府県": "福井県",
                "市区町村": "大野市",
                "撮影場所": "福井県自然保護センター観察棟",
                "撮影日時": "2024-09-04T21:37:00+09:00",
                "緯度": "36.02138889 ",
                "経度": "136.58222222 ",
                "夜空の明るさ": "20.57",
                "ばらつき": "0.08",
                "周辺状況": "自然公園等",
                "備考": "",
                "継続観察登録地点": "○"
            }
        },
        {
            "type": "Feature",
            "geometry": {
                "type": "Point",
                "coordinates": [
                    136.58222222,
                    36.02138889
                ]
            },
            "properties": {
                "調査時期": "2024_S",
                "都道府県": "福井県",
                "市区町村": "大野市",
                "撮影場所": "福井県自然保護センター観察棟",
                "撮影日時": "2024-09-05T21:34:00+09:00",
                "緯度": "36.02138889 ",
                "経度": "136.58222222 ",
                "夜空の明るさ": "20.62",
                "ばらつき": "0.25",
                "周辺状況": "自然公園等",
                "備考": "",
                "継続観察登録地点": "○"
            }
        },
        {
            "type": "Feature",
            "geometry": {
                "type": "Point",
                "coordinates": [
                    136.58222222,
                    36.02138889
                ]
            },
            "properties": {
                "調査時期": "2024_S",
                "都道府県": "福井県",
                "市区町村": "大野市",
                "撮影場所": "福井県自然保護センター観察棟",
                "撮影日時": "2024-09-05T21:36:00+09:00",
                "緯度": "36.02138889 ",
                "経度": "136.58222222 ",
                "夜空の明るさ": "20.49",
                "ばらつき": "0.10",
                "周辺状況": "自然公園等",
                "備考": "",
                "継続観察登録地点": "○"
            }
        },
        {
            "type": "Feature",
            "geometry": {
                "type": "Point",
                "coordinates": [
                    136.58222222,
                    36.02138889
                ]
            },
            "properties": {
                "調査時期": "2024_S",
                "都道府県": "福井県",
                "市区町村": "大野市",
                "撮影場所": "福井県自然保護センター観察棟",
                "撮影日時": "2024-09-06T21:36:00+09:00",
                "緯度": "36.02138889 ",
                "経度": "136.58222222 ",
                "夜空の明るさ": "20.82",
                "ばらつき": "0.13",
                "周辺状況": "自然公園等",
                "備考": "",
                "継続観察登録地点": "○"
            }
        },
        {
            "type": "Feature",
            "geometry": {
                "type": "Point",
                "coordinates": [
                    136.58222222,
                    36.02138889
                ]
            },
            "properties": {
                "調査時期": "2024_S",
                "都道府県": "福井県",
                "市区町村": "大野市",
                "撮影場所": "福井県自然保護センター観察棟",
                "撮影日時": "2024-09-06T21:43:00+09:00",
                "緯度": "36.02138889 ",
                "経度": "136.58222222 ",
                "夜空の明るさ": "20.86",
                "ばらつき": "0.11",
                "周辺状況": "自然公園等",
                "備考": "",
                "継続観察登録地点": "○"
            }
        },
        {
            "type": "Feature",
            "geometry": {
                "type": "Point",
                "coordinates": [
                    135.57055556,
                    35.39638889
                ]
            },
            "properties": {
                "調査時期": "2024_S",
                "都道府県": "福井県",
                "市区町村": "おおい町",
                "撮影場所": "大飯郡おおい町名田庄納田終",
                "撮影日時": "2024-08-26T21:36:00+09:00",
                "緯度": "35.39638889 ",
                "経度": "135.57055556 ",
                "夜空の明るさ": "21.58",
                "ばらつき": "0.18",
                "周辺状況": "森林山間地",
                "備考": "",
                "継続観察登録地点": "○"
            }
        },
        {
            "type": "Feature",
            "geometry": {
                "type": "Point",
                "coordinates": [
                    135.68194444,
                    35.41388889
                ]
            },
            "properties": {
                "調査時期": "2024_S",
                "都道府県": "福井県",
                "市区町村": "おおい町",
                "撮影場所": "大飯郡おおい町名田庄三重",
                "撮影日時": "2024-09-02T21:25:00+09:00",
                "緯度": "35.41388889 ",
                "経度": "135.68194444 ",
                "夜空の明るさ": "20.37",
                "ばらつき": "0.11",
                "周辺状況": "農業地域",
                "備考": "",
                "継続観察登録地点": "○"
            }
        },
        {
            "type": "Feature",
            "geometry": {
                "type": "Point",
                "coordinates": [
                    135.64,
                    35.40527778
                ]
            },
            "properties": {
                "調査時期": "2024_S",
                "都道府県": "福井県",
                "市区町村": "おおい町",
                "撮影場所": "大飯郡おおい町名田庄中",
                "撮影日時": "2024-08-26T21:11:00+09:00",
                "緯度": "35.40527778 ",
                "経度": "135.64000000 ",
                "夜空の明るさ": "21.08",
                "ばらつき": "0.28",
                "周辺状況": "農業地域",
                "備考": "",
                "継続観察登録地点": "○"
            }
        },
        {
            "type": "Feature",
            "geometry": {
                "type": "Point",
                "coordinates": [
                    135.63888889,
                    35.40555556
                ]
            },
            "properties": {
                "調査時期": "2024_S",
                "都道府県": "福井県",
                "市区町村": "おおい町",
                "撮影場所": "大飯郡おおい町名田庄中",
                "撮影日時": "2024-09-06T21:10:00+09:00",
                "緯度": "35.40555556 ",
                "経度": "135.63888889 ",
                "夜空の明るさ": "21.39",
                "ばらつき": "0.25",
                "周辺状況": "農業地域",
                "備考": "",
                "継続観察登録地点": "○"
            }
        },
        {
            "type": "Feature",
            "geometry": {
                "type": "Point",
                "coordinates": [
                    138.80444444,
                    35.45611111
                ]
            },
            "properties": {
                "調査時期": "2024_S",
                "都道府県": "山梨県",
                "市区町村": "富士吉田市",
                "撮影場所": "富士散策公園",
                "撮影日時": "2024-09-04T19:58:00+09:00",
                "緯度": "35.45611111 ",
                "経度": "138.80444444 ",
                "夜空の明るさ": "18.88",
                "ばらつき": "0.19",
                "周辺状況": "自然公園等",
                "備考": "",
                "継続観察登録地点": "○"
            }
        },
        {
            "type": "Feature",
            "geometry": {
                "type": "Point",
                "coordinates": [
                    138.76722222,
                    35.45666667
                ]
            },
            "properties": {
                "調査時期": "2024_S",
                "都道府県": "山梨県",
                "市区町村": "富士吉田市",
                "撮影場所": "富士北麓公園駐車場",
                "撮影日時": "2024-09-04T20:12:00+09:00",
                "緯度": "35.45666667 ",
                "経度": "138.76722222 ",
                "夜空の明るさ": "19.18",
                "ばらつき": "0.12",
                "周辺状況": "自然公園等",
                "備考": "",
                "継続観察登録地点": "○"
            }
        },
        {
            "type": "Feature",
            "geometry": {
                "type": "Point",
                "coordinates": [
                    138.81805556,
                    35.48444444
                ]
            },
            "properties": {
                "調査時期": "2024_S",
                "都道府県": "山梨県",
                "市区町村": "富士吉田市",
                "撮影場所": "富士吉田市大明見地内",
                "撮影日時": "2024-09-04T20:29:00+09:00",
                "緯度": "35.48444444 ",
                "経度": "138.81805556 ",
                "夜空の明るさ": "18.57",
                "ばらつき": "0.44",
                "周辺状況": "住宅地域",
                "備考": "参考値（薄雲）",
                "継続観察登録地点": "○"
            }
        },
        {
            "type": "Feature",
            "geometry": {
                "type": "Point",
                "coordinates": [
                    138.31666667,
                    35.78833333
                ]
            },
            "properties": {
                "調査時期": "2024_S",
                "都道府県": "山梨県",
                "市区町村": "北杜市",
                "撮影場所": "北杜市白州町横手",
                "撮影日時": "2024-09-06T20:36:00+09:00",
                "緯度": "35.78833333 ",
                "経度": "138.31666667 ",
                "夜空の明るさ": "19.46",
                "ばらつき": "0.13",
                "周辺状況": "農業地域",
                "備考": "",
                "継続観察登録地点": "○"
            }
        },
        {
            "type": "Feature",
            "geometry": {
                "type": "Point",
                "coordinates": [
                    138.73027778,
                    35.52416667
                ]
            },
            "properties": {
                "調査時期": "2024_S",
                "都道府県": "山梨県",
                "市区町村": "富士河口湖町",
                "撮影場所": "南都留郡富士河口湖町大石",
                "撮影日時": "2024-09-09T20:16:00+09:00",
                "緯度": "35.52416667 ",
                "経度": "138.73027778 ",
                "夜空の明るさ": "20.26",
                "ばらつき": "0.07",
                "周辺状況": "農業地域",
                "備考": "",
                "継続観察登録地点": "○"
            }
        },
        {
            "type": "Feature",
            "geometry": {
                "type": "Point",
                "coordinates": [
                    138.94027778,
                    35.76361111
                ]
            },
            "properties": {
                "調査時期": "2024_S",
                "都道府県": "山梨県",
                "市区町村": "小菅村",
                "撮影場所": "北都留郡小菅村 小菅村ヘリポート",
                "撮影日時": "2024-08-26T20:20:00+09:00",
                "緯度": "35.76361111 ",
                "経度": "138.94027778 ",
                "夜空の明るさ": "20.80",
                "ばらつき": "0.12",
                "周辺状況": "森林山間地",
                "備考": "",
                "継続観察登録地点": "○"
            }
        },
        {
            "type": "Feature",
            "geometry": {
                "type": "Point",
                "coordinates": [
                    138.97833333,
                    35.78527778
                ]
            },
            "properties": {
                "調査時期": "2024_S",
                "都道府県": "山梨県",
                "市区町村": "丹波山村",
                "撮影場所": "北都留郡丹波山村",
                "撮影日時": "2024-08-26T21:06:00+09:00",
                "緯度": "35.78527778 ",
                "経度": "138.97833333 ",
                "夜空の明るさ": "20.90",
                "ばらつき": "0.19",
                "周辺状況": "森林山間地",
                "備考": "",
                "継続観察登録地点": "○"
            }
        },
        {
            "type": "Feature",
            "geometry": {
                "type": "Point",
                "coordinates": [
                    137.91833333,
                    36.18361111
                ]
            },
            "properties": {
                "調査時期": "2024_S",
                "都道府県": "長野県",
                "市区町村": "松本市",
                "撮影場所": "西南公園",
                "撮影日時": "2024-08-26T20:13:00+09:00",
                "緯度": "36.18361111 ",
                "経度": "137.91833333 ",
                "夜空の明るさ": "19.47",
                "ばらつき": "0.13",
                "周辺状況": "自然公園等",
                "備考": "",
                "継続観察登録地点": "○"
            }
        },
        {
            "type": "Feature",
            "geometry": {
                "type": "Point",
                "coordinates": [
                    137.85805556,
                    36.18361111
                ]
            },
            "properties": {
                "調査時期": "2024_S",
                "都道府県": "長野県",
                "市区町村": "松本市",
                "撮影場所": "",
                "撮影日時": "2024-09-04T20:34:00+09:00",
                "緯度": "36.18361111 ",
                "経度": "137.85805556 ",
                "夜空の明るさ": "19.23",
                "ばらつき": "0.09",
                "周辺状況": "",
                "備考": "",
                "継続観察登録地点": ""
            }
        },
        {
            "type": "Feature",
            "geometry": {
                "type": "Point",
                "coordinates": [
                    137.85611111,
                    36.20194444
                ]
            },
            "properties": {
                "調査時期": "2024_S",
                "都道府県": "長野県",
                "市区町村": "松本市",
                "撮影場所": "",
                "撮影日時": "2024-09-04T20:43:00+09:00",
                "緯度": "36.20194444 ",
                "経度": "137.85611111 ",
                "夜空の明るさ": "18.79",
                "ばらつき": "0.17",
                "周辺状況": "",
                "備考": "",
                "継続観察登録地点": ""
            }
        },
        {
            "type": "Feature",
            "geometry": {
                "type": "Point",
                "coordinates": [
                    137.96222222,
                    36.19194444
                ]
            },
            "properties": {
                "調査時期": "2024_S",
                "都道府県": "長野県",
                "市区町村": "松本市",
                "撮影場所": "平田駅西口",
                "撮影日時": "2024-09-04T21:09:00+09:00",
                "緯度": "36.19194444 ",
                "経度": "137.96222222 ",
                "夜空の明るさ": "18.02",
                "ばらつき": "0.18",
                "周辺状況": "住宅地域",
                "備考": "",
                "継続観察登録地点": "○"
            }
        },
        {
            "type": "Feature",
            "geometry": {
                "type": "Point",
                "coordinates": [
                    137.62722222,
                    36.11138889
                ]
            },
            "properties": {
                "調査時期": "2024_S",
                "都道府県": "長野県",
                "市区町村": "松本市",
                "撮影場所": "",
                "撮影日時": "2024-09-06T20:07:00+09:00",
                "緯度": "36.11138889 ",
                "経度": "137.62722222 ",
                "夜空の明るさ": "21.30",
                "ばらつき": "0.19",
                "周辺状況": "",
                "備考": "",
                "継続観察登録地点": ""
            }
        },
        {
            "type": "Feature",
            "geometry": {
                "type": "Point",
                "coordinates": [
                    137.64222222,
                    36.12027778
                ]
            },
            "properties": {
                "調査時期": "2024_S",
                "都道府県": "長野県",
                "市区町村": "松本市",
                "撮影場所": "乗鞍高原・いがや",
                "撮影日時": "2024-09-06T20:24:00+09:00",
                "緯度": "36.12027778 ",
                "経度": "137.64222222 ",
                "夜空の明るさ": "21.06",
                "ばらつき": "0.07",
                "周辺状況": "自然公園等",
                "備考": "",
                "継続観察登録地点": "○"
            }
        },
        {
            "type": "Feature",
            "geometry": {
                "type": "Point",
                "coordinates": [
                    137.80388889,
                    36.18333333
                ]
            },
            "properties": {
                "調査時期": "2024_S",
                "都道府県": "長野県",
                "市区町村": "松本市",
                "撮影場所": "",
                "撮影日時": "2024-09-04T19:50:00+09:00",
                "緯度": "36.18333333 ",
                "経度": "137.80388889 ",
                "夜空の明るさ": "19.95",
                "ばらつき": "0.14",
                "周辺状況": "",
                "備考": "",
                "継続観察登録地点": ""
            }
        },
        {
            "type": "Feature",
            "geometry": {
                "type": "Point",
                "coordinates": [
                    137.74916667,
                    36.15305556
                ]
            },
            "properties": {
                "調査時期": "2024_S",
                "都道府県": "長野県",
                "市区町村": "松本市",
                "撮影場所": "",
                "撮影日時": "2024-09-04T20:06:00+09:00",
                "緯度": "36.15305556 ",
                "経度": "137.74916667 ",
                "夜空の明るさ": "20.61",
                "ばらつき": "0.11",
                "周辺状況": "",
                "備考": "",
                "継続観察登録地点": ""
            }
        },
        {
            "type": "Feature",
            "geometry": {
                "type": "Point",
                "coordinates": [
                    137.70222222,
                    36.04583333
                ]
            },
            "properties": {
                "調査時期": "2024_S",
                "都道府県": "長野県",
                "市区町村": "松本市",
                "撮影場所": "奈川高原",
                "撮影日時": "2024-09-04T20:34:00+09:00",
                "緯度": "36.04583333 ",
                "経度": "137.70222222 ",
                "夜空の明るさ": "20.83",
                "ばらつき": "0.17",
                "周辺状況": "自然公園等",
                "備考": "",
                "継続観察登録地点": "○"
            }
        },
        {
            "type": "Feature",
            "geometry": {
                "type": "Point",
                "coordinates": [
                    137.71805556,
                    36.13111111
                ]
            },
            "properties": {
                "調査時期": "2024_S",
                "都道府県": "長野県",
                "市区町村": "松本市",
                "撮影場所": "奈川渡ダム駐車場",
                "撮影日時": "2024-09-04T21:02:00+09:00",
                "緯度": "36.13111111 ",
                "経度": "137.71805556 ",
                "夜空の明るさ": "20.56",
                "ばらつき": "0.15",
                "周辺状況": "森林山間地",
                "備考": "",
                "継続観察登録地点": "○"
            }
        },
        {
            "type": "Feature",
            "geometry": {
                "type": "Point",
                "coordinates": [
                    137.64277778,
                    36.12027778
                ]
            },
            "properties": {
                "調査時期": "2024_S",
                "都道府県": "長野県",
                "市区町村": "松本市",
                "撮影場所": "乗鞍高原・いがや",
                "撮影日時": "2024-09-04T21:30:00+09:00",
                "緯度": "36.12027778 ",
                "経度": "137.64277778 ",
                "夜空の明るさ": "20.70",
                "ばらつき": "0.10",
                "周辺状況": "自然公園等",
                "備考": "",
                "継続観察登録地点": "○"
            }
        },
        {
            "type": "Feature",
            "geometry": {
                "type": "Point",
                "coordinates": [
                    137.62638889,
                    36.10472222
                ]
            },
            "properties": {
                "調査時期": "2024_S",
                "都道府県": "長野県",
                "市区町村": "松本市",
                "撮影場所": "",
                "撮影日時": "2024-09-04T21:42:00+09:00",
                "緯度": "36.10472222 ",
                "経度": "137.62638889 ",
                "夜空の明るさ": "20.84",
                "ばらつき": "0.14",
                "周辺状況": "",
                "備考": "",
                "継続観察登録地点": ""
            }
        },
        {
            "type": "Feature",
            "geometry": {
                "type": "Point",
                "coordinates": [
                    137.61638889,
                    36.11888889
                ]
            },
            "properties": {
                "調査時期": "2024_S",
                "都道府県": "長野県",
                "市区町村": "松本市",
                "撮影場所": "",
                "撮影日時": "2024-09-04T21:58:00+09:00",
                "緯度": "36.11888889 ",
                "経度": "137.61638889 ",
                "夜空の明るさ": "20.88",
                "ばらつき": "0.00",
                "周辺状況": "",
                "備考": "",
                "継続観察登録地点": ""
            }
        },
        {
            "type": "Feature",
            "geometry": {
                "type": "Point",
                "coordinates": [
                    137.96333333,
                    36.23083333
                ]
            },
            "properties": {
                "調査時期": "2024_S",
                "都道府県": "長野県",
                "市区町村": "松本市",
                "撮影場所": "松本駅西口",
                "撮影日時": "2024-09-06T19:50:00+09:00",
                "緯度": "36.23083333 ",
                "経度": "137.96333333 ",
                "夜空の明るさ": "17.12",
                "ばらつき": "0.13",
                "周辺状況": "商業地域",
                "備考": "参考値（薄雲）",
                "継続観察登録地点": "○"
            }
        },
        {
            "type": "Feature",
            "geometry": {
                "type": "Point",
                "coordinates": [
                    137.97777778,
                    36.23388889
                ]
            },
            "properties": {
                "調査時期": "2024_S",
                "都道府県": "長野県",
                "市区町村": "松本市",
                "撮影場所": "松本市中央",
                "撮影日時": "2024-09-06T20:10:00+09:00",
                "緯度": "36.23388889 ",
                "経度": "137.97777778 ",
                "夜空の明るさ": "17.27",
                "ばらつき": "0.17",
                "周辺状況": "商業地域",
                "備考": "参考値（薄雲）",
                "継続観察登録地点": "○"
            }
        },
        {
            "type": "Feature",
            "geometry": {
                "type": "Point",
                "coordinates": [
                    137.955,
                    36.2575
                ]
            },
            "properties": {
                "調査時期": "2024_S",
                "都道府県": "長野県",
                "市区町村": "松本市",
                "撮影場所": "アルプス公園駐車場",
                "撮影日時": "2024-09-06T20:42:00+09:00",
                "緯度": "36.25750000 ",
                "経度": "137.95500000 ",
                "夜空の明るさ": "",
                "ばらつき": "",
                "周辺状況": "自然公園等",
                "備考": "測定不可（雲量大）",
                "継続観察登録地点": "○"
            }
        },
        {
            "type": "Feature",
            "geometry": {
                "type": "Point",
                "coordinates": [
                    137.99805556,
                    36.31722222
                ]
            },
            "properties": {
                "調査時期": "2024_S",
                "都道府県": "長野県",
                "市区町村": "松本市",
                "撮影場所": "",
                "撮影日時": "2024-09-06T21:13:00+09:00",
                "緯度": "36.31722222 ",
                "経度": "137.99805556 ",
                "夜空の明るさ": "",
                "ばらつき": "",
                "周辺状況": "",
                "備考": "測定不可（雲量大）",
                "継続観察登録地点": ""
            }
        },
        {
            "type": "Feature",
            "geometry": {
                "type": "Point",
                "coordinates": [
                    138.34472222,
                    36.52138889
                ]
            },
            "properties": {
                "調査時期": "2024_S",
                "都道府県": "長野県",
                "市区町村": "上田市",
                "撮影場所": "",
                "撮影日時": "2024-09-04T20:35:00+09:00",
                "緯度": "36.52138889 ",
                "経度": "138.34472222 ",
                "夜空の明るさ": "20.26",
                "ばらつき": "0.11",
                "周辺状況": "",
                "備考": "",
                "継続観察登録地点": ""
            }
        },
        {
            "type": "Feature",
            "geometry": {
                "type": "Point",
                "coordinates": [
                    138.01611111,
                    36.0625
                ]
            },
            "properties": {
                "調査時期": "2024_S",
                "都道府県": "長野県",
                "市区町村": "岡谷市",
                "撮影場所": "塩嶺王城パーク駐車場",
                "撮影日時": "2024-09-06T20:44:00+09:00",
                "緯度": "36.06250000 ",
                "経度": "138.01611111 ",
                "夜空の明るさ": "19.02",
                "ばらつき": "0.50",
                "周辺状況": "自然公園等",
                "備考": "参考値（薄雲）",
                "継続観察登録地点": "○"
            }
        },
        {
            "type": "Feature",
            "geometry": {
                "type": "Point",
                "coordinates": [
                    137.87138889,
                    35.42555556
                ]
            },
            "properties": {
                "調査時期": "2024_S",
                "都道府県": "長野県",
                "市区町村": "飯田市",
                "撮影場所": "",
                "撮影日時": "2024-09-05T19:34:00+09:00",
                "緯度": "35.42555556 ",
                "経度": "137.87138889 ",
                "夜空の明るさ": "20.65",
                "ばらつき": "0.12",
                "周辺状況": "",
                "備考": "",
                "継続観察登録地点": ""
            }
        },
        {
            "type": "Feature",
            "geometry": {
                "type": "Point",
                "coordinates": [
                    137.8225,
                    35.45333333
                ]
            },
            "properties": {
                "調査時期": "2024_S",
                "都道府県": "長野県",
                "市区町村": "飯田市",
                "撮影場所": "",
                "撮影日時": "2024-09-05T19:57:00+09:00",
                "緯度": "35.45333333 ",
                "経度": "137.82250000 ",
                "夜空の明るさ": "19.79",
                "ばらつき": "0.13",
                "周辺状況": "",
                "備考": "",
                "継続観察登録地点": ""
            }
        },
        {
            "type": "Feature",
            "geometry": {
                "type": "Point",
                "coordinates": [
                    137.81666667,
                    35.44527778
                ]
            },
            "properties": {
                "調査時期": "2024_S",
                "都道府県": "長野県",
                "市区町村": "飯田市",
                "撮影場所": "",
                "撮影日時": "2024-09-05T20:09:00+09:00",
                "緯度": "35.44527778 ",
                "経度": "137.81666667 ",
                "夜空の明るさ": "20.41",
                "ばらつき": "0.10",
                "周辺状況": "",
                "備考": "",
                "継続観察登録地点": ""
            }
        },
        {
            "type": "Feature",
            "geometry": {
                "type": "Point",
                "coordinates": [
                    137.81166667,
                    35.48194444
                ]
            },
            "properties": {
                "調査時期": "2024_S",
                "都道府県": "長野県",
                "市区町村": "飯田市",
                "撮影場所": "",
                "撮影日時": "2024-09-05T21:12:00+09:00",
                "緯度": "35.48194444 ",
                "経度": "137.81166667 ",
                "夜空の明るさ": "19.80",
                "ばらつき": "0.08",
                "周辺状況": "",
                "備考": "",
                "継続観察登録地点": ""
            }
        },
        {
            "type": "Feature",
            "geometry": {
                "type": "Point",
                "coordinates": [
                    138.02777778,
                    35.43333333
                ]
            },
            "properties": {
                "調査時期": "2024_S",
                "都道府県": "長野県",
                "市区町村": "飯田市",
                "撮影場所": "",
                "撮影日時": "2024-09-05T20:06:00+09:00",
                "緯度": "35.43333333 ",
                "経度": "138.02777778 ",
                "夜空の明るさ": "20.95",
                "ばらつき": "0.13",
                "周辺状況": "",
                "備考": "",
                "継続観察登録地点": ""
            }
        },
        {
            "type": "Feature",
            "geometry": {
                "type": "Point",
                "coordinates": [
                    138.02777778,
                    35.43333333
                ]
            },
            "properties": {
                "調査時期": "2024_S",
                "都道府県": "長野県",
                "市区町村": "飯田市",
                "撮影場所": "",
                "撮影日時": "2024-09-05T20:07:00+09:00",
                "緯度": "35.43333333 ",
                "経度": "138.02777778 ",
                "夜空の明るさ": "21.11",
                "ばらつき": "0.15",
                "周辺状況": "",
                "備考": "",
                "継続観察登録地点": ""
            }
        },
        {
            "type": "Feature",
            "geometry": {
                "type": "Point",
                "coordinates": [
                    138.1225,
                    36.05305556
                ]
            },
            "properties": {
                "調査時期": "2024_S",
                "都道府県": "長野県",
                "市区町村": "諏訪市",
                "撮影場所": "",
                "撮影日時": "2024-09-06T20:12:00+09:00",
                "緯度": "36.05305556 ",
                "経度": "138.12250000 ",
                "夜空の明るさ": "18.98",
                "ばらつき": "0.13",
                "周辺状況": "",
                "備考": "",
                "継続観察登録地点": ""
            }
        },
        {
            "type": "Feature",
            "geometry": {
                "type": "Point",
                "coordinates": [
                    138.15527778,
                    36.09972222
                ]
            },
            "properties": {
                "調査時期": "2024_S",
                "都道府県": "長野県",
                "市区町村": "諏訪市",
                "撮影場所": "",
                "撮影日時": "2024-09-06T20:42:00+09:00",
                "緯度": "36.09972222 ",
                "経度": "138.15527778 ",
                "夜空の明るさ": "",
                "ばらつき": "",
                "周辺状況": "",
                "備考": "測定不可（ピントずれ）",
                "継続観察登録地点": ""
            }
        },
        {
            "type": "Feature",
            "geometry": {
                "type": "Point",
                "coordinates": [
                    138.16861111,
                    36.09805556
                ]
            },
            "properties": {
                "調査時期": "2024_S",
                "都道府県": "長野県",
                "市区町村": "諏訪市",
                "撮影場所": "長野県霧ヶ峰自然保護センター",
                "撮影日時": "2024-09-06T19:35:00+09:00",
                "緯度": "36.09805556 ",
                "経度": "138.16861111 ",
                "夜空の明るさ": "20.68",
                "ばらつき": "0.12",
                "周辺状況": "自然公園等",
                "備考": "",
                "継続観察登録地点": "○"
            }
        },
        {
            "type": "Feature",
            "geometry": {
                "type": "Point",
                "coordinates": [
                    138.40583333,
                    36.29805556
                ]
            },
            "properties": {
                "調査時期": "2024_S",
                "都道府県": "長野県",
                "市区町村": "小諸市",
                "撮影場所": "",
                "撮影日時": "2024-09-04T21:16:00+09:00",
                "緯度": "36.29805556 ",
                "経度": "138.40583333 ",
                "夜空の明るさ": "20.06",
                "ばらつき": "0.12",
                "周辺状況": "",
                "備考": "",
                "継続観察登録地点": ""
            }
        },
        {
            "type": "Feature",
            "geometry": {
                "type": "Point",
                "coordinates": [
                    138.42138889,
                    36.34166667
                ]
            },
            "properties": {
                "調査時期": "2024_S",
                "都道府県": "長野県",
                "市区町村": "小諸市",
                "撮影場所": "",
                "撮影日時": "2024-09-06T20:28:00+09:00",
                "緯度": "36.34166667 ",
                "経度": "138.42138889 ",
                "夜空の明るさ": "19.38",
                "ばらつき": "0.10",
                "周辺状況": "",
                "備考": "",
                "継続観察登録地点": ""
            }
        },
        {
            "type": "Feature",
            "geometry": {
                "type": "Point",
                "coordinates": [
                    137.93694444,
                    35.81944444
                ]
            },
            "properties": {
                "調査時期": "2024_S",
                "都道府県": "長野県",
                "市区町村": "伊那市",
                "撮影場所": "伊那市 西春近北小学校グランド",
                "撮影日時": "2024-08-26T20:41:00+09:00",
                "緯度": "35.81944444 ",
                "経度": "137.93694444 ",
                "夜空の明るさ": "20.22",
                "ばらつき": "0.26",
                "周辺状況": "農業地域",
                "備考": "",
                "継続観察登録地点": "○"
            }
        },
        {
            "type": "Feature",
            "geometry": {
                "type": "Point",
                "coordinates": [
                    137.945,
                    35.83944444
                ]
            },
            "properties": {
                "調査時期": "2024_S",
                "都道府県": "長野県",
                "市区町村": "伊那市",
                "撮影場所": "長野県伊那文化会館",
                "撮影日時": "2024-08-26T20:55:00+09:00",
                "緯度": "35.83944444 ",
                "経度": "137.94500000 ",
                "夜空の明るさ": "19.99",
                "ばらつき": "0.10",
                "周辺状況": "住宅地域",
                "備考": "",
                "継続観察登録地点": "○"
            }
        },
        {
            "type": "Feature",
            "geometry": {
                "type": "Point",
                "coordinates": [
                    137.93305556,
                    35.74444444
                ]
            },
            "properties": {
                "調査時期": "2024_S",
                "都道府県": "長野県",
                "市区町村": "駒ヶ根市",
                "撮影場所": "",
                "撮影日時": "2024-08-26T21:04:00+09:00",
                "緯度": "35.74444444 ",
                "経度": "137.93305556 ",
                "夜空の明るさ": "20.22",
                "ばらつき": "0.10",
                "周辺状況": "",
                "備考": "",
                "継続観察登録地点": ""
            }
        },
        {
            "type": "Feature",
            "geometry": {
                "type": "Point",
                "coordinates": [
                    137.98277778,
                    35.7175
                ]
            },
            "properties": {
                "調査時期": "2024_S",
                "都道府県": "長野県",
                "市区町村": "駒ヶ根市",
                "撮影場所": "",
                "撮影日時": "2024-08-26T20:37:00+09:00",
                "緯度": "35.71750000 ",
                "経度": "137.98277778 ",
                "夜空の明るさ": "20.91",
                "ばらつき": "0.13",
                "周辺状況": "",
                "備考": "",
                "継続観察登録地点": ""
            }
        },
        {
            "type": "Feature",
            "geometry": {
                "type": "Point",
                "coordinates": [
                    137.89805556,
                    35.72944444
                ]
            },
            "properties": {
                "調査時期": "2024_S",
                "都道府県": "長野県",
                "市区町村": "駒ヶ根市",
                "撮影場所": "駒ヶ根高原家族旅行村アルプスの丘周辺",
                "撮影日時": "2024-08-26T20:25:00+09:00",
                "緯度": "35.72944444 ",
                "経度": "137.89805556 ",
                "夜空の明るさ": "21.78",
                "ばらつき": "0.26",
                "周辺状況": "自然公園等",
                "備考": "",
                "継続観察登録地点": "○"
            }
        },
        {
            "type": "Feature",
            "geometry": {
                "type": "Point",
                "coordinates": [
                    137.91194444,
                    35.72166667
                ]
            },
            "properties": {
                "調査時期": "2024_S",
                "都道府県": "長野県",
                "市区町村": "駒ヶ根市",
                "撮影場所": "日本電産長野技術研究開発センター周辺",
                "撮影日時": "2024-08-26T20:35:00+09:00",
                "緯度": "35.72166667 ",
                "経度": "137.91194444 ",
                "夜空の明るさ": "21.15",
                "ばらつき": "0.42",
                "周辺状況": "農業地域",
                "備考": "",
                "継続観察登録地点": "○"
            }
        },
        {
            "type": "Feature",
            "geometry": {
                "type": "Point",
                "coordinates": [
                    137.92666667,
                    35.71055556
                ]
            },
            "properties": {
                "調査時期": "2024_S",
                "都道府県": "長野県",
                "市区町村": "駒ヶ根市",
                "撮影場所": "長野県駒ヶ根工業高等学校周辺",
                "撮影日時": "2024-08-26T20:49:00+09:00",
                "緯度": "35.71055556 ",
                "経度": "137.92666667 ",
                "夜空の明るさ": "21.21",
                "ばらつき": "0.30",
                "周辺状況": "住宅地域",
                "備考": "",
                "継続観察登録地点": "○"
            }
        },
        {
            "type": "Feature",
            "geometry": {
                "type": "Point",
                "coordinates": [
                    137.89805556,
                    35.73083333
                ]
            },
            "properties": {
                "調査時期": "2024_S",
                "都道府県": "長野県",
                "市区町村": "駒ヶ根市",
                "撮影場所": "駒ヶ根高原家族旅行村アルプスの丘周辺",
                "撮影日時": "2024-09-05T19:54:00+09:00",
                "緯度": "35.73083333 ",
                "経度": "137.89805556 ",
                "夜空の明るさ": "19.65",
                "ばらつき": "0.13",
                "周辺状況": "自然公園等",
                "備考": "",
                "継続観察登録地点": "○"
            }
        },
        {
            "type": "Feature",
            "geometry": {
                "type": "Point",
                "coordinates": [
                    137.91166667,
                    35.72138889
                ]
            },
            "properties": {
                "調査時期": "2024_S",
                "都道府県": "長野県",
                "市区町村": "駒ヶ根市",
                "撮影場所": "日本電産長野技術研究開発センター周辺",
                "撮影日時": "2024-09-05T20:06:00+09:00",
                "緯度": "35.72138889 ",
                "経度": "137.91166667 ",
                "夜空の明るさ": "19.68",
                "ばらつき": "0.15",
                "周辺状況": "農業地域",
                "備考": "",
                "継続観察登録地点": "○"
            }
        },
        {
            "type": "Feature",
            "geometry": {
                "type": "Point",
                "coordinates": [
                    137.92666667,
                    35.71027778
                ]
            },
            "properties": {
                "調査時期": "2024_S",
                "都道府県": "長野県",
                "市区町村": "駒ヶ根市",
                "撮影場所": "長野県駒ヶ根工業高等学校周辺",
                "撮影日時": "2024-09-05T20:23:00+09:00",
                "緯度": "35.71027778 ",
                "経度": "137.92666667 ",
                "夜空の明るさ": "19.46",
                "ばらつき": "0.11",
                "周辺状況": "住宅地域",
                "備考": "",
                "継続観察登録地点": "○"
            }
        },
        {
            "type": "Feature",
            "geometry": {
                "type": "Point",
                "coordinates": [
                    138.22611111,
                    36.10611111
                ]
            },
            "properties": {
                "調査時期": "2024_S",
                "都道府県": "長野県",
                "市区町村": "茅野市",
                "撮影場所": "",
                "撮影日時": "2024-09-06T21:25:00+09:00",
                "緯度": "36.10611111 ",
                "経度": "138.22611111 ",
                "夜空の明るさ": "21.00",
                "ばらつき": "0.16",
                "周辺状況": "",
                "備考": "",
                "継続観察登録地点": ""
            }
        },
        {
            "type": "Feature",
            "geometry": {
                "type": "Point",
                "coordinates": [
                    137.92194444,
                    36.15638889
                ]
            },
            "properties": {
                "調査時期": "2024_S",
                "都道府県": "長野県",
                "市区町村": "塩尻市",
                "撮影場所": "信州スカイパーク",
                "撮影日時": "2024-08-26T20:30:00+09:00",
                "緯度": "36.15638889 ",
                "経度": "137.92194444 ",
                "夜空の明るさ": "19.68",
                "ばらつき": "0.15",
                "周辺状況": "自然公園等",
                "備考": "",
                "継続観察登録地点": "○"
            }
        },
        {
            "type": "Feature",
            "geometry": {
                "type": "Point",
                "coordinates": [
                    137.94444444,
                    36.15305556
                ]
            },
            "properties": {
                "調査時期": "2024_S",
                "都道府県": "長野県",
                "市区町村": "塩尻市",
                "撮影場所": "広丘小学校校庭",
                "撮影日時": "2024-08-26T20:43:00+09:00",
                "緯度": "36.15305556 ",
                "経度": "137.94444444 ",
                "夜空の明るさ": "19.20",
                "ばらつき": "0.09",
                "周辺状況": "住宅地域",
                "備考": "",
                "継続観察登録地点": "○"
            }
        },
        {
            "type": "Feature",
            "geometry": {
                "type": "Point",
                "coordinates": [
                    137.94638889,
                    36.16472222
                ]
            },
            "properties": {
                "調査時期": "2024_S",
                "都道府県": "長野県",
                "市区町村": "塩尻市",
                "撮影場所": "長者原公園",
                "撮影日時": "2024-08-26T20:53:00+09:00",
                "緯度": "36.16472222 ",
                "経度": "137.94638889 ",
                "夜空の明るさ": "19.14",
                "ばらつき": "0.15",
                "周辺状況": "住宅地域",
                "備考": "",
                "継続観察登録地点": "○"
            }
        },
        {
            "type": "Feature",
            "geometry": {
                "type": "Point",
                "coordinates": [
                    137.95555556,
                    36.16527778
                ]
            },
            "properties": {
                "調査時期": "2024_S",
                "都道府県": "長野県",
                "市区町村": "塩尻市",
                "撮影場所": "",
                "撮影日時": "2024-08-26T21:00:00+09:00",
                "緯度": "36.16527778 ",
                "経度": "137.95555556 ",
                "夜空の明るさ": "18.99",
                "ばらつき": "0.09",
                "周辺状況": "",
                "備考": "",
                "継続観察登録地点": ""
            }
        },
        {
            "type": "Feature",
            "geometry": {
                "type": "Point",
                "coordinates": [
                    137.9375,
                    36.13888889
                ]
            },
            "properties": {
                "調査時期": "2024_S",
                "都道府県": "長野県",
                "市区町村": "塩尻市",
                "撮影場所": "堅石公民館",
                "撮影日時": "2024-08-26T21:15:00+09:00",
                "緯度": "36.13888889 ",
                "経度": "137.93750000 ",
                "夜空の明るさ": "19.68",
                "ばらつき": "0.09",
                "周辺状況": "農業地域",
                "備考": "",
                "継続観察登録地点": "○"
            }
        },
        {
            "type": "Feature",
            "geometry": {
                "type": "Point",
                "coordinates": [
                    137.95333333,
                    36.115
                ]
            },
            "properties": {
                "調査時期": "2024_S",
                "都道府県": "長野県",
                "市区町村": "塩尻市",
                "撮影場所": "塩尻市役所北側駐車場",
                "撮影日時": "2024-08-26T20:24:00+09:00",
                "緯度": "36.11500000 ",
                "経度": "137.95333333 ",
                "夜空の明るさ": "18.99",
                "ばらつき": "0.17",
                "周辺状況": "住宅地域",
                "備考": "",
                "継続観察登録地点": "○"
            }
        },
        {
            "type": "Feature",
            "geometry": {
                "type": "Point",
                "coordinates": [
                    137.975,
                    36.10111111
                ]
            },
            "properties": {
                "調査時期": "2024_S",
                "都道府県": "長野県",
                "市区町村": "塩尻市",
                "撮影場所": "塩尻東地区センター",
                "撮影日時": "2024-08-26T20:40:00+09:00",
                "緯度": "36.10111111 ",
                "経度": "137.97500000 ",
                "夜空の明るさ": "19.85",
                "ばらつき": "0.10",
                "周辺状況": "農業地域",
                "備考": "",
                "継続観察登録地点": "○"
            }
        },
        {
            "type": "Feature",
            "geometry": {
                "type": "Point",
                "coordinates": [
                    137.90611111,
                    36.13
                ]
            },
            "properties": {
                "調査時期": "2024_S",
                "都道府県": "長野県",
                "市区町村": "塩尻市",
                "撮影場所": "",
                "撮影日時": "2024-08-26T21:40:00+09:00",
                "緯度": "36.13000000 ",
                "経度": "137.90611111 ",
                "夜空の明るさ": "20.41",
                "ばらつき": "0.08",
                "周辺状況": "",
                "備考": "",
                "継続観察登録地点": ""
            }
        },
        {
            "type": "Feature",
            "geometry": {
                "type": "Point",
                "coordinates": [
                    137.96916667,
                    36.05138889
                ]
            },
            "properties": {
                "調査時期": "2024_S",
                "都道府県": "長野県",
                "市区町村": "塩尻市",
                "撮影場所": "北小野地区センター",
                "撮影日時": "2024-09-05T20:13:00+09:00",
                "緯度": "36.05138889 ",
                "経度": "137.96916667 ",
                "夜空の明るさ": "19.89",
                "ばらつき": "0.07",
                "周辺状況": "農業地域",
                "備考": "",
                "継続観察登録地点": "○"
            }
        },
        {
            "type": "Feature",
            "geometry": {
                "type": "Point",
                "coordinates": [
                    137.94222222,
                    36.10388889
                ]
            },
            "properties": {
                "調査時期": "2024_S",
                "都道府県": "長野県",
                "市区町村": "塩尻市",
                "撮影場所": "平出遺跡公園",
                "撮影日時": "2024-09-05T21:03:00+09:00",
                "緯度": "36.10388889 ",
                "経度": "137.94222222 ",
                "夜空の明るさ": "19.28",
                "ばらつき": "0.09",
                "周辺状況": "自然公園等",
                "備考": "",
                "継続観察登録地点": "○"
            }
        },
        {
            "type": "Feature",
            "geometry": {
                "type": "Point",
                "coordinates": [
                    138.00333333,
                    36.07138889
                ]
            },
            "properties": {
                "調査時期": "2024_S",
                "都道府県": "長野県",
                "市区町村": "塩尻市",
                "撮影場所": "いこいの森公園",
                "撮影日時": "2024-09-05T21:51:00+09:00",
                "緯度": "36.07138889 ",
                "経度": "138.00333333 ",
                "夜空の明るさ": "20.07",
                "ばらつき": "0.03",
                "周辺状況": "自然公園等",
                "備考": "",
                "継続観察登録地点": "○"
            }
        },
        {
            "type": "Feature",
            "geometry": {
                "type": "Point",
                "coordinates": [
                    137.9,
                    36.06472222
                ]
            },
            "properties": {
                "調査時期": "2024_S",
                "都道府県": "長野県",
                "市区町村": "塩尻市",
                "撮影場所": "塩尻市本山",
                "撮影日時": "2024-09-06T20:17:00+09:00",
                "緯度": "36.06472222 ",
                "経度": "137.90000000 ",
                "夜空の明るさ": "19.90",
                "ばらつき": "0.09",
                "周辺状況": "農業地域",
                "備考": "",
                "継続観察登録地点": "○"
            }
        },
        {
            "type": "Feature",
            "geometry": {
                "type": "Point",
                "coordinates": [
                    137.91416667,
                    36.11388889
                ]
            },
            "properties": {
                "調査時期": "2024_S",
                "都道府県": "長野県",
                "市区町村": "塩尻市",
                "撮影場所": "洗馬小学校校庭",
                "撮影日時": "2024-09-06T20:34:00+09:00",
                "緯度": "36.11388889 ",
                "経度": "137.91416667 ",
                "夜空の明るさ": "19.29",
                "ばらつき": "0.21",
                "周辺状況": "農業地域",
                "備考": "",
                "継続観察登録地点": "○"
            }
        },
        {
            "type": "Feature",
            "geometry": {
                "type": "Point",
                "coordinates": [
                    137.97972222,
                    36.14416667
                ]
            },
            "properties": {
                "調査時期": "2024_S",
                "都道府県": "長野県",
                "市区町村": "塩尻市",
                "撮影場所": "片丘小学校東",
                "撮影日時": "2024-08-26T20:00:00+09:00",
                "緯度": "36.14416667 ",
                "経度": "137.97972222 ",
                "夜空の明るさ": "19.66",
                "ばらつき": "0.11",
                "周辺状況": "農業地域",
                "備考": "",
                "継続観察登録地点": "○"
            }
        },
        {
            "type": "Feature",
            "geometry": {
                "type": "Point",
                "coordinates": [
                    137.85916667,
                    36.01277778
                ]
            },
            "properties": {
                "調査時期": "2024_S",
                "都道府県": "長野県",
                "市区町村": "塩尻市",
                "撮影場所": "",
                "撮影日時": "2024-09-01T20:46:00+09:00",
                "緯度": "36.01277778 ",
                "経度": "137.85916667 ",
                "夜空の明るさ": "20.77",
                "ばらつき": "0.25",
                "周辺状況": "",
                "備考": "",
                "継続観察登録地点": ""
            }
        },
        {
            "type": "Feature",
            "geometry": {
                "type": "Point",
                "coordinates": [
                    137.9,
                    36.06472222
                ]
            },
            "properties": {
                "調査時期": "2024_S",
                "都道府県": "長野県",
                "市区町村": "塩尻市",
                "撮影場所": "塩尻市本山",
                "撮影日時": "2024-09-01T21:18:00+09:00",
                "緯度": "36.06472222 ",
                "経度": "137.90000000 ",
                "夜空の明るさ": "20.77",
                "ばらつき": "0.17",
                "周辺状況": "農業地域",
                "備考": "",
                "継続観察登録地点": "○"
            }
        },
        {
            "type": "Feature",
            "geometry": {
                "type": "Point",
                "coordinates": [
                    137.8425,
                    35.98638889
                ]
            },
            "properties": {
                "調査時期": "2024_S",
                "都道府県": "長野県",
                "市区町村": "塩尻市",
                "撮影場所": "",
                "撮影日時": "2024-09-05T20:37:00+09:00",
                "緯度": "35.98638889 ",
                "経度": "137.84250000 ",
                "夜空の明るさ": "20.41",
                "ばらつき": "0.16",
                "周辺状況": "",
                "備考": "",
                "継続観察登録地点": ""
            }
        },
        {
            "type": "Feature",
            "geometry": {
                "type": "Point",
                "coordinates": [
                    137.80888889,
                    35.96027778
                ]
            },
            "properties": {
                "調査時期": "2024_S",
                "都道府県": "長野県",
                "市区町村": "塩尻市",
                "撮影場所": "",
                "撮影日時": "2024-09-05T20:47:00+09:00",
                "緯度": "35.96027778 ",
                "経度": "137.80888889 ",
                "夜空の明るさ": "20.41",
                "ばらつき": "0.10",
                "周辺状況": "",
                "備考": "",
                "継続観察登録地点": ""
            }
        },
        {
            "type": "Feature",
            "geometry": {
                "type": "Point",
                "coordinates": [
                    137.81027778,
                    35.93444444
                ]
            },
            "properties": {
                "調査時期": "2024_S",
                "都道府県": "長野県",
                "市区町村": "塩尻市",
                "撮影場所": "奈良井ダム",
                "撮影日時": "2024-09-05T21:00:00+09:00",
                "緯度": "35.93444444 ",
                "経度": "137.81027778 ",
                "夜空の明るさ": "20.47",
                "ばらつき": "0.20",
                "周辺状況": "森林山間地",
                "備考": "",
                "継続観察登録地点": "○"
            }
        },
        {
            "type": "Feature",
            "geometry": {
                "type": "Point",
                "coordinates": [
                    137.85916667,
                    36.01277778
                ]
            },
            "properties": {
                "調査時期": "2024_S",
                "都道府県": "長野県",
                "市区町村": "塩尻市",
                "撮影場所": "",
                "撮影日時": "2024-09-05T21:51:00+09:00",
                "緯度": "36.01277778 ",
                "経度": "137.85916667 ",
                "夜空の明るさ": "20.76",
                "ばらつき": "0.10",
                "周辺状況": "",
                "備考": "",
                "継続観察登録地点": ""
            }
        },
        {
            "type": "Feature",
            "geometry": {
                "type": "Point",
                "coordinates": [
                    137.9,
                    36.06472222
                ]
            },
            "properties": {
                "調査時期": "2024_S",
                "都道府県": "長野県",
                "市区町村": "塩尻市",
                "撮影場所": "塩尻市本山",
                "撮影日時": "2024-09-05T22:05:00+09:00",
                "緯度": "36.06472222 ",
                "経度": "137.90000000 ",
                "夜空の明るさ": "20.54",
                "ばらつき": "0.07",
                "周辺状況": "農業地域",
                "備考": "",
                "継続観察登録地点": "○"
            }
        },
        {
            "type": "Feature",
            "geometry": {
                "type": "Point",
                "coordinates": [
                    138.46833333,
                    36.23555556
                ]
            },
            "properties": {
                "調査時期": "2024_S",
                "都道府県": "長野県",
                "市区町村": "佐久市",
                "撮影場所": "",
                "撮影日時": "2024-09-04T20:03:00+09:00",
                "緯度": "36.23555556 ",
                "経度": "138.46833333 ",
                "夜空の明るさ": "19.30",
                "ばらつき": "0.11",
                "周辺状況": "",
                "備考": "",
                "継続観察登録地点": ""
            }
        },
        {
            "type": "Feature",
            "geometry": {
                "type": "Point",
                "coordinates": [
                    138.42861111,
                    36.25
                ]
            },
            "properties": {
                "調査時期": "2024_S",
                "都道府県": "長野県",
                "市区町村": "佐久市",
                "撮影場所": "",
                "撮影日時": "2024-09-04T20:23:00+09:00",
                "緯度": "36.25000000 ",
                "経度": "138.42861111 ",
                "夜空の明るさ": "19.85",
                "ばらつき": "0.12",
                "周辺状況": "",
                "備考": "",
                "継続観察登録地点": ""
            }
        },
        {
            "type": "Feature",
            "geometry": {
                "type": "Point",
                "coordinates": [
                    138.40416667,
                    36.25777778
                ]
            },
            "properties": {
                "調査時期": "2024_S",
                "都道府県": "長野県",
                "市区町村": "佐久市",
                "撮影場所": "",
                "撮影日時": "2024-09-04T20:43:00+09:00",
                "緯度": "36.25777778 ",
                "経度": "138.40416667 ",
                "夜空の明るさ": "20.04",
                "ばらつき": "0.08",
                "周辺状況": "",
                "備考": "",
                "継続観察登録地点": ""
            }
        },
        {
            "type": "Feature",
            "geometry": {
                "type": "Point",
                "coordinates": [
                    138.39916667,
                    36.26972222
                ]
            },
            "properties": {
                "調査時期": "2024_S",
                "都道府県": "長野県",
                "市区町村": "佐久市",
                "撮影場所": "",
                "撮影日時": "2024-09-04T20:59:00+09:00",
                "緯度": "36.26972222 ",
                "経度": "138.39916667 ",
                "夜空の明るさ": "20.10",
                "ばらつき": "0.11",
                "周辺状況": "",
                "備考": "",
                "継続観察登録地点": ""
            }
        },
        {
            "type": "Feature",
            "geometry": {
                "type": "Point",
                "coordinates": [
                    138.11055556,
                    36.52805556
                ]
            },
            "properties": {
                "調査時期": "2024_S",
                "都道府県": "長野県",
                "市区町村": "千曲市",
                "撮影場所": "千曲市 中央公園",
                "撮影日時": "2024-08-26T21:08:00+09:00",
                "緯度": "36.52805556 ",
                "経度": "138.11055556 ",
                "夜空の明るさ": "19.99",
                "ばらつき": "0.14",
                "周辺状況": "住宅地域",
                "備考": "",
                "継続観察登録地点": "○"
            }
        },
        {
            "type": "Feature",
            "geometry": {
                "type": "Point",
                "coordinates": [
                    138.13666667,
                    36.53416667
                ]
            },
            "properties": {
                "調査時期": "2024_S",
                "都道府県": "長野県",
                "市区町村": "千曲市",
                "撮影場所": "",
                "撮影日時": "2024-08-26T21:25:00+09:00",
                "緯度": "36.53416667 ",
                "経度": "138.13666667 ",
                "夜空の明るさ": "19.98",
                "ばらつき": "0.04",
                "周辺状況": "",
                "備考": "",
                "継続観察登録地点": ""
            }
        },
        {
            "type": "Feature",
            "geometry": {
                "type": "Point",
                "coordinates": [
                    138.09111111,
                    36.50055556
                ]
            },
            "properties": {
                "調査時期": "2024_S",
                "都道府県": "長野県",
                "市区町村": "千曲市",
                "撮影場所": "",
                "撮影日時": "2024-08-26T22:08:00+09:00",
                "緯度": "36.50055556 ",
                "経度": "138.09111111 ",
                "夜空の明るさ": "20.65",
                "ばらつき": "0.02",
                "周辺状況": "",
                "備考": "",
                "継続観察登録地点": ""
            }
        },
        {
            "type": "Feature",
            "geometry": {
                "type": "Point",
                "coordinates": [
                    138.33944444,
                    36.36083333
                ]
            },
            "properties": {
                "調査時期": "2024_S",
                "都道府県": "長野県",
                "市区町村": "東御市",
                "撮影場所": "",
                "撮影日時": "2024-09-06T20:38:00+09:00",
                "緯度": "36.36083333 ",
                "経度": "138.33944444 ",
                "夜空の明るさ": "19.15",
                "ばらつき": "0.12",
                "周辺状況": "",
                "備考": "",
                "継続観察登録地点": ""
            }
        },
        {
            "type": "Feature",
            "geometry": {
                "type": "Point",
                "coordinates": [
                    138.33277778,
                    36.35944444
                ]
            },
            "properties": {
                "調査時期": "2024_S",
                "都道府県": "長野県",
                "市区町村": "東御市",
                "撮影場所": "",
                "撮影日時": "2024-09-06T19:53:00+09:00",
                "緯度": "36.35944444 ",
                "経度": "138.33277778 ",
                "夜空の明るさ": "18.94",
                "ばらつき": "0.10",
                "周辺状況": "",
                "備考": "",
                "継続観察登録地点": ""
            }
        },
        {
            "type": "Feature",
            "geometry": {
                "type": "Point",
                "coordinates": [
                    138.37888889,
                    36.37111111
                ]
            },
            "properties": {
                "調査時期": "2024_S",
                "都道府県": "長野県",
                "市区町村": "東御市",
                "撮影場所": "",
                "撮影日時": "2024-09-06T20:10:00+09:00",
                "緯度": "36.37111111 ",
                "経度": "138.37888889 ",
                "夜空の明るさ": "19.82",
                "ばらつき": "0.07",
                "周辺状況": "",
                "備考": "",
                "継続観察登録地点": ""
            }
        },
        {
            "type": "Feature",
            "geometry": {
                "type": "Point",
                "coordinates": [
                    138.46305556,
                    35.96138889
                ]
            },
            "properties": {
                "調査時期": "2024_S",
                "都道府県": "長野県",
                "市区町村": "南牧村",
                "撮影場所": "南佐久郡南牧村野辺山",
                "撮影日時": "2024-09-04T20:23:00+09:00",
                "緯度": "35.96138889 ",
                "経度": "138.46305556 ",
                "夜空の明るさ": "20.51",
                "ばらつき": "0.29",
                "周辺状況": "住宅地域",
                "備考": "",
                "継続観察登録地点": "○"
            }
        },
        {
            "type": "Feature",
            "geometry": {
                "type": "Point",
                "coordinates": [
                    138.51666667,
                    36.06138889
                ]
            },
            "properties": {
                "調査時期": "2024_S",
                "都道府県": "長野県",
                "市区町村": "北相木村",
                "撮影場所": "南佐久郡北相木村栃原",
                "撮影日時": "2024-08-26T20:09:00+09:00",
                "緯度": "36.06138889 ",
                "経度": "138.51666667 ",
                "夜空の明るさ": "21.18",
                "ばらつき": "0.11",
                "周辺状況": "森林山間地",
                "備考": "",
                "継続観察登録地点": "○"
            }
        },
        {
            "type": "Feature",
            "geometry": {
                "type": "Point",
                "coordinates": [
                    138.15972222,
                    36.12055556
                ]
            },
            "properties": {
                "調査時期": "2024_S",
                "都道府県": "長野県",
                "市区町村": "下諏訪町",
                "撮影場所": "諏訪郡下諏訪町八島湿原",
                "撮影日時": "2024-09-06T20:10:00+09:00",
                "緯度": "36.12055556 ",
                "経度": "138.15972222 ",
                "夜空の明るさ": "20.62",
                "ばらつき": "0.16",
                "周辺状況": "自然公園等",
                "備考": "",
                "継続観察登録地点": "○"
            }
        },
        {
            "type": "Feature",
            "geometry": {
                "type": "Point",
                "coordinates": [
                    138.07861111,
                    36.05916667
                ]
            },
            "properties": {
                "調査時期": "2024_S",
                "都道府県": "長野県",
                "市区町村": "下諏訪町",
                "撮影場所": "下諏訪町赤砂崎公園",
                "撮影日時": "2024-09-01T21:58:00+09:00",
                "緯度": "36.05916667 ",
                "経度": "138.07861111 ",
                "夜空の明るさ": "19.97",
                "ばらつき": "0.07",
                "周辺状況": "自然公園等",
                "備考": "",
                "継続観察登録地点": "○"
            }
        },
        {
            "type": "Feature",
            "geometry": {
                "type": "Point",
                "coordinates": [
                    138.26638889,
                    35.97194444
                ]
            },
            "properties": {
                "調査時期": "2024_S",
                "都道府県": "長野県",
                "市区町村": "原村",
                "撮影場所": "八ヶ岳自然文化園",
                "撮影日時": "2024-09-06T21:21:00+09:00",
                "緯度": "35.97194444 ",
                "経度": "138.26638889 ",
                "夜空の明るさ": "20.77",
                "ばらつき": "0.00",
                "周辺状況": "自然公園等",
                "備考": "",
                "継続観察登録地点": "○"
            }
        },
        {
            "type": "Feature",
            "geometry": {
                "type": "Point",
                "coordinates": [
                    138.26305556,
                    35.97333333
                ]
            },
            "properties": {
                "調査時期": "2024_S",
                "都道府県": "長野県",
                "市区町村": "原村",
                "撮影場所": "",
                "撮影日時": "2024-09-06T20:04:00+09:00",
                "緯度": "35.97333333 ",
                "経度": "138.26305556 ",
                "夜空の明るさ": "20.14",
                "ばらつき": "0.17",
                "周辺状況": "",
                "備考": "",
                "継続観察登録地点": ""
            }
        },
        {
            "type": "Feature",
            "geometry": {
                "type": "Point",
                "coordinates": [
                    138.27,
                    35.97055556
                ]
            },
            "properties": {
                "調査時期": "2024_S",
                "都道府県": "長野県",
                "市区町村": "原村",
                "撮影場所": "",
                "撮影日時": "2024-09-06T21:27:00+09:00",
                "緯度": "35.97055556 ",
                "経度": "138.27000000 ",
                "夜空の明るさ": "20.46",
                "ばらつき": "0.09",
                "周辺状況": "",
                "備考": "",
                "継続観察登録地点": ""
            }
        },
        {
            "type": "Feature",
            "geometry": {
                "type": "Point",
                "coordinates": [
                    137.98305556,
                    35.93388889
                ]
            },
            "properties": {
                "調査時期": "2024_S",
                "都道府県": "長野県",
                "市区町村": "箕輪町",
                "撮影場所": "上伊那郡箕輪町 箕輪北小学校グランド",
                "撮影日時": "2024-08-26T20:12:00+09:00",
                "緯度": "35.93388889 ",
                "経度": "137.98305556 ",
                "夜空の明るさ": "20.25",
                "ばらつき": "0.09",
                "周辺状況": "住宅地域",
                "備考": "",
                "継続観察登録地点": "○"
            }
        },
        {
            "type": "Feature",
            "geometry": {
                "type": "Point",
                "coordinates": [
                    137.9875,
                    35.89916667
                ]
            },
            "properties": {
                "調査時期": "2024_S",
                "都道府県": "長野県",
                "市区町村": "箕輪町",
                "撮影場所": "JR木ノ下駅周辺",
                "撮影日時": "2024-08-26T21:31:00+09:00",
                "緯度": "35.89916667 ",
                "経度": "137.98750000 ",
                "夜空の明るさ": "20.06",
                "ばらつき": "0.05",
                "周辺状況": "住宅地域",
                "備考": "",
                "継続観察登録地点": "○"
            }
        },
        {
            "type": "Feature",
            "geometry": {
                "type": "Point",
                "coordinates": [
                    137.94694444,
                    35.85527778
                ]
            },
            "properties": {
                "調査時期": "2024_S",
                "都道府県": "長野県",
                "市区町村": "南箕輪村",
                "撮影場所": "",
                "撮影日時": "2024-08-26T21:06:00+09:00",
                "緯度": "35.85527778 ",
                "経度": "137.94694444 ",
                "夜空の明るさ": "20.29",
                "ばらつき": "0.14",
                "周辺状況": "",
                "備考": "",
                "継続観察登録地点": ""
            }
        },
        {
            "type": "Feature",
            "geometry": {
                "type": "Point",
                "coordinates": [
                    137.97833333,
                    35.87361111
                ]
            },
            "properties": {
                "調査時期": "2024_S",
                "都道府県": "長野県",
                "市区町村": "南箕輪村",
                "撮影場所": "",
                "撮影日時": "2024-08-26T21:22:00+09:00",
                "緯度": "35.87361111 ",
                "経度": "137.97833333 ",
                "夜空の明るさ": "20.09",
                "ばらつき": "0.09",
                "周辺状況": "",
                "備考": "",
                "継続観察登録地点": ""
            }
        },
        {
            "type": "Feature",
            "geometry": {
                "type": "Point",
                "coordinates": [
                    137.74833333,
                    35.41694444
                ]
            },
            "properties": {
                "調査時期": "2024_S",
                "都道府県": "長野県",
                "市区町村": "阿智村",
                "撮影場所": "",
                "撮影日時": "2024-09-05T20:40:00+09:00",
                "緯度": "35.41694444 ",
                "経度": "137.74833333 ",
                "夜空の明るさ": "20.67",
                "ばらつき": "0.06",
                "周辺状況": "",
                "備考": "",
                "継続観察登録地点": ""
            }
        },
        {
            "type": "Feature",
            "geometry": {
                "type": "Point",
                "coordinates": [
                    137.75138889,
                    35.44027778
                ]
            },
            "properties": {
                "調査時期": "2024_S",
                "都道府県": "長野県",
                "市区町村": "阿智村",
                "撮影場所": "",
                "撮影日時": "2024-09-05T20:50:00+09:00",
                "緯度": "35.44027778 ",
                "経度": "137.75138889 ",
                "夜空の明るさ": "20.42",
                "ばらつき": "0.08",
                "周辺状況": "",
                "備考": "",
                "継続観察登録地点": ""
            }
        },
        {
            "type": "Feature",
            "geometry": {
                "type": "Point",
                "coordinates": [
                    137.75,
                    35.41111111
                ]
            },
            "properties": {
                "調査時期": "2024_S",
                "都道府県": "長野県",
                "市区町村": "阿智村",
                "撮影場所": "下伊那郡阿智村伍和 栗矢観測所",
                "撮影日時": "2024-09-06T21:21:00+09:00",
                "緯度": "35.41111111 ",
                "経度": "137.75000000 ",
                "夜空の明るさ": "20.48",
                "ばらつき": "0.10",
                "周辺状況": "農業地域",
                "備考": "",
                "継続観察登録地点": "○"
            }
        },
        {
            "type": "Feature",
            "geometry": {
                "type": "Point",
                "coordinates": [
                    137.75027778,
                    35.41111111
                ]
            },
            "properties": {
                "調査時期": "2024_S",
                "都道府県": "長野県",
                "市区町村": "阿智村",
                "撮影場所": "下伊那郡阿智村伍和 栗矢観測所",
                "撮影日時": "2024-09-06T21:23:00+09:00",
                "緯度": "35.41111111 ",
                "経度": "137.75027778 ",
                "夜空の明るさ": "20.63",
                "ばらつき": "0.06",
                "周辺状況": "農業地域",
                "備考": "",
                "継続観察登録地点": "○"
            }
        },
        {
            "type": "Feature",
            "geometry": {
                "type": "Point",
                "coordinates": [
                    137.73972222,
                    35.39555556
                ]
            },
            "properties": {
                "調査時期": "2024_S",
                "都道府県": "長野県",
                "市区町村": "下條村",
                "撮影場所": "",
                "撮影日時": "2024-09-04T20:08:00+09:00",
                "緯度": "35.39555556 ",
                "経度": "137.73972222 ",
                "夜空の明るさ": "20.59",
                "ばらつき": "0.13",
                "周辺状況": "",
                "備考": "",
                "継続観察登録地点": ""
            }
        },
        {
            "type": "Feature",
            "geometry": {
                "type": "Point",
                "coordinates": [
                    137.77194444,
                    35.38722222
                ]
            },
            "properties": {
                "調査時期": "2024_S",
                "都道府県": "長野県",
                "市区町村": "下條村",
                "撮影場所": "",
                "撮影日時": "2024-09-05T20:21:00+09:00",
                "緯度": "35.38722222 ",
                "経度": "137.77194444 ",
                "夜空の明るさ": "20.63",
                "ばらつき": "0.12",
                "周辺状況": "",
                "備考": "",
                "継続観察登録地点": ""
            }
        },
        {
            "type": "Feature",
            "geometry": {
                "type": "Point",
                "coordinates": [
                    137.77083333,
                    35.38916667
                ]
            },
            "properties": {
                "調査時期": "2024_S",
                "都道府県": "長野県",
                "市区町村": "下條村",
                "撮影場所": "",
                "撮影日時": "2024-09-05T20:26:00+09:00",
                "緯度": "35.38916667 ",
                "経度": "137.77083333 ",
                "夜空の明るさ": "20.61",
                "ばらつき": "0.05",
                "周辺状況": "",
                "備考": "",
                "継続観察登録地点": ""
            }
        },
        {
            "type": "Feature",
            "geometry": {
                "type": "Point",
                "coordinates": [
                    138.07916667,
                    35.59777778
                ]
            },
            "properties": {
                "調査時期": "2024_S",
                "都道府県": "長野県",
                "市区町村": "大鹿村",
                "撮影場所": "",
                "撮影日時": "2024-09-01T20:18:00+09:00",
                "緯度": "35.59777778 ",
                "経度": "138.07916667 ",
                "夜空の明るさ": "21.35",
                "ばらつき": "0.10",
                "周辺状況": "",
                "備考": "",
                "継続観察登録地点": ""
            }
        },
        {
            "type": "Feature",
            "geometry": {
                "type": "Point",
                "coordinates": [
                    138.07111111,
                    35.60166667
                ]
            },
            "properties": {
                "調査時期": "2024_S",
                "都道府県": "長野県",
                "市区町村": "大鹿村",
                "撮影場所": "",
                "撮影日時": "2024-09-01T19:43:00+09:00",
                "緯度": "35.60166667 ",
                "経度": "138.07111111 ",
                "夜空の明るさ": "21.63",
                "ばらつき": "0.15",
                "周辺状況": "",
                "備考": "",
                "継続観察登録地点": ""
            }
        },
        {
            "type": "Feature",
            "geometry": {
                "type": "Point",
                "coordinates": [
                    138.03472222,
                    35.56138889
                ]
            },
            "properties": {
                "調査時期": "2024_S",
                "都道府県": "長野県",
                "市区町村": "大鹿村",
                "撮影場所": "",
                "撮影日時": "2024-09-06T20:20:00+09:00",
                "緯度": "35.56138889 ",
                "経度": "138.03472222 ",
                "夜空の明るさ": "20.23",
                "ばらつき": "0.13",
                "周辺状況": "",
                "備考": "",
                "継続観察登録地点": ""
            }
        },
        {
            "type": "Feature",
            "geometry": {
                "type": "Point",
                "coordinates": [
                    138.04,
                    35.5575
                ]
            },
            "properties": {
                "調査時期": "2024_S",
                "都道府県": "長野県",
                "市区町村": "大鹿村",
                "撮影場所": "",
                "撮影日時": "2024-09-06T20:33:00+09:00",
                "緯度": "35.55750000 ",
                "経度": "138.04000000 ",
                "夜空の明るさ": "20.07",
                "ばらつき": "0.09",
                "周辺状況": "",
                "備考": "",
                "継続観察登録地点": ""
            }
        },
        {
            "type": "Feature",
            "geometry": {
                "type": "Point",
                "coordinates": [
                    137.78305556,
                    35.93138889
                ]
            },
            "properties": {
                "調査時期": "2024_S",
                "都道府県": "長野県",
                "市区町村": "木祖村",
                "撮影場所": "木祖村郷土館脇",
                "撮影日時": "2024-09-05T21:15:00+09:00",
                "緯度": "35.93138889 ",
                "経度": "137.78305556 ",
                "夜空の明るさ": "20.24",
                "ばらつき": "0.12",
                "周辺状況": "商業地域",
                "備考": "",
                "継続観察登録地点": "○"
            }
        },
        {
            "type": "Feature",
            "geometry": {
                "type": "Point",
                "coordinates": [
                    137.74694444,
                    35.96694444
                ]
            },
            "properties": {
                "調査時期": "2024_S",
                "都道府県": "長野県",
                "市区町村": "木祖村",
                "撮影場所": "",
                "撮影日時": "2024-09-05T21:30:00+09:00",
                "緯度": "35.96694444 ",
                "経度": "137.74694444 ",
                "夜空の明るさ": "20.53",
                "ばらつき": "0.17",
                "周辺状況": "",
                "備考": "",
                "継続観察登録地点": ""
            }
        },
        {
            "type": "Feature",
            "geometry": {
                "type": "Point",
                "coordinates": [
                    137.62361111,
                    35.79666667
                ]
            },
            "properties": {
                "調査時期": "2024_S",
                "都道府県": "長野県",
                "市区町村": "王滝村",
                "撮影場所": "東京大学木曽観測所",
                "撮影日時": "2024-09-05T20:45:00+09:00",
                "緯度": "35.79666667 ",
                "経度": "137.62361111 ",
                "夜空の明るさ": "20.74",
                "ばらつき": "0.15",
                "周辺状況": "森林山間地",
                "備考": "",
                "継続観察登録地点": "○"
            }
        },
        {
            "type": "Feature",
            "geometry": {
                "type": "Point",
                "coordinates": [
                    137.62916667,
                    35.9325
                ]
            },
            "properties": {
                "調査時期": "2024_S",
                "都道府県": "長野県",
                "市区町村": "木曽町",
                "撮影場所": "木曽馬の里",
                "撮影日時": "2024-08-26T20:09:00+09:00",
                "緯度": "35.93250000 ",
                "経度": "137.62916667 ",
                "夜空の明るさ": "21.71",
                "ばらつき": "0.14",
                "周辺状況": "その他",
                "備考": "",
                "継続観察登録地点": "○"
            }
        },
        {
            "type": "Feature",
            "geometry": {
                "type": "Point",
                "coordinates": [
                    137.57444444,
                    35.96611111
                ]
            },
            "properties": {
                "調査時期": "2024_S",
                "都道府県": "長野県",
                "市区町村": "木曽町",
                "撮影場所": "開田高原水芭蕉園",
                "撮影日時": "2024-08-26T20:48:00+09:00",
                "緯度": "35.96611111 ",
                "経度": "137.57444444 ",
                "夜空の明るさ": "21.50",
                "ばらつき": "0.29",
                "周辺状況": "自然公園等",
                "備考": "",
                "継続観察登録地点": "○"
            }
        },
        {
            "type": "Feature",
            "geometry": {
                "type": "Point",
                "coordinates": [
                    137.55638889,
                    35.91861111
                ]
            },
            "properties": {
                "調査時期": "2024_S",
                "都道府県": "長野県",
                "市区町村": "木曽町",
                "撮影場所": "開田高原保健休養地テニスコート",
                "撮影日時": "2024-08-26T21:25:00+09:00",
                "緯度": "35.91861111 ",
                "経度": "137.55638889 ",
                "夜空の明るさ": "21.46",
                "ばらつき": "0.05",
                "周辺状況": "森林山間地",
                "備考": "",
                "継続観察登録地点": "○"
            }
        },
        {
            "type": "Feature",
            "geometry": {
                "type": "Point",
                "coordinates": [
                    137.58611111,
                    35.89611111
                ]
            },
            "properties": {
                "調査時期": "2024_S",
                "都道府県": "長野県",
                "市区町村": "木曽町",
                "撮影場所": "木曽町三岳倉本",
                "撮影日時": "2024-09-06T21:08:00+09:00",
                "緯度": "35.89611111 ",
                "経度": "137.58611111 ",
                "夜空の明るさ": "",
                "ばらつき": "",
                "周辺状況": "森林山間地",
                "備考": "測定不可（雲量大）",
                "継続観察登録地点": "○"
            }
        },
        {
            "type": "Feature",
            "geometry": {
                "type": "Point",
                "coordinates": [
                    137.87861111,
                    36.16972222
                ]
            },
            "properties": {
                "調査時期": "2024_S",
                "都道府県": "長野県",
                "市区町村": "山形村",
                "撮影場所": "山形村 ミラ フード館 ",
                "撮影日時": "2024-08-26T19:59:00+09:00",
                "緯度": "36.16972222 ",
                "経度": "137.87861111 ",
                "夜空の明るさ": "19.88",
                "ばらつき": "0.11",
                "周辺状況": "農業地域",
                "備考": "",
                "継続観察登録地点": "○"
            }
        },
        {
            "type": "Feature",
            "geometry": {
                "type": "Point",
                "coordinates": [
                    137.86305556,
                    36.12777778
                ]
            },
            "properties": {
                "調査時期": "2024_S",
                "都道府県": "長野県",
                "市区町村": "朝日村",
                "撮影場所": "朝日小学校付近",
                "撮影日時": "2024-08-26T21:28:00+09:00",
                "緯度": "36.12777778 ",
                "経度": "137.86305556 ",
                "夜空の明るさ": "20.59",
                "ばらつき": "0.07",
                "周辺状況": "住宅地域",
                "備考": "",
                "継続観察登録地点": "○"
            }
        },
        {
            "type": "Feature",
            "geometry": {
                "type": "Point",
                "coordinates": [
                    138.19472222,
                    36.43444444
                ]
            },
            "properties": {
                "調査時期": "2024_S",
                "都道府県": "長野県",
                "市区町村": "坂城町",
                "撮影場所": "",
                "撮影日時": "2024-08-26T20:27:00+09:00",
                "緯度": "36.43444444 ",
                "経度": "138.19472222 ",
                "夜空の明るさ": "19.89",
                "ばらつき": "0.10",
                "周辺状況": "",
                "備考": "",
                "継続観察登録地点": ""
            }
        },
        {
            "type": "Feature",
            "geometry": {
                "type": "Point",
                "coordinates": [
                    137.05861111,
                    35.39666667
                ]
            },
            "properties": {
                "調査時期": "2024_S",
                "都道府県": "岐阜県",
                "市区町村": "可児市",
                "撮影場所": "可児市 天体ドーム横",
                "撮影日時": "2024-09-05T20:06:00+09:00",
                "緯度": "35.39666667 ",
                "経度": "137.05861111 ",
                "夜空の明るさ": "18.23",
                "ばらつき": "0.16",
                "周辺状況": "住宅地域",
                "備考": "",
                "継続観察登録地点": "○"
            }
        },
        {
            "type": "Feature",
            "geometry": {
                "type": "Point",
                "coordinates": [
                    136.4575,
                    35.57583333
                ]
            },
            "properties": {
                "調査時期": "2024_S",
                "都道府県": "岐阜県",
                "市区町村": "揖斐川町",
                "撮影場所": "揖斐川町西横山",
                "撮影日時": "2024-09-06T20:10:00+09:00",
                "緯度": "35.57583333 ",
                "経度": "136.45750000 ",
                "夜空の明るさ": "20.56",
                "ばらつき": "0.14",
                "周辺状況": "森林山間地",
                "備考": "",
                "継続観察登録地点": "○"
            }
        },
        {
            "type": "Feature",
            "geometry": {
                "type": "Point",
                "coordinates": [
                    138.89333333,
                    35.10138889
                ]
            },
            "properties": {
                "調査時期": "2024_S",
                "都道府県": "静岡県",
                "市区町村": "清水町",
                "撮影場所": "",
                "撮影日時": "2024-09-04T21:02:00+09:00",
                "緯度": "35.10138889 ",
                "経度": "138.89333333 ",
                "夜空の明るさ": "18.22",
                "ばらつき": "0.11",
                "周辺状況": "",
                "備考": "",
                "継続観察登録地点": ""
            }
        },
        {
            "type": "Feature",
            "geometry": {
                "type": "Point",
                "coordinates": [
                    136.89944444,
                    35.165
                ]
            },
            "properties": {
                "調査時期": "2024_S",
                "都道府県": "愛知県",
                "市区町村": "名古屋市　中区",
                "撮影場所": "名古屋市科学館",
                "撮影日時": "2024-09-04T20:19:00+09:00",
                "緯度": "35.16500000 ",
                "経度": "136.89944444 ",
                "夜空の明るさ": "16.30",
                "ばらつき": "0.10",
                "周辺状況": "商業地域",
                "備考": "",
                "継続観察登録地点": "○"
            }
        },
        {
            "type": "Feature",
            "geometry": {
                "type": "Point",
                "coordinates": [
                    137.05388889,
                    35.05694444
                ]
            },
            "properties": {
                "調査時期": "2024_S",
                "都道府県": "愛知県",
                "市区町村": "刈谷市",
                "撮影場所": "",
                "撮影日時": "2024-09-04T20:51:00+09:00",
                "緯度": "35.05694444 ",
                "経度": "137.05388889 ",
                "夜空の明るさ": "17.43",
                "ばらつき": "0.18",
                "周辺状況": "",
                "備考": "",
                "継続観察登録地点": ""
            }
        },
        {
            "type": "Feature",
            "geometry": {
                "type": "Point",
                "coordinates": [
                    137.125,
                    35.05305556
                ]
            },
            "properties": {
                "調査時期": "2024_S",
                "都道府県": "愛知県",
                "市区町村": "豊田市",
                "撮影場所": "",
                "撮影日時": "2024-09-04T20:37:00+09:00",
                "緯度": "35.05305556 ",
                "経度": "137.12500000 ",
                "夜空の明るさ": "17.37",
                "ばらつき": "0.07",
                "周辺状況": "",
                "備考": "",
                "継続観察登録地点": ""
            }
        },
        {
            "type": "Feature",
            "geometry": {
                "type": "Point",
                "coordinates": [
                    137.1525,
                    35.07805556
                ]
            },
            "properties": {
                "調査時期": "2024_S",
                "都道府県": "愛知県",
                "市区町村": "豊田市",
                "撮影場所": "",
                "撮影日時": "2024-09-05T20:01:00+09:00",
                "緯度": "35.07805556 ",
                "経度": "137.15250000 ",
                "夜空の明るさ": "17.01",
                "ばらつき": "0.11",
                "周辺状況": "",
                "備考": "",
                "継続観察登録地点": ""
            }
        },
        {
            "type": "Feature",
            "geometry": {
                "type": "Point",
                "coordinates": [
                    137.40805556,
                    35.21805556
                ]
            },
            "properties": {
                "調査時期": "2024_S",
                "都道府県": "愛知県",
                "市区町村": "豊田市",
                "撮影場所": "",
                "撮影日時": "2024-09-06T21:33:00+09:00",
                "緯度": "35.21805556 ",
                "経度": "137.40805556 ",
                "夜空の明るさ": "20.30",
                "ばらつき": "0.03",
                "周辺状況": "",
                "備考": "",
                "継続観察登録地点": ""
            }
        },
        {
            "type": "Feature",
            "geometry": {
                "type": "Point",
                "coordinates": [
                    137.40805556,
                    35.21805556
                ]
            },
            "properties": {
                "調査時期": "2024_S",
                "都道府県": "愛知県",
                "市区町村": "豊田市",
                "撮影場所": "",
                "撮影日時": "2024-09-06T21:34:00+09:00",
                "緯度": "35.21805556 ",
                "経度": "137.40805556 ",
                "夜空の明るさ": "20.31",
                "ばらつき": "0.12",
                "周辺状況": "",
                "備考": "",
                "継続観察登録地点": ""
            }
        },
        {
            "type": "Feature",
            "geometry": {
                "type": "Point",
                "coordinates": [
                    137.39638889,
                    35.03416667
                ]
            },
            "properties": {
                "調査時期": "2024_S",
                "都道府県": "愛知県",
                "市区町村": "豊田市",
                "撮影場所": "",
                "撮影日時": "2024-09-06T20:16:00+09:00",
                "緯度": "35.03416667 ",
                "経度": "137.39638889 ",
                "夜空の明るさ": "19.22",
                "ばらつき": "0.09",
                "周辺状況": "",
                "備考": "",
                "継続観察登録地点": ""
            }
        },
        {
            "type": "Feature",
            "geometry": {
                "type": "Point",
                "coordinates": [
                    137.39638889,
                    35.03416667
                ]
            },
            "properties": {
                "調査時期": "2024_S",
                "都道府県": "愛知県",
                "市区町村": "豊田市",
                "撮影場所": "",
                "撮影日時": "2024-09-06T19:53:00+09:00",
                "緯度": "35.03416667 ",
                "経度": "137.39638889 ",
                "夜空の明るさ": "19.17",
                "ばらつき": "0.18",
                "周辺状況": "",
                "備考": "",
                "継続観察登録地点": ""
            }
        },
        {
            "type": "Feature",
            "geometry": {
                "type": "Point",
                "coordinates": [
                    137.55305556,
                    34.9975
                ]
            },
            "properties": {
                "調査時期": "2024_S",
                "都道府県": "愛知県",
                "市区町村": "新城市",
                "撮影場所": "",
                "撮影日時": "2024-09-06T19:50:00+09:00",
                "緯度": "34.99750000 ",
                "経度": "137.55305556 ",
                "夜空の明るさ": "20.10",
                "ばらつき": "0.13",
                "周辺状況": "",
                "備考": "",
                "継続観察登録地点": ""
            }
        },
        {
            "type": "Feature",
            "geometry": {
                "type": "Point",
                "coordinates": [
                    137.11777778,
                    35.10944444
                ]
            },
            "properties": {
                "調査時期": "2024_S",
                "都道府県": "愛知県",
                "市区町村": "みよし市",
                "撮影場所": "",
                "撮影日時": "2024-09-05T20:47:00+09:00",
                "緯度": "35.10944444 ",
                "経度": "137.11777778 ",
                "夜空の明るさ": "17.30",
                "ばらつき": "0.00",
                "周辺状況": "",
                "備考": "",
                "継続観察登録地点": ""
            }
        },
        {
            "type": "Feature",
            "geometry": {
                "type": "Point",
                "coordinates": [
                    137.07194444,
                    35.1175
                ]
            },
            "properties": {
                "調査時期": "2024_S",
                "都道府県": "愛知県",
                "市区町村": "東郷町",
                "撮影場所": "",
                "撮影日時": "2024-08-25T21:07:00+09:00",
                "緯度": "35.11750000 ",
                "経度": "137.07194444 ",
                "夜空の明るさ": "18.20",
                "ばらつき": "0.10",
                "周辺状況": "",
                "備考": "",
                "継続観察登録地点": ""
            }
        },
        {
            "type": "Feature",
            "geometry": {
                "type": "Point",
                "coordinates": [
                    137.60416667,
                    35.20055556
                ]
            },
            "properties": {
                "調査時期": "2024_S",
                "都道府県": "愛知県",
                "市区町村": "設楽町",
                "撮影場所": "",
                "撮影日時": "2024-09-05T20:14:00+09:00",
                "緯度": "35.20055556 ",
                "経度": "137.60416667 ",
                "夜空の明るさ": "19.92",
                "ばらつき": "0.12",
                "周辺状況": "",
                "備考": "",
                "継続観察登録地点": ""
            }
        },
        {
            "type": "Feature",
            "geometry": {
                "type": "Point",
                "coordinates": [
                    137.60388889,
                    35.20194444
                ]
            },
            "properties": {
                "調査時期": "2024_S",
                "都道府県": "愛知県",
                "市区町村": "設楽町",
                "撮影場所": "道の駅つぐ高原グリーンパーク",
                "撮影日時": "2024-09-06T20:02:00+09:00",
                "緯度": "35.20194444 ",
                "経度": "137.60388889 ",
                "夜空の明るさ": "20.43",
                "ばらつき": "0.11",
                "周辺状況": "自然公園等",
                "備考": "",
                "継続観察登録地点": "○"
            }
        },
        {
            "type": "Feature",
            "geometry": {
                "type": "Point",
                "coordinates": [
                    137.60388889,
                    35.20194444
                ]
            },
            "properties": {
                "調査時期": "2024_S",
                "都道府県": "愛知県",
                "市区町村": "設楽町",
                "撮影場所": "道の駅つぐ高原グリーンパーク",
                "撮影日時": "2024-09-06T20:03:00+09:00",
                "緯度": "35.20194444 ",
                "経度": "137.60388889 ",
                "夜空の明るさ": "20.53",
                "ばらつき": "0.17",
                "周辺状況": "自然公園等",
                "備考": "",
                "継続観察登録地点": "○"
            }
        },
        {
            "type": "Feature",
            "geometry": {
                "type": "Point",
                "coordinates": [
                    137.60361111,
                    35.19888889
                ]
            },
            "properties": {
                "調査時期": "2024_S",
                "都道府県": "愛知県",
                "市区町村": "設楽町",
                "撮影場所": "",
                "撮影日時": "2024-09-06T19:50:00+09:00",
                "緯度": "35.19888889 ",
                "経度": "137.60361111 ",
                "夜空の明るさ": "20.68",
                "ばらつき": "0.09",
                "周辺状況": "",
                "備考": "",
                "継続観察登録地点": ""
            }
        },
        {
            "type": "Feature",
            "geometry": {
                "type": "Point",
                "coordinates": [
                    137.59083333,
                    35.18833333
                ]
            },
            "properties": {
                "調査時期": "2024_S",
                "都道府県": "愛知県",
                "市区町村": "設楽町",
                "撮影場所": "",
                "撮影日時": "2024-09-06T20:27:00+09:00",
                "緯度": "35.18833333 ",
                "経度": "137.59083333 ",
                "夜空の明るさ": "20.68",
                "ばらつき": "0.10",
                "周辺状況": "",
                "備考": "",
                "継続観察登録地点": ""
            }
        },
        {
            "type": "Feature",
            "geometry": {
                "type": "Point",
                "coordinates": [
                    137.57361111,
                    35.09361111
                ]
            },
            "properties": {
                "調査時期": "2024_S",
                "都道府県": "愛知県",
                "市区町村": "設楽町",
                "撮影場所": "奥三河総合センター",
                "撮影日時": "2024-09-06T20:27:00+09:00",
                "緯度": "35.09361111 ",
                "経度": "137.57361111 ",
                "夜空の明るさ": "20.33",
                "ばらつき": "0.09",
                "周辺状況": "住宅地域",
                "備考": "",
                "継続観察登録地点": "○"
            }
        },
        {
            "type": "Feature",
            "geometry": {
                "type": "Point",
                "coordinates": [
                    137.53194444,
                    35.05833333
                ]
            },
            "properties": {
                "調査時期": "2024_S",
                "都道府県": "愛知県",
                "市区町村": "設楽町",
                "撮影場所": "",
                "撮影日時": "2024-09-06T20:44:00+09:00",
                "緯度": "35.05833333 ",
                "経度": "137.53194444 ",
                "夜空の明るさ": "20.16",
                "ばらつき": "0.10",
                "周辺状況": "",
                "備考": "",
                "継続観察登録地点": ""
            }
        },
        {
            "type": "Feature",
            "geometry": {
                "type": "Point",
                "coordinates": [
                    137.54972222,
                    35.06361111
                ]
            },
            "properties": {
                "調査時期": "2024_S",
                "都道府県": "愛知県",
                "市区町村": "設楽町",
                "撮影場所": "",
                "撮影日時": "2024-09-06T20:10:00+09:00",
                "緯度": "35.06361111 ",
                "経度": "137.54972222 ",
                "夜空の明るさ": "19.72",
                "ばらつき": "0.07",
                "周辺状況": "",
                "備考": "",
                "継続観察登録地点": ""
            }
        },
        {
            "type": "Feature",
            "geometry": {
                "type": "Point",
                "coordinates": [
                    137.59111111,
                    35.18888889
                ]
            },
            "properties": {
                "調査時期": "2024_S",
                "都道府県": "愛知県",
                "市区町村": "設楽町",
                "撮影場所": "",
                "撮影日時": "2024-09-06T20:11:00+09:00",
                "緯度": "35.18888889 ",
                "経度": "137.59111111 ",
                "夜空の明るさ": "20.52",
                "ばらつき": "0.15",
                "周辺状況": "",
                "備考": "",
                "継続観察登録地点": ""
            }
        },
        {
            "type": "Feature",
            "geometry": {
                "type": "Point",
                "coordinates": [
                    137.59111111,
                    35.18888889
                ]
            },
            "properties": {
                "調査時期": "2024_S",
                "都道府県": "愛知県",
                "市区町村": "設楽町",
                "撮影場所": "",
                "撮影日時": "2024-09-06T20:12:00+09:00",
                "緯度": "35.18888889 ",
                "経度": "137.59111111 ",
                "夜空の明るさ": "20.46",
                "ばらつき": "0.12",
                "周辺状況": "",
                "備考": "",
                "継続観察登録地点": ""
            }
        },
        {
            "type": "Feature",
            "geometry": {
                "type": "Point",
                "coordinates": [
                    137.60444444,
                    35.20055556
                ]
            },
            "properties": {
                "調査時期": "2024_S",
                "都道府県": "愛知県",
                "市区町村": "設楽町",
                "撮影場所": "",
                "撮影日時": "2024-09-06T21:51:00+09:00",
                "緯度": "35.20055556 ",
                "経度": "137.60444444 ",
                "夜空の明るさ": "19.89",
                "ばらつき": "0.15",
                "周辺状況": "",
                "備考": "",
                "継続観察登録地点": ""
            }
        },
        {
            "type": "Feature",
            "geometry": {
                "type": "Point",
                "coordinates": [
                    137.60444444,
                    35.20055556
                ]
            },
            "properties": {
                "調査時期": "2024_S",
                "都道府県": "愛知県",
                "市区町村": "設楽町",
                "撮影場所": "",
                "撮影日時": "2024-09-06T22:11:00+09:00",
                "緯度": "35.20055556 ",
                "経度": "137.60444444 ",
                "夜空の明るさ": "20.58",
                "ばらつき": "0.17",
                "周辺状況": "",
                "備考": "",
                "継続観察登録地点": ""
            }
        },
        {
            "type": "Feature",
            "geometry": {
                "type": "Point",
                "coordinates": [
                    137.48666667,
                    35.16611111
                ]
            },
            "properties": {
                "調査時期": "2024_S",
                "都道府県": "愛知県",
                "市区町村": "設楽町",
                "撮影場所": "",
                "撮影日時": "2024-09-13T22:51:00+09:00",
                "緯度": "35.16611111 ",
                "経度": "137.48666667 ",
                "夜空の明るさ": "19.14",
                "ばらつき": "0.27",
                "周辺状況": "",
                "備考": "参考値（時間外）",
                "継続観察登録地点": ""
            }
        },
        {
            "type": "Feature",
            "geometry": {
                "type": "Point",
                "coordinates": [
                    137.48666667,
                    35.16611111
                ]
            },
            "properties": {
                "調査時期": "2024_S",
                "都道府県": "愛知県",
                "市区町村": "設楽町",
                "撮影場所": "",
                "撮影日時": "2024-09-14T01:44:00+09:00",
                "緯度": "35.16611111 ",
                "経度": "137.48666667 ",
                "夜空の明るさ": "",
                "ばらつき": "",
                "周辺状況": "",
                "備考": "測定不可（雲量大）",
                "継続観察登録地点": ""
            }
        },
        {
            "type": "Feature",
            "geometry": {
                "type": "Point",
                "coordinates": [
                    137.7225,
                    35.12027778
                ]
            },
            "properties": {
                "調査時期": "2024_S",
                "都道府県": "愛知県",
                "市区町村": "東栄町",
                "撮影場所": "",
                "撮影日時": "2024-09-06T20:38:00+09:00",
                "緯度": "35.12027778 ",
                "経度": "137.72250000 ",
                "夜空の明るさ": "19.70",
                "ばらつき": "0.24",
                "周辺状況": "",
                "備考": "",
                "継続観察登録地点": ""
            }
        },
        {
            "type": "Feature",
            "geometry": {
                "type": "Point",
                "coordinates": [
                    137.71611111,
                    35.08083333
                ]
            },
            "properties": {
                "調査時期": "2024_S",
                "都道府県": "愛知県",
                "市区町村": "東栄町",
                "撮影場所": "",
                "撮影日時": "2024-09-06T20:01:00+09:00",
                "緯度": "35.08083333 ",
                "経度": "137.71611111 ",
                "夜空の明るさ": "20.59",
                "ばらつき": "0.09",
                "周辺状況": "",
                "備考": "",
                "継続観察登録地点": ""
            }
        },
        {
            "type": "Feature",
            "geometry": {
                "type": "Point",
                "coordinates": [
                    137.65916667,
                    35.22166667
                ]
            },
            "properties": {
                "調査時期": "2024_S",
                "都道府県": "愛知県",
                "市区町村": "豊根村",
                "撮影場所": "茶臼山高原(愛知県北設楽郡豊根村)",
                "撮影日時": "2024-09-06T19:46:00+09:00",
                "緯度": "35.22166667 ",
                "経度": "137.65916667 ",
                "夜空の明るさ": "20.59",
                "ばらつき": "0.10",
                "周辺状況": "自然公園等",
                "備考": "",
                "継続観察登録地点": "○"
            }
        },
        {
            "type": "Feature",
            "geometry": {
                "type": "Point",
                "coordinates": [
                    137.65916667,
                    35.22166667
                ]
            },
            "properties": {
                "調査時期": "2024_S",
                "都道府県": "愛知県",
                "市区町村": "豊根村",
                "撮影場所": "茶臼山高原(愛知県北設楽郡豊根村)",
                "撮影日時": "2024-09-06T19:47:00+09:00",
                "緯度": "35.22166667 ",
                "経度": "137.65916667 ",
                "夜空の明るさ": "20.62",
                "ばらつき": "0.12",
                "周辺状況": "自然公園等",
                "備考": "",
                "継続観察登録地点": "○"
            }
        },
        {
            "type": "Feature",
            "geometry": {
                "type": "Point",
                "coordinates": [
                    136.36,
                    34.88222222
                ]
            },
            "properties": {
                "調査時期": "2024_S",
                "都道府県": "三重県",
                "市区町村": "亀山市",
                "撮影場所": "鈴鹿峠自然の家",
                "撮影日時": "2024-09-04T21:41:00+09:00",
                "緯度": "34.88222222 ",
                "経度": "136.36000000 ",
                "夜空の明るさ": "19.30",
                "ばらつき": "0.07",
                "周辺状況": "森林山間地",
                "備考": "",
                "継続観察登録地点": "○"
            }
        },
        {
            "type": "Feature",
            "geometry": {
                "type": "Point",
                "coordinates": [
                    136.36,
                    34.88194444
                ]
            },
            "properties": {
                "調査時期": "2024_S",
                "都道府県": "三重県",
                "市区町村": "亀山市",
                "撮影場所": "鈴鹿峠自然の家",
                "撮影日時": "2024-09-04T21:44:00+09:00",
                "緯度": "34.88194444 ",
                "経度": "136.36000000 ",
                "夜空の明るさ": "19.40",
                "ばらつき": "0.07",
                "周辺状況": "森林山間地",
                "備考": "",
                "継続観察登録地点": "○"
            }
        },
        {
            "type": "Feature",
            "geometry": {
                "type": "Point",
                "coordinates": [
                    136.36,
                    34.88194444
                ]
            },
            "properties": {
                "調査時期": "2024_S",
                "都道府県": "三重県",
                "市区町村": "亀山市",
                "撮影場所": "鈴鹿峠自然の家",
                "撮影日時": "2024-09-05T21:29:00+09:00",
                "緯度": "34.88194444 ",
                "経度": "136.36000000 ",
                "夜空の明るさ": "19.49",
                "ばらつき": "0.13",
                "周辺状況": "森林山間地",
                "備考": "",
                "継続観察登録地点": "○"
            }
        },
        {
            "type": "Feature",
            "geometry": {
                "type": "Point",
                "coordinates": [
                    136.36,
                    34.88194444
                ]
            },
            "properties": {
                "調査時期": "2024_S",
                "都道府県": "三重県",
                "市区町村": "亀山市",
                "撮影場所": "鈴鹿峠自然の家",
                "撮影日時": "2024-09-05T21:32:00+09:00",
                "緯度": "34.88194444 ",
                "経度": "136.36000000 ",
                "夜空の明るさ": "19.66",
                "ばらつき": "0.09",
                "周辺状況": "森林山間地",
                "備考": "",
                "継続観察登録地点": "○"
            }
        },
        {
            "type": "Feature",
            "geometry": {
                "type": "Point",
                "coordinates": [
                    135.77194444,
                    35.01444444
                ]
            },
            "properties": {
                "調査時期": "2024_S",
                "都道府県": "京都府",
                "市区町村": "京都市　左京区",
                "撮影場所": "京都市左京区 鴨川河川敷",
                "撮影日時": "2024-09-03T20:12:00+09:00",
                "緯度": "35.01444444 ",
                "経度": "135.77194444 ",
                "夜空の明るさ": "17.77",
                "ばらつき": "0.10",
                "周辺状況": "住宅地域",
                "備考": "",
                "継続観察登録地点": "○"
            }
        },
        {
            "type": "Feature",
            "geometry": {
                "type": "Point",
                "coordinates": [
                    135.90416667,
                    34.78833333
                ]
            },
            "properties": {
                "調査時期": "2024_S",
                "都道府県": "京都府",
                "市区町村": "和束町",
                "撮影場所": "相楽郡和束町杣田",
                "撮影日時": "2024-09-03T21:28:00+09:00",
                "緯度": "34.78833333 ",
                "経度": "135.90416667 ",
                "夜空の明るさ": "19.35",
                "ばらつき": "0.13",
                "周辺状況": "農業地域",
                "備考": "",
                "継続観察登録地点": "○"
            }
        },
        {
            "type": "Feature",
            "geometry": {
                "type": "Point",
                "coordinates": [
                    135.64055556,
                    34.81
                ]
            },
            "properties": {
                "調査時期": "2024_S",
                "都道府県": "大阪府",
                "市区町村": "枚方市",
                "撮影場所": "枚方市 ひらパー",
                "撮影日時": "2024-09-03T20:54:00+09:00",
                "緯度": "34.81000000 ",
                "経度": "135.64055556 ",
                "夜空の明るさ": "17.41",
                "ばらつき": "0.15",
                "周辺状況": "住宅地域",
                "備考": "",
                "継続観察登録地点": "○"
            }
        },
        {
            "type": "Feature",
            "geometry": {
                "type": "Point",
                "coordinates": [
                    135.55861111,
                    34.81777778
                ]
            },
            "properties": {
                "調査時期": "2024_S",
                "都道府県": "大阪府",
                "市区町村": "茨木市",
                "撮影場所": "",
                "撮影日時": "2024-09-02T20:31:00+09:00",
                "緯度": "34.81777778 ",
                "経度": "135.55861111 ",
                "夜空の明るさ": "",
                "ばらつき": "",
                "周辺状況": "",
                "備考": "測定不可（ピントずれ）",
                "継続観察登録地点": ""
            }
        },
        {
            "type": "Feature",
            "geometry": {
                "type": "Point",
                "coordinates": [
                    135.13333333,
                    34.68361111
                ]
            },
            "properties": {
                "調査時期": "2024_S",
                "都道府県": "兵庫県",
                "市区町村": "神戸市　長田区",
                "撮影場所": "神戸市長田区鹿松町",
                "撮影日時": "2024-08-24T20:25:00+09:00",
                "緯度": "34.68361111 ",
                "経度": "135.13333333 ",
                "夜空の明るさ": "17.74",
                "ばらつき": "0.23",
                "周辺状況": "住宅地域",
                "備考": "",
                "継続観察登録地点": "○"
            }
        },
        {
            "type": "Feature",
            "geometry": {
                "type": "Point",
                "coordinates": [
                    135.13305556,
                    34.68361111
                ]
            },
            "properties": {
                "調査時期": "2024_S",
                "都道府県": "兵庫県",
                "市区町村": "神戸市　長田区",
                "撮影場所": "神戸市長田区鹿松町",
                "撮影日時": "2024-08-27T20:26:00+09:00",
                "緯度": "34.68361111 ",
                "経度": "135.13305556 ",
                "夜空の明るさ": "18.00",
                "ばらつき": "0.11",
                "周辺状況": "住宅地域",
                "備考": "",
                "継続観察登録地点": "○"
            }
        },
        {
            "type": "Feature",
            "geometry": {
                "type": "Point",
                "coordinates": [
                    135.13277778,
                    34.68361111
                ]
            },
            "properties": {
                "調査時期": "2024_S",
                "都道府県": "兵庫県",
                "市区町村": "神戸市　長田区",
                "撮影場所": "神戸市長田区鹿松町",
                "撮影日時": "2024-09-02T19:59:00+09:00",
                "緯度": "34.68361111 ",
                "経度": "135.13277778 ",
                "夜空の明るさ": "17.43",
                "ばらつき": "0.14",
                "周辺状況": "住宅地域",
                "備考": "",
                "継続観察登録地点": "○"
            }
        },
        {
            "type": "Feature",
            "geometry": {
                "type": "Point",
                "coordinates": [
                    135.1325,
                    34.68361111
                ]
            },
            "properties": {
                "調査時期": "2024_S",
                "都道府県": "兵庫県",
                "市区町村": "神戸市　長田区",
                "撮影場所": "神戸市長田区鹿松町",
                "撮影日時": "2024-09-03T20:00:00+09:00",
                "緯度": "34.68361111 ",
                "経度": "135.13250000 ",
                "夜空の明るさ": "17.90",
                "ばらつき": "0.15",
                "周辺状況": "住宅地域",
                "備考": "",
                "継続観察登録地点": "○"
            }
        },
        {
            "type": "Feature",
            "geometry": {
                "type": "Point",
                "coordinates": [
                    135.13361111,
                    34.68361111
                ]
            },
            "properties": {
                "調査時期": "2024_S",
                "都道府県": "兵庫県",
                "市区町村": "神戸市　長田区",
                "撮影場所": "神戸市長田区鹿松町",
                "撮影日時": "2024-09-05T20:10:00+09:00",
                "緯度": "34.68361111 ",
                "経度": "135.13361111 ",
                "夜空の明るさ": "17.74",
                "ばらつき": "0.16",
                "周辺状況": "住宅地域",
                "備考": "",
                "継続観察登録地点": "○"
            }
        },
        {
            "type": "Feature",
            "geometry": {
                "type": "Point",
                "coordinates": [
                    135.13222222,
                    34.68361111
                ]
            },
            "properties": {
                "調査時期": "2024_S",
                "都道府県": "兵庫県",
                "市区町村": "神戸市　長田区",
                "撮影場所": "神戸市長田区鹿松町",
                "撮影日時": "2024-09-06T20:38:00+09:00",
                "緯度": "34.68361111 ",
                "経度": "135.13222222 ",
                "夜空の明るさ": "17.44",
                "ばらつき": "0.03",
                "周辺状況": "住宅地域",
                "備考": "",
                "継続観察登録地点": "○"
            }
        },
        {
            "type": "Feature",
            "geometry": {
                "type": "Point",
                "coordinates": [
                    135.05472222,
                    34.65555556
                ]
            },
            "properties": {
                "調査時期": "2024_S",
                "都道府県": "兵庫県",
                "市区町村": "神戸市　垂水区",
                "撮影場所": "兵庫県立舞子高等学校屋上",
                "撮影日時": "2024-09-02T19:23:00+09:00",
                "緯度": "34.65555556 ",
                "経度": "135.05472222 ",
                "夜空の明るさ": "18.52",
                "ばらつき": "0.12",
                "周辺状況": "住宅地域",
                "備考": "",
                "継続観察登録地点": "○"
            }
        },
        {
            "type": "Feature",
            "geometry": {
                "type": "Point",
                "coordinates": [
                    135.055,
                    34.65527778
                ]
            },
            "properties": {
                "調査時期": "2024_S",
                "都道府県": "兵庫県",
                "市区町村": "神戸市　垂水区",
                "撮影場所": "兵庫県立舞子高等学校屋上",
                "撮影日時": "2024-09-03T19:10:00+09:00",
                "緯度": "34.65527778 ",
                "経度": "135.05500000 ",
                "夜空の明るさ": "16.90",
                "ばらつき": "0.10",
                "周辺状況": "住宅地域",
                "備考": "",
                "継続観察登録地点": "○"
            }
        },
        {
            "type": "Feature",
            "geometry": {
                "type": "Point",
                "coordinates": [
                    135.03277778,
                    34.69722222
                ]
            },
            "properties": {
                "調査時期": "2024_S",
                "都道府県": "兵庫県",
                "市区町村": "神戸市　西区",
                "撮影場所": "神戸市西区井吹台 西神南",
                "撮影日時": "2024-09-03T21:00:00+09:00",
                "緯度": "34.69722222 ",
                "経度": "135.03277778 ",
                "夜空の明るさ": "19.36",
                "ばらつき": "0.25",
                "周辺状況": "住宅地域",
                "備考": "",
                "継続観察登録地点": "○"
            }
        },
        {
            "type": "Feature",
            "geometry": {
                "type": "Point",
                "coordinates": [
                    135.055,
                    34.65527778
                ]
            },
            "properties": {
                "調査時期": "2024_S",
                "都道府県": "兵庫県",
                "市区町村": "神戸市　垂水区",
                "撮影場所": "兵庫県立舞子高等学校屋上",
                "撮影日時": "2024-09-04T20:06:00+09:00",
                "緯度": "34.65527778 ",
                "経度": "135.05500000 ",
                "夜空の明るさ": "",
                "ばらつき": "",
                "周辺状況": "住宅地域",
                "備考": "測定不可（設定エラー）",
                "継続観察登録地点": "○"
            }
        },
        {
            "type": "Feature",
            "geometry": {
                "type": "Point",
                "coordinates": [
                    135.03277778,
                    34.69638889
                ]
            },
            "properties": {
                "調査時期": "2024_S",
                "都道府県": "兵庫県",
                "市区町村": "神戸市　西区",
                "撮影場所": "神戸市西区井吹台 西神南",
                "撮影日時": "2024-09-04T21:32:00+09:00",
                "緯度": "34.69638889 ",
                "経度": "135.03277778 ",
                "夜空の明るさ": "",
                "ばらつき": "",
                "周辺状況": "住宅地域",
                "備考": "測定不可（設定エラー）",
                "継続観察登録地点": "○"
            }
        },
        {
            "type": "Feature",
            "geometry": {
                "type": "Point",
                "coordinates": [
                    135.055,
                    34.65472222
                ]
            },
            "properties": {
                "調査時期": "2024_S",
                "都道府県": "兵庫県",
                "市区町村": "神戸市　垂水区",
                "撮影場所": "兵庫県立舞子高等学校屋上",
                "撮影日時": "2024-09-05T18:57:00+09:00",
                "緯度": "34.65472222 ",
                "経度": "135.05500000 ",
                "夜空の明るさ": "15.87",
                "ばらつき": "0.14",
                "周辺状況": "住宅地域",
                "備考": "",
                "継続観察登録地点": "○"
            }
        },
        {
            "type": "Feature",
            "geometry": {
                "type": "Point",
                "coordinates": [
                    135.0325,
                    34.69694444
                ]
            },
            "properties": {
                "調査時期": "2024_S",
                "都道府県": "兵庫県",
                "市区町村": "神戸市　西区",
                "撮影場所": "神戸市西区井吹台 西神南",
                "撮影日時": "2024-09-05T20:32:00+09:00",
                "緯度": "34.69694444 ",
                "経度": "135.03250000 ",
                "夜空の明るさ": "17.61",
                "ばらつき": "0.07",
                "周辺状況": "住宅地域",
                "備考": "",
                "継続観察登録地点": "○"
            }
        },
        {
            "type": "Feature",
            "geometry": {
                "type": "Point",
                "coordinates": [
                    135.03194444,
                    34.69694444
                ]
            },
            "properties": {
                "調査時期": "2024_S",
                "都道府県": "兵庫県",
                "市区町村": "神戸市　西区",
                "撮影場所": "神戸市西区井吹台 西神南",
                "撮影日時": "2024-09-07T23:18:00+09:00",
                "緯度": "34.69694444 ",
                "経度": "135.03194444 ",
                "夜空の明るさ": "17.87",
                "ばらつき": "0.09",
                "周辺状況": "住宅地域",
                "備考": "参考値（時間外）",
                "継続観察登録地点": "○"
            }
        },
        {
            "type": "Feature",
            "geometry": {
                "type": "Point",
                "coordinates": [
                    135.05527778,
                    34.655
                ]
            },
            "properties": {
                "調査時期": "2024_S",
                "都道府県": "兵庫県",
                "市区町村": "神戸市　垂水区",
                "撮影場所": "兵庫県立舞子高等学校屋上",
                "撮影日時": "2024-09-08T20:04:00+09:00",
                "緯度": "34.65500000 ",
                "経度": "135.05527778 ",
                "夜空の明るさ": "17.47",
                "ばらつき": "0.11",
                "周辺状況": "住宅地域",
                "備考": "",
                "継続観察登録地点": "○"
            }
        },
        {
            "type": "Feature",
            "geometry": {
                "type": "Point",
                "coordinates": [
                    135.05527778,
                    34.65472222
                ]
            },
            "properties": {
                "調査時期": "2024_S",
                "都道府県": "兵庫県",
                "市区町村": "神戸市　垂水区",
                "撮影場所": "兵庫県立舞子高等学校屋上",
                "撮影日時": "2024-09-09T20:25:00+09:00",
                "緯度": "34.65472222 ",
                "経度": "135.05527778 ",
                "夜空の明るさ": "17.64",
                "ばらつき": "0.11",
                "周辺状況": "住宅地域",
                "備考": "",
                "継続観察登録地点": "○"
            }
        },
        {
            "type": "Feature",
            "geometry": {
                "type": "Point",
                "coordinates": [
                    135.36138889,
                    34.75111111
                ]
            },
            "properties": {
                "調査時期": "2024_S",
                "都道府県": "兵庫県",
                "市区町村": "西宮市",
                "撮影場所": "",
                "撮影日時": "2024-09-06T20:18:00+09:00",
                "緯度": "34.75111111 ",
                "経度": "135.36138889 ",
                "夜空の明るさ": "15.95",
                "ばらつき": "0.50",
                "周辺状況": "",
                "備考": "",
                "継続観察登録地点": ""
            }
        },
        {
            "type": "Feature",
            "geometry": {
                "type": "Point",
                "coordinates": [
                    134.87944444,
                    34.79361111
                ]
            },
            "properties": {
                "調査時期": "2024_S",
                "都道府県": "兵庫県",
                "市区町村": "加古川市",
                "撮影場所": "",
                "撮影日時": "2024-09-03T20:20:00+09:00",
                "緯度": "34.79361111 ",
                "経度": "134.87944444 ",
                "夜空の明るさ": "18.85",
                "ばらつき": "0.09",
                "周辺状況": "",
                "備考": "",
                "継続観察登録地点": ""
            }
        },
        {
            "type": "Feature",
            "geometry": {
                "type": "Point",
                "coordinates": [
                    135.02305556,
                    34.57333333
                ]
            },
            "properties": {
                "調査時期": "2024_S",
                "都道府県": "兵庫県",
                "市区町村": "淡路市",
                "撮影場所": "淡路市久留麻 淡路",
                "撮影日時": "2024-09-02T19:46:00+09:00",
                "緯度": "34.57333333 ",
                "経度": "135.02305556 ",
                "夜空の明るさ": "14.82",
                "ばらつき": "0.16",
                "周辺状況": "その他",
                "備考": "",
                "継続観察登録地点": "○"
            }
        },
        {
            "type": "Feature",
            "geometry": {
                "type": "Point",
                "coordinates": [
                    135.0225,
                    34.57416667
                ]
            },
            "properties": {
                "調査時期": "2024_S",
                "都道府県": "兵庫県",
                "市区町村": "淡路市",
                "撮影場所": "淡路市久留麻 淡路",
                "撮影日時": "2024-09-03T19:48:00+09:00",
                "緯度": "34.57416667 ",
                "経度": "135.02250000 ",
                "夜空の明るさ": "19.03",
                "ばらつき": "0.17",
                "周辺状況": "その他",
                "備考": "",
                "継続観察登録地点": "○"
            }
        },
        {
            "type": "Feature",
            "geometry": {
                "type": "Point",
                "coordinates": [
                    135.02277778,
                    34.57444444
                ]
            },
            "properties": {
                "調査時期": "2024_S",
                "都道府県": "兵庫県",
                "市区町村": "淡路市",
                "撮影場所": "淡路市久留麻 淡路",
                "撮影日時": "2024-09-04T20:33:00+09:00",
                "緯度": "34.57444444 ",
                "経度": "135.02277778 ",
                "夜空の明るさ": "",
                "ばらつき": "",
                "周辺状況": "その他",
                "備考": "測定不可（設定エラー）",
                "継続観察登録地点": "○"
            }
        },
        {
            "type": "Feature",
            "geometry": {
                "type": "Point",
                "coordinates": [
                    135.02194444,
                    34.56722222
                ]
            },
            "properties": {
                "調査時期": "2024_S",
                "都道府県": "兵庫県",
                "市区町村": "淡路市",
                "撮影場所": "淡路市久留麻 淡路",
                "撮影日時": "2024-09-05T20:31:00+09:00",
                "緯度": "34.56722222 ",
                "経度": "135.02194444 ",
                "夜空の明るさ": "17.69",
                "ばらつき": "0.05",
                "周辺状況": "その他",
                "備考": "",
                "継続観察登録地点": "○"
            }
        },
        {
            "type": "Feature",
            "geometry": {
                "type": "Point",
                "coordinates": [
                    134.90916667,
                    34.73277778
                ]
            },
            "properties": {
                "調査時期": "2024_S",
                "都道府県": "兵庫県",
                "市区町村": "稲美町",
                "撮影場所": "",
                "撮影日時": "2024-09-03T19:50:00+09:00",
                "緯度": "34.73277778 ",
                "経度": "134.90916667 ",
                "夜空の明るさ": "18.34",
                "ばらつき": "0.12",
                "周辺状況": "",
                "備考": "",
                "継続観察登録地点": ""
            }
        },
        {
            "type": "Feature",
            "geometry": {
                "type": "Point",
                "coordinates": [
                    135.40666667,
                    34.14416667
                ]
            },
            "properties": {
                "調査時期": "2024_S",
                "都道府県": "和歌山県",
                "市区町村": "紀美野町",
                "撮影場所": "和歌山県海草郡紀美野町　みさと天文台",
                "撮影日時": "2024-08-31T20:34:00+09:00",
                "緯度": "34.14416667 ",
                "経度": "135.40666667 ",
                "夜空の明るさ": "20.59",
                "ばらつき": "0.12",
                "周辺状況": "森林山間地",
                "備考": "",
                "継続観察登録地点": "○"
            }
        },
        {
            "type": "Feature",
            "geometry": {
                "type": "Point",
                "coordinates": [
                    135.40666667,
                    34.14416667
                ]
            },
            "properties": {
                "調査時期": "2024_S",
                "都道府県": "和歌山県",
                "市区町村": "紀美野町",
                "撮影場所": "和歌山県海草郡紀美野町　みさと天文台",
                "撮影日時": "2024-09-04T20:23:00+09:00",
                "緯度": "34.14416667 ",
                "経度": "135.40666667 ",
                "夜空の明るさ": "20.38",
                "ばらつき": "0.13",
                "周辺状況": "森林山間地",
                "備考": "",
                "継続観察登録地点": "○"
            }
        },
        {
            "type": "Feature",
            "geometry": {
                "type": "Point",
                "coordinates": [
                    135.6975,
                    33.59305556
                ]
            },
            "properties": {
                "調査時期": "2024_S",
                "都道府県": "和歌山県",
                "市区町村": "古座川町",
                "撮影場所": "和歌山県東牟婁郡古座川町佐田",
                "撮影日時": "2024-09-06T20:43:00+09:00",
                "緯度": "33.59305556 ",
                "経度": "135.69750000 ",
                "夜空の明るさ": "18.52",
                "ばらつき": "0.29",
                "周辺状況": "森林山間地",
                "備考": "",
                "継続観察登録地点": "○"
            }
        },
        {
            "type": "Feature",
            "geometry": {
                "type": "Point",
                "coordinates": [
                    135.6975,
                    33.59333333
                ]
            },
            "properties": {
                "調査時期": "2024_S",
                "都道府県": "和歌山県",
                "市区町村": "古座川町",
                "撮影場所": "和歌山県東牟婁郡古座川町佐田",
                "撮影日時": "2024-09-06T20:07:00+09:00",
                "緯度": "33.59333333 ",
                "経度": "135.69750000 ",
                "夜空の明るさ": "21.07",
                "ばらつき": "0.09",
                "周辺状況": "森林山間地",
                "備考": "",
                "継続観察登録地点": "○"
            }
        },
        {
            "type": "Feature",
            "geometry": {
                "type": "Point",
                "coordinates": [
                    135.6975,
                    33.59305556
                ]
            },
            "properties": {
                "調査時期": "2024_S",
                "都道府県": "和歌山県",
                "市区町村": "古座川町",
                "撮影場所": "和歌山県東牟婁郡古座川町佐田",
                "撮影日時": "2024-09-06T20:06:00+09:00",
                "緯度": "33.59305556 ",
                "経度": "135.69750000 ",
                "夜空の明るさ": "21.13",
                "ばらつき": "0.14",
                "周辺状況": "森林山間地",
                "備考": "",
                "継続観察登録地点": "○"
            }
        },
        {
            "type": "Feature",
            "geometry": {
                "type": "Point",
                "coordinates": [
                    135.6975,
                    33.59305556
                ]
            },
            "properties": {
                "調査時期": "2024_S",
                "都道府県": "和歌山県",
                "市区町村": "古座川町",
                "撮影場所": "和歌山県東牟婁郡古座川町佐田",
                "撮影日時": "2024-09-07T20:10:00+09:00",
                "緯度": "33.59305556 ",
                "経度": "135.69750000 ",
                "夜空の明るさ": "21.26",
                "ばらつき": "0.21",
                "周辺状況": "森林山間地",
                "備考": "",
                "継続観察登録地点": "○"
            }
        },
        {
            "type": "Feature",
            "geometry": {
                "type": "Point",
                "coordinates": [
                    134.11944444,
                    35.34194444
                ]
            },
            "properties": {
                "調査時期": "2024_S",
                "都道府県": "鳥取県",
                "市区町村": "鳥取市",
                "撮影場所": "さじアストロパーク園地",
                "撮影日時": "2024-09-01T21:46:00+09:00",
                "緯度": "35.34194444 ",
                "経度": "134.11944444 ",
                "夜空の明るさ": "21.16",
                "ばらつき": "0.07",
                "周辺状況": "森林山間地",
                "備考": "",
                "継続観察登録地点": "○"
            }
        },
        {
            "type": "Feature",
            "geometry": {
                "type": "Point",
                "coordinates": [
                    134.10527778,
                    35.33055556
                ]
            },
            "properties": {
                "調査時期": "2024_S",
                "都道府県": "鳥取県",
                "市区町村": "鳥取市",
                "撮影場所": "",
                "撮影日時": "2024-09-01T20:59:00+09:00",
                "緯度": "35.33055556 ",
                "経度": "134.10527778 ",
                "夜空の明るさ": "21.27",
                "ばらつき": "0.17",
                "周辺状況": "",
                "備考": "",
                "継続観察登録地点": ""
            }
        },
        {
            "type": "Feature",
            "geometry": {
                "type": "Point",
                "coordinates": [
                    134.06138889,
                    35.3325
                ]
            },
            "properties": {
                "調査時期": "2024_S",
                "都道府県": "鳥取県",
                "市区町村": "鳥取市",
                "撮影場所": "",
                "撮影日時": "2024-09-01T20:39:00+09:00",
                "緯度": "35.33250000 ",
                "経度": "134.06138889 ",
                "夜空の明るさ": "21.29",
                "ばらつき": "0.15",
                "周辺状況": "",
                "備考": "",
                "継続観察登録地点": ""
            }
        },
        {
            "type": "Feature",
            "geometry": {
                "type": "Point",
                "coordinates": [
                    134.04194444,
                    35.32777778
                ]
            },
            "properties": {
                "調査時期": "2024_S",
                "都道府県": "鳥取県",
                "市区町村": "鳥取市",
                "撮影場所": "",
                "撮影日時": "2024-09-01T20:20:00+09:00",
                "緯度": "35.32777778 ",
                "経度": "134.04194444 ",
                "夜空の明るさ": "21.07",
                "ばらつき": "0.18",
                "周辺状況": "",
                "備考": "",
                "継続観察登録地点": ""
            }
        },
        {
            "type": "Feature",
            "geometry": {
                "type": "Point",
                "coordinates": [
                    134.15972222,
                    35.34277778
                ]
            },
            "properties": {
                "調査時期": "2024_S",
                "都道府県": "鳥取県",
                "市区町村": "鳥取市",
                "撮影場所": "",
                "撮影日時": "2024-09-01T21:22:00+09:00",
                "緯度": "35.34277778 ",
                "経度": "134.15972222 ",
                "夜空の明るさ": "21.17",
                "ばらつき": "0.11",
                "周辺状況": "",
                "備考": "",
                "継続観察登録地点": ""
            }
        },
        {
            "type": "Feature",
            "geometry": {
                "type": "Point",
                "coordinates": [
                    134.20472222,
                    35.35694444
                ]
            },
            "properties": {
                "調査時期": "2024_S",
                "都道府県": "鳥取県",
                "市区町村": "鳥取市",
                "撮影場所": "鳥取県鳥取市用瀬町鷹狩",
                "撮影日時": "2024-08-26T20:48:00+09:00",
                "緯度": "35.35694444 ",
                "経度": "134.20472222 ",
                "夜空の明るさ": "20.91",
                "ばらつき": "0.13",
                "周辺状況": "農業地域",
                "備考": "",
                "継続観察登録地点": "○"
            }
        },
        {
            "type": "Feature",
            "geometry": {
                "type": "Point",
                "coordinates": [
                    134.2,
                    35.39333333
                ]
            },
            "properties": {
                "調査時期": "2024_S",
                "都道府県": "鳥取県",
                "市区町村": "鳥取市",
                "撮影場所": "鳥取市河原町曳田 桜広場駐車場",
                "撮影日時": "2024-08-26T21:01:00+09:00",
                "緯度": "35.39333333 ",
                "経度": "134.20000000 ",
                "夜空の明るさ": "20.68",
                "ばらつき": "0.12",
                "周辺状況": "住宅地域",
                "備考": "",
                "継続観察登録地点": "○"
            }
        },
        {
            "type": "Feature",
            "geometry": {
                "type": "Point",
                "coordinates": [
                    134.21194444,
                    35.4475
                ]
            },
            "properties": {
                "調査時期": "2024_S",
                "都道府県": "鳥取県",
                "市区町村": "鳥取市",
                "撮影場所": "鳥取市倉田 倉田スポーツ広場",
                "撮影日時": "2024-08-26T21:18:00+09:00",
                "緯度": "35.44750000 ",
                "経度": "134.21194444 ",
                "夜空の明るさ": "20.36",
                "ばらつき": "0.10",
                "周辺状況": "その他",
                "備考": "",
                "継続観察登録地点": "○"
            }
        },
        {
            "type": "Feature",
            "geometry": {
                "type": "Point",
                "coordinates": [
                    134.22,
                    35.49416667
                ]
            },
            "properties": {
                "調査時期": "2024_S",
                "都道府県": "鳥取県",
                "市区町村": "鳥取市",
                "撮影場所": "鳥取市幸町 幸町棒鼻公園",
                "撮影日時": "2024-08-26T21:39:00+09:00",
                "緯度": "35.49416667 ",
                "経度": "134.22000000 ",
                "夜空の明るさ": "18.96",
                "ばらつき": "0.18",
                "周辺状況": "住宅地域",
                "備考": "",
                "継続観察登録地点": "○"
            }
        },
        {
            "type": "Feature",
            "geometry": {
                "type": "Point",
                "coordinates": [
                    134.23666667,
                    35.50722222
                ]
            },
            "properties": {
                "調査時期": "2024_S",
                "都道府県": "鳥取県",
                "市区町村": "鳥取市",
                "撮影場所": "",
                "撮影日時": "2024-09-01T21:03:00+09:00",
                "緯度": "35.50722222 ",
                "経度": "134.23666667 ",
                "夜空の明るさ": "19.04",
                "ばらつき": "0.11",
                "周辺状況": "",
                "備考": "",
                "継続観察登録地点": ""
            }
        },
        {
            "type": "Feature",
            "geometry": {
                "type": "Point",
                "coordinates": [
                    134.15527778,
                    35.49777778
                ]
            },
            "properties": {
                "調査時期": "2024_S",
                "都道府県": "鳥取県",
                "市区町村": "鳥取市",
                "撮影場所": "",
                "撮影日時": "2024-09-01T20:33:00+09:00",
                "緯度": "35.49777778 ",
                "経度": "134.15527778 ",
                "夜空の明るさ": "20.22",
                "ばらつき": "0.14",
                "周辺状況": "",
                "備考": "",
                "継続観察登録地点": ""
            }
        },
        {
            "type": "Feature",
            "geometry": {
                "type": "Point",
                "coordinates": [
                    134.23694444,
                    35.54472222
                ]
            },
            "properties": {
                "調査時期": "2024_S",
                "都道府県": "鳥取県",
                "市区町村": "鳥取市",
                "撮影場所": "鳥取砂丘駐車場",
                "撮影日時": "2024-09-01T20:05:00+09:00",
                "緯度": "35.54472222 ",
                "経度": "134.23694444 ",
                "夜空の明るさ": "20.21",
                "ばらつき": "0.12",
                "周辺状況": "自然公園等",
                "備考": "",
                "継続観察登録地点": "○"
            }
        },
        {
            "type": "Feature",
            "geometry": {
                "type": "Point",
                "coordinates": [
                    134.2575,
                    35.48222222
                ]
            },
            "properties": {
                "調査時期": "2024_S",
                "都道府県": "鳥取県",
                "市区町村": "鳥取市",
                "撮影場所": "",
                "撮影日時": "2024-09-04T20:37:00+09:00",
                "緯度": "35.48222222 ",
                "経度": "134.25750000 ",
                "夜空の明るさ": "19.01",
                "ばらつき": "0.09",
                "周辺状況": "",
                "備考": "",
                "継続観察登録地点": ""
            }
        },
        {
            "type": "Feature",
            "geometry": {
                "type": "Point",
                "coordinates": [
                    134.26555556,
                    35.47527778
                ]
            },
            "properties": {
                "調査時期": "2024_S",
                "都道府県": "鳥取県",
                "市区町村": "鳥取市",
                "撮影場所": "",
                "撮影日時": "2024-09-04T20:17:00+09:00",
                "緯度": "35.47527778 ",
                "経度": "134.26555556 ",
                "夜空の明るさ": "19.57",
                "ばらつき": "0.10",
                "周辺状況": "",
                "備考": "",
                "継続観察登録地点": ""
            }
        },
        {
            "type": "Feature",
            "geometry": {
                "type": "Point",
                "coordinates": [
                    134.25638889,
                    35.45027778
                ]
            },
            "properties": {
                "調査時期": "2024_S",
                "都道府県": "鳥取県",
                "市区町村": "鳥取市",
                "撮影場所": "",
                "撮影日時": "2024-09-03T21:42:00+09:00",
                "緯度": "35.45027778 ",
                "経度": "134.25638889 ",
                "夜空の明るさ": "19.88",
                "ばらつき": "0.07",
                "周辺状況": "",
                "備考": "",
                "継続観察登録地点": ""
            }
        },
        {
            "type": "Feature",
            "geometry": {
                "type": "Point",
                "coordinates": [
                    134.17555556,
                    35.35694444
                ]
            },
            "properties": {
                "調査時期": "2024_S",
                "都道府県": "鳥取県",
                "市区町村": "鳥取市",
                "撮影場所": "",
                "撮影日時": "2024-09-04T21:37:00+09:00",
                "緯度": "35.35694444 ",
                "経度": "134.17555556 ",
                "夜空の明るさ": "20.78",
                "ばらつき": "0.07",
                "周辺状況": "",
                "備考": "",
                "継続観察登録地点": ""
            }
        },
        {
            "type": "Feature",
            "geometry": {
                "type": "Point",
                "coordinates": [
                    133.41777778,
                    35.39861111
                ]
            },
            "properties": {
                "調査時期": "2024_S",
                "都道府県": "鳥取県",
                "市区町村": "米子市",
                "撮影場所": "",
                "撮影日時": "2024-09-01T20:07:00+09:00",
                "緯度": "35.39861111 ",
                "経度": "133.41777778 ",
                "夜空の明るさ": "20.33",
                "ばらつき": "0.11",
                "周辺状況": "",
                "備考": "",
                "継続観察登録地点": ""
            }
        },
        {
            "type": "Feature",
            "geometry": {
                "type": "Point",
                "coordinates": [
                    133.32166667,
                    35.42944444
                ]
            },
            "properties": {
                "調査時期": "2024_S",
                "都道府県": "鳥取県",
                "市区町村": "米子市",
                "撮影場所": "",
                "撮影日時": "2024-09-04T20:04:00+09:00",
                "緯度": "35.42944444 ",
                "経度": "133.32166667 ",
                "夜空の明るさ": "19.06",
                "ばらつき": "0.08",
                "周辺状況": "",
                "備考": "",
                "継続観察登録地点": ""
            }
        },
        {
            "type": "Feature",
            "geometry": {
                "type": "Point",
                "coordinates": [
                    133.28444444,
                    35.44527778
                ]
            },
            "properties": {
                "調査時期": "2024_S",
                "都道府県": "鳥取県",
                "市区町村": "米子市",
                "撮影場所": "",
                "撮影日時": "2024-09-04T20:15:00+09:00",
                "緯度": "35.44527778 ",
                "経度": "133.28444444 ",
                "夜空の明るさ": "19.83",
                "ばらつき": "0.06",
                "周辺状況": "",
                "備考": "",
                "継続観察登録地点": ""
            }
        },
        {
            "type": "Feature",
            "geometry": {
                "type": "Point",
                "coordinates": [
                    133.295,
                    35.47666667
                ]
            },
            "properties": {
                "調査時期": "2024_S",
                "都道府県": "鳥取県",
                "市区町村": "米子市",
                "撮影場所": "",
                "撮影日時": "2024-09-04T21:25:00+09:00",
                "緯度": "35.47666667 ",
                "経度": "133.29500000 ",
                "夜空の明るさ": "19.90",
                "ばらつき": "0.11",
                "周辺状況": "",
                "備考": "",
                "継続観察登録地点": ""
            }
        },
        {
            "type": "Feature",
            "geometry": {
                "type": "Point",
                "coordinates": [
                    133.32277778,
                    35.46055556
                ]
            },
            "properties": {
                "調査時期": "2024_S",
                "都道府県": "鳥取県",
                "市区町村": "米子市",
                "撮影場所": "",
                "撮影日時": "2024-09-04T21:38:00+09:00",
                "緯度": "35.46055556 ",
                "経度": "133.32277778 ",
                "夜空の明るさ": "19.41",
                "ばらつき": "0.12",
                "周辺状況": "",
                "備考": "",
                "継続観察登録地点": ""
            }
        },
        {
            "type": "Feature",
            "geometry": {
                "type": "Point",
                "coordinates": [
                    133.34722222,
                    35.45277778
                ]
            },
            "properties": {
                "調査時期": "2024_S",
                "都道府県": "鳥取県",
                "市区町村": "米子市",
                "撮影場所": "",
                "撮影日時": "2024-09-04T21:49:00+09:00",
                "緯度": "35.45277778 ",
                "経度": "133.34722222 ",
                "夜空の明るさ": "19.10",
                "ばらつき": "0.08",
                "周辺状況": "",
                "備考": "",
                "継続観察登録地点": ""
            }
        },
        {
            "type": "Feature",
            "geometry": {
                "type": "Point",
                "coordinates": [
                    133.41833333,
                    35.4525
                ]
            },
            "properties": {
                "調査時期": "2024_S",
                "都道府県": "鳥取県",
                "市区町村": "米子市",
                "撮影場所": "",
                "撮影日時": "2024-09-05T20:25:00+09:00",
                "緯度": "35.45250000 ",
                "経度": "133.41833333 ",
                "夜空の明るさ": "19.77",
                "ばらつき": "0.12",
                "周辺状況": "",
                "備考": "",
                "継続観察登録地点": ""
            }
        },
        {
            "type": "Feature",
            "geometry": {
                "type": "Point",
                "coordinates": [
                    133.44083333,
                    35.45444444
                ]
            },
            "properties": {
                "調査時期": "2024_S",
                "都道府県": "鳥取県",
                "市区町村": "米子市",
                "撮影場所": "",
                "撮影日時": "2024-09-05T20:33:00+09:00",
                "緯度": "35.45444444 ",
                "経度": "133.44083333 ",
                "夜空の明るさ": "20.25",
                "ばらつき": "0.10",
                "周辺状況": "",
                "備考": "",
                "継続観察登録地点": ""
            }
        },
        {
            "type": "Feature",
            "geometry": {
                "type": "Point",
                "coordinates": [
                    133.42222222,
                    35.42277778
                ]
            },
            "properties": {
                "調査時期": "2024_S",
                "都道府県": "鳥取県",
                "市区町村": "米子市",
                "撮影場所": "",
                "撮影日時": "2024-09-05T21:04:00+09:00",
                "緯度": "35.42277778 ",
                "経度": "133.42222222 ",
                "夜空の明るさ": "19.93",
                "ばらつき": "0.05",
                "周辺状況": "",
                "備考": "",
                "継続観察登録地点": ""
            }
        },
        {
            "type": "Feature",
            "geometry": {
                "type": "Point",
                "coordinates": [
                    133.33138889,
                    35.42833333
                ]
            },
            "properties": {
                "調査時期": "2024_S",
                "都道府県": "鳥取県",
                "市区町村": "米子市",
                "撮影場所": "",
                "撮影日時": "2024-09-06T21:38:00+09:00",
                "緯度": "35.42833333 ",
                "経度": "133.33138889 ",
                "夜空の明るさ": "17.94",
                "ばらつき": "0.13",
                "周辺状況": "",
                "備考": "",
                "継続観察登録地点": ""
            }
        },
        {
            "type": "Feature",
            "geometry": {
                "type": "Point",
                "coordinates": [
                    133.33277778,
                    35.42111111
                ]
            },
            "properties": {
                "調査時期": "2024_S",
                "都道府県": "鳥取県",
                "市区町村": "米子市",
                "撮影場所": "",
                "撮影日時": "2024-09-06T21:46:00+09:00",
                "緯度": "35.42111111 ",
                "経度": "133.33277778 ",
                "夜空の明るさ": "17.92",
                "ばらつき": "0.11",
                "周辺状況": "",
                "備考": "",
                "継続観察登録地点": ""
            }
        },
        {
            "type": "Feature",
            "geometry": {
                "type": "Point",
                "coordinates": [
                    133.34611111,
                    35.43027778
                ]
            },
            "properties": {
                "調査時期": "2024_S",
                "都道府県": "鳥取県",
                "市区町村": "米子市",
                "撮影場所": "",
                "撮影日時": "2024-09-06T21:56:00+09:00",
                "緯度": "35.43027778 ",
                "経度": "133.34611111 ",
                "夜空の明るさ": "18.28",
                "ばらつき": "0.01",
                "周辺状況": "",
                "備考": "",
                "継続観察登録地点": ""
            }
        },
        {
            "type": "Feature",
            "geometry": {
                "type": "Point",
                "coordinates": [
                    133.76,
                    35.35611111
                ]
            },
            "properties": {
                "調査時期": "2024_S",
                "都道府県": "鳥取県",
                "市区町村": "倉吉市",
                "撮影場所": "倉吉市関金町関金宿",
                "撮影日時": "2024-09-04T20:57:00+09:00",
                "緯度": "35.35611111 ",
                "経度": "133.76000000 ",
                "夜空の明るさ": "20.88",
                "ばらつき": "0.05",
                "周辺状況": "農業地域",
                "備考": "",
                "継続観察登録地点": "○"
            }
        },
        {
            "type": "Feature",
            "geometry": {
                "type": "Point",
                "coordinates": [
                    133.24472222,
                    35.50111111
                ]
            },
            "properties": {
                "調査時期": "2024_S",
                "都道府県": "鳥取県",
                "市区町村": "境港市",
                "撮影場所": "",
                "撮影日時": "2024-09-04T20:34:00+09:00",
                "緯度": "35.50111111 ",
                "経度": "133.24472222 ",
                "夜空の明るさ": "19.17",
                "ばらつき": "0.09",
                "周辺状況": "",
                "備考": "",
                "継続観察登録地点": ""
            }
        },
        {
            "type": "Feature",
            "geometry": {
                "type": "Point",
                "coordinates": [
                    133.23222222,
                    35.53888889
                ]
            },
            "properties": {
                "調査時期": "2024_S",
                "都道府県": "鳥取県",
                "市区町村": "境港市",
                "撮影場所": "",
                "撮影日時": "2024-09-04T20:48:00+09:00",
                "緯度": "35.53888889 ",
                "経度": "133.23222222 ",
                "夜空の明るさ": "19.23",
                "ばらつき": "0.13",
                "周辺状況": "",
                "備考": "",
                "継続観察登録地点": ""
            }
        },
        {
            "type": "Feature",
            "geometry": {
                "type": "Point",
                "coordinates": [
                    133.2425,
                    35.54694444
                ]
            },
            "properties": {
                "調査時期": "2024_S",
                "都道府県": "鳥取県",
                "市区町村": "境港市",
                "撮影場所": "",
                "撮影日時": "2024-09-04T20:57:00+09:00",
                "緯度": "35.54694444 ",
                "経度": "133.24250000 ",
                "夜空の明るさ": "19.74",
                "ばらつき": "0.09",
                "周辺状況": "",
                "備考": "",
                "継続観察登録地点": ""
            }
        },
        {
            "type": "Feature",
            "geometry": {
                "type": "Point",
                "coordinates": [
                    133.25916667,
                    35.52055556
                ]
            },
            "properties": {
                "調査時期": "2024_S",
                "都道府県": "鳥取県",
                "市区町村": "境港市",
                "撮影場所": "",
                "撮影日時": "2024-09-04T21:08:00+09:00",
                "緯度": "35.52055556 ",
                "経度": "133.25916667 ",
                "夜空の明るさ": "19.70",
                "ばらつき": "0.04",
                "周辺状況": "",
                "備考": "",
                "継続観察登録地点": ""
            }
        },
        {
            "type": "Feature",
            "geometry": {
                "type": "Point",
                "coordinates": [
                    133.25916667,
                    35.52055556
                ]
            },
            "properties": {
                "調査時期": "2024_S",
                "都道府県": "鳥取県",
                "市区町村": "境港市",
                "撮影場所": "",
                "撮影日時": "2024-09-04T21:10:00+09:00",
                "緯度": "35.52055556 ",
                "経度": "133.25916667 ",
                "夜空の明るさ": "19.69",
                "ばらつき": "0.05",
                "周辺状況": "",
                "備考": "",
                "継続観察登録地点": ""
            }
        },
        {
            "type": "Feature",
            "geometry": {
                "type": "Point",
                "coordinates": [
                    134.40138889,
                    35.34388889
                ]
            },
            "properties": {
                "調査時期": "2024_S",
                "都道府県": "鳥取県",
                "市区町村": "若桜町",
                "撮影場所": "",
                "撮影日時": "2024-09-03T20:42:00+09:00",
                "緯度": "35.34388889 ",
                "経度": "134.40138889 ",
                "夜空の明るさ": "20.31",
                "ばらつき": "0.12",
                "周辺状況": "",
                "備考": "",
                "継続観察登録地点": ""
            }
        },
        {
            "type": "Feature",
            "geometry": {
                "type": "Point",
                "coordinates": [
                    134.25555556,
                    35.41888889
                ]
            },
            "properties": {
                "調査時期": "2024_S",
                "都道府県": "鳥取県",
                "市区町村": "八頭町",
                "撮影場所": "",
                "撮影日時": "2024-09-03T21:55:00+09:00",
                "緯度": "35.41888889 ",
                "経度": "134.25555556 ",
                "夜空の明るさ": "20.23",
                "ばらつき": "0.07",
                "周辺状況": "",
                "備考": "",
                "継続観察登録地点": ""
            }
        },
        {
            "type": "Feature",
            "geometry": {
                "type": "Point",
                "coordinates": [
                    134.24944444,
                    35.39472222
                ]
            },
            "properties": {
                "調査時期": "2024_S",
                "都道府県": "鳥取県",
                "市区町村": "八頭町",
                "撮影場所": "",
                "撮影日時": "2024-09-01T21:57:00+09:00",
                "緯度": "35.39472222 ",
                "経度": "134.24944444 ",
                "夜空の明るさ": "20.28",
                "ばらつき": "0.08",
                "周辺状況": "",
                "備考": "",
                "継続観察登録地点": ""
            }
        },
        {
            "type": "Feature",
            "geometry": {
                "type": "Point",
                "coordinates": [
                    134.315,
                    35.36333333
                ]
            },
            "properties": {
                "調査時期": "2024_S",
                "都道府県": "鳥取県",
                "市区町村": "八頭町",
                "撮影場所": "",
                "撮影日時": "2024-09-03T21:08:00+09:00",
                "緯度": "35.36333333 ",
                "経度": "134.31500000 ",
                "夜空の明るさ": "20.37",
                "ばらつき": "0.10",
                "周辺状況": "",
                "備考": "",
                "継続観察登録地点": ""
            }
        },
        {
            "type": "Feature",
            "geometry": {
                "type": "Point",
                "coordinates": [
                    133.48583333,
                    35.46305556
                ]
            },
            "properties": {
                "調査時期": "2024_S",
                "都道府県": "鳥取県",
                "市区町村": "大山町",
                "撮影場所": "",
                "撮影日時": "2024-09-05T20:46:00+09:00",
                "緯度": "35.46305556 ",
                "経度": "133.48583333 ",
                "夜空の明るさ": "20.54",
                "ばらつき": "0.08",
                "周辺状況": "",
                "備考": "",
                "継続観察登録地点": ""
            }
        },
        {
            "type": "Feature",
            "geometry": {
                "type": "Point",
                "coordinates": [
                    133.47861111,
                    35.40722222
                ]
            },
            "properties": {
                "調査時期": "2024_S",
                "都道府県": "鳥取県",
                "市区町村": "大山町",
                "撮影場所": "",
                "撮影日時": "2024-09-05T21:14:00+09:00",
                "緯度": "35.40722222 ",
                "経度": "133.47861111 ",
                "夜空の明るさ": "20.63",
                "ばらつき": "0.14",
                "周辺状況": "",
                "備考": "",
                "継続観察登録地点": ""
            }
        },
        {
            "type": "Feature",
            "geometry": {
                "type": "Point",
                "coordinates": [
                    133.53,
                    35.39444444
                ]
            },
            "properties": {
                "調査時期": "2024_S",
                "都道府県": "鳥取県",
                "市区町村": "大山町",
                "撮影場所": "",
                "撮影日時": "2024-09-05T21:26:00+09:00",
                "緯度": "35.39444444 ",
                "経度": "133.53000000 ",
                "夜空の明るさ": "20.67",
                "ばらつき": "0.09",
                "周辺状況": "",
                "備考": "",
                "継続観察登録地点": ""
            }
        },
        {
            "type": "Feature",
            "geometry": {
                "type": "Point",
                "coordinates": [
                    133.51472222,
                    35.37
                ]
            },
            "properties": {
                "調査時期": "2024_S",
                "都道府県": "鳥取県",
                "市区町村": "伯耆町",
                "撮影場所": "",
                "撮影日時": "2024-09-05T21:36:00+09:00",
                "緯度": "35.37000000 ",
                "経度": "133.51472222 ",
                "夜空の明るさ": "20.81",
                "ばらつき": "0.04",
                "周辺状況": "",
                "備考": "",
                "継続観察登録地点": ""
            }
        },
        {
            "type": "Feature",
            "geometry": {
                "type": "Point",
                "coordinates": [
                    133.51027778,
                    35.37638889
                ]
            },
            "properties": {
                "調査時期": "2024_S",
                "都道府県": "鳥取県",
                "市区町村": "伯耆町",
                "撮影場所": "",
                "撮影日時": "2024-09-05T21:43:00+09:00",
                "緯度": "35.37638889 ",
                "経度": "133.51027778 ",
                "夜空の明るさ": "20.85",
                "ばらつき": "0.12",
                "周辺状況": "",
                "備考": "",
                "継続観察登録地点": ""
            }
        },
        {
            "type": "Feature",
            "geometry": {
                "type": "Point",
                "coordinates": [
                    133.4675,
                    35.38055556
                ]
            },
            "properties": {
                "調査時期": "2024_S",
                "都道府県": "鳥取県",
                "市区町村": "伯耆町",
                "撮影場所": "",
                "撮影日時": "2024-09-05T21:52:00+09:00",
                "緯度": "35.38055556 ",
                "経度": "133.46750000 ",
                "夜空の明るさ": "20.65",
                "ばらつき": "0.03",
                "周辺状況": "",
                "備考": "",
                "継続観察登録地点": ""
            }
        },
        {
            "type": "Feature",
            "geometry": {
                "type": "Point",
                "coordinates": [
                    133.16944444,
                    35.13611111
                ]
            },
            "properties": {
                "調査時期": "2024_S",
                "都道府県": "鳥取県",
                "市区町村": "日南町",
                "撮影場所": "日南町上萩山",
                "撮影日時": "2024-09-01T21:09:00+09:00",
                "緯度": "35.13611111 ",
                "経度": "133.16944444 ",
                "夜空の明るさ": "20.83",
                "ばらつき": "0.05",
                "周辺状況": "農業地域",
                "備考": "",
                "継続観察登録地点": "○"
            }
        },
        {
            "type": "Feature",
            "geometry": {
                "type": "Point",
                "coordinates": [
                    133.16944444,
                    35.13611111
                ]
            },
            "properties": {
                "調査時期": "2024_S",
                "都道府県": "鳥取県",
                "市区町村": "日南町",
                "撮影場所": "日南町上萩山",
                "撮影日時": "2024-09-01T21:11:00+09:00",
                "緯度": "35.13611111 ",
                "経度": "133.16944444 ",
                "夜空の明るさ": "21.01",
                "ばらつき": "0.08",
                "周辺状況": "農業地域",
                "備考": "",
                "継続観察登録地点": "○"
            }
        },
        {
            "type": "Feature",
            "geometry": {
                "type": "Point",
                "coordinates": [
                    133.16944444,
                    35.13638889
                ]
            },
            "properties": {
                "調査時期": "2024_S",
                "都道府県": "鳥取県",
                "市区町村": "日南町",
                "撮影場所": "日南町上萩山",
                "撮影日時": "2024-09-04T21:08:00+09:00",
                "緯度": "35.13638889 ",
                "経度": "133.16944444 ",
                "夜空の明るさ": "21.04",
                "ばらつき": "0.06",
                "周辺状況": "農業地域",
                "備考": "",
                "継続観察登録地点": "○"
            }
        },
        {
            "type": "Feature",
            "geometry": {
                "type": "Point",
                "coordinates": [
                    133.38361111,
                    35.20638889
                ]
            },
            "properties": {
                "調査時期": "2024_S",
                "都道府県": "鳥取県",
                "市区町村": "日野町",
                "撮影場所": "",
                "撮影日時": "2024-09-01T21:02:00+09:00",
                "緯度": "35.20638889 ",
                "経度": "133.38361111 ",
                "夜空の明るさ": "20.75",
                "ばらつき": "0.15",
                "周辺状況": "",
                "備考": "",
                "継続観察登録地点": ""
            }
        },
        {
            "type": "Feature",
            "geometry": {
                "type": "Point",
                "coordinates": [
                    133.485,
                    35.28305556
                ]
            },
            "properties": {
                "調査時期": "2024_S",
                "都道府県": "鳥取県",
                "市区町村": "江府町",
                "撮影場所": "",
                "撮影日時": "2024-09-01T20:35:00+09:00",
                "緯度": "35.28305556 ",
                "経度": "133.48500000 ",
                "夜空の明るさ": "20.63",
                "ばらつき": "0.11",
                "周辺状況": "",
                "備考": "",
                "継続観察登録地点": ""
            }
        },
        {
            "type": "Feature",
            "geometry": {
                "type": "Point",
                "coordinates": [
                    133.15916667,
                    35.50305556
                ]
            },
            "properties": {
                "調査時期": "2024_S",
                "都道府県": "島根県",
                "市区町村": "松江市",
                "撮影場所": "島根県松江市八束町　八束千本桜公園",
                "撮影日時": "2024-08-26T22:08:00+09:00",
                "緯度": "35.50305556 ",
                "経度": "133.15916667 ",
                "夜空の明るさ": "20.50",
                "ばらつき": "0.06",
                "周辺状況": "農業地域",
                "備考": "",
                "継続観察登録地点": "○"
            }
        },
        {
            "type": "Feature",
            "geometry": {
                "type": "Point",
                "coordinates": [
                    131.94305556,
                    34.78916667
                ]
            },
            "properties": {
                "調査時期": "2024_S",
                "都道府県": "島根県",
                "市区町村": "浜田市",
                "撮影場所": "浜田市三隅町 三保公民館",
                "撮影日時": "2024-09-01T21:17:00+09:00",
                "緯度": "34.78916667 ",
                "経度": "131.94305556 ",
                "夜空の明るさ": "20.65",
                "ばらつき": "0.07",
                "周辺状況": "住宅地域",
                "備考": "",
                "継続観察登録地点": "○"
            }
        },
        {
            "type": "Feature",
            "geometry": {
                "type": "Point",
                "coordinates": [
                    132.07611111,
                    34.88694444
                ]
            },
            "properties": {
                "調査時期": "2024_S",
                "都道府県": "島根県",
                "市区町村": "浜田市",
                "撮影場所": "浜田市竹迫町 海の見える文化公園",
                "撮影日時": "2024-09-04T21:06:00+09:00",
                "緯度": "34.88694444 ",
                "経度": "132.07611111 ",
                "夜空の明るさ": "19.95",
                "ばらつき": "0.10",
                "周辺状況": "住宅地域",
                "備考": "",
                "継続観察登録地点": "○"
            }
        },
        {
            "type": "Feature",
            "geometry": {
                "type": "Point",
                "coordinates": [
                    132.79805556,
                    35.28194444
                ]
            },
            "properties": {
                "調査時期": "2024_S",
                "都道府県": "島根県",
                "市区町村": "出雲市",
                "撮影場所": "",
                "撮影日時": "2024-09-01T19:56:00+09:00",
                "緯度": "35.28194444 ",
                "経度": "132.79805556 ",
                "夜空の明るさ": "20.98",
                "ばらつき": "0.08",
                "周辺状況": "",
                "備考": "",
                "継続観察登録地点": ""
            }
        },
        {
            "type": "Feature",
            "geometry": {
                "type": "Point",
                "coordinates": [
                    132.72972222,
                    35.32361111
                ]
            },
            "properties": {
                "調査時期": "2024_S",
                "都道府県": "島根県",
                "市区町村": "出雲市",
                "撮影場所": "",
                "撮影日時": "2024-09-01T20:21:00+09:00",
                "緯度": "35.32361111 ",
                "経度": "132.72972222 ",
                "夜空の明るさ": "20.32",
                "ばらつき": "0.10",
                "周辺状況": "",
                "備考": "",
                "継続観察登録地点": ""
            }
        },
        {
            "type": "Feature",
            "geometry": {
                "type": "Point",
                "coordinates": [
                    132.64277778,
                    35.12861111
                ]
            },
            "properties": {
                "調査時期": "2024_S",
                "都道府県": "島根県",
                "市区町村": "大田市",
                "撮影場所": "",
                "撮影日時": "2024-09-01T21:27:00+09:00",
                "緯度": "35.12861111 ",
                "経度": "132.64277778 ",
                "夜空の明るさ": "21.28",
                "ばらつき": "0.18",
                "周辺状況": "",
                "備考": "",
                "継続観察登録地点": ""
            }
        },
        {
            "type": "Feature",
            "geometry": {
                "type": "Point",
                "coordinates": [
                    132.67666667,
                    35.16722222
                ]
            },
            "properties": {
                "調査時期": "2024_S",
                "都道府県": "島根県",
                "市区町村": "飯南町",
                "撮影場所": "",
                "撮影日時": "2024-09-01T20:57:00+09:00",
                "緯度": "35.16722222 ",
                "経度": "132.67666667 ",
                "夜空の明るさ": "21.16",
                "ばらつき": "0.09",
                "周辺状況": "",
                "備考": "",
                "継続観察登録地点": ""
            }
        },
        {
            "type": "Feature",
            "geometry": {
                "type": "Point",
                "coordinates": [
                    133.85611111,
                    34.82444444
                ]
            },
            "properties": {
                "調査時期": "2024_S",
                "都道府県": "岡山県",
                "市区町村": "岡山市　北区",
                "撮影場所": "河原邸",
                "撮影日時": "2024-08-26T21:05:00+09:00",
                "緯度": "34.82444444 ",
                "経度": "133.85611111 ",
                "夜空の明るさ": "19.98",
                "ばらつき": "0.15",
                "周辺状況": "森林山間地",
                "備考": "",
                "継続観察登録地点": "○"
            }
        },
        {
            "type": "Feature",
            "geometry": {
                "type": "Point",
                "coordinates": [
                    133.76888889,
                    34.53555556
                ]
            },
            "properties": {
                "調査時期": "2024_S",
                "都道府県": "岡山県",
                "市区町村": "倉敷市",
                "撮影場所": "倉敷市 ライフパーク倉敷科学センター 屋上",
                "撮影日時": "2024-09-04T21:06:00+09:00",
                "緯度": "34.53555556 ",
                "経度": "133.76888889 ",
                "夜空の明るさ": "18.18",
                "ばらつき": "0.14",
                "周辺状況": "工業地域",
                "備考": "",
                "継続観察登録地点": "○"
            }
        },
        {
            "type": "Feature",
            "geometry": {
                "type": "Point",
                "coordinates": [
                    133.54527778,
                    34.67166667
                ]
            },
            "properties": {
                "調査時期": "2024_S",
                "都道府県": "岡山県",
                "市区町村": "井原市",
                "撮影場所": "井原市美星天文台",
                "撮影日時": "2024-08-26T21:53:00+09:00",
                "緯度": "34.67166667 ",
                "経度": "133.54527778 ",
                "夜空の明るさ": "20.74",
                "ばらつき": "0.03",
                "周辺状況": "森林山間地",
                "備考": "",
                "継続観察登録地点": "○"
            }
        },
        {
            "type": "Feature",
            "geometry": {
                "type": "Point",
                "coordinates": [
                    132.45361111,
                    34.39833333
                ]
            },
            "properties": {
                "調査時期": "2024_S",
                "都道府県": "広島県",
                "市区町村": "広島市　中区",
                "撮影場所": "",
                "撮影日時": "2024-08-26T22:00:00+09:00",
                "緯度": "34.39833333 ",
                "経度": "132.45361111 ",
                "夜空の明るさ": "17.07",
                "ばらつき": "0.07",
                "周辺状況": "",
                "備考": "",
                "継続観察登録地点": ""
            }
        },
        {
            "type": "Feature",
            "geometry": {
                "type": "Point",
                "coordinates": [
                    132.73805556,
                    34.44722222
                ]
            },
            "properties": {
                "調査時期": "2024_S",
                "都道府県": "広島県",
                "市区町村": "東広島市",
                "撮影場所": "憩いの森公園",
                "撮影日時": "2024-09-05T20:20:00+09:00",
                "緯度": "34.44722222 ",
                "経度": "132.73805556 ",
                "夜空の明るさ": "18.79",
                "ばらつき": "0.11",
                "周辺状況": "自然公園等",
                "備考": "",
                "継続観察登録地点": "○"
            }
        },
        {
            "type": "Feature",
            "geometry": {
                "type": "Point",
                "coordinates": [
                    132.73805556,
                    34.44722222
                ]
            },
            "properties": {
                "調査時期": "2024_S",
                "都道府県": "広島県",
                "市区町村": "東広島市",
                "撮影場所": "憩いの森公園",
                "撮影日時": "2024-09-05T20:16:00+09:00",
                "緯度": "34.44722222 ",
                "経度": "132.73805556 ",
                "夜空の明るさ": "18.83",
                "ばらつき": "0.09",
                "周辺状況": "自然公園等",
                "備考": "",
                "継続観察登録地点": "○"
            }
        },
        {
            "type": "Feature",
            "geometry": {
                "type": "Point",
                "coordinates": [
                    132.73805556,
                    34.44722222
                ]
            },
            "properties": {
                "調査時期": "2024_S",
                "都道府県": "広島県",
                "市区町村": "東広島市",
                "撮影場所": "憩いの森公園",
                "撮影日時": "2024-09-05T20:18:00+09:00",
                "緯度": "34.44722222 ",
                "経度": "132.73805556 ",
                "夜空の明るさ": "18.70",
                "ばらつき": "0.15",
                "周辺状況": "自然公園等",
                "備考": "",
                "継続観察登録地点": "○"
            }
        },
        {
            "type": "Feature",
            "geometry": {
                "type": "Point",
                "coordinates": [
                    132.73805556,
                    34.44722222
                ]
            },
            "properties": {
                "調査時期": "2024_S",
                "都道府県": "広島県",
                "市区町村": "東広島市",
                "撮影場所": "憩いの森公園",
                "撮影日時": "2024-09-05T20:22:00+09:00",
                "緯度": "34.44722222 ",
                "経度": "132.73805556 ",
                "夜空の明るさ": "18.71",
                "ばらつき": "0.07",
                "周辺状況": "自然公園等",
                "備考": "",
                "継続観察登録地点": "○"
            }
        },
        {
            "type": "Feature",
            "geometry": {
                "type": "Point",
                "coordinates": [
                    131.65583333,
                    34.47388889
                ]
            },
            "properties": {
                "調査時期": "2024_S",
                "都道府県": "山口県",
                "市区町村": "山口市",
                "撮影場所": "山口県山口市阿東嘉年",
                "撮影日時": "2024-08-25T20:56:00+09:00",
                "緯度": "34.47388889 ",
                "経度": "131.65583333 ",
                "夜空の明るさ": "21.24",
                "ばらつき": "0.21",
                "周辺状況": "農業地域",
                "備考": "",
                "継続観察登録地点": "○"
            }
        },
        {
            "type": "Feature",
            "geometry": {
                "type": "Point",
                "coordinates": [
                    131.65583333,
                    34.47388889
                ]
            },
            "properties": {
                "調査時期": "2024_S",
                "都道府県": "山口県",
                "市区町村": "山口市",
                "撮影場所": "山口県山口市阿東嘉年",
                "撮影日時": "2024-08-26T20:47:00+09:00",
                "緯度": "34.47388889 ",
                "経度": "131.65583333 ",
                "夜空の明るさ": "21.33",
                "ばらつき": "0.21",
                "周辺状況": "農業地域",
                "備考": "",
                "継続観察登録地点": "○"
            }
        },
        {
            "type": "Feature",
            "geometry": {
                "type": "Point",
                "coordinates": [
                    131.65583333,
                    34.47388889
                ]
            },
            "properties": {
                "調査時期": "2024_S",
                "都道府県": "山口県",
                "市区町村": "山口市",
                "撮影場所": "山口県山口市阿東嘉年",
                "撮影日時": "2024-09-01T20:53:00+09:00",
                "緯度": "34.47388889 ",
                "経度": "131.65583333 ",
                "夜空の明るさ": "21.17",
                "ばらつき": "0.14",
                "周辺状況": "農業地域",
                "備考": "",
                "継続観察登録地点": "○"
            }
        },
        {
            "type": "Feature",
            "geometry": {
                "type": "Point",
                "coordinates": [
                    131.4525,
                    34.15583333
                ]
            },
            "properties": {
                "調査時期": "2024_S",
                "都道府県": "山口県",
                "市区町村": "山口市",
                "撮影場所": "",
                "撮影日時": "2024-09-04T21:18:00+09:00",
                "緯度": "34.15583333 ",
                "経度": "131.45250000 ",
                "夜空の明るさ": "18.76",
                "ばらつき": "0.14",
                "周辺状況": "",
                "備考": "",
                "継続観察登録地点": ""
            }
        },
        {
            "type": "Feature",
            "geometry": {
                "type": "Point",
                "coordinates": [
                    131.84972222,
                    34.25166667
                ]
            },
            "properties": {
                "調査時期": "2024_S",
                "都道府県": "山口県",
                "市区町村": "周南市",
                "撮影場所": "",
                "撮影日時": "2024-09-01T21:53:00+09:00",
                "緯度": "34.25166667 ",
                "経度": "131.84972222 ",
                "夜空の明るさ": "20.94",
                "ばらつき": "0.03",
                "周辺状況": "",
                "備考": "",
                "継続観察登録地点": ""
            }
        },
        {
            "type": "Feature",
            "geometry": {
                "type": "Point",
                "coordinates": [
                    131.81611111,
                    34.22861111
                ]
            },
            "properties": {
                "調査時期": "2024_S",
                "都道府県": "山口県",
                "市区町村": "周南市",
                "撮影場所": "",
                "撮影日時": "2024-09-06T21:14:00+09:00",
                "緯度": "34.22861111 ",
                "経度": "131.81611111 ",
                "夜空の明るさ": "20.02",
                "ばらつき": "0.08",
                "周辺状況": "",
                "備考": "",
                "継続観察登録地点": ""
            }
        },
        {
            "type": "Feature",
            "geometry": {
                "type": "Point",
                "coordinates": [
                    131.82888889,
                    34.24916667
                ]
            },
            "properties": {
                "調査時期": "2024_S",
                "都道府県": "山口県",
                "市区町村": "周南市",
                "撮影場所": "",
                "撮影日時": "2024-09-06T21:27:00+09:00",
                "緯度": "34.24916667 ",
                "経度": "131.82888889 ",
                "夜空の明るさ": "20.32",
                "ばらつき": "0.13",
                "周辺状況": "",
                "備考": "",
                "継続観察登録地点": ""
            }
        },
        {
            "type": "Feature",
            "geometry": {
                "type": "Point",
                "coordinates": [
                    131.84944444,
                    34.25166667
                ]
            },
            "properties": {
                "調査時期": "2024_S",
                "都道府県": "山口県",
                "市区町村": "周南市",
                "撮影場所": "",
                "撮影日時": "2024-09-06T21:40:00+09:00",
                "緯度": "34.25166667 ",
                "経度": "131.84944444 ",
                "夜空の明るさ": "20.50",
                "ばらつき": "0.17",
                "周辺状況": "",
                "備考": "",
                "継続観察登録地点": ""
            }
        },
        {
            "type": "Feature",
            "geometry": {
                "type": "Point",
                "coordinates": [
                    134.60305556,
                    34.06305556
                ]
            },
            "properties": {
                "調査時期": "2024_S",
                "都道府県": "徳島県",
                "市区町村": "徳島市",
                "撮影場所": "",
                "撮影日時": "2024-09-04T20:28:00+09:00",
                "緯度": "34.06305556 ",
                "経度": "134.60305556 ",
                "夜空の明るさ": "19.23",
                "ばらつき": "0.08",
                "周辺状況": "",
                "備考": "",
                "継続観察登録地点": ""
            }
        },
        {
            "type": "Feature",
            "geometry": {
                "type": "Point",
                "coordinates": [
                    134.5575,
                    34.06972222
                ]
            },
            "properties": {
                "調査時期": "2024_S",
                "都道府県": "徳島県",
                "市区町村": "徳島市",
                "撮影場所": "",
                "撮影日時": "2024-09-04T19:54:00+09:00",
                "緯度": "34.06972222 ",
                "経度": "134.55750000 ",
                "夜空の明るさ": "17.89",
                "ばらつき": "0.08",
                "周辺状況": "",
                "備考": "",
                "継続観察登録地点": ""
            }
        },
        {
            "type": "Feature",
            "geometry": {
                "type": "Point",
                "coordinates": [
                    134.51527778,
                    34.07333333
                ]
            },
            "properties": {
                "調査時期": "2024_S",
                "都道府県": "徳島県",
                "市区町村": "徳島市",
                "撮影場所": "",
                "撮影日時": "2024-09-04T20:59:00+09:00",
                "緯度": "34.07333333 ",
                "経度": "134.51527778 ",
                "夜空の明るさ": "17.77",
                "ばらつき": "0.17",
                "周辺状況": "",
                "備考": "",
                "継続観察登録地点": ""
            }
        },
        {
            "type": "Feature",
            "geometry": {
                "type": "Point",
                "coordinates": [
                    134.47138889,
                    34.06222222
                ]
            },
            "properties": {
                "調査時期": "2024_S",
                "都道府県": "徳島県",
                "市区町村": "徳島市",
                "撮影場所": "",
                "撮影日時": "2024-09-04T21:22:00+09:00",
                "緯度": "34.06222222 ",
                "経度": "134.47138889 ",
                "夜空の明るさ": "19.55",
                "ばらつき": "0.07",
                "周辺状況": "",
                "備考": "",
                "継続観察登録地点": ""
            }
        },
        {
            "type": "Feature",
            "geometry": {
                "type": "Point",
                "coordinates": [
                    134.44861111,
                    34.06722222
                ]
            },
            "properties": {
                "調査時期": "2024_S",
                "都道府県": "徳島県",
                "市区町村": "石井町",
                "撮影場所": "",
                "撮影日時": "2024-09-04T21:36:00+09:00",
                "緯度": "34.06722222 ",
                "経度": "134.44861111 ",
                "夜空の明るさ": "19.32",
                "ばらつき": "0.13",
                "周辺状況": "",
                "備考": "",
                "継続観察登録地点": ""
            }
        },
        {
            "type": "Feature",
            "geometry": {
                "type": "Point",
                "coordinates": [
                    134.44861111,
                    34.0675
                ]
            },
            "properties": {
                "調査時期": "2024_S",
                "都道府県": "徳島県",
                "市区町村": "石井町",
                "撮影場所": "",
                "撮影日時": "2024-08-24T21:39:00+09:00",
                "緯度": "34.06750000 ",
                "経度": "134.44861111 ",
                "夜空の明るさ": "19.30",
                "ばらつき": "0.07",
                "周辺状況": "",
                "備考": "",
                "継続観察登録地点": ""
            }
        },
        {
            "type": "Feature",
            "geometry": {
                "type": "Point",
                "coordinates": [
                    132.83416667,
                    33.79694444
                ]
            },
            "properties": {
                "調査時期": "2024_S",
                "都道府県": "愛媛県",
                "市区町村": "松山市",
                "撮影場所": "",
                "撮影日時": "2024-09-03T21:21:00+09:00",
                "緯度": "33.79694444 ",
                "経度": "132.83416667 ",
                "夜空の明るさ": "17.94",
                "ばらつき": "0.12",
                "周辺状況": "",
                "備考": "",
                "継続観察登録地点": ""
            }
        },
        {
            "type": "Feature",
            "geometry": {
                "type": "Point",
                "coordinates": [
                    132.76,
                    33.84166667
                ]
            },
            "properties": {
                "調査時期": "2024_S",
                "都道府県": "愛媛県",
                "市区町村": "松山市",
                "撮影場所": "",
                "撮影日時": "2024-09-03T20:18:00+09:00",
                "緯度": "33.84166667 ",
                "経度": "132.76000000 ",
                "夜空の明るさ": "16.85",
                "ばらつき": "0.17",
                "周辺状況": "",
                "備考": "",
                "継続観察登録地点": ""
            }
        },
        {
            "type": "Feature",
            "geometry": {
                "type": "Point",
                "coordinates": [
                    132.78666667,
                    33.85472222
                ]
            },
            "properties": {
                "調査時期": "2024_S",
                "都道府県": "愛媛県",
                "市区町村": "松山市",
                "撮影場所": "",
                "撮影日時": "2024-09-03T20:47:00+09:00",
                "緯度": "33.85472222 ",
                "経度": "132.78666667 ",
                "夜空の明るさ": "17.11",
                "ばらつき": "0.22",
                "周辺状況": "",
                "備考": "参考値（薄雲）",
                "継続観察登録地点": ""
            }
        },
        {
            "type": "Feature",
            "geometry": {
                "type": "Point",
                "coordinates": [
                    133.07888889,
                    34.17083333
                ]
            },
            "properties": {
                "調査時期": "2024_S",
                "都道府県": "愛媛県",
                "市区町村": "今治市",
                "撮影場所": "愛媛県今治市宮窪町宮窪",
                "撮影日時": "2024-08-26T20:42:00+09:00",
                "緯度": "34.17083333 ",
                "経度": "133.07888889 ",
                "夜空の明るさ": "20.87",
                "ばらつき": "0.12",
                "周辺状況": "住宅地域",
                "備考": "",
                "継続観察登録地点": "○"
            }
        },
        {
            "type": "Feature",
            "geometry": {
                "type": "Point",
                "coordinates": [
                    133.07888889,
                    34.17083333
                ]
            },
            "properties": {
                "調査時期": "2024_S",
                "都道府県": "愛媛県",
                "市区町村": "今治市",
                "撮影場所": "愛媛県今治市宮窪町宮窪",
                "撮影日時": "2024-08-26T20:47:00+09:00",
                "緯度": "34.17083333 ",
                "経度": "133.07888889 ",
                "夜空の明るさ": "20.87",
                "ばらつき": "0.11",
                "周辺状況": "住宅地域",
                "備考": "",
                "継続観察登録地点": "○"
            }
        },
        {
            "type": "Feature",
            "geometry": {
                "type": "Point",
                "coordinates": [
                    133.07888889,
                    34.17083333
                ]
            },
            "properties": {
                "調査時期": "2024_S",
                "都道府県": "愛媛県",
                "市区町村": "今治市",
                "撮影場所": "愛媛県今治市宮窪町宮窪",
                "撮影日時": "2024-09-01T21:48:00+09:00",
                "緯度": "34.17083333 ",
                "経度": "133.07888889 ",
                "夜空の明るさ": "20.72",
                "ばらつき": "0.09",
                "周辺状況": "住宅地域",
                "備考": "",
                "継続観察登録地点": "○"
            }
        },
        {
            "type": "Feature",
            "geometry": {
                "type": "Point",
                "coordinates": [
                    133.07888889,
                    34.17055556
                ]
            },
            "properties": {
                "調査時期": "2024_S",
                "都道府県": "愛媛県",
                "市区町村": "今治市",
                "撮影場所": "愛媛県今治市宮窪町宮窪",
                "撮影日時": "2024-09-01T21:49:00+09:00",
                "緯度": "34.17055556 ",
                "経度": "133.07888889 ",
                "夜空の明るさ": "20.70",
                "ばらつき": "0.06",
                "周辺状況": "住宅地域",
                "備考": "",
                "継続観察登録地点": "○"
            }
        },
        {
            "type": "Feature",
            "geometry": {
                "type": "Point",
                "coordinates": [
                    133.30972222,
                    33.90333333
                ]
            },
            "properties": {
                "調査時期": "2024_S",
                "都道府県": "愛媛県",
                "市区町村": "新居浜市",
                "撮影場所": "",
                "撮影日時": "2024-09-04T20:43:00+09:00",
                "緯度": "33.90333333 ",
                "経度": "133.30972222 ",
                "夜空の明るさ": "19.70",
                "ばらつき": "0.04",
                "周辺状況": "",
                "備考": "",
                "継続観察登録地点": ""
            }
        },
        {
            "type": "Feature",
            "geometry": {
                "type": "Point",
                "coordinates": [
                    133.245,
                    33.90888889
                ]
            },
            "properties": {
                "調査時期": "2024_S",
                "都道府県": "愛媛県",
                "市区町村": "新居浜市",
                "撮影場所": "",
                "撮影日時": "2024-09-04T20:17:00+09:00",
                "緯度": "33.90888889 ",
                "経度": "133.24500000 ",
                "夜空の明るさ": "19.47",
                "ばらつき": "0.09",
                "周辺状況": "",
                "備考": "",
                "継続観察登録地点": ""
            }
        },
        {
            "type": "Feature",
            "geometry": {
                "type": "Point",
                "coordinates": [
                    133.245,
                    33.90888889
                ]
            },
            "properties": {
                "調査時期": "2024_S",
                "都道府県": "愛媛県",
                "市区町村": "新居浜市",
                "撮影場所": "愛媛県総合科学博物館 屋上（愛媛県新居浜市）",
                "撮影日時": "2024-09-04T20:17:00+09:00",
                "緯度": "33.90888889 ",
                "経度": "133.24500000 ",
                "夜空の明るさ": "19.51",
                "ばらつき": "0.07",
                "周辺状況": "その他",
                "備考": "",
                "継続観察登録地点": "○"
            }
        },
        {
            "type": "Feature",
            "geometry": {
                "type": "Point",
                "coordinates": [
                    133.10805556,
                    33.88388889
                ]
            },
            "properties": {
                "調査時期": "2024_S",
                "都道府県": "愛媛県",
                "市区町村": "西条市",
                "撮影場所": "",
                "撮影日時": "2024-09-03T22:01:00+09:00",
                "緯度": "33.88388889 ",
                "経度": "133.10805556 ",
                "夜空の明るさ": "18.52",
                "ばらつき": "0.00",
                "周辺状況": "",
                "備考": "",
                "継続観察登録地点": ""
            }
        },
        {
            "type": "Feature",
            "geometry": {
                "type": "Point",
                "coordinates": [
                    133.01472222,
                    33.85805556
                ]
            },
            "properties": {
                "調査時期": "2024_S",
                "都道府県": "愛媛県",
                "市区町村": "西条市",
                "撮影場所": "",
                "撮影日時": "2024-09-05T20:47:00+09:00",
                "緯度": "33.85805556 ",
                "経度": "133.01472222 ",
                "夜空の明るさ": "20.23",
                "ばらつき": "0.15",
                "周辺状況": "",
                "備考": "",
                "継続観察登録地点": ""
            }
        },
        {
            "type": "Feature",
            "geometry": {
                "type": "Point",
                "coordinates": [
                    133.53611111,
                    33.9425
                ]
            },
            "properties": {
                "調査時期": "2024_S",
                "都道府県": "愛媛県",
                "市区町村": "四国中央市",
                "撮影場所": "",
                "撮影日時": "2024-09-04T21:56:00+09:00",
                "緯度": "33.94250000 ",
                "経度": "133.53611111 ",
                "夜空の明るさ": "20.36",
                "ばらつき": "0.03",
                "周辺状況": "",
                "備考": "",
                "継続観察登録地点": ""
            }
        },
        {
            "type": "Feature",
            "geometry": {
                "type": "Point",
                "coordinates": [
                    132.93944444,
                    33.67638889
                ]
            },
            "properties": {
                "調査時期": "2024_S",
                "都道府県": "愛媛県",
                "市区町村": "久万高原町",
                "撮影場所": "久万高原天体観測館",
                "撮影日時": "2024-09-04T21:34:00+09:00",
                "緯度": "33.67638889 ",
                "経度": "132.93944444 ",
                "夜空の明るさ": "20.93",
                "ばらつき": "0.02",
                "周辺状況": "森林山間地 ",
                "備考": "",
                "継続観察登録地点": "○"
            }
        },
        {
            "type": "Feature",
            "geometry": {
                "type": "Point",
                "coordinates": [
                    132.93944444,
                    33.67638889
                ]
            },
            "properties": {
                "調査時期": "2024_S",
                "都道府県": "愛媛県",
                "市区町村": "久万高原町",
                "撮影場所": "久万高原天体観測館",
                "撮影日時": "2024-09-01T21:11:00+09:00",
                "緯度": "33.67638889 ",
                "経度": "132.93944444 ",
                "夜空の明るさ": "21.08",
                "ばらつき": "0.08",
                "周辺状況": "森林山間地 ",
                "備考": "",
                "継続観察登録地点": "○"
            }
        },
        {
            "type": "Feature",
            "geometry": {
                "type": "Point",
                "coordinates": [
                    133.52916667,
                    33.53611111
                ]
            },
            "properties": {
                "調査時期": "2024_S",
                "都道府県": "高知県",
                "市区町村": "高知市",
                "撮影場所": "土佐塾中学・高等学校",
                "撮影日時": "2024-08-31T20:13:00+09:00",
                "緯度": "33.53611111 ",
                "経度": "133.52916667 ",
                "夜空の明るさ": "18.92",
                "ばらつき": "0.15",
                "周辺状況": "その他",
                "備考": "",
                "継続観察登録地点": "○"
            }
        },
        {
            "type": "Feature",
            "geometry": {
                "type": "Point",
                "coordinates": [
                    133.52916667,
                    33.53583333
                ]
            },
            "properties": {
                "調査時期": "2024_S",
                "都道府県": "高知県",
                "市区町村": "高知市",
                "撮影場所": "土佐塾中学・高等学校",
                "撮影日時": "2024-09-04T21:50:00+09:00",
                "緯度": "33.53583333 ",
                "経度": "133.52916667 ",
                "夜空の明るさ": "18.83",
                "ばらつき": "0.14",
                "周辺状況": "その他",
                "備考": "",
                "継続観察登録地点": "○"
            }
        },
        {
            "type": "Feature",
            "geometry": {
                "type": "Point",
                "coordinates": [
                    133.47472222,
                    33.465
                ]
            },
            "properties": {
                "調査時期": "2024_S",
                "都道府県": "高知県",
                "市区町村": "高知市",
                "撮影場所": "",
                "撮影日時": "2024-09-05T21:21:00+09:00",
                "緯度": "33.46500000 ",
                "経度": "133.47472222 ",
                "夜空の明るさ": "20.18",
                "ばらつき": "0.07",
                "周辺状況": "",
                "備考": "",
                "継続観察登録地点": ""
            }
        },
        {
            "type": "Feature",
            "geometry": {
                "type": "Point",
                "coordinates": [
                    133.52805556,
                    33.5125
                ]
            },
            "properties": {
                "調査時期": "2024_S",
                "都道府県": "高知県",
                "市区町村": "高知市",
                "撮影場所": "",
                "撮影日時": "2024-09-05T21:45:00+09:00",
                "緯度": "33.51250000 ",
                "経度": "133.52805556 ",
                "夜空の明るさ": "19.17",
                "ばらつき": "0.09",
                "周辺状況": "",
                "備考": "",
                "継続観察登録地点": ""
            }
        },
        {
            "type": "Feature",
            "geometry": {
                "type": "Point",
                "coordinates": [
                    133.52055556,
                    33.51611111
                ]
            },
            "properties": {
                "調査時期": "2024_S",
                "都道府県": "高知県",
                "市区町村": "高知市",
                "撮影場所": "",
                "撮影日時": "2024-09-05T21:59:00+09:00",
                "緯度": "33.51611111 ",
                "経度": "133.52055556 ",
                "夜空の明るさ": "19.13",
                "ばらつき": "0.03",
                "周辺状況": "",
                "備考": "",
                "継続観察登録地点": ""
            }
        },
        {
            "type": "Feature",
            "geometry": {
                "type": "Point",
                "coordinates": [
                    133.89444444,
                    33.49972222
                ]
            },
            "properties": {
                "調査時期": "2024_S",
                "都道府県": "高知県",
                "市区町村": "安芸市",
                "撮影場所": "",
                "撮影日時": "2024-08-31T23:09:00+09:00",
                "緯度": "33.49972222 ",
                "経度": "133.89444444 ",
                "夜空の明るさ": "20.93",
                "ばらつき": "0.11",
                "周辺状況": "",
                "備考": "参考値（時間外）",
                "継続観察登録地点": ""
            }
        },
        {
            "type": "Feature",
            "geometry": {
                "type": "Point",
                "coordinates": [
                    132.79305556,
                    33.17388889
                ]
            },
            "properties": {
                "調査時期": "2024_S",
                "都道府県": "高知県",
                "市区町村": "四万十市",
                "撮影場所": "四万十天文台前",
                "撮影日時": "2024-09-01T21:23:00+09:00",
                "緯度": "33.17388889 ",
                "経度": "132.79305556 ",
                "夜空の明るさ": "21.14",
                "ばらつき": "0.08",
                "周辺状況": "森林山間地",
                "備考": "",
                "継続観察登録地点": "○"
            }
        },
        {
            "type": "Feature",
            "geometry": {
                "type": "Point",
                "coordinates": [
                    133.825,
                    33.53055556
                ]
            },
            "properties": {
                "調査時期": "2024_S",
                "都道府県": "高知県",
                "市区町村": "芸西村",
                "撮影場所": "芸西天文台",
                "撮影日時": "2024-08-31T22:15:00+09:00",
                "緯度": "33.53055556 ",
                "経度": "133.82500000 ",
                "夜空の明るさ": "21.15",
                "ばらつき": "0.29",
                "周辺状況": "森林山間地",
                "備考": "",
                "継続観察登録地点": "○"
            }
        },
        {
            "type": "Feature",
            "geometry": {
                "type": "Point",
                "coordinates": [
                    133.825,
                    33.53055556
                ]
            },
            "properties": {
                "調査時期": "2024_S",
                "都道府県": "高知県",
                "市区町村": "芸西村",
                "撮影場所": "芸西天文台",
                "撮影日時": "2024-09-02T21:26:00+09:00",
                "緯度": "33.53055556 ",
                "経度": "133.82500000 ",
                "夜空の明るさ": "20.72",
                "ばらつき": "0.08",
                "周辺状況": "森林山間地",
                "備考": "",
                "継続観察登録地点": "○"
            }
        },
        {
            "type": "Feature",
            "geometry": {
                "type": "Point",
                "coordinates": [
                    133.825,
                    33.53055556
                ]
            },
            "properties": {
                "調査時期": "2024_S",
                "都道府県": "高知県",
                "市区町村": "芸西村",
                "撮影場所": "芸西天文台",
                "撮影日時": "2024-09-02T22:00:00+09:00",
                "緯度": "33.53055556 ",
                "経度": "133.82500000 ",
                "夜空の明るさ": "20.98",
                "ばらつき": "0.12",
                "周辺状況": "森林山間地",
                "備考": "",
                "継続観察登録地点": "○"
            }
        },
        {
            "type": "Feature",
            "geometry": {
                "type": "Point",
                "coordinates": [
                    132.97694444,
                    33.39777778
                ]
            },
            "properties": {
                "調査時期": "2024_S",
                "都道府県": "高知県",
                "市区町村": "津野町",
                "撮影場所": "",
                "撮影日時": "2024-08-31T21:27:00+09:00",
                "緯度": "33.39777778 ",
                "経度": "132.97694444 ",
                "夜空の明るさ": "21.36",
                "ばらつき": "0.06",
                "周辺状況": "",
                "備考": "",
                "継続観察登録地点": ""
            }
        },
        {
            "type": "Feature",
            "geometry": {
                "type": "Point",
                "coordinates": [
                    133.00222222,
                    33.47611111
                ]
            },
            "properties": {
                "調査時期": "2024_S",
                "都道府県": "高知県",
                "市区町村": "津野町",
                "撮影場所": "",
                "撮影日時": "2024-09-03T20:59:00+09:00",
                "緯度": "33.47611111 ",
                "経度": "133.00222222 ",
                "夜空の明るさ": "21.00",
                "ばらつき": "0.08",
                "周辺状況": "",
                "備考": "",
                "継続観察登録地点": ""
            }
        },
        {
            "type": "Feature",
            "geometry": {
                "type": "Point",
                "coordinates": [
                    130.76,
                    33.24333333
                ]
            },
            "properties": {
                "調査時期": "2024_S",
                "都道府県": "福岡県",
                "市区町村": "八女市",
                "撮影場所": "星のふるさと公園 星降る広場",
                "撮影日時": "2024-09-04T21:11:00+09:00",
                "緯度": "33.24333333 ",
                "経度": "130.76000000 ",
                "夜空の明るさ": "20.39",
                "ばらつき": "0.11",
                "周辺状況": "森林山間地",
                "備考": "",
                "継続観察登録地点": "○"
            }
        },
        {
            "type": "Feature",
            "geometry": {
                "type": "Point",
                "coordinates": [
                    130.76,
                    33.24333333
                ]
            },
            "properties": {
                "調査時期": "2024_S",
                "都道府県": "福岡県",
                "市区町村": "八女市",
                "撮影場所": "星のふるさと公園 星降る広場",
                "撮影日時": "2024-09-04T21:39:00+09:00",
                "緯度": "33.24333333 ",
                "経度": "130.76000000 ",
                "夜空の明るさ": "20.62",
                "ばらつき": "0.10",
                "周辺状況": "森林山間地",
                "備考": "",
                "継続観察登録地点": "○"
            }
        },
        {
            "type": "Feature",
            "geometry": {
                "type": "Point",
                "coordinates": [
                    129.66472222,
                    33.30805556
                ]
            },
            "properties": {
                "調査時期": "2024_S",
                "都道府県": "長崎県",
                "市区町村": "佐世保市",
                "撮影場所": "佐世保市江迎町奧川内 白岳自然公園",
                "撮影日時": "2024-08-25T20:50:00+09:00",
                "緯度": "33.30805556 ",
                "経度": "129.66472222 ",
                "夜空の明るさ": "20.57",
                "ばらつき": "0.10",
                "周辺状況": "自然公園等",
                "備考": "",
                "継続観察登録地点": "○"
            }
        },
        {
            "type": "Feature",
            "geometry": {
                "type": "Point",
                "coordinates": [
                    129.66472222,
                    33.30805556
                ]
            },
            "properties": {
                "調査時期": "2024_S",
                "都道府県": "長崎県",
                "市区町村": "佐世保市",
                "撮影場所": "佐世保市江迎町奧川内 白岳自然公園",
                "撮影日時": "2024-08-31T21:06:00+09:00",
                "緯度": "33.30805556 ",
                "経度": "129.66472222 ",
                "夜空の明るさ": "20.58",
                "ばらつき": "0.13",
                "周辺状況": "自然公園等",
                "備考": "",
                "継続観察登録地点": "○"
            }
        },
        {
            "type": "Feature",
            "geometry": {
                "type": "Point",
                "coordinates": [
                    129.68,
                    33.17416667
                ]
            },
            "properties": {
                "調査時期": "2024_S",
                "都道府県": "長崎県",
                "市区町村": "佐世保市",
                "撮影場所": "佐世保市星和台町",
                "撮影日時": "2024-09-01T21:41:00+09:00",
                "緯度": "33.17416667 ",
                "経度": "129.68000000 ",
                "夜空の明るさ": "19.59",
                "ばらつき": "0.03",
                "周辺状況": "住宅地域",
                "備考": "",
                "継続観察登録地点": "○"
            }
        },
        {
            "type": "Feature",
            "geometry": {
                "type": "Point",
                "coordinates": [
                    129.68,
                    33.17416667
                ]
            },
            "properties": {
                "調査時期": "2024_S",
                "都道府県": "長崎県",
                "市区町村": "佐世保市",
                "撮影場所": "佐世保市星和台町",
                "撮影日時": "2024-09-03T22:02:00+09:00",
                "緯度": "33.17416667 ",
                "経度": "129.68000000 ",
                "夜空の明るさ": "19.27",
                "ばらつき": "0.12",
                "周辺状況": "住宅地域",
                "備考": "",
                "継続観察登録地点": "○"
            }
        },
        {
            "type": "Feature",
            "geometry": {
                "type": "Point",
                "coordinates": [
                    130.73916667,
                    32.83138889
                ]
            },
            "properties": {
                "調査時期": "2024_S",
                "都道府県": "熊本県",
                "市区町村": "熊本市　北区",
                "撮影場所": "",
                "撮影日時": "2024-08-26T21:03:00+09:00",
                "緯度": "32.83138889 ",
                "経度": "130.73916667 ",
                "夜空の明るさ": "18.88",
                "ばらつき": "0.07",
                "周辺状況": "",
                "備考": "",
                "継続観察登録地点": ""
            }
        },
        {
            "type": "Feature",
            "geometry": {
                "type": "Point",
                "coordinates": [
                    130.12222222,
                    32.45333333
                ]
            },
            "properties": {
                "調査時期": "2024_S",
                "都道府県": "熊本県",
                "市区町村": "天草市",
                "撮影場所": "熊本県天草市",
                "撮影日時": "2024-08-26T21:06:00+09:00",
                "緯度": "32.45333333 ",
                "経度": "130.12222222 ",
                "夜空の明るさ": "21.05",
                "ばらつき": "0.08",
                "周辺状況": "森林山間地",
                "備考": "",
                "継続観察登録地点": "○"
            }
        },
        {
            "type": "Feature",
            "geometry": {
                "type": "Point",
                "coordinates": [
                    130.53555556,
                    33.07361111
                ]
            },
            "properties": {
                "調査時期": "2024_S",
                "都道府県": "熊本県",
                "市区町村": "南関町",
                "撮影場所": "リフレスおおむた",
                "撮影日時": "2024-09-05T19:28:00+09:00",
                "緯度": "33.07361111 ",
                "経度": "130.53555556 ",
                "夜空の明るさ": "",
                "ばらつき": "",
                "周辺状況": "農業地域",
                "備考": "測定不可（設定エラー）",
                "継続観察登録地点": "○"
            }
        },
        {
            "type": "Feature",
            "geometry": {
                "type": "Point",
                "coordinates": [
                    131.09833333,
                    32.73888889
                ]
            },
            "properties": {
                "調査時期": "2024_S",
                "都道府県": "熊本県",
                "市区町村": "山都町",
                "撮影場所": "",
                "撮影日時": "2024-09-04T21:24:00+09:00",
                "緯度": "32.73888889 ",
                "経度": "131.09833333 ",
                "夜空の明るさ": "20.85",
                "ばらつき": "0.11",
                "周辺状況": "",
                "備考": "",
                "継続観察登録地点": ""
            }
        },
        {
            "type": "Feature",
            "geometry": {
                "type": "Point",
                "coordinates": [
                    131.06972222,
                    31.88
                ]
            },
            "properties": {
                "調査時期": "2024_S",
                "都道府県": "宮崎県",
                "市区町村": "都城市",
                "撮影場所": "宮崎県都城市高崎町",
                "撮影日時": "2024-09-02T21:32:00+09:00",
                "緯度": "31.88000000 ",
                "経度": "131.06972222 ",
                "夜空の明るさ": "19.85",
                "ばらつき": "0.09",
                "周辺状況": "住宅地域",
                "備考": "",
                "継続観察登録地点": "○"
            }
        },
        {
            "type": "Feature",
            "geometry": {
                "type": "Point",
                "coordinates": [
                    129.67,
                    28.51722222
                ]
            },
            "properties": {
                "調査時期": "2024_S",
                "都道府県": "鹿児島県",
                "市区町村": "奄美市",
                "撮影場所": "",
                "撮影日時": "2024-08-25T20:29:00+09:00",
                "緯度": "28.51722222 ",
                "経度": "129.67000000 ",
                "夜空の明るさ": "21.57",
                "ばらつき": "0.14",
                "周辺状況": "",
                "備考": "",
                "継続観察登録地点": ""
            }
        },
        {
            "type": "Feature",
            "geometry": {
                "type": "Point",
                "coordinates": [
                    129.71861111,
                    28.47444444
                ]
            },
            "properties": {
                "調査時期": "2024_S",
                "都道府県": "鹿児島県",
                "市区町村": "奄美市",
                "撮影場所": "",
                "撮影日時": "2024-08-25T21:24:00+09:00",
                "緯度": "28.47444444 ",
                "経度": "129.71861111 ",
                "夜空の明るさ": "21.35",
                "ばらつき": "0.19",
                "周辺状況": "",
                "備考": "",
                "継続観察登録地点": ""
            }
        },
        {
            "type": "Feature",
            "geometry": {
                "type": "Point",
                "coordinates": [
                    129.66666667,
                    28.4075
                ]
            },
            "properties": {
                "調査時期": "2024_S",
                "都道府県": "鹿児島県",
                "市区町村": "奄美市",
                "撮影場所": "",
                "撮影日時": "2024-08-25T22:00:00+09:00",
                "緯度": "28.40750000 ",
                "経度": "129.66666667 ",
                "夜空の明るさ": "21.59",
                "ばらつき": "0.19",
                "周辺状況": "",
                "備考": "",
                "継続観察登録地点": ""
            }
        },
        {
            "type": "Feature",
            "geometry": {
                "type": "Point",
                "coordinates": [
                    129.45638889,
                    28.40277778
                ]
            },
            "properties": {
                "調査時期": "2024_S",
                "都道府県": "鹿児島県",
                "市区町村": "奄美市",
                "撮影場所": "",
                "撮影日時": "2024-08-29T20:33:00+09:00",
                "緯度": "28.40277778 ",
                "経度": "129.45638889 ",
                "夜空の明るさ": "20.82",
                "ばらつき": "0.25",
                "周辺状況": "",
                "備考": "",
                "継続観察登録地点": ""
            }
        },
        {
            "type": "Feature",
            "geometry": {
                "type": "Point",
                "coordinates": [
                    129.47638889,
                    28.39944444
                ]
            },
            "properties": {
                "調査時期": "2024_S",
                "都道府県": "鹿児島県",
                "市区町村": "奄美市",
                "撮影場所": "",
                "撮影日時": "2024-08-29T21:11:00+09:00",
                "緯度": "28.39944444 ",
                "経度": "129.47638889 ",
                "夜空の明るさ": "20.43",
                "ばらつき": "0.14",
                "周辺状況": "",
                "備考": "",
                "継続観察登録地点": ""
            }
        },
        {
            "type": "Feature",
            "geometry": {
                "type": "Point",
                "coordinates": [
                    129.49611111,
                    28.39888889
                ]
            },
            "properties": {
                "調査時期": "2024_S",
                "都道府県": "鹿児島県",
                "市区町村": "奄美市",
                "撮影場所": "",
                "撮影日時": "2024-08-29T21:42:00+09:00",
                "緯度": "28.39888889 ",
                "経度": "129.49611111 ",
                "夜空の明るさ": "20.33",
                "ばらつき": "0.13",
                "周辺状況": "",
                "備考": "",
                "継続観察登録地点": ""
            }
        },
        {
            "type": "Feature",
            "geometry": {
                "type": "Point",
                "coordinates": [
                    129.52222222,
                    28.40027778
                ]
            },
            "properties": {
                "調査時期": "2024_S",
                "都道府県": "鹿児島県",
                "市区町村": "奄美市",
                "撮影場所": "",
                "撮影日時": "2024-08-29T22:24:00+09:00",
                "緯度": "28.40027778 ",
                "経度": "129.52222222 ",
                "夜空の明るさ": "20.18",
                "ばらつき": "0.13",
                "周辺状況": "",
                "備考": "",
                "継続観察登録地点": ""
            }
        },
        {
            "type": "Feature",
            "geometry": {
                "type": "Point",
                "coordinates": [
                    129.47638889,
                    28.29444444
                ]
            },
            "properties": {
                "調査時期": "2024_S",
                "都道府県": "鹿児島県",
                "市区町村": "奄美市",
                "撮影場所": "",
                "撮影日時": "2024-08-30T22:02:00+09:00",
                "緯度": "28.29444444 ",
                "経度": "129.47638889 ",
                "夜空の明るさ": "21.17",
                "ばらつき": "0.07",
                "周辺状況": "",
                "備考": "",
                "継続観察登録地点": ""
            }
        },
        {
            "type": "Feature",
            "geometry": {
                "type": "Point",
                "coordinates": [
                    129.49833333,
                    28.37416667
                ]
            },
            "properties": {
                "調査時期": "2024_S",
                "都道府県": "鹿児島県",
                "市区町村": "奄美市",
                "撮影場所": "",
                "撮影日時": "2024-08-31T22:02:00+09:00",
                "緯度": "28.37416667 ",
                "経度": "129.49833333 ",
                "夜空の明るさ": "19.98",
                "ばらつき": "0.12",
                "周辺状況": "",
                "備考": "",
                "継続観察登録地点": ""
            }
        },
        {
            "type": "Feature",
            "geometry": {
                "type": "Point",
                "coordinates": [
                    129.49888889,
                    28.37777778
                ]
            },
            "properties": {
                "調査時期": "2024_S",
                "都道府県": "鹿児島県",
                "市区町村": "奄美市",
                "撮影場所": "",
                "撮影日時": "2024-08-31T21:51:00+09:00",
                "緯度": "28.37777778 ",
                "経度": "129.49888889 ",
                "夜空の明るさ": "19.86",
                "ばらつき": "0.09",
                "周辺状況": "",
                "備考": "",
                "継続観察登録地点": ""
            }
        },
        {
            "type": "Feature",
            "geometry": {
                "type": "Point",
                "coordinates": [
                    129.65027778,
                    28.42722222
                ]
            },
            "properties": {
                "調査時期": "2024_S",
                "都道府県": "鹿児島県",
                "市区町村": "奄美市",
                "撮影場所": "",
                "撮影日時": "2024-09-01T20:49:00+09:00",
                "緯度": "28.42722222 ",
                "経度": "129.65027778 ",
                "夜空の明るさ": "21.61",
                "ばらつき": "0.17",
                "周辺状況": "",
                "備考": "",
                "継続観察登録地点": ""
            }
        },
        {
            "type": "Feature",
            "geometry": {
                "type": "Point",
                "coordinates": [
                    129.63638889,
                    28.405
                ]
            },
            "properties": {
                "調査時期": "2024_S",
                "都道府県": "鹿児島県",
                "市区町村": "奄美市",
                "撮影場所": "",
                "撮影日時": "2024-09-01T21:06:00+09:00",
                "緯度": "28.40500000 ",
                "経度": "129.63638889 ",
                "夜空の明るさ": "21.56",
                "ばらつき": "0.13",
                "周辺状況": "",
                "備考": "",
                "継続観察登録地点": ""
            }
        },
        {
            "type": "Feature",
            "geometry": {
                "type": "Point",
                "coordinates": [
                    129.19027778,
                    28.26222222
                ]
            },
            "properties": {
                "調査時期": "2024_S",
                "都道府県": "鹿児島県",
                "市区町村": "宇検村",
                "撮影場所": "",
                "撮影日時": "2024-09-01T20:44:00+09:00",
                "緯度": "28.26222222 ",
                "経度": "129.19027778 ",
                "夜空の明るさ": "20.75",
                "ばらつき": "0.27",
                "周辺状況": "",
                "備考": "",
                "継続観察登録地点": ""
            }
        },
        {
            "type": "Feature",
            "geometry": {
                "type": "Point",
                "coordinates": [
                    129.20138889,
                    28.25666667
                ]
            },
            "properties": {
                "調査時期": "2024_S",
                "都道府県": "鹿児島県",
                "市区町村": "宇検村",
                "撮影場所": "",
                "撮影日時": "2024-09-01T21:00:00+09:00",
                "緯度": "28.25666667 ",
                "経度": "129.20138889 ",
                "夜空の明るさ": "21.12",
                "ばらつき": "0.03",
                "周辺状況": "",
                "備考": "",
                "継続観察登録地点": ""
            }
        },
        {
            "type": "Feature",
            "geometry": {
                "type": "Point",
                "coordinates": [
                    129.22,
                    28.26861111
                ]
            },
            "properties": {
                "調査時期": "2024_S",
                "都道府県": "鹿児島県",
                "市区町村": "宇検村",
                "撮影場所": "",
                "撮影日時": "2024-09-01T21:16:00+09:00",
                "緯度": "28.26861111 ",
                "経度": "129.22000000 ",
                "夜空の明るさ": "21.44",
                "ばらつき": "0.14",
                "周辺状況": "",
                "備考": "",
                "継続観察登録地点": ""
            }
        },
        {
            "type": "Feature",
            "geometry": {
                "type": "Point",
                "coordinates": [
                    129.2375,
                    28.26388889
                ]
            },
            "properties": {
                "調査時期": "2024_S",
                "都道府県": "鹿児島県",
                "市区町村": "宇検村",
                "撮影場所": "",
                "撮影日時": "2024-09-01T21:28:00+09:00",
                "緯度": "28.26388889 ",
                "経度": "129.23750000 ",
                "夜空の明るさ": "21.41",
                "ばらつき": "0.10",
                "周辺状況": "",
                "備考": "",
                "継続観察登録地点": ""
            }
        },
        {
            "type": "Feature",
            "geometry": {
                "type": "Point",
                "coordinates": [
                    129.24583333,
                    28.26361111
                ]
            },
            "properties": {
                "調査時期": "2024_S",
                "都道府県": "鹿児島県",
                "市区町村": "宇検村",
                "撮影場所": "",
                "撮影日時": "2024-09-01T21:46:00+09:00",
                "緯度": "28.26361111 ",
                "経度": "129.24583333 ",
                "夜空の明るさ": "21.09",
                "ばらつき": "0.12",
                "周辺状況": "",
                "備考": "",
                "継続観察登録地点": ""
            }
        },
        {
            "type": "Feature",
            "geometry": {
                "type": "Point",
                "coordinates": [
                    129.25194444,
                    28.26
                ]
            },
            "properties": {
                "調査時期": "2024_S",
                "都道府県": "鹿児島県",
                "市区町村": "宇検村",
                "撮影場所": "",
                "撮影日時": "2024-09-01T21:48:00+09:00",
                "緯度": "28.26000000 ",
                "経度": "129.25194444 ",
                "夜空の明るさ": "21.07",
                "ばらつき": "0.06",
                "周辺状況": "",
                "備考": "",
                "継続観察登録地点": ""
            }
        },
        {
            "type": "Feature",
            "geometry": {
                "type": "Point",
                "coordinates": [
                    129.29888889,
                    28.27527778
                ]
            },
            "properties": {
                "調査時期": "2024_S",
                "都道府県": "鹿児島県",
                "市区町村": "宇検村",
                "撮影場所": "",
                "撮影日時": "2024-09-01T22:05:00+09:00",
                "緯度": "28.27527778 ",
                "経度": "129.29888889 ",
                "夜空の明るさ": "21.10",
                "ばらつき": "0.12",
                "周辺状況": "",
                "備考": "",
                "継続観察登録地点": ""
            }
        },
        {
            "type": "Feature",
            "geometry": {
                "type": "Point",
                "coordinates": [
                    129.29388889,
                    28.27916667
                ]
            },
            "properties": {
                "調査時期": "2024_S",
                "都道府県": "鹿児島県",
                "市区町村": "宇検村",
                "撮影場所": "",
                "撮影日時": "2024-09-01T22:13:00+09:00",
                "緯度": "28.27916667 ",
                "経度": "129.29388889 ",
                "夜空の明るさ": "21.12",
                "ばらつき": "0.11",
                "周辺状況": "",
                "備考": "",
                "継続観察登録地点": ""
            }
        },
        {
            "type": "Feature",
            "geometry": {
                "type": "Point",
                "coordinates": [
                    129.22611111,
                    28.09222222
                ]
            },
            "properties": {
                "調査時期": "2024_S",
                "都道府県": "鹿児島県",
                "市区町村": "瀬戸内町",
                "撮影場所": "",
                "撮影日時": "2024-08-30T20:28:00+09:00",
                "緯度": "28.09222222 ",
                "経度": "129.22611111 ",
                "夜空の明るさ": "21.57",
                "ばらつき": "0.16",
                "周辺状況": "",
                "備考": "",
                "継続観察登録地点": ""
            }
        },
        {
            "type": "Feature",
            "geometry": {
                "type": "Point",
                "coordinates": [
                    129.35138889,
                    28.10638889
                ]
            },
            "properties": {
                "調査時期": "2024_S",
                "都道府県": "鹿児島県",
                "市区町村": "瀬戸内町",
                "撮影場所": "",
                "撮影日時": "2024-08-30T22:34:00+09:00",
                "緯度": "28.10638889 ",
                "経度": "129.35138889 ",
                "夜空の明るさ": "21.46",
                "ばらつき": "0.12",
                "周辺状況": "",
                "備考": "",
                "継続観察登録地点": ""
            }
        },
        {
            "type": "Feature",
            "geometry": {
                "type": "Point",
                "coordinates": [
                    129.32861111,
                    28.07333333
                ]
            },
            "properties": {
                "調査時期": "2024_S",
                "都道府県": "鹿児島県",
                "市区町村": "瀬戸内町",
                "撮影場所": "",
                "撮影日時": "2024-08-30T21:59:00+09:00",
                "緯度": "28.07333333 ",
                "経度": "129.32861111 ",
                "夜空の明るさ": "21.40",
                "ばらつき": "0.09",
                "周辺状況": "",
                "備考": "",
                "継続観察登録地点": ""
            }
        },
        {
            "type": "Feature",
            "geometry": {
                "type": "Point",
                "coordinates": [
                    129.2325,
                    28.15361111
                ]
            },
            "properties": {
                "調査時期": "2024_S",
                "都道府県": "鹿児島県",
                "市区町村": "瀬戸内町",
                "撮影場所": "",
                "撮影日時": "2024-08-30T21:17:00+09:00",
                "緯度": "28.15361111 ",
                "経度": "129.23250000 ",
                "夜空の明るさ": "21.66",
                "ばらつき": "0.24",
                "周辺状況": "",
                "備考": "",
                "継続観察登録地点": ""
            }
        },
        {
            "type": "Feature",
            "geometry": {
                "type": "Point",
                "coordinates": [
                    129.21055556,
                    28.16555556
                ]
            },
            "properties": {
                "調査時期": "2024_S",
                "都道府県": "鹿児島県",
                "市区町村": "瀬戸内町",
                "撮影場所": "",
                "撮影日時": "2024-08-30T21:09:00+09:00",
                "緯度": "28.16555556 ",
                "経度": "129.21055556 ",
                "夜空の明るさ": "21.42",
                "ばらつき": "0.08",
                "周辺状況": "",
                "備考": "",
                "継続観察登録地点": ""
            }
        },
        {
            "type": "Feature",
            "geometry": {
                "type": "Point",
                "coordinates": [
                    129.3125,
                    28.175
                ]
            },
            "properties": {
                "調査時期": "2024_S",
                "都道府県": "鹿児島県",
                "市区町村": "瀬戸内町",
                "撮影場所": "鹿児島県瀬戸内町油井岳",
                "撮影日時": "2024-08-31T21:57:00+09:00",
                "緯度": "28.17500000 ",
                "経度": "129.31250000 ",
                "夜空の明るさ": "21.42",
                "ばらつき": "0.07",
                "周辺状況": "自然公園等",
                "備考": "",
                "継続観察登録地点": "○"
            }
        },
        {
            "type": "Feature",
            "geometry": {
                "type": "Point",
                "coordinates": [
                    129.32666667,
                    28.175
                ]
            },
            "properties": {
                "調査時期": "2024_S",
                "都道府県": "鹿児島県",
                "市区町村": "瀬戸内町",
                "撮影場所": "鹿児島県大島郡瀬戸内町阿木名",
                "撮影日時": "2024-09-01T22:02:00+09:00",
                "緯度": "28.17500000 ",
                "経度": "129.32666667 ",
                "夜空の明るさ": "21.39",
                "ばらつき": "0.12",
                "周辺状況": "農業地域",
                "備考": "",
                "継続観察登録地点": "○"
            }
        },
        {
            "type": "Feature",
            "geometry": {
                "type": "Point",
                "coordinates": [
                    129.33694444,
                    28.16833333
                ]
            },
            "properties": {
                "調査時期": "2024_S",
                "都道府県": "鹿児島県",
                "市区町村": "瀬戸内町",
                "撮影場所": "",
                "撮影日時": "2024-09-01T21:51:00+09:00",
                "緯度": "28.16833333 ",
                "経度": "129.33694444 ",
                "夜空の明るさ": "21.24",
                "ばらつき": "0.08",
                "周辺状況": "",
                "備考": "",
                "継続観察登録地点": ""
            }
        },
        {
            "type": "Feature",
            "geometry": {
                "type": "Point",
                "coordinates": [
                    129.37027778,
                    28.13055556
                ]
            },
            "properties": {
                "調査時期": "2024_S",
                "都道府県": "鹿児島県",
                "市区町村": "瀬戸内町",
                "撮影場所": "鹿児島県大島郡瀬戸内町ホノホシ海岸",
                "撮影日時": "2024-09-01T21:30:00+09:00",
                "緯度": "28.13055556 ",
                "経度": "129.37027778 ",
                "夜空の明るさ": "21.44",
                "ばらつき": "0.07",
                "周辺状況": "自然公園等",
                "備考": "",
                "継続観察登録地点": "○"
            }
        },
        {
            "type": "Feature",
            "geometry": {
                "type": "Point",
                "coordinates": [
                    129.36333333,
                    28.12416667
                ]
            },
            "properties": {
                "調査時期": "2024_S",
                "都道府県": "鹿児島県",
                "市区町村": "瀬戸内町",
                "撮影場所": "鹿児島県大島郡瀬戸内町ヤドリ浜",
                "撮影日時": "2024-09-01T21:25:00+09:00",
                "緯度": "28.12416667 ",
                "経度": "129.36333333 ",
                "夜空の明るさ": "21.36",
                "ばらつき": "0.20",
                "周辺状況": "自然公園等",
                "備考": "",
                "継続観察登録地点": "○"
            }
        },
        {
            "type": "Feature",
            "geometry": {
                "type": "Point",
                "coordinates": [
                    129.33666667,
                    28.13138889
                ]
            },
            "properties": {
                "調査時期": "2024_S",
                "都道府県": "鹿児島県",
                "市区町村": "瀬戸内町",
                "撮影場所": "鹿児島県大島郡瀬戸内町マネン崎",
                "撮影日時": "2024-09-01T21:08:00+09:00",
                "緯度": "28.13138889 ",
                "経度": "129.33666667 ",
                "夜空の明るさ": "21.43",
                "ばらつき": "0.16",
                "周辺状況": "自然公園等",
                "備考": "",
                "継続観察登録地点": "○"
            }
        },
        {
            "type": "Feature",
            "geometry": {
                "type": "Point",
                "coordinates": [
                    129.31111111,
                    28.14805556
                ]
            },
            "properties": {
                "調査時期": "2024_S",
                "都道府県": "鹿児島県",
                "市区町村": "瀬戸内町",
                "撮影場所": "鹿児島県大島郡瀬戸内町春日公園",
                "撮影日時": "2024-09-01T20:59:00+09:00",
                "緯度": "28.14805556 ",
                "経度": "129.31111111 ",
                "夜空の明るさ": "20.22",
                "ばらつき": "0.30",
                "周辺状況": "商業地域",
                "備考": "",
                "継続観察登録地点": "○"
            }
        },
        {
            "type": "Feature",
            "geometry": {
                "type": "Point",
                "coordinates": [
                    129.31555556,
                    28.16916667
                ]
            },
            "properties": {
                "調査時期": "2024_S",
                "都道府県": "鹿児島県",
                "市区町村": "瀬戸内町",
                "撮影場所": "鹿児島県 瀬戸内町高知山",
                "撮影日時": "2024-09-04T20:57:00+09:00",
                "緯度": "28.16916667 ",
                "経度": "129.31555556 ",
                "夜空の明るさ": "21.23",
                "ばらつき": "0.06",
                "周辺状況": "森林山間地",
                "備考": "",
                "継続観察登録地点": "○"
            }
        },
        {
            "type": "Feature",
            "geometry": {
                "type": "Point",
                "coordinates": [
                    129.29444444,
                    28.16138889
                ]
            },
            "properties": {
                "調査時期": "2024_S",
                "都道府県": "鹿児島県",
                "市区町村": "瀬戸内町",
                "撮影場所": "",
                "撮影日時": "2024-09-04T21:21:00+09:00",
                "緯度": "28.16138889 ",
                "経度": "129.29444444 ",
                "夜空の明るさ": "21.26",
                "ばらつき": "0.09",
                "周辺状況": "",
                "備考": "",
                "継続観察登録地点": ""
            }
        },
        {
            "type": "Feature",
            "geometry": {
                "type": "Point",
                "coordinates": [
                    129.64,
                    28.41777778
                ]
            },
            "properties": {
                "調査時期": "2024_S",
                "都道府県": "鹿児島県",
                "市区町村": "龍郷町",
                "撮影場所": "鹿児島県大島郡龍郷町赤尾木",
                "撮影日時": "2024-09-01T20:31:00+09:00",
                "緯度": "28.41777778 ",
                "経度": "129.64000000 ",
                "夜空の明るさ": "21.60",
                "ばらつき": "0.13",
                "周辺状況": "その他",
                "備考": "",
                "継続観察登録地点": "○"
            }
        },
        {
            "type": "Feature",
            "geometry": {
                "type": "Point",
                "coordinates": [
                    129.61777778,
                    28.40277778
                ]
            },
            "properties": {
                "調査時期": "2024_S",
                "都道府県": "鹿児島県",
                "市区町村": "龍郷町",
                "撮影場所": "",
                "撮影日時": "2024-09-01T21:18:00+09:00",
                "緯度": "28.40277778 ",
                "経度": "129.61777778 ",
                "夜空の明るさ": "21.33",
                "ばらつき": "0.10",
                "周辺状況": "",
                "備考": "",
                "継続観察登録地点": ""
            }
        },
        {
            "type": "Feature",
            "geometry": {
                "type": "Point",
                "coordinates": [
                    128.42833333,
                    27.04277778
                ]
            },
            "properties": {
                "調査時期": "2024_S",
                "都道府県": "鹿児島県",
                "市区町村": "与論町",
                "撮影場所": "与論町内",
                "撮影日時": "2024-07-30T21:03:00+09:00",
                "緯度": "27.04277778 ",
                "経度": "128.42833333 ",
                "夜空の明るさ": "21.50",
                "ばらつき": "0.16",
                "周辺状況": "農業地域",
                "備考": "",
                "継続観察登録地点": "○"
            }
        },
        {
            "type": "Feature",
            "geometry": {
                "type": "Point",
                "coordinates": [
                    128.42833333,
                    27.04305556
                ]
            },
            "properties": {
                "調査時期": "2024_S",
                "都道府県": "鹿児島県",
                "市区町村": "与論町",
                "撮影場所": "与論町内",
                "撮影日時": "2024-07-30T22:06:00+09:00",
                "緯度": "27.04305556 ",
                "経度": "128.42833333 ",
                "夜空の明るさ": "21.41",
                "ばらつき": "0.17",
                "周辺状況": "農業地域",
                "備考": "",
                "継続観察登録地点": "○"
            }
        },
        {
            "type": "Feature",
            "geometry": {
                "type": "Point",
                "coordinates": [
                    128.42833333,
                    27.04277778
                ]
            },
            "properties": {
                "調査時期": "2024_S",
                "都道府県": "鹿児島県",
                "市区町村": "与論町",
                "撮影場所": "与論町内",
                "撮影日時": "2024-08-31T21:02:00+09:00",
                "緯度": "27.04277778 ",
                "経度": "128.42833333 ",
                "夜空の明るさ": "21.50",
                "ばらつき": "0.15",
                "周辺状況": "農業地域",
                "備考": "",
                "継続観察登録地点": "○"
            }
        },
        {
            "type": "Feature",
            "geometry": {
                "type": "Point",
                "coordinates": [
                    128.42833333,
                    27.04277778
                ]
            },
            "properties": {
                "調査時期": "2024_S",
                "都道府県": "鹿児島県",
                "市区町村": "与論町",
                "撮影場所": "与論町内",
                "撮影日時": "2024-08-31T20:48:00+09:00",
                "緯度": "27.04277778 ",
                "経度": "128.42833333 ",
                "夜空の明るさ": "21.53",
                "ばらつき": "0.17",
                "周辺状況": "農業地域",
                "備考": "",
                "継続観察登録地点": "○"
            }
        },
        {
            "type": "Feature",
            "geometry": {
                "type": "Point",
                "coordinates": [
                    128.42833333,
                    27.04277778
                ]
            },
            "properties": {
                "調査時期": "2024_S",
                "都道府県": "鹿児島県",
                "市区町村": "与論町",
                "撮影場所": "与論町内",
                "撮影日時": "2024-08-31T21:23:00+09:00",
                "緯度": "27.04277778 ",
                "経度": "128.42833333 ",
                "夜空の明るさ": "21.51",
                "ばらつき": "0.14",
                "周辺状況": "農業地域",
                "備考": "",
                "継続観察登録地点": "○"
            }
        },
        {
            "type": "Feature",
            "geometry": {
                "type": "Point",
                "coordinates": [
                    128.42833333,
                    27.04277778
                ]
            },
            "properties": {
                "調査時期": "2024_S",
                "都道府県": "鹿児島県",
                "市区町村": "与論町",
                "撮影場所": "与論町内",
                "撮影日時": "2024-08-31T21:23:00+09:00",
                "緯度": "27.04277778 ",
                "経度": "128.42833333 ",
                "夜空の明るさ": "21.48",
                "ばらつき": "0.13",
                "周辺状況": "農業地域",
                "備考": "",
                "継続観察登録地点": "○"
            }
        },
        {
            "type": "Feature",
            "geometry": {
                "type": "Point",
                "coordinates": [
                    128.42833333,
                    27.04277778
                ]
            },
            "properties": {
                "調査時期": "2024_S",
                "都道府県": "鹿児島県",
                "市区町村": "与論町",
                "撮影場所": "与論町内",
                "撮影日時": "2024-09-04T21:04:00+09:00",
                "緯度": "27.04277778 ",
                "経度": "128.42833333 ",
                "夜空の明るさ": "21.45",
                "ばらつき": "0.20",
                "周辺状況": "農業地域",
                "備考": "",
                "継続観察登録地点": "○"
            }
        },
        {
            "type": "Feature",
            "geometry": {
                "type": "Point",
                "coordinates": [
                    128.42833333,
                    27.04277778
                ]
            },
            "properties": {
                "調査時期": "2024_S",
                "都道府県": "鹿児島県",
                "市区町村": "与論町",
                "撮影場所": "与論町内",
                "撮影日時": "2024-09-04T21:18:00+09:00",
                "緯度": "27.04277778 ",
                "経度": "128.42833333 ",
                "夜空の明るさ": "21.34",
                "ばらつき": "0.09",
                "周辺状況": "農業地域",
                "備考": "",
                "継続観察登録地点": "○"
            }
        },
        {
            "type": "Feature",
            "geometry": {
                "type": "Point",
                "coordinates": [
                    128.42833333,
                    27.04277778
                ]
            },
            "properties": {
                "調査時期": "2024_S",
                "都道府県": "鹿児島県",
                "市区町村": "与論町",
                "撮影場所": "与論町内",
                "撮影日時": "2024-09-05T21:28:00+09:00",
                "緯度": "27.04277778 ",
                "経度": "128.42833333 ",
                "夜空の明るさ": "21.10",
                "ばらつき": "0.09",
                "周辺状況": "農業地域",
                "備考": "",
                "継続観察登録地点": "○"
            }
        },
        {
            "type": "Feature",
            "geometry": {
                "type": "Point",
                "coordinates": [
                    128.42833333,
                    27.04305556
                ]
            },
            "properties": {
                "調査時期": "2024_S",
                "都道府県": "鹿児島県",
                "市区町村": "与論町",
                "撮影場所": "与論町内",
                "撮影日時": "2024-09-05T21:35:00+09:00",
                "緯度": "27.04305556 ",
                "経度": "128.42833333 ",
                "夜空の明るさ": "21.02",
                "ばらつき": "0.14",
                "周辺状況": "農業地域",
                "備考": "",
                "継続観察登録地点": "○"
            }
        },
        {
            "type": "Feature",
            "geometry": {
                "type": "Point",
                "coordinates": [
                    124.24444444,
                    24.38805556
                ]
            },
            "properties": {
                "調査時期": "2024_S",
                "都道府県": "沖縄県",
                "市区町村": "石垣市",
                "撮影場所": "",
                "撮影日時": "2024-09-02T21:59:00+09:00",
                "緯度": "24.38805556 ",
                "経度": "124.24444444 ",
                "夜空の明るさ": "20.06",
                "ばらつき": "0.09",
                "周辺状況": "",
                "備考": "",
                "継続観察登録地点": ""
            }
        },
        {
            "type": "Feature",
            "geometry": {
                "type": "Point",
                "coordinates": [
                    124.12555556,
                    24.47361111
                ]
            },
            "properties": {
                "調査時期": "2024_S",
                "都道府県": "沖縄県",
                "市区町村": "石垣市",
                "撮影場所": "",
                "撮影日時": "2024-09-04T21:30:00+09:00",
                "緯度": "24.47361111 ",
                "経度": "124.12555556 ",
                "夜空の明るさ": "20.64",
                "ばらつき": "0.11",
                "周辺状況": "",
                "備考": "",
                "継続観察登録地点": ""
            }
        },
        {
            "type": "Feature",
            "geometry": {
                "type": "Point",
                "coordinates": [
                    124.24166667,
                    24.35055556
                ]
            },
            "properties": {
                "調査時期": "2024_S",
                "都道府県": "沖縄県",
                "市区町村": "石垣市",
                "撮影場所": "",
                "撮影日時": "2024-09-03T21:46:00+09:00",
                "緯度": "24.35055556 ",
                "経度": "124.24166667 ",
                "夜空の明るさ": "20.97",
                "ばらつき": "0.10",
                "周辺状況": "",
                "備考": "",
                "継続観察登録地点": ""
            }
        },
        {
            "type": "Feature",
            "geometry": {
                "type": "Point",
                "coordinates": [
                    124.13916667,
                    24.37305556
                ]
            },
            "properties": {
                "調査時期": "2024_S",
                "都道府県": "沖縄県",
                "市区町村": "石垣市",
                "撮影場所": "",
                "撮影日時": "2024-08-30T22:15:00+09:00",
                "緯度": "24.37305556 ",
                "経度": "124.13916667 ",
                "夜空の明るさ": "20.64",
                "ばらつき": "0.03",
                "周辺状況": "",
                "備考": "",
                "継続観察登録地点": ""
            }
        },
        {
            "type": "Feature",
            "geometry": {
                "type": "Point",
                "coordinates": [
                    124.15916667,
                    24.33638889
                ]
            },
            "properties": {
                "調査時期": "2024_S",
                "都道府県": "沖縄県",
                "市区町村": "石垣市",
                "撮影場所": "",
                "撮影日時": "2024-09-03T21:30:00+09:00",
                "緯度": "24.33638889 ",
                "経度": "124.15916667 ",
                "夜空の明るさ": "17.84",
                "ばらつき": "0.30",
                "周辺状況": "",
                "備考": "",
                "継続観察登録地点": ""
            }
        },
        {
            "type": "Feature",
            "geometry": {
                "type": "Point",
                "coordinates": [
                    127.98833333,
                    26.6425
                ]
            },
            "properties": {
                "調査時期": "2024_S",
                "都道府県": "沖縄県",
                "市区町村": "名護市",
                "撮影場所": "",
                "撮影日時": "2024-09-01T21:18:00+09:00",
                "緯度": "26.64250000 ",
                "経度": "127.98833333 ",
                "夜空の明るさ": "20.40",
                "ばらつき": "0.13",
                "周辺状況": "",
                "備考": "",
                "継続観察登録地点": ""
            }
        },
        {
            "type": "Feature",
            "geometry": {
                "type": "Point",
                "coordinates": [
                    128.02055556,
                    26.65777778
                ]
            },
            "properties": {
                "調査時期": "2024_S",
                "都道府県": "沖縄県",
                "市区町村": "名護市",
                "撮影場所": "",
                "撮影日時": "2024-08-31T20:50:00+09:00",
                "緯度": "26.65777778 ",
                "経度": "128.02055556 ",
                "夜空の明るさ": "20.76",
                "ばらつき": "0.10",
                "周辺状況": "",
                "備考": "",
                "継続観察登録地点": ""
            }
        },
        {
            "type": "Feature",
            "geometry": {
                "type": "Point",
                "coordinates": [
                    128.03055556,
                    26.63
                ]
            },
            "properties": {
                "調査時期": "2024_S",
                "都道府県": "沖縄県",
                "市区町村": "名護市",
                "撮影場所": "",
                "撮影日時": "2024-08-31T21:05:00+09:00",
                "緯度": "26.63000000 ",
                "経度": "128.03055556 ",
                "夜空の明るさ": "20.55",
                "ばらつき": "0.12",
                "周辺状況": "",
                "備考": "",
                "継続観察登録地点": ""
            }
        },
        {
            "type": "Feature",
            "geometry": {
                "type": "Point",
                "coordinates": [
                    125.24,
                    24.72805556
                ]
            },
            "properties": {
                "調査時期": "2024_S",
                "都道府県": "沖縄県",
                "市区町村": "宮古島市",
                "撮影場所": "",
                "撮影日時": "2024-08-31T21:21:00+09:00",
                "緯度": "24.72805556 ",
                "経度": "125.24000000 ",
                "夜空の明るさ": "20.56",
                "ばらつき": "0.12",
                "周辺状況": "",
                "備考": "",
                "継続観察登録地点": ""
            }
        },
        {
            "type": "Feature",
            "geometry": {
                "type": "Point",
                "coordinates": [
                    125.24111111,
                    24.72777778
                ]
            },
            "properties": {
                "調査時期": "2024_S",
                "都道府県": "沖縄県",
                "市区町村": "宮古島市",
                "撮影場所": "",
                "撮影日時": "2024-08-31T21:23:00+09:00",
                "緯度": "24.72777778 ",
                "経度": "125.24111111 ",
                "夜空の明るさ": "20.65",
                "ばらつき": "0.09",
                "周辺状況": "",
                "備考": "",
                "継続観察登録地点": ""
            }
        },
        {
            "type": "Feature",
            "geometry": {
                "type": "Point",
                "coordinates": [
                    125.24,
                    24.72694444
                ]
            },
            "properties": {
                "調査時期": "2024_S",
                "都道府県": "沖縄県",
                "市区町村": "宮古島市",
                "撮影場所": "",
                "撮影日時": "2024-08-30T22:09:00+09:00",
                "緯度": "24.72694444 ",
                "経度": "125.24000000 ",
                "夜空の明るさ": "",
                "ばらつき": "",
                "周辺状況": "",
                "備考": "測定不可（方向エラー）",
                "継続観察登録地点": ""
            }
        },
        {
            "type": "Feature",
            "geometry": {
                "type": "Point",
                "coordinates": [
                    125.24,
                    24.72722222
                ]
            },
            "properties": {
                "調査時期": "2024_S",
                "都道府県": "沖縄県",
                "市区町村": "宮古島市",
                "撮影場所": "",
                "撮影日時": "2024-08-30T22:10:00+09:00",
                "緯度": "24.72722222 ",
                "経度": "125.24000000 ",
                "夜空の明るさ": "",
                "ばらつき": "",
                "周辺状況": "",
                "備考": "測定不可（方向エラー）",
                "継続観察登録地点": ""
            }
        },
        {
            "type": "Feature",
            "geometry": {
                "type": "Point",
                "coordinates": [
                    125.24,
                    24.72722222
                ]
            },
            "properties": {
                "調査時期": "2024_S",
                "都道府県": "沖縄県",
                "市区町村": "宮古島市",
                "撮影場所": "",
                "撮影日時": "2024-08-30T22:11:00+09:00",
                "緯度": "24.72722222 ",
                "経度": "125.24000000 ",
                "夜空の明るさ": "",
                "ばらつき": "",
                "周辺状況": "",
                "備考": "測定不可（方向エラー）",
                "継続観察登録地点": ""
            }
        },
        {
            "type": "Feature",
            "geometry": {
                "type": "Point",
                "coordinates": [
                    125.24,
                    24.72694444
                ]
            },
            "properties": {
                "調査時期": "2024_S",
                "都道府県": "沖縄県",
                "市区町村": "宮古島市",
                "撮影場所": "",
                "撮影日時": "2024-08-30T22:13:00+09:00",
                "緯度": "24.72694444 ",
                "経度": "125.24000000 ",
                "夜空の明るさ": "21.04",
                "ばらつき": "0.07",
                "周辺状況": "",
                "備考": "",
                "継続観察登録地点": ""
            }
        },
        {
            "type": "Feature",
            "geometry": {
                "type": "Point",
                "coordinates": [
                    125.24027778,
                    24.7275
                ]
            },
            "properties": {
                "調査時期": "2024_S",
                "都道府県": "沖縄県",
                "市区町村": "宮古島市",
                "撮影場所": "",
                "撮影日時": "2024-09-02T21:28:00+09:00",
                "緯度": "24.72750000 ",
                "経度": "125.24027778 ",
                "夜空の明るさ": "21.12",
                "ばらつき": "0.06",
                "周辺状況": "",
                "備考": "",
                "継続観察登録地点": ""
            }
        },
        {
            "type": "Feature",
            "geometry": {
                "type": "Point",
                "coordinates": [
                    125.23944444,
                    24.72416667
                ]
            },
            "properties": {
                "調査時期": "2024_S",
                "都道府県": "沖縄県",
                "市区町村": "宮古島市",
                "撮影場所": "",
                "撮影日時": "2024-09-02T21:29:00+09:00",
                "緯度": "24.72416667 ",
                "経度": "125.23944444 ",
                "夜空の明るさ": "21.18",
                "ばらつき": "0.09",
                "周辺状況": "",
                "備考": "",
                "継続観察登録地点": ""
            }
        },
        {
            "type": "Feature",
            "geometry": {
                "type": "Point",
                "coordinates": [
                    125.23944444,
                    24.72416667
                ]
            },
            "properties": {
                "調査時期": "2024_S",
                "都道府県": "沖縄県",
                "市区町村": "宮古島市",
                "撮影場所": "",
                "撮影日時": "2024-09-02T21:33:00+09:00",
                "緯度": "24.72416667 ",
                "経度": "125.23944444 ",
                "夜空の明るさ": "21.41",
                "ばらつき": "0.10",
                "周辺状況": "",
                "備考": "",
                "継続観察登録地点": ""
            }
        },
        {
            "type": "Feature",
            "geometry": {
                "type": "Point",
                "coordinates": [
                    125.23944444,
                    24.72444444
                ]
            },
            "properties": {
                "調査時期": "2024_S",
                "都道府県": "沖縄県",
                "市区町村": "宮古島市",
                "撮影場所": "",
                "撮影日時": "2024-09-02T21:35:00+09:00",
                "緯度": "24.72444444 ",
                "経度": "125.23944444 ",
                "夜空の明るさ": "21.37",
                "ばらつき": "0.11",
                "周辺状況": "",
                "備考": "",
                "継続観察登録地点": ""
            }
        },
        {
            "type": "Feature",
            "geometry": {
                "type": "Point",
                "coordinates": [
                    128.12194444,
                    26.65972222
                ]
            },
            "properties": {
                "調査時期": "2024_S",
                "都道府県": "沖縄県",
                "市区町村": "大宜味村",
                "撮影場所": "",
                "撮影日時": "2024-08-31T23:17:00+09:00",
                "緯度": "26.65972222 ",
                "経度": "128.12194444 ",
                "夜空の明るさ": "21.13",
                "ばらつき": "0.13",
                "周辺状況": "",
                "備考": "参考値（時間外）",
                "継続観察登録地点": ""
            }
        },
        {
            "type": "Feature",
            "geometry": {
                "type": "Point",
                "coordinates": [
                    128.14527778,
                    26.65138889
                ]
            },
            "properties": {
                "調査時期": "2024_S",
                "都道府県": "沖縄県",
                "市区町村": "大宜味村",
                "撮影場所": "",
                "撮影日時": "2024-08-31T22:55:00+09:00",
                "緯度": "26.65138889 ",
                "経度": "128.14527778 ",
                "夜空の明るさ": "21.23",
                "ばらつき": "0.12",
                "周辺状況": "",
                "備考": "参考値（時間外）",
                "継続観察登録地点": ""
            }
        },
        {
            "type": "Feature",
            "geometry": {
                "type": "Point",
                "coordinates": [
                    128.14638889,
                    26.64194444
                ]
            },
            "properties": {
                "調査時期": "2024_S",
                "都道府県": "沖縄県",
                "市区町村": "東村",
                "撮影場所": "",
                "撮影日時": "2024-08-31T22:10:00+09:00",
                "緯度": "26.64194444 ",
                "経度": "128.14638889 ",
                "夜空の明るさ": "21.18",
                "ばらつき": "0.11",
                "周辺状況": "",
                "備考": "",
                "継続観察登録地点": ""
            }
        },
        {
            "type": "Feature",
            "geometry": {
                "type": "Point",
                "coordinates": [
                    128.14416667,
                    26.61
                ]
            },
            "properties": {
                "調査時期": "2024_S",
                "都道府県": "沖縄県",
                "市区町村": "東村",
                "撮影場所": "",
                "撮影日時": "2024-08-31T21:55:00+09:00",
                "緯度": "26.61000000 ",
                "経度": "128.14416667 ",
                "夜空の明るさ": "21.16",
                "ばらつき": "0.05",
                "周辺状況": "",
                "備考": "",
                "継続観察登録地点": ""
            }
        },
        {
            "type": "Feature",
            "geometry": {
                "type": "Point",
                "coordinates": [
                    128.11972222,
                    26.60555556
                ]
            },
            "properties": {
                "調査時期": "2024_S",
                "都道府県": "沖縄県",
                "市区町村": "東村",
                "撮影場所": "",
                "撮影日時": "2024-08-31T21:38:00+09:00",
                "緯度": "26.60555556 ",
                "経度": "128.11972222 ",
                "夜空の明るさ": "21.09",
                "ばらつき": "0.07",
                "周辺状況": "",
                "備考": "",
                "継続観察登録地点": ""
            }
        },
        {
            "type": "Feature",
            "geometry": {
                "type": "Point",
                "coordinates": [
                    127.94888889,
                    26.69722222
                ]
            },
            "properties": {
                "調査時期": "2024_S",
                "都道府県": "沖縄県",
                "市区町村": "今帰仁村",
                "撮影場所": "沖縄県国頭郡今帰仁村字与那嶺",
                "撮影日時": "2024-08-30T21:13:00+09:00",
                "緯度": "26.69722222 ",
                "経度": "127.94888889 ",
                "夜空の明るさ": "20.73",
                "ばらつき": "0.13",
                "周辺状況": "住宅地域",
                "備考": "",
                "継続観察登録地点": "○"
            }
        },
        {
            "type": "Feature",
            "geometry": {
                "type": "Point",
                "coordinates": [
                    127.92694444,
                    26.69138889
                ]
            },
            "properties": {
                "調査時期": "2024_S",
                "都道府県": "沖縄県",
                "市区町村": "今帰仁村",
                "撮影場所": "沖縄県国頭郡今帰仁村今泊　今帰仁城跡内　",
                "撮影日時": "2024-08-30T21:48:00+09:00",
                "緯度": "26.69138889 ",
                "経度": "127.92694444 ",
                "夜空の明るさ": "20.74",
                "ばらつき": "0.08",
                "周辺状況": "自然公園等",
                "備考": "",
                "継続観察登録地点": "○"
            }
        },
        {
            "type": "Feature",
            "geometry": {
                "type": "Point",
                "coordinates": [
                    127.94944444,
                    26.70722222
                ]
            },
            "properties": {
                "調査時期": "2024_S",
                "都道府県": "沖縄県",
                "市区町村": "今帰仁村",
                "撮影場所": "",
                "撮影日時": "2024-08-30T20:38:00+09:00",
                "緯度": "26.70722222 ",
                "経度": "127.94944444 ",
                "夜空の明るさ": "20.80",
                "ばらつき": "0.13",
                "周辺状況": "",
                "備考": "",
                "継続観察登録地点": ""
            }
        },
        {
            "type": "Feature",
            "geometry": {
                "type": "Point",
                "coordinates": [
                    127.97166667,
                    26.68222222
                ]
            },
            "properties": {
                "調査時期": "2024_S",
                "都道府県": "沖縄県",
                "市区町村": "今帰仁村",
                "撮影場所": "",
                "撮影日時": "2024-09-01T20:43:00+09:00",
                "緯度": "26.68222222 ",
                "経度": "127.97166667 ",
                "夜空の明るさ": "19.95",
                "ばらつき": "0.10",
                "周辺状況": "",
                "備考": "",
                "継続観察登録地点": ""
            }
        },
        {
            "type": "Feature",
            "geometry": {
                "type": "Point",
                "coordinates": [
                    128.00472222,
                    26.68277778
                ]
            },
            "properties": {
                "調査時期": "2024_S",
                "都道府県": "沖縄県",
                "市区町村": "今帰仁村",
                "撮影場所": "",
                "撮影日時": "2024-09-01T20:26:00+09:00",
                "緯度": "26.68277778 ",
                "経度": "128.00472222 ",
                "夜空の明るさ": "20.66",
                "ばらつき": "0.11",
                "周辺状況": "",
                "備考": "",
                "継続観察登録地点": ""
            }
        },
        {
            "type": "Feature",
            "geometry": {
                "type": "Point",
                "coordinates": [
                    127.97138889,
                    26.65
                ]
            },
            "properties": {
                "調査時期": "2024_S",
                "都道府県": "沖縄県",
                "市区町村": "今帰仁村",
                "撮影場所": "",
                "撮影日時": "2024-09-01T21:05:00+09:00",
                "緯度": "26.65000000 ",
                "経度": "127.97138889 ",
                "夜空の明るさ": "20.53",
                "ばらつき": "0.16",
                "周辺状況": "",
                "備考": "",
                "継続観察登録地点": ""
            }
        },
        {
            "type": "Feature",
            "geometry": {
                "type": "Point",
                "coordinates": [
                    127.96916667,
                    26.63861111
                ]
            },
            "properties": {
                "調査時期": "2024_S",
                "都道府県": "沖縄県",
                "市区町村": "今帰仁村",
                "撮影場所": "",
                "撮影日時": "2024-09-01T21:29:00+09:00",
                "緯度": "26.63861111 ",
                "経度": "127.96916667 ",
                "夜空の明るさ": "20.27",
                "ばらつき": "0.12",
                "周辺状況": "",
                "備考": "",
                "継続観察登録地点": ""
            }
        },
        {
            "type": "Feature",
            "geometry": {
                "type": "Point",
                "coordinates": [
                    128.01388889,
                    26.71333333
                ]
            },
            "properties": {
                "調査時期": "2024_S",
                "都道府県": "沖縄県",
                "市区町村": "今帰仁村",
                "撮影場所": "",
                "撮影日時": "2024-08-31T20:26:00+09:00",
                "緯度": "26.71333333 ",
                "経度": "128.01388889 ",
                "夜空の明るさ": "21.07",
                "ばらつき": "0.15",
                "周辺状況": "",
                "備考": "",
                "継続観察登録地点": ""
            }
        },
        {
            "type": "Feature",
            "geometry": {
                "type": "Point",
                "coordinates": [
                    127.93083333,
                    26.65444444
                ]
            },
            "properties": {
                "調査時期": "2024_S",
                "都道府県": "沖縄県",
                "市区町村": "本部町",
                "撮影場所": "",
                "撮影日時": "2024-08-30T22:33:00+09:00",
                "緯度": "26.65444444 ",
                "経度": "127.93083333 ",
                "夜空の明るさ": "20.60",
                "ばらつき": "0.07",
                "周辺状況": "",
                "備考": "",
                "継続観察登録地点": ""
            }
        },
        {
            "type": "Feature",
            "geometry": {
                "type": "Point",
                "coordinates": [
                    127.8625,
                    26.6375
                ]
            },
            "properties": {
                "調査時期": "2024_S",
                "都道府県": "沖縄県",
                "市区町村": "本部町",
                "撮影場所": "",
                "撮影日時": "2024-09-01T22:01:00+09:00",
                "緯度": "26.63750000 ",
                "経度": "127.86250000 ",
                "夜空の明るさ": "20.60",
                "ばらつき": "0.07",
                "周辺状況": "",
                "備考": "",
                "継続観察登録地点": ""
            }
        },
        {
            "type": "Feature",
            "geometry": {
                "type": "Point",
                "coordinates": [
                    127.88222222,
                    26.68166667
                ]
            },
            "properties": {
                "調査時期": "2024_S",
                "都道府県": "沖縄県",
                "市区町村": "本部町",
                "撮影場所": "",
                "撮影日時": "2024-09-01T22:23:00+09:00",
                "緯度": "26.68166667 ",
                "経度": "127.88222222 ",
                "夜空の明るさ": "19.99",
                "ばらつき": "0.09",
                "周辺状況": "",
                "備考": "",
                "継続観察登録地点": ""
            }
        },
        {
            "type": "Feature",
            "geometry": {
                "type": "Point",
                "coordinates": [
                    127.88277778,
                    26.70194444
                ]
            },
            "properties": {
                "調査時期": "2024_S",
                "都道府県": "沖縄県",
                "市区町村": "本部町",
                "撮影場所": "",
                "撮影日時": "2024-09-01T22:40:00+09:00",
                "緯度": "26.70194444 ",
                "経度": "127.88277778 ",
                "夜空の明るさ": "20.53",
                "ばらつき": "0.03",
                "周辺状況": "",
                "備考": "",
                "継続観察登録地点": ""
            }
        },
        {
            "type": "Feature",
            "geometry": {
                "type": "Point",
                "coordinates": [
                    123.80444444,
                    24.06027778
                ]
            },
            "properties": {
                "調査時期": "2024_S",
                "都道府県": "沖縄県",
                "市区町村": "竹富町",
                "撮影場所": "波照間島星空観測タワー広場",
                "撮影日時": "2024-08-26T22:15:00+09:00",
                "緯度": "24.06027778 ",
                "経度": "123.80444444 ",
                "夜空の明るさ": "21.40",
                "ばらつき": "0.15",
                "周辺状況": "その他",
                "備考": "",
                "継続観察登録地点": "○"
            }
        }
    ]
}